Original List: [8773, 1869, 2786, 3405, 8923, 1705, 505, 4060, 5812, 1359, 5938, 8209, 8491, 3569, 2966, 4747, 5632, 9262, 5670, 7549, 1460, 7837, 2960, 8334, 6564, 5811, 4544, 3528, 1890, 8483, 2832, 4223, 3194, 3091, 7855, 899, 7151, 7883, 6174, 1089, 1636, 7571, 559, 3486, 1105, 3294, 8879, 7105, 7905, 8379, 6821, 2861, 6914, 2435, 3054, 3855, 7657, 7103, 1199, 7800, 2802, 2775, 5696, 1886, 9162, 7474, 6653, 784, 7202, 2081, 8026, 9467, 3536, 7774, 1212, 5106, 1582, 5781, 9838, 7830, 5225, 5847, 6517, 3917, 7377, 4692, 6293, 6403, 8009, 8872, 2996, 1700, 5033, 3952, 4615, 1337, 5041, 834, 7471, 34, 4967, 5381, 5761, 8375, 3630, 9229, 7344, 261, 3188, 5046, 3711, 1336, 3004, 4742, 4144, 1939, 8285, 5994, 7030, 437, 1108, 3908, 895, 8098, 8131, 6550, 563, 4397, 3812, 4804, 8059, 6420, 3934, 1783, 846, 2353, 6339, 6986, 2978, 597, 2013, 203, 8940, 5749, 9881, 1955, 168, 5560, 9208, 7643, 6146, 2331, 571, 5919, 6513, 7635, 8458, 4463, 2291, 111, 7084, 5871, 7546, 5620, 3700, 4215, 636, 6731, 2932, 3914, 8643, 2878, 8347, 8791, 5526, 3655, 101, 9775, 9494, 7187, 9579, 1174, 4977, 6868, 3486, 6208, 9551, 4478, 3141, 4967, 9124, 2455, 4473, 9484, 7338, 3809, 1562, 3297, 4978, 4148, 2986, 9252, 4619, 7360, 5054, 4726, 5412, 8395, 298, 2738, 4933, 596, 491, 9783, 6332, 7763, 931, 9290, 7803, 1773, 6163, 582, 9302, 2190, 6087, 574, 9605, 2178, 6631, 3213, 3507, 1220, 1452, 5138, 8412, 5221, 5491, 7372, 4744, 6198, 9268, 4640, 6898, 6628, 931, 3412, 6998, 9907, 9856, 4742, 4349, 3342, 578, 3137, 9725, 4596, 4662, 5712, 9632, 4152, 5866, 7247, 5285, 8212, 8092, 3041, 9076, 4040, 7292, 7786, 1855, 3476, 4368, 3506, 4922, 1264, 4121, 7234, 5856, 9490, 9833, 5741, 9563, 9564, 4083, 6270, 6311, 1119, 4201, 482, 4766, 8701, 9568, 1307, 3073, 148, 8817, 6271, 962, 4179, 9225, 7627, 2222, 93, 8483, 6217, 2352, 7680, 4647, 664, 3629, 1194, 6563, 3567, 8942, 3714, 9, 3471, 6434, 2010, 3313, 3128, 3263, 2859, 9750, 7265, 7621, 8431, 6214, 8870, 3525, 160, 4011, 8380, 9176, 6792, 5528, 3634, 9459, 221, 8189, 1069, 8589, 2716, 5196, 6084, 18, 7001, 3577, 8374, 6788, 7649, 4940, 3922, 7283, 1126, 8552, 1387, 5261, 7566, 4285, 8309, 6931, 6395, 685, 4177, 8688, 2966, 1276, 7861, 9909, 1523, 5622, 1321, 3454, 6128, 8508, 8422, 7781, 5722, 5659, 3350, 2578, 8678, 9462, 8103, 9501, 4501, 6750, 5040, 2487, 6197, 6067, 7194, 1334, 9499, 3418, 9530, 9003, 3119, 289, 687, 2125, 9345, 8541, 3072, 1580, 9625, 4268, 9092, 989, 1266, 5010, 7084, 1872, 9585, 7271, 3928, 3811, 929, 9362, 3795, 7397, 1832, 4202, 8878, 5627, 280, 3324, 12, 3460, 4973, 526, 8448, 2875, 9596, 393, 8256, 8543, 5832, 2757, 2420, 970, 6529, 2861, 4837, 6912, 9058, 7755, 864, 9935, 9251, 6894, 6664, 8345, 4944, 1065, 2483, 992, 2230, 696, 5851, 1839, 3868, 5684, 721, 9753, 344, 3447, 5881, 8760, 5627, 9569, 3526, 3297, 7847, 8921, 2054, 980, 9606, 9970, 8134, 4649, 5750, 9089, 8330, 5695, 6391, 712, 6364, 7201, 8655, 7686, 2716, 5420, 9123, 6994, 7532, 5709, 2211, 7807, 9314, 7472, 8930, 8423, 8161, 4491, 7219, 7964, 6196, 3862, 7458, 9797, 789, 3494, 7016, 1197, 7416, 72, 8463, 1398, 6970, 7778, 1664, 7069, 8600, 4190, 4416, 8776, 2177, 2631, 4497, 5402, 353, 9175, 8941, 7946, 7350, 9977, 2730, 3538, 4601, 9353, 7921, 4467, 6632, 2145, 2975, 4626, 7982, 8215, 9481, 9678, 2772, 9779, 7038, 5701, 9496, 1806, 9580, 9851, 9565, 3314, 7356, 3691, 6318, 7048, 2552, 4220, 4098, 8896, 6199, 2229, 5289, 7171, 9101, 932, 4169, 5970, 1140, 2240, 7272, 6040, 6137, 231, 5955, 6725, 2126, 5048, 4272, 5977, 8356, 9039, 1713, 3919, 1871, 9517, 3772, 4997, 830, 7130, 5170, 9817, 6793, 9448, 7399, 9652, 3918, 7129, 7556, 1143, 1617, 3020, 1014, 8634, 3731, 1082, 4442, 132, 2088, 3163, 6994, 5268, 7265, 7726, 1476, 5759, 3323, 152, 5914, 9767, 2584, 7284, 6758, 2233, 9220, 531, 7902, 325, 4215, 3691, 5198, 1489, 897, 4013, 5728, 3455, 7047, 2297, 7562, 7414, 9662, 4743, 5394, 8192, 4650, 9781, 3688, 9744, 8989, 6902, 4274, 2384, 6967, 283, 4366, 2966, 9697, 854, 3195, 4951, 7101, 924, 4014, 9195, 1096, 640, 6055, 1478, 8360, 3453, 8667, 3546, 3679, 7173, 409, 6524, 2487, 9491, 3218, 2831, 1106, 4730, 1343, 1533, 2356, 5694, 2255, 6584, 8982, 3138, 323, 7083, 5068, 7861, 1865, 9346, 5871, 2893, 3194, 9875, 8773, 3859, 3213, 7261, 609, 164, 1582, 9112, 5659, 2108, 3737, 2555, 6594, 8478, 7418, 1688, 3928, 4119, 4765, 7139, 8301, 2814, 5278, 891, 6421, 8838, 5839, 1782, 3457, 881, 7996, 1653, 8874, 8583, 8465, 885, 5995, 9483, 938, 7694, 8969, 2774, 6683, 191, 9717, 7485, 6958, 7289, 5687, 1553, 3735, 8098, 7954, 6224, 5140, 7771, 6971, 7004, 4431, 9053, 7170, 9937, 2267, 5347, 8298, 4895, 6709, 126, 6767, 9399, 9959, 5364, 6180, 3880, 3873, 9787, 4949, 1370, 6915, 8022, 97, 3778, 9973, 6252, 8151, 6203, 58, 2643, 7944, 4339, 2816, 4889, 5866, 4758, 5613, 2859, 4071, 7990, 2991, 9979, 5899, 1229, 7685, 2245, 4424, 5868, 5910, 8685, 7109, 8260, 772, 3866, 8132, 2327, 8623, 4956, 5115, 1147, 8714, 8859, 5581, 6073, 1745, 8943, 8392, 5424, 1590, 965, 7025, 7783, 8010, 3555, 6860, 7816, 390, 2481, 1418, 1539, 3033, 1287, 5125, 2, 567, 4399, 8199, 8319, 2984, 8802, 4324, 7155, 806, 2102, 6704, 1365, 9883, 844, 5120, 1306, 4932, 4155, 7869, 9426, 506, 3857, 6682, 1275, 7363, 1194, 5889, 1223, 1963, 3999, 512, 3953, 8466, 2012, 2385, 2484, 2978, 7478, 9195, 9335, 1225, 4597, 7657, 6932, 7408, 8409, 7221, 4158, 7015, 9665, 9407, 287, 9439, 7239, 3451, 1081, 4738, 9924, 1808, 845, 2728, 6196, 5760, 1883, 9656, 1656, 3112, 1820, 8851, 3664, 7189, 1117, 3195, 4466, 4014, 6366, 88, 759, 773, 4062, 7438, 1181, 5598, 8058, 7007, 8233, 1751, 8354, 600, 2885, 9124, 3263, 7829, 2065, 4905, 9845, 5411, 3075, 8731, 6137, 9004, 2052, 261, 5020, 7920, 9442, 577, 9222, 4826, 1749, 9926, 4996, 221, 7888, 3936, 8676, 2740, 8327, 3553, 359, 6522, 1846, 5751, 537, 6899, 8957, 3964, 4728, 467, 4532, 8356, 9562, 6090, 5000, 3907, 1371, 6876, 8675, 8156, 5611, 1355, 4161, 9261, 4165, 881, 4681, 914]
List Size: 1000
Insertion Sort Time: 84.434800 milliseconds
Merge Sort Time: 3.875200 milliseconds
Built-in Sort Time: 0.129700 milliseconds

Original List: [3642, 6951, 4787, 4984, 9925, 5980, 7117, 9983, 5873, 7313, 6927, 2451, 2897, 4342, 5808, 4960, 783, 7450, 6091, 100, 7275, 1984, 6031, 6083, 227, 9029, 6785, 5792, 9363, 7718, 5609, 6163, 157, 7900, 988, 3179, 3238, 7716, 9815, 2051, 7286, 3353, 9319, 497, 6675, 588, 9743, 2394, 5074, 8552, 5174, 2527, 2294, 1351, 302, 7602, 9562, 8431, 3967, 39, 648, 6608, 1235, 2234, 9291, 8618, 7807, 6716, 8344, 6217, 9176, 3293, 9791, 4323, 1901, 23, 4126, 9623, 5743, 1336, 9585, 4704, 2869, 3710, 5508, 9905, 2950, 4595, 1107, 5483, 9967, 155, 3326, 1874, 8444, 6029, 6816, 1684, 7235, 2899, 8479, 2632, 2304, 1251, 8453, 6832, 4622, 9274, 1737, 4799, 2238, 1450, 2173, 8103, 7117, 2203, 2008, 6574, 3631, 2095, 8607, 2207, 8248, 8006, 4781, 873, 2936, 5438, 6529, 2269, 8127, 7052, 3231, 5790, 7782, 2226, 9912, 5347, 1899, 8011, 9227, 1614, 302, 3066, 3060, 3860, 520, 4690, 837, 7770, 3968, 749, 7209, 2450, 2793, 3065, 5198, 8247, 3726, 3534, 7592, 5705, 2049, 3720, 7553, 4051, 2881, 7557, 5720, 6098, 6512, 246, 4523, 7293, 2019, 554, 6941, 6022, 4642, 357, 6747, 2846, 4857, 1131, 8349, 3992, 2785, 4722, 854, 4049, 6919, 9454, 6111, 4480, 8103, 1021, 2113, 4518, 8307, 1091, 3087, 970, 850, 8186, 3347, 8011, 1426, 9590, 4162, 836, 1814, 7670, 9868, 1469, 6014, 8407, 721, 9865, 3359, 9799, 2819, 6701, 5771, 6075, 7259, 1570, 9135, 3666, 3919, 8445, 2033, 3990, 1822, 8240, 9486, 3220, 984, 6239, 2393, 5235, 8521, 6669, 3972, 9739, 9021, 3719, 6044, 8754, 8971, 6132, 2445, 8087, 1027, 2587, 7513, 9713, 1424, 9546, 284, 2087, 9225, 686, 9587, 3535, 2539, 1854, 3026, 5695, 6732, 3620, 1642, 5197, 5103, 4901, 6231, 1006, 9058, 829, 769, 7463, 6779, 5096, 8229, 2334, 2151, 3570, 2164, 7591, 8494, 8790, 258, 8461, 482, 3393, 5042, 9834, 4497, 6608, 8924, 9435, 2315, 8024, 2379, 51, 9388, 2213, 368, 4627, 7879, 6837, 5606, 7983, 270, 1525, 2852, 4566, 6674, 1572, 1909, 4665, 2940, 5969, 5103, 2723, 9158, 1562, 8290, 7830, 7536, 7894, 5786, 9438, 9668, 1130, 5295, 6954, 7988, 5576, 3909, 9841, 3284, 1041, 9509, 6998, 8692, 7983, 5163, 3510, 8452, 3283, 1385, 7503, 1048, 4704, 4725, 8681, 66, 3222, 5765, 5508, 4533, 1564, 1965, 174, 4215, 7714, 3714, 3103, 5769, 7106, 6742, 6895, 200, 628, 1112, 1829, 1029, 4136, 9023, 6193, 2864, 4266, 7351, 2487, 7806, 7999, 4442, 9976, 2593, 5783, 5237, 2936, 3801, 9548, 2225, 1967, 1891, 7982, 2230, 3249, 2126, 5153, 7340, 579, 3228, 273, 5334, 2293, 8524, 871, 9643, 7178, 4212, 9700, 8917, 3619, 916, 7338, 6763, 7459, 6386, 205, 4086, 9285, 1881, 5305, 143, 5969, 84, 3139, 59, 221, 7471, 4199, 382, 4788, 190, 4208, 4421, 1878, 9655, 4650, 8315, 3765, 2648, 7880, 4922, 98, 3085, 2853, 1624, 1422, 719, 4495, 3411, 8710, 8608, 2821, 6895, 5849, 3104, 1023, 5193, 6016, 3754, 2142, 3164, 9287, 9083, 1272, 3645, 368, 6612, 2330, 4430, 5044, 9166, 7026, 8681, 7488, 8281, 5922, 5717, 3010, 6416, 5024, 757, 6077, 1122, 6680, 3817, 1028, 1863, 5946, 603, 8583, 1002, 971, 7971, 5818, 5864, 8168, 9414, 9454, 1257, 1997, 1576, 3956, 5326, 2235, 1681, 9685, 2008, 8503, 8231, 7743, 1183, 2131, 1760, 4497, 8180, 5861, 5689, 173, 8862, 7428, 5115, 722, 971, 9208, 1221, 378, 948, 2283, 1620, 6395, 7147, 7479, 6680, 5722, 8132, 9231, 1284, 1411, 5641, 5945, 897, 8065, 8207, 2587, 9945, 3572, 3779, 3922, 8658, 8209, 3576, 8441, 6339, 7869, 1631, 3398, 2635, 1963, 2759, 738, 6553, 8164, 8505, 5002, 6729, 7757, 2751, 1813, 9818, 1022, 1864, 9084, 2096, 7948, 7375, 2655, 6481, 209, 4580, 8519, 2722, 6865, 5492, 7490, 6372, 6502, 7890, 8837, 1646, 7026, 3683, 9535, 391, 950, 7267, 9996, 6818, 9315, 4875, 9406, 879, 2917, 6783, 6507, 2593, 2483, 8745, 7060, 856, 3059, 1874, 2991, 8157, 7150, 7870, 2561, 2658, 5622, 8226, 1183, 2346, 9018, 7478, 6179, 3138, 7414, 1981, 1901, 2648, 9052, 7952, 7129, 9175, 6226, 1675, 2820, 8777, 1008, 2928, 7926, 1353, 1205, 5017, 4456, 5030, 6506, 3109, 7608, 4065, 7803, 7102, 5069, 8068, 5805, 1572, 8345, 7451, 9981, 9319, 3164, 6402, 2079, 1657, 76, 8195, 1401, 2558, 1825, 7449, 3278, 445, 1554, 9664, 8900, 6092, 8683, 3488, 3858, 5963, 2551, 4510, 6318, 8192, 3959, 1340, 2220, 5059, 2934, 5268, 6439, 7170, 8204, 2509, 811, 4853, 4249, 156, 9594, 3689, 9108, 3067, 3725, 2272, 8500, 5842, 833, 3789, 3208, 4234, 9866, 4822, 5131, 125, 1710, 1778, 2474, 3212, 804, 9383, 644, 6321, 7694, 1104, 5683, 9810, 1263, 5726, 4666, 9634, 2846, 1752, 5004, 9182, 7152, 8466, 3705, 5821, 3307, 2666, 4655, 6458, 8007, 9462, 1794, 9480, 3979, 8081, 1797, 4807, 2467, 7577, 6869, 7386, 1019, 4174, 3704, 6861, 5060, 6251, 967, 7952, 5842, 7592, 3224, 9396, 6391, 3858, 6596, 9778, 8468, 6090, 4650, 8629, 1146, 2787, 3282, 9403, 9342, 6302, 4909, 8081, 7023, 8100, 2828, 614, 5285, 1390, 4152, 9726, 1515, 9205, 6142, 9245, 8190, 6529, 9384, 3471, 2906, 4115, 6392, 6719, 7638, 6528, 7654, 1196, 5177, 2300, 2965, 3658, 5917, 9311, 9196, 5456, 6336, 9790, 5580, 9651, 8539, 7936, 3962, 9329, 870, 8704, 8627, 2651, 6458, 4378, 7979, 6608, 404, 4803, 6445, 6404, 8610, 157, 5853, 3588, 6246, 5474, 2125, 1021, 5715, 7095, 9446, 2761, 6082, 2331, 8532, 617, 3635, 1077, 9998, 5603, 6026, 4335, 5343, 2237, 7474, 5966, 1707, 1374, 8274, 922, 7372, 8872, 7964, 875, 8034, 827, 5649, 5672, 2433, 4603, 9720, 7251, 7723, 2405, 4785, 11, 1389, 320, 7657, 7287, 4803, 2602, 6651, 6888, 2391, 4678, 9000, 5389, 1777, 4383, 8539, 2615, 87, 7500, 8329, 2854, 4759, 5904, 4791, 7398, 8286, 2705, 5109, 5165, 5000, 9397, 930, 8486, 3179, 1121, 1728, 2869, 4556, 6839, 8974, 514, 2295, 3435, 1321, 7214, 3689, 2453, 6244, 4282, 6990, 9662, 4582, 9871, 8144, 8692, 6149, 146, 4408, 7421, 8001, 3146, 7938, 8700, 6016, 4871, 3892, 3201, 7156, 7761, 5381, 7360, 8910, 1600, 6222, 2095, 2631, 7207, 95, 8102, 9543, 8827, 4137, 9876, 6044, 9064, 930, 568, 3038, 9841, 931, 622, 7106, 1881, 7409, 3602, 2718, 5051, 3499, 5942, 2753, 7137, 5819, 1651, 860, 2701, 5032, 6789, 6133, 1100, 2925, 1915, 3946, 2230, 5718, 9911, 2747, 2344, 5102, 5901, 7705, 8087, 6885, 7117, 347, 8344, 462, 7421, 140, 4342, 8707, 7471, 5553, 5306, 8743, 6589, 7047, 8871, 9002, 7459, 6629, 7798, 6473, 9031, 8792, 2942, 42, 5071, 345, 1698, 1021, 1543, 4212, 1314, 8509, 1595, 7880, 3322, 1862, 8057, 4179, 1254, 1176, 4104, 8870, 41, 7866, 9285, 9884, 2472, 6941, 2636, 6999, 7302, 9031, 9356, 3441, 2035, 8237, 2514, 3291, 7859, 5653, 8323, 8229, 5168, 9617, 9214, 2891, 6869, 1466, 7099, 4659, 5419, 3156, 4629, 3752, 5080, 1248, 6673, 362, 6898, 4205, 1531, 6592, 2260, 8311, 7542, 5908, 7840, 5262, 5113, 8889, 2200, 5533, 9913, 1577, 989, 4764, 4799, 5233, 5650, 1464, 5395, 7622, 9154, 9027, 3638, 1602, 1952, 3723, 4989, 4803, 9956, 6115, 9090, 1088, 716, 3845, 9173, 8424, 9064, 6265, 9259, 3784, 9827, 1886, 7324, 1654, 7560, 4547, 6975, 9163, 960, 6346, 2361, 9932, 4766, 9710, 7117, 6951, 3096, 1525, 5487, 9449, 2939, 5525, 6605, 6014, 2044, 4814, 1418, 7338, 7413, 7793, 2114, 6501, 5885, 5335, 2050, 2120, 500, 1130, 9081, 333, 5267, 5639, 7954, 682, 6213, 5538, 2132, 5358, 3783, 2505, 311, 9095, 8129, 8975, 1168, 3601, 1931, 4085, 2358, 494, 8829, 1120, 394, 3015, 7097, 7560, 6323, 3425, 8252, 2403, 4154, 4192, 6722, 2647, 5511, 5582, 732, 8146, 6219, 460, 5775, 266, 9806, 9429, 1939, 670, 2192, 6575, 5569, 3097, 4822, 5935, 4707, 5810, 4867, 7457, 5011, 8419, 5201, 8758, 1582, 5963, 4639, 9253, 6623, 175, 9299, 4567, 9761, 208, 1242, 9204, 6752, 3019, 3356, 8209, 4453, 1576, 2248, 6631, 7250, 4023, 1683, 6844, 1002, 2439, 3342, 5887, 3895, 8969, 8735, 6031, 8626, 9920, 5074, 4747, 5683, 8642, 5262, 6168, 5979, 6416, 5778, 7448, 1126, 5876, 9914, 8094, 4935, 3403, 4736, 952, 4091, 5904, 4233, 21, 4417, 9697, 7365, 3240, 31, 3937, 9970, 6136, 4786, 9743, 1326, 7318, 7506, 3106, 1945, 3118, 4716, 9412, 6821, 8369, 4706, 1245, 3224, 9303, 5502, 5202, 7804, 6546, 5555, 1228, 2259, 142, 4769, 8665, 4473, 8967, 9376, 9521, 2896, 8906, 5916, 8136, 325, 3136, 9264, 7664, 1626, 2329, 9442, 3212, 8275, 9558, 8966, 7275, 9104, 9902, 6034, 4041, 5733, 6326, 6615, 8037, 1466, 4026, 9206, 2962, 9088, 1337, 2330, 4190, 1666, 5219, 1246, 7310, 5072, 9588, 1929, 2870, 8628, 2350, 1388, 9911, 2370, 7810, 9667, 4217, 3151, 5547, 590, 5541, 328, 5353, 9368, 881, 9847, 1814, 359, 5859, 4708, 810, 7708, 6760, 6612, 379, 2177, 7038, 1537, 1527, 6894, 9157, 6136, 5899, 128, 1870, 8954, 7463, 1676, 2143, 4757, 2664, 4169, 1519, 1611, 8533, 817, 5018, 9930, 7425, 2234, 116, 4385, 3896, 4909, 2651, 2700, 5939, 5860, 4690, 1310, 7485, 3381, 7587, 2949, 8764, 2479, 6660, 800, 253, 4537, 1069, 8285, 5152, 3990, 6793, 6906, 2758, 573, 3235, 2611, 2722, 990, 8518, 5868, 3828, 1720, 2518, 9339, 2638, 2577, 3516, 9190, 6752, 7251, 3444, 366, 7775, 3980, 2128, 4563, 4169, 1505, 8862, 3448, 3674, 9162, 4699, 5205, 8880, 975, 6122, 7128, 219, 9983, 3335, 9784, 5917, 389, 8214, 8760, 1872, 6388, 5841, 1127, 4968, 9709, 1377, 6643, 4767, 2899, 5557, 6421, 3091, 9739, 2648, 4441, 9228, 5870, 7451, 2003, 2598, 9821, 3759, 779, 8072, 7622, 5391, 4351, 824, 6764, 6246, 3282, 381, 4566, 6143, 8837, 7324, 3980, 8177, 629, 6201, 7299, 2030, 1947, 7506, 7074, 2226, 1854, 9223, 5719, 6733, 1529, 4733, 2246, 4056, 1123, 3069, 2979, 4333, 8767, 6933, 211, 3791, 6819, 2750, 9199, 8668, 9177, 3788, 8862, 4087, 3306, 9149, 4795, 9184, 7346, 2966, 8916, 273, 1753, 7817, 2458, 7722, 7198, 3301, 3947, 1098, 8339, 2058, 1301, 4911, 8128, 352, 2741, 6607, 5940, 4793, 2127, 690, 1175, 6714, 8309, 4804, 7839, 1343, 6133, 8448, 7112, 2819, 3007, 5388, 8431, 8550, 4453, 563, 9058, 5148, 9960, 7427, 4409, 1606, 4688, 683, 9127, 866, 8660, 9655, 2434, 1455, 9118, 7684, 3396, 5544, 5655, 4313, 8432, 9380, 6854, 4844, 5006, 5159, 9156, 723, 9259, 1453, 8090, 558, 2030, 977, 4685, 8701, 9094, 3475, 2105, 6370, 8358, 2472, 2049, 2877, 8945, 8418, 6762, 6856, 6793, 3829, 8703, 6722, 8087, 2668, 1280, 8186, 3842, 9961, 2533, 4671, 5516, 4321, 1331, 1913, 8688, 405, 255, 651, 6817, 5705, 1974, 1371, 8932, 5874, 770, 3504, 5926, 138, 336, 2243, 89, 6655, 8901, 579, 9598, 6652, 5194, 4789, 2117, 397, 7508, 6736, 5148, 7927, 9690, 4755, 142, 1731, 8658, 7824, 358, 3727, 1109, 732, 1494, 5412, 3989, 4942, 9456, 3427, 1207, 7616, 4791, 9244, 8060, 8528, 9476, 9142, 3485, 9434, 6221, 2340, 7934, 842, 5145, 7959, 5272, 1542, 3944, 9405, 290, 6021, 2230, 7903, 3763, 8257, 3862, 2775, 9212, 9292, 9587, 1341, 8676, 6125, 9133, 7813, 6771, 2356, 1176, 8556, 1224, 6879, 5739, 6909, 6111, 2533, 7545, 8607, 9928, 7605, 7116, 2613, 200, 3226, 1275, 4295, 9447, 1175, 3087, 4600, 3108, 9236, 1235, 672, 3811, 8527, 4698, 5190, 6657, 6498, 6363, 6318, 1634, 1910, 4950, 9111, 5752, 4624, 8176, 9151, 2501, 5543, 123, 5444, 3055, 8623, 7146, 9698, 6921, 6923, 1363, 9744, 3173, 7013, 3785, 8273, 1438, 7297, 1869, 1058, 5712, 3679, 5855, 340, 7955, 8407, 9409, 3749, 7347, 7762, 4831, 5830, 6537, 4873, 3552, 9351, 117, 5949, 2404, 5503, 7728, 9266, 4667, 7536, 6689, 5993, 1815, 6314, 8372, 918, 3154, 7378, 4009, 4073, 4179, 2792, 722, 1348, 515, 2272, 6870, 8453, 1992, 1142, 8189, 6760, 1517, 3823, 7051, 5065, 425, 9106, 2644, 888, 5125, 3097, 1214, 6102, 1809, 6985, 2297, 8071, 7234, 956, 7691, 8278, 3807, 9802, 1558, 5772, 4625, 5485, 4631, 154, 5042, 6224, 8780, 7138, 2515, 2564, 6422, 4059, 8643, 1850, 8660, 9156, 4428, 3213, 4692, 4377, 5753, 8629, 7361, 8841, 2248, 1996, 5876, 9325, 3444, 1555, 7447, 3760, 5203, 5505, 1227, 7594, 3923, 8483, 5659, 8478, 3688, 8974, 4923, 6639, 2173, 5754, 6644, 562, 2042, 2202, 804, 6556, 1302, 1464, 2318, 377, 8194, 1294, 7741, 6721, 1769, 1752, 8005, 4158, 7488, 6687, 6007, 9609, 6671, 8481, 5359, 9685, 723, 8671, 6507, 5646, 7095, 9998, 4832, 353, 8326, 2979, 5732, 2840, 8454, 6506, 6671, 7240, 3560, 5836, 7903, 3743, 2327, 743, 8859, 6384, 4121, 9762, 9957, 4556, 9992, 2851, 3283, 5926, 296, 9253, 9668, 1339, 9667, 832, 8194, 7945, 4449, 5367, 8326, 192, 8101, 2654, 6001, 1464, 3809, 6984]
List Size: 2000
Insertion Sort Time: 183.561000 milliseconds
Merge Sort Time: 11.553300 milliseconds
Built-in Sort Time: 0.277600 milliseconds

Original List: [8214, 1441, 8512, 2658, 9085, 6285, 3819, 6838, 8376, 2082, 9608, 2236, 2585, 8460, 463, 2847, 3649, 3469, 7345, 9808, 7563, 8583, 6285, 1880, 2117, 138, 2764, 7367, 8928, 2489, 6490, 7243, 943, 238, 7879, 1783, 745, 9560, 5657, 4631, 5174, 6, 6533, 9898, 5252, 593, 490, 1841, 6355, 380, 6941, 7958, 5438, 3380, 3475, 7146, 5695, 7662, 1385, 6948, 1440, 2323, 2283, 3705, 9556, 1546, 3816, 2937, 4884, 4907, 9505, 5447, 1335, 3291, 6705, 6043, 2086, 6044, 7734, 2863, 9026, 4994, 4068, 3083, 5581, 6998, 4993, 7056, 2482, 9120, 547, 5473, 8799, 5794, 7596, 1091, 1324, 7450, 5349, 1215, 76, 5035, 4368, 5516, 2131, 4543, 3218, 4285, 5528, 9067, 5557, 3495, 1876, 6916, 5569, 3089, 8093, 5190, 3541, 1583, 3991, 6552, 6334, 7781, 9571, 7828, 7513, 1043, 6758, 6518, 5184, 1932, 8183, 1311, 6702, 497, 8244, 7395, 9189, 5767, 5734, 6830, 7863, 3243, 6480, 6723, 6456, 8591, 942, 3370, 7385, 6530, 6635, 209, 5556, 5332, 4862, 3529, 9058, 7333, 6913, 6014, 4151, 2054, 7232, 5490, 2109, 2376, 6766, 9309, 8895, 1136, 2263, 822, 9075, 5602, 2520, 8383, 580, 2720, 6700, 6358, 6628, 3134, 9951, 8839, 137, 9363, 1070, 5679, 6451, 5222, 9174, 434, 4539, 484, 1586, 1564, 132, 7374, 9, 5413, 9720, 896, 1423, 890, 4516, 9353, 1519, 9703, 9284, 1697, 1542, 5261, 1682, 1458, 8062, 2508, 3121, 6408, 7523, 7118, 3024, 6225, 8857, 9239, 6525, 2304, 2704, 6105, 2307, 9811, 8337, 6577, 3420, 1069, 6422, 6740, 2017, 3762, 9259, 2856, 4983, 7411, 420, 9240, 3348, 2353, 3889, 7325, 6103, 8542, 5706, 7956, 4826, 7746, 267, 6303, 569, 8107, 2842, 6966, 5183, 2724, 7732, 3857, 3104, 7271, 6672, 8255, 9927, 8391, 9472, 3944, 6882, 8625, 1611, 5348, 2660, 5692, 8674, 8750, 6838, 9644, 1289, 5080, 9543, 6758, 5907, 429, 7569, 6954, 5447, 3490, 8300, 902, 8193, 859, 4835, 894, 1759, 3885, 9705, 4884, 2646, 4023, 522, 431, 1001, 3039, 8634, 7530, 4333, 5177, 1997, 8154, 3637, 1448, 8681, 9801, 4723, 1812, 2304, 4112, 1580, 4756, 9923, 399, 253, 2055, 8070, 6193, 9414, 4478, 6662, 2275, 942, 2210, 556, 6249, 114, 8791, 2600, 7589, 2156, 4497, 7471, 9624, 2166, 1899, 3989, 2447, 528, 4949, 4491, 7482, 3893, 264, 4748, 6908, 4971, 9223, 9802, 6314, 9047, 4613, 7367, 7023, 2836, 6951, 8455, 4782, 6315, 8434, 9737, 723, 3949, 3842, 138, 5319, 8503, 5043, 6374, 6041, 9881, 8677, 1460, 2557, 7027, 7522, 8980, 8598, 1041, 1926, 4065, 6097, 5697, 8652, 7718, 5911, 9484, 3343, 3645, 9305, 7177, 8599, 8697, 4027, 2032, 2517, 5216, 5353, 63, 8541, 3351, 7672, 900, 6425, 502, 7898, 1889, 2760, 6281, 3697, 5107, 1643, 6608, 9337, 8731, 3045, 5126, 6376, 7045, 568, 4878, 9116, 2654, 7113, 9501, 4921, 3148, 3332, 9662, 2850, 7744, 8661, 4856, 2694, 6526, 4418, 1231, 5766, 1657, 4483, 1275, 2437, 9326, 5233, 9546, 5057, 2884, 2064, 5249, 6929, 5793, 6875, 6074, 5731, 7864, 6472, 2627, 7738, 3669, 3321, 8530, 7003, 2977, 6999, 7893, 4928, 1911, 2287, 6935, 5938, 2340, 6104, 854, 2713, 7889, 7699, 247, 3156, 9571, 3697, 8956, 6754, 7822, 6089, 1612, 73, 9462, 7000, 8733, 500, 6071, 1897, 3312, 2097, 5698, 8628, 4772, 527, 805, 7153, 7051, 8582, 9022, 4419, 6593, 4478, 5829, 7223, 2111, 7179, 2367, 8528, 4405, 506, 6400, 1499, 3872, 8783, 1295, 2706, 7259, 2961, 4612, 8997, 8768, 9935, 4122, 990, 1396, 4177, 918, 6508, 9679, 5817, 7967, 5154, 3313, 2196, 8513, 4299, 1441, 6135, 6683, 1464, 7866, 8184, 4588, 3748, 8875, 505, 6985, 2706, 4891, 9012, 1894, 5036, 6189, 3854, 6075, 8684, 9983, 7679, 3597, 5354, 1599, 1749, 8070, 6433, 6064, 8991, 3545, 8724, 8044, 6507, 918, 9860, 8981, 703, 6846, 2819, 9455, 9636, 6640, 27, 8537, 6556, 4036, 6303, 3807, 9211, 7503, 305, 241, 5677, 9362, 3357, 1455, 2762, 6923, 3916, 3578, 2793, 3582, 2274, 2365, 6089, 7937, 8220, 3060, 6694, 2496, 6494, 7794, 7171, 2310, 9423, 4679, 1686, 9228, 6098, 1067, 9373, 3052, 8298, 6820, 2024, 4465, 3741, 5834, 2975, 8884, 2315, 3054, 4718, 4905, 5733, 8662, 4351, 7713, 4498, 5438, 9293, 1635, 3563, 4473, 7813, 3385, 9460, 875, 4046, 4900, 4935, 9451, 231, 4838, 4115, 2380, 4927, 3530, 4754, 7276, 322, 105, 4984, 2963, 9856, 8362, 9522, 7661, 1310, 380, 2215, 5417, 7381, 6023, 6028, 1722, 5258, 4408, 9975, 8554, 9634, 2219, 1715, 57, 755, 4502, 5603, 6642, 9707, 9809, 1142, 409, 2896, 1120, 3086, 8586, 6531, 4047, 9518, 1971, 6605, 9348, 38, 1417, 4191, 8230, 1282, 1814, 328, 147, 4961, 2493, 9115, 2357, 9708, 5811, 1265, 6579, 2426, 1835, 1313, 9429, 231, 4683, 1575, 2294, 3393, 2997, 5995, 9917, 6907, 7956, 135, 2100, 5133, 9530, 5863, 1871, 891, 1425, 713, 1311, 6836, 8169, 4326, 5853, 8023, 2266, 749, 8521, 4305, 2980, 3973, 5715, 4041, 8314, 4885, 3999, 4162, 3535, 4807, 3028, 9935, 2020, 4132, 5308, 9211, 7004, 8300, 8818, 8202, 8669, 6635, 1334, 2840, 2653, 7510, 8951, 8171, 820, 3310, 385, 366, 1381, 9327, 9376, 1822, 8757, 4868, 1710, 6512, 2437, 3448, 6196, 7145, 8461, 1508, 3183, 502, 1462, 4786, 2421, 5443, 7376, 4380, 3018, 3456, 6155, 396, 2198, 8122, 138, 4525, 6066, 1794, 6208, 8114, 7546, 5491, 5031, 8080, 7342, 6041, 514, 1721, 8495, 2117, 8869, 684, 160, 5923, 5134, 698, 5290, 1183, 6087, 7597, 3027, 6457, 1244, 8039, 4683, 5029, 2634, 8978, 3899, 3011, 4338, 6271, 6288, 517, 4064, 5659, 4937, 338, 1006, 3940, 774, 8135, 3582, 5153, 385, 4795, 5507, 475, 1989, 5884, 2804, 724, 4444, 2612, 5328, 9255, 8384, 1644, 4858, 1730, 3217, 9829, 7991, 5336, 9909, 8323, 2669, 5983, 5546, 7399, 9696, 1751, 1433, 1964, 7341, 3059, 4716, 1980, 6889, 543, 1671, 2428, 5863, 8357, 1843, 957, 9925, 64, 4337, 944, 8691, 8237, 7901, 5843, 2103, 9244, 9888, 1423, 372, 4649, 3249, 1756, 6585, 2117, 8666, 3972, 9008, 2469, 8653, 9751, 8570, 151, 4210, 4701, 523, 914, 8773, 8084, 7851, 2384, 1669, 4129, 5345, 5194, 4456, 6411, 1076, 1436, 407, 2724, 946, 3589, 4024, 7181, 2325, 9481, 3967, 8869, 485, 8896, 906, 3608, 6932, 1307, 4708, 909, 7370, 7123, 8273, 1996, 7969, 1562, 5216, 924, 1780, 1033, 7108, 3150, 2473, 5159, 6553, 1730, 6863, 1244, 4178, 6399, 9468, 5055, 355, 6670, 3150, 2529, 6324, 5468, 4087, 9545, 3554, 658, 7110, 8649, 8128, 2406, 7807, 514, 1406, 1318, 8037, 5109, 5656, 7871, 5315, 6458, 3210, 4045, 9542, 3452, 1572, 1746, 6788, 2048, 2785, 6026, 6894, 2589, 4640, 2015, 2792, 9399, 1959, 2110, 3741, 6972, 695, 6089, 1067, 1726, 7327, 8342, 763, 6666, 2136, 7635, 9127, 8933, 4654, 1261, 5849, 6012, 283, 4189, 8939, 8271, 2927, 70, 2012, 6336, 358, 1683, 2374, 6051, 6421, 9795, 7605, 3696, 9844, 2693, 1094, 9501, 3829, 6399, 6772, 8692, 62, 7407, 4590, 6035, 5865, 6014, 6727, 8146, 8398, 8655, 9684, 7375, 2678, 8573, 7662, 6655, 6147, 5135, 8617, 1002, 6914, 518, 3978, 197, 8390, 4143, 4016, 4636, 4105, 7286, 6899, 6035, 3977, 4734, 4217, 933, 4931, 3792, 2840, 6816, 5613, 5853, 5894, 4790, 8986, 1960, 1376, 1017, 5534, 799, 2078, 8316, 1685, 452, 9371, 1164, 4208, 7285, 2413, 8706, 1255, 134, 1766, 5181, 2164, 1245, 3756, 8019, 3060, 4888, 5917, 3651, 5909, 9065, 407, 2118, 6521, 1735, 5911, 1088, 673, 2798, 848, 5737, 892, 5011, 2879, 2875, 3116, 4909, 7972, 3654, 8096, 6979, 3147, 5453, 6620, 4002, 4426, 8310, 1123, 9334, 7792, 9273, 1646, 6435, 6373, 6323, 6205, 450, 1506, 7184, 2054, 7602, 9721, 3340, 3939, 3609, 4079, 484, 2879, 2937, 6442, 7024, 8710, 7704, 6683, 3920, 1585, 3179, 7089, 2306, 8820, 8125, 2277, 5043, 5615, 8529, 2364, 7750, 3426, 4830, 2798, 6965, 1548, 66, 8303, 9643, 8493, 3197, 8813, 1629, 5571, 4354, 4038, 9910, 6705, 4693, 8208, 2902, 2775, 4684, 1321, 5020, 8083, 4716, 469, 4336, 404, 8630, 8094, 4862, 7973, 2998, 2496, 6830, 4413, 7767, 9154, 7333, 8305, 7949, 9860, 1714, 2376, 9384, 2910, 3008, 1755, 7051, 4136, 1192, 989, 695, 1314, 4641, 6063, 6758, 712, 477, 4427, 5750, 2035, 4444, 8452, 2382, 7271, 1556, 5662, 9922, 7585, 1444, 9637, 8497, 17, 8688, 7662, 7590, 9498, 915, 1073, 2683, 3523, 1062, 5561, 6704, 8089, 9633, 3514, 2296, 6164, 1112, 8223, 9655, 1255, 3486, 9381, 7845, 3598, 6062, 2218, 5226, 9973, 9201, 2829, 881, 1261, 6037, 8811, 7540, 122, 810, 7959, 379, 5455, 3320, 1570, 7311, 4321, 7883, 5005, 1309, 4375, 9635, 4575, 866, 3748, 7735, 249, 6049, 559, 6908, 7323, 4980, 8709, 3422, 5745, 706, 58, 8992, 4285, 8441, 3383, 1795, 936, 5385, 6482, 7829, 6570, 5357, 4555, 3307, 6919, 371, 2167, 7929, 2858, 6871, 2930, 1360, 7274, 6302, 596, 7498, 9405, 1392, 4656, 277, 1899, 785, 6396, 784, 7394, 5432, 4685, 5862, 1090, 7843, 6519, 4804, 266, 6941, 1880, 6837, 9157, 9170, 13, 2727, 1526, 5031, 61, 7282, 6259, 9122, 2242, 6546, 2117, 9127, 3902, 5304, 1946, 126, 7982, 8494, 584, 8545, 3910, 1047, 5921, 2191, 2709, 9990, 4963, 8878, 7999, 8654, 591, 8302, 4790, 4941, 247, 4336, 4814, 8173, 6317, 1585, 1264, 2644, 9623, 9692, 145, 8774, 7036, 8474, 4200, 1750, 4143, 9150, 599, 9424, 1229, 8490, 1325, 4462, 4076, 9187, 2947, 9884, 7355, 3824, 9480, 9658, 6975, 8436, 3541, 3665, 4947, 605, 4851, 2359, 6661, 13, 7728, 1569, 9339, 9403, 3376, 5833, 4701, 5090, 9039, 9529, 3627, 9821, 3801, 7155, 869, 7625, 9555, 5506, 6497, 8756, 1471, 8593, 2460, 4821, 9180, 4864, 5075, 6188, 6761, 349, 3229, 8108, 676, 2211, 580, 7399, 9042, 2308, 2872, 1020, 8294, 6910, 5121, 8012, 424, 3899, 4493, 3093, 9744, 2504, 9270, 5693, 7992, 2463, 338, 4128, 619, 5594, 2671, 420, 110, 4731, 651, 7792, 8737, 8832, 9247, 5798, 2693, 5592, 6957, 5271, 7509, 4032, 6181, 3255, 985, 1132, 7478, 1111, 3113, 7994, 5938, 8275, 8068, 3560, 5970, 1973, 7013, 8551, 9746, 1575, 7071, 1003, 6149, 7720, 1894, 2893, 298, 3724, 6761, 6414, 8230, 8080, 6704, 3712, 2214, 4421, 5964, 8758, 9149, 66, 6672, 9050, 9040, 6247, 1922, 7280, 9994, 3784, 3793, 2172, 4450, 2637, 515, 3055, 5185, 4058, 1769, 9406, 6759, 1255, 5738, 4658, 8245, 9312, 8531, 116, 7013, 4984, 3899, 5318, 2430, 5725, 7088, 9660, 7340, 1710, 7067, 8217, 7076, 1383, 9040, 6435, 3893, 4668, 3280, 945, 8828, 9524, 3281, 8910, 8904, 1564, 9280, 2905, 1852, 408, 5006, 1919, 8286, 1451, 3482, 4233, 929, 5376, 9807, 7262, 4400, 2795, 4051, 4254, 1159, 4812, 7172, 4810, 7641, 9257, 6630, 1720, 2831, 7068, 8298, 8343, 645, 2079, 199, 7643, 8266, 4216, 295, 4779, 1240, 2088, 1631, 8344, 4976, 4997, 4712, 7883, 9600, 7315, 479, 4233, 5051, 2293, 1591, 9625, 864, 990, 2431, 1797, 2142, 9196, 4748, 7122, 2800, 2873, 3106, 651, 2562, 8566, 8129, 9084, 8105, 54, 1306, 9276, 7700, 9582, 5030, 5451, 5525, 1282, 6631, 5349, 9978, 1555, 9087, 7140, 2710, 666, 8463, 464, 9007, 4553, 5970, 9183, 1884, 1547, 9362, 5937, 1216, 8063, 8309, 5791, 2228, 1601, 2718, 9586, 291, 2390, 2882, 5107, 8756, 9519, 7199, 3560, 2326, 3916, 5865, 39, 1220, 1969, 4688, 1417, 1438, 1904, 9805, 2146, 3790, 8107, 3618, 7498, 5933, 8645, 1298, 9452, 4701, 7313, 40, 8403, 2899, 7898, 4890, 1734, 8068, 8409, 9989, 4772, 383, 1757, 7560, 2249, 3826, 1812, 7807, 675, 5648, 4791, 5343, 8345, 4046, 3887, 9248, 4206, 188, 6474, 6411, 3887, 5995, 4002, 9158, 3412, 257, 2820, 1942, 3124, 1606, 2653, 3950, 2705, 7464, 1961, 6250, 752, 1535, 1949, 6276, 9908, 6349, 8302, 3511, 1730, 602, 5761, 8724, 7578, 7982, 1682, 4741, 2327, 4676, 201, 1924, 8153, 3984, 4907, 4806, 4929, 9572, 128, 2638, 9131, 1854, 8307, 2404, 2321, 5726, 5048, 7725, 4608, 3955, 5655, 3177, 3057, 3711, 7405, 4061, 5217, 5601, 2278, 941, 2411, 4730, 8554, 6190, 4006, 6817, 4997, 6390, 5115, 5389, 663, 6094, 4826, 8151, 6035, 8173, 8326, 5316, 2465, 1464, 1336, 3879, 6907, 6254, 8717, 2517, 6744, 2704, 1897, 4086, 4912, 1492, 9141, 5869, 2431, 7103, 2047, 837, 4454, 5627, 6021, 9436, 9383, 280, 3200, 4909, 2521, 5431, 2546, 1877, 372, 1928, 2508, 3926, 3958, 8385, 3890, 9173, 3174, 1556, 2739, 6988, 5817, 5095, 8142, 3219, 8469, 1391, 2907, 5747, 9257, 9497, 4787, 1895, 9787, 1529, 3469, 9947, 4031, 7066, 2535, 4734, 7462, 768, 6577, 5896, 3041, 6631, 4758, 7363, 1816, 3555, 8071, 1746, 7681, 3604, 737, 8983, 2427, 3953, 3919, 729, 6231, 7497, 1821, 45, 937, 6005, 2629, 9401, 89, 3657, 1751, 6849, 3485, 1279, 8478, 1795, 3127, 6665, 2501, 2287, 9838, 5676, 3709, 8741, 1112, 4173, 7037, 5729, 3791, 5476, 9291, 6952, 3006, 7998, 8016, 191, 9811, 2107, 9176, 8905, 7612, 7769, 7348, 7225, 1562, 2743, 1702, 2846, 5036, 8169, 9499, 7562, 9198, 5874, 192, 1921, 1320, 5192, 908, 3672, 1852, 45, 5934, 9236, 7399, 3011, 839, 7142, 2759, 1928, 971, 6413, 1046, 9689, 6189, 9886, 6267, 2271, 5654, 1576, 1202, 3057, 336, 3976, 8909, 8650, 2906, 8080, 6076, 2821, 4718, 5295, 5044, 3084, 3474, 7599, 3531, 3255, 6308, 9766, 9553, 585, 4762, 2769, 6875, 9381, 3807, 1127, 4599, 6366, 4097, 3461, 9354, 7111, 7345, 1152, 884, 6933, 7015, 5211, 9931, 1083, 7046, 9058, 2196, 3272, 3547, 924, 3200, 4015, 2768, 5403, 7973, 7052, 2638, 1383, 9100, 3725, 920, 3869, 6182, 1922, 3056, 3929, 8235, 3654, 1021, 4865, 8920, 6316, 2177, 3494, 6958, 2525, 4586, 4114, 3881, 9362, 2428, 9601, 2099, 6693, 8851, 6006, 9451, 9162, 3212, 899, 3558, 352, 3104, 4216, 8820, 9161, 5849, 5933, 1088, 5278, 5414, 3243, 7322, 162, 8803, 1458, 7711, 931, 6398, 7556, 9341, 6502, 4311, 4823, 2911, 5217, 8756, 4971, 795, 513, 9370, 4335, 2828, 583, 8793, 7022, 6585, 9296, 1752, 6684, 2379, 4955, 1485, 4253, 9648, 4196, 7922, 2770, 2079, 1700, 4129, 2750, 5668, 1846, 7441, 9867, 5285, 2560, 871, 6981, 165, 626, 2113, 9014, 3578, 2012, 7749, 2680, 7386, 6440, 5146, 7988, 8860, 2149, 727, 9843, 1988, 6448, 3699, 1909, 5242, 8203, 3666, 5869, 8173, 9998, 7772, 3268, 2204, 3971, 904, 9265, 8270, 2820, 9503, 9420, 7662, 6189, 4238, 5411, 5694, 7944, 3838, 9709, 6116, 8267, 5242, 3686, 9113, 1884, 5167, 5083, 2704, 1992, 8981, 3606, 4039, 2182, 1831, 8599, 4951, 9915, 6297, 3582, 4458, 8572, 5924, 2579, 2099, 3364, 3493, 3745, 6612, 5324, 869, 4734, 7684, 1461, 8359, 3634, 3946, 8647, 347, 8545, 5901, 267, 7407, 7156, 5662, 5042, 9643, 1342, 9989, 8285, 519, 3299, 4515, 4382, 9205, 1437, 6517, 8020, 8133, 6892, 2497, 7423, 5948, 8168, 5446, 5307, 9610, 4274, 5452, 9592, 9447, 7346, 5388, 6987, 4222, 2268, 3976, 4436, 7332, 8809, 9225, 9558, 3566, 3376, 897, 2840, 313, 5990, 742, 92, 8183, 1421, 8689, 6547, 387, 5538, 8616, 2166, 5795, 1414, 3311, 5957, 2191, 9365, 4220, 347, 9297, 9895, 4419, 7958, 4125, 1692, 5696, 9206, 3315, 2522, 119, 8689, 880, 7274, 3672, 8974, 5667, 3576, 4644, 2212, 4170, 5487, 2429, 1648, 3223, 9899, 298, 89, 9794, 8651, 2769, 6045, 5386, 1744, 3440, 2697, 4848, 9447, 5096, 4972, 4911, 1392, 6043, 4349, 3656, 7633, 4201, 2106, 2716, 7391, 2959, 1513, 3163, 1317, 3446, 2291, 9176, 8081, 4918, 6842, 4292, 3977, 3435, 4086, 6469, 8695, 4082, 5325, 7087, 9678, 8232, 5873, 5400, 6173, 7542, 2624, 8785, 9188, 3024, 5175, 4494, 5254, 4432, 8222, 2763, 1309, 5761, 6423, 145, 6219, 2535, 2310, 1460, 7446, 1992, 2879, 8788, 405, 217, 116, 1455, 5095, 5905, 7619, 8332, 1743, 276, 6482, 3577, 4071, 8330, 4613, 9138, 9404, 9625, 933, 4584, 3232, 9375, 7869, 6677, 8904, 7406, 430, 1888, 9464, 2953, 8967, 988, 6589, 4863, 2089, 331, 5572, 3144, 7225, 5918, 2642, 6638, 5452, 3520, 9891, 9222, 3667, 5839, 5647, 724, 5170, 2792, 9704, 3656, 5689, 5378, 3455, 3668, 5653, 2937, 4241, 5979, 2567, 9197, 6503, 1232, 8492, 439, 101, 3164, 740, 6368, 4700, 4983, 106, 9304, 3500, 6406, 5605, 8929, 1795, 3608, 9187, 4563, 8499, 9566, 7652, 4660, 6308, 5774, 9006, 8441, 5743, 9084, 634, 632, 7995, 357, 7224, 3415, 2510, 6209, 5167, 7053, 4160, 6264, 2821, 51, 7769, 7754, 27, 5854, 4260, 891, 9956, 9026, 6387, 9826, 8022, 7351, 880, 2517, 9845, 2524, 879, 3276, 889, 3098, 3674, 2346, 2861, 9595, 6577, 4166, 6794, 5457, 5422, 3304, 5722, 3570, 4979, 9973, 3310, 5023, 8663, 7204, 2937, 8229, 2429, 1870, 259, 6398, 71, 6187, 4173, 9125, 5061, 6808, 7918, 3961, 7859, 3176, 8597, 8010, 4219, 9494, 3232, 9811, 5036, 7052, 2677, 8953, 2801, 2725, 9051, 8340, 9524, 545, 1861, 1419, 8263, 5336, 8995, 3028, 6312, 3329, 6389, 7665, 3989, 3770, 2387, 4305, 222, 4428, 5974, 1081, 1985, 466, 4372, 2650, 9348, 7247, 8794, 4154, 7134, 3656, 581, 7098, 917, 2864, 3733, 6951, 2596, 8104, 771, 6745, 4923, 5851, 3000, 6147, 2310, 9957, 5219, 918, 5229, 3594, 5518, 127, 9506, 4252, 8379, 2677, 4643, 9547, 6956, 225, 6900, 118, 4696, 7778, 4039, 353, 223, 1803, 5737, 1983, 5967, 3233, 8888, 7822, 313, 325, 7853, 7979, 7236, 5160, 4813, 5802, 1705, 6790, 9933, 7861, 7483, 7029, 1679, 4760, 2937, 8257, 3817, 3655, 638, 7869, 4357, 8587, 7148, 5862, 3707, 9254, 3057, 5359, 5365, 2232, 8590, 3993, 4168, 1601, 7560, 1083, 3054, 8172, 8273, 7969, 9541, 39, 4660, 5388, 619, 1881, 6455, 3493, 6661, 5830, 1357, 7081, 3483, 15, 882, 2083, 6083, 3699, 1123, 8660, 8863, 6310, 1615, 993, 7676, 3398, 5205, 9478, 2024, 1582, 4939, 7010, 8639, 2034, 7463, 3759, 4344, 320, 5880, 2048, 2142, 2268, 3201, 1818, 6215, 4166, 3680, 3963, 2633, 3176, 7701, 8998, 3167, 6633, 173, 6015, 2448, 3330, 8703, 4554, 3673, 5424, 463, 7532, 8837, 2272, 3604, 9753, 3035, 6812, 1916, 8801, 9031, 5361, 973, 4232, 5949, 4447, 9280, 175, 2334, 2435, 7432, 576, 5041, 7657, 950, 8890, 2599, 3293, 4222, 4640, 3687, 7932, 2734, 646, 2589, 6484, 3119, 7663, 430, 4826, 2770, 1540, 9713, 4946, 6278, 4656, 4445, 9946, 6551, 4454, 6569, 3341, 6552, 4754, 5642, 955, 4851, 5738, 6268, 2595, 625, 5092, 5213, 406, 8757, 4118, 7053, 4534, 993, 259, 4261, 976, 6717, 2932, 6530, 5112, 538, 4773, 4954, 8851, 3418, 6040, 9985, 9592, 9637, 8430, 2986, 7408, 9961, 2817, 5425, 4217, 8811, 4614, 5866, 6680, 6951, 3261, 2997, 7804, 5991, 2566, 3001, 784, 5437, 8628, 573, 5778, 343, 480, 9834, 3189, 1469, 8011, 9276, 3503, 9877, 8298, 1952, 9758, 557, 2123, 6902, 6092, 4704, 3601, 1161, 7371, 3263, 1927, 5130, 637, 2661, 2504, 3237, 9803, 5223, 3969, 8600, 7075, 3151, 8491, 1549, 8758, 1135, 2196, 3280, 5224, 7039, 2585, 1726, 8708, 3149, 3071, 5464, 114, 9571, 6230, 3895, 9848, 1422, 2403, 5207, 2187, 8071, 429, 4495, 6798, 7792, 8563, 6713, 6509, 8702, 3673, 1370, 2970, 8970, 8593, 2321, 9651, 9916, 3061, 2464, 4172, 6251, 8429, 8389, 6221, 2947, 3922]
List Size: 3000
Insertion Sort Time: 486.635600 milliseconds
Merge Sort Time: 8.430600 milliseconds
Built-in Sort Time: 0.528400 milliseconds

Original List: [1143, 5733, 9408, 5083, 2483, 996, 3523, 9269, 3684, 4737, 4865, 5197, 4434, 9517, 3650, 2752, 7199, 9861, 8154, 5626, 7624, 6997, 4226, 425, 9119, 6052, 2527, 900, 3407, 406, 5310, 2165, 4042, 107, 8816, 6200, 1370, 6892, 5376, 2426, 6417, 4247, 8138, 3215, 614, 3894, 351, 1885, 4822, 9322, 2841, 8938, 4960, 4568, 9172, 5718, 8359, 853, 1501, 9537, 6352, 9902, 2664, 8101, 1121, 5057, 6615, 6525, 8463, 7485, 5172, 1037, 8235, 2131, 2212, 4611, 196, 4412, 5753, 5111, 5550, 8291, 1053, 6965, 8909, 3943, 9968, 3937, 7238, 5193, 5879, 8138, 5031, 5724, 8857, 8916, 977, 8094, 1555, 2541, 4320, 9283, 6098, 718, 9826, 1759, 2551, 845, 5101, 1845, 3933, 2328, 8537, 1253, 9652, 4059, 5141, 8820, 7894, 1900, 4141, 4232, 2339, 1429, 478, 6203, 6615, 3790, 9718, 953, 5027, 6919, 1830, 5165, 4567, 9330, 4171, 6022, 6503, 7477, 7258, 7357, 3125, 4674, 1112, 1488, 8954, 3516, 6680, 1539, 2228, 8230, 5265, 6214, 5308, 531, 8564, 5394, 1393, 5997, 775, 8838, 4703, 5288, 9245, 446, 3178, 3326, 9202, 9518, 3959, 782, 998, 5397, 8885, 6017, 1821, 8678, 5504, 6116, 9806, 6145, 2271, 1660, 7068, 1330, 5332, 6207, 1607, 1000, 7118, 2196, 3832, 420, 3871, 3712, 2873, 9592, 3014, 3285, 1189, 198, 5445, 3236, 1301, 6340, 359, 2491, 329, 1747, 6414, 1509, 7176, 7416, 2716, 2529, 9209, 7090, 1582, 1717, 6373, 5132, 43, 2281, 9817, 8780, 2271, 7765, 8980, 8686, 1885, 1554, 5714, 5388, 395, 4687, 3016, 894, 3642, 9631, 2587, 4575, 3888, 6869, 5348, 3616, 1187, 6018, 5344, 973, 2084, 667, 5465, 300, 8873, 9244, 9672, 8033, 4886, 6555, 3870, 7969, 648, 8488, 4425, 7121, 5331, 2547, 605, 9732, 7639, 7239, 2502, 4339, 2860, 5892, 6728, 4451, 1204, 3172, 9822, 3204, 3504, 4030, 7657, 5228, 1779, 2209, 7231, 2240, 7431, 8443, 1864, 4308, 9622, 5412, 6820, 912, 5815, 8907, 3520, 5961, 1058, 6252, 7801, 265, 6716, 1246, 4581, 3028, 8968, 3282, 3383, 3600, 7116, 492, 780, 921, 6537, 2837, 2593, 8752, 2993, 9588, 7415, 2608, 973, 279, 1639, 6397, 8197, 2760, 2844, 7146, 6971, 3177, 8739, 4905, 1530, 8378, 9793, 1259, 9798, 5333, 1582, 4941, 2803, 2316, 1916, 20, 3025, 3885, 2061, 1872, 1797, 7540, 6578, 1993, 2123, 4622, 6914, 5546, 9465, 9523, 884, 7437, 4761, 7992, 2181, 4917, 3017, 4897, 6427, 9100, 4196, 2043, 7186, 6938, 2831, 9042, 5868, 2221, 789, 4131, 6424, 2675, 9530, 2959, 2740, 7570, 6455, 2271, 5955, 2943, 2675, 1537, 5062, 7205, 4642, 3395, 3621, 4112, 5966, 2350, 4489, 6053, 5261, 1307, 8427, 6005, 9935, 7647, 8001, 2050, 5689, 2863, 6175, 3381, 6469, 3757, 6301, 3546, 3617, 4591, 6981, 3135, 5770, 2274, 7610, 1751, 4282, 1097, 9070, 2730, 4935, 5335, 5003, 3850, 3290, 8253, 5227, 5622, 2540, 9703, 4459, 9485, 5230, 5673, 8696, 2507, 1723, 5175, 913, 195, 1910, 5158, 4225, 8180, 3945, 968, 857, 8613, 6311, 8448, 4082, 894, 4651, 4379, 2250, 6816, 7779, 6088, 3429, 5510, 5183, 9146, 1076, 4372, 9101, 3874, 6612, 964, 1033, 9529, 7330, 8627, 4198, 2983, 8556, 9444, 420, 7143, 3705, 6245, 92, 9648, 4099, 2019, 9002, 9130, 7430, 6107, 5591, 1575, 2232, 1545, 8861, 7392, 4091, 3698, 8552, 3828, 3265, 3728, 6908, 4982, 1467, 8135, 6134, 2407, 7657, 5636, 5603, 5501, 3053, 5980, 2011, 8082, 5818, 2113, 9136, 4701, 8709, 7514, 73, 1037, 9038, 3290, 8737, 4416, 8501, 8811, 5142, 8942, 289, 1138, 2747, 7906, 4320, 6098, 1867, 5251, 8528, 6173, 8256, 5757, 9533, 9913, 8228, 687, 9667, 5034, 4619, 602, 3422, 955, 6989, 4600, 8379, 3442, 6149, 2367, 8170, 2486, 9417, 8663, 9697, 3245, 9437, 461, 1218, 8716, 9382, 4487, 6738, 127, 9738, 5149, 1578, 6042, 5146, 4022, 5409, 7131, 6896, 6474, 945, 7736, 4350, 632, 3852, 6605, 4051, 114, 4763, 5610, 9319, 7171, 1215, 6200, 5498, 9436, 8980, 3756, 7104, 9458, 6123, 7434, 9361, 7526, 7813, 1269, 6300, 8360, 5299, 6052, 923, 9001, 5316, 2656, 7773, 2443, 3702, 1862, 4433, 9577, 3099, 1930, 29, 356, 1636, 6865, 8264, 2158, 3368, 9600, 1138, 3770, 9160, 6828, 4623, 186, 4444, 2624, 8853, 6024, 6029, 5895, 1617, 6383, 7569, 3573, 6643, 4740, 112, 8825, 9782, 5347, 713, 9319, 6436, 1595, 7492, 9238, 3519, 8177, 7665, 3717, 2119, 7988, 3886, 1406, 8917, 4021, 9790, 1265, 4129, 4912, 5334, 7375, 3115, 4631, 4558, 9063, 2418, 4330, 3862, 8731, 6821, 6865, 1178, 7035, 8513, 6103, 6863, 9112, 813, 7985, 972, 6833, 13, 5501, 4952, 3038, 4739, 3639, 3362, 7405, 8281, 3518, 2713, 9739, 9253, 9561, 3492, 8540, 5268, 724, 23, 8893, 7478, 5371, 5371, 2929, 7442, 6376, 4976, 8860, 8547, 9782, 734, 3168, 5883, 2252, 3702, 7338, 3726, 2360, 8437, 5988, 7204, 4239, 6806, 5913, 2981, 224, 1275, 7460, 5578, 2713, 5795, 8754, 9822, 5884, 6770, 2596, 7061, 4728, 2513, 6819, 8821, 1718, 5169, 9691, 9261, 2018, 3038, 3250, 4062, 9049, 8281, 2288, 5211, 8063, 720, 1229, 9014, 1205, 1326, 9603, 4576, 2880, 8698, 8648, 2422, 767, 4484, 9816, 51, 6842, 5812, 5852, 3554, 4619, 1854, 6508, 9411, 3577, 7909, 3755, 7057, 7503, 5786, 5369, 929, 2149, 8127, 8278, 3544, 2162, 3101, 6961, 5184, 6215, 7887, 1225, 8888, 8614, 6651, 1710, 4224, 4308, 1953, 4264, 8863, 719, 943, 4203, 2739, 2488, 7002, 6932, 9963, 4554, 5407, 2648, 9681, 7747, 8024, 4210, 294, 9388, 6309, 9043, 6912, 2749, 2773, 7524, 2310, 2888, 2401, 8694, 7606, 759, 3066, 7487, 9059, 3162, 5466, 7882, 4063, 2791, 94, 4428, 2207, 9850, 79, 2068, 5944, 7306, 6978, 7415, 2733, 6036, 7800, 9035, 9671, 1477, 5828, 6060, 6106, 8750, 9153, 6688, 9354, 7942, 6069, 3145, 7548, 1047, 5811, 9825, 4902, 7240, 7152, 8077, 8094, 4813, 7483, 9903, 7280, 4484, 2364, 1781, 8334, 4569, 8835, 3966, 3689, 6100, 5883, 5217, 6486, 266, 1647, 2219, 7366, 9329, 4369, 1032, 3654, 7185, 9358, 8713, 2422, 4886, 245, 1508, 2627, 3805, 5311, 7236, 3941, 1312, 5446, 7930, 1400, 168, 1383, 3726, 9741, 4962, 4345, 3613, 8455, 2772, 207, 7886, 4253, 6647, 2231, 7439, 7969, 8362, 7491, 9073, 1799, 650, 3246, 6611, 8039, 7295, 3476, 417, 5157, 8727, 1747, 7301, 2003, 2652, 3746, 6169, 470, 7156, 9247, 1392, 8768, 1737, 8487, 6216, 1267, 4125, 3701, 155, 5841, 2929, 1403, 407, 8164, 9884, 8999, 1089, 3383, 9567, 9582, 7819, 7022, 3146, 5057, 6849, 3748, 5809, 9779, 8216, 9964, 7630, 5053, 5574, 1001, 2510, 3038, 4685, 2771, 7130, 5518, 1949, 9441, 7282, 4348, 4705, 987, 2790, 5729, 910, 4013, 9736, 2352, 4870, 3438, 4223, 6103, 6473, 1563, 6237, 6442, 3963, 7975, 6983, 4634, 878, 1531, 130, 6413, 8092, 4789, 738, 1585, 7079, 3739, 1436, 7916, 6375, 3298, 9477, 8537, 5163, 9209, 5420, 1071, 3043, 3543, 8980, 9345, 8889, 8092, 4312, 7473, 7177, 9186, 9600, 6292, 4924, 3537, 7113, 9612, 5143, 9848, 2568, 8476, 2886, 9937, 5502, 650, 3880, 8083, 199, 8432, 8646, 870, 2791, 7636, 1304, 6324, 288, 5640, 1989, 1811, 3807, 7256, 7190, 2758, 2822, 216, 6953, 4998, 5715, 3501, 5108, 7694, 6633, 3475, 4679, 3485, 6190, 8781, 344, 415, 9071, 1124, 6592, 8750, 8347, 3763, 7683, 5441, 8056, 1744, 6399, 6062, 3727, 506, 183, 4651, 5263, 9747, 9093, 4019, 756, 5442, 7028, 278, 9601, 9270, 2626, 72, 142, 4835, 9903, 7244, 7837, 6241, 4388, 3676, 5357, 5856, 2596, 6952, 6331, 3551, 6864, 4319, 7053, 3757, 3137, 8324, 9743, 1947, 8913, 2419, 7848, 2946, 4892, 783, 7765, 4857, 6884, 468, 9545, 6332, 9251, 9121, 9720, 9064, 9823, 9964, 6805, 9517, 5252, 37, 7696, 6865, 1688, 6801, 6856, 3080, 6621, 1271, 8243, 8592, 5522, 2943, 3849, 3474, 9125, 4592, 1056, 7521, 9176, 252, 4431, 7692, 5404, 7911, 4495, 8438, 6697, 9927, 6859, 6083, 4930, 2234, 4884, 2990, 8238, 5142, 4467, 7713, 3413, 3643, 1149, 6539, 9344, 1465, 6393, 3626, 8560, 773, 4, 7059, 4382, 3973, 5867, 5619, 6534, 7827, 8234, 6992, 1442, 1765, 1152, 5939, 7028, 9679, 3471, 2939, 2359, 4823, 6776, 4018, 5721, 8219, 1121, 982, 8676, 24, 7692, 9221, 8156, 4557, 7514, 764, 3751, 9674, 7396, 5919, 6038, 1707, 5783, 6602, 6517, 6956, 4784, 8285, 6872, 3590, 2306, 8378, 9759, 4443, 4021, 5843, 840, 0, 3242, 8717, 7941, 5066, 3228, 4121, 9639, 5114, 8801, 9254, 7384, 2637, 9459, 1867, 5490, 7467, 7902, 1776, 9988, 1347, 2712, 9154, 1092, 3982, 6733, 4020, 4919, 7176, 3873, 1429, 6134, 5696, 8021, 8045, 9306, 9711, 8121, 1738, 8279, 8451, 9451, 5845, 1830, 9987, 8159, 7966, 9593, 3224, 7596, 577, 6154, 3412, 5311, 3416, 2947, 3015, 7988, 1163, 3499, 9109, 4233, 2786, 8565, 3669, 657, 4542, 3864, 5820, 831, 317, 9061, 4874, 67, 4385, 8587, 4399, 4643, 6048, 6464, 3321, 514, 338, 5083, 1083, 2987, 4195, 7963, 8791, 454, 2806, 3724, 2895, 8999, 9753, 3296, 6686, 5875, 8736, 4402, 9179, 2634, 5643, 754, 1804, 2282, 969, 458, 6632, 2100, 4716, 3944, 9429, 7238, 772, 7951, 370, 3992, 1991, 4767, 3965, 6185, 623, 3833, 2090, 7110, 7562, 9073, 8514, 807, 725, 2840, 1199, 854, 8376, 2083, 230, 112, 6016, 4960, 3890, 5424, 9377, 922, 7621, 7787, 6406, 7348, 7484, 8648, 4642, 7400, 4737, 9990, 6356, 9527, 5299, 9730, 1035, 1736, 5371, 3450, 5513, 616, 7607, 2283, 1152, 2646, 4284, 2891, 9584, 1177, 7443, 490, 9175, 5858, 1400, 8148, 77, 8142, 8863, 6000, 8830, 9641, 685, 9989, 6848, 4838, 7639, 166, 8253, 5423, 2024, 8651, 7593, 7756, 3077, 6926, 8712, 2979, 3192, 8724, 6826, 6600, 4014, 8455, 7239, 5111, 4584, 9500, 1989, 9431, 5534, 1244, 149, 5441, 7771, 7501, 7973, 9558, 5391, 4499, 9797, 7652, 7650, 2709, 9321, 9622, 2001, 9597, 3468, 1027, 1537, 9686, 5309, 1915, 2601, 7468, 7638, 9857, 711, 1297, 6587, 8070, 2371, 8059, 7654, 2053, 567, 9556, 8737, 6009, 3683, 9269, 3044, 3786, 6764, 8050, 3896, 9317, 5544, 3951, 8401, 627, 6648, 9315, 93, 6070, 5518, 4153, 268, 5580, 2551, 5362, 3034, 1343, 1665, 522, 2114, 525, 2365, 9067, 2998, 7362, 5449, 5957, 5092, 5010, 9014, 2662, 9370, 6277, 8900, 1579, 5941, 929, 1084, 4517, 1180, 6887, 6981, 5882, 2644, 6260, 519, 6662, 1409, 1993, 4181, 6036, 9753, 765, 6423, 2155, 1601, 9891, 1916, 6937, 9731, 1504, 7104, 5018, 8288, 1186, 9692, 1882, 3269, 9372, 2203, 2421, 2446, 9549, 320, 4565, 5275, 1109, 9972, 2016, 9874, 4795, 8646, 1794, 6615, 6326, 1063, 2461, 1267, 3138, 6117, 8294, 2558, 803, 7089, 937, 3819, 3637, 205, 7908, 8374, 4298, 2805, 1068, 9471, 1729, 654, 2497, 8096, 847, 8356, 4490, 4014, 205, 622, 2235, 9975, 3924, 9137, 1672, 3548, 7395, 6676, 5647, 8623, 5116, 158, 3012, 9777, 5797, 7748, 3331, 837, 8803, 9415, 8050, 9797, 814, 2901, 6900, 9172, 1413, 5621, 9590, 3076, 1334, 7114, 8371, 8138, 42, 3198, 7582, 6315, 7512, 6663, 2859, 5937, 1986, 5042, 720, 3251, 2942, 3634, 9410, 3693, 2376, 7352, 1150, 7233, 8401, 5154, 66, 3056, 3222, 965, 6228, 4700, 4244, 4226, 6856, 8429, 7695, 5, 9805, 6668, 6108, 1843, 63, 7086, 6296, 7708, 491, 3568, 586, 2656, 99, 7897, 9149, 3475, 8813, 8202, 7922, 3356, 1859, 3701, 8749, 7106, 9728, 8040, 1470, 1219, 3424, 2730, 748, 6329, 8683, 6507, 1560, 7794, 3783, 4280, 2092, 4677, 9117, 5457, 3815, 6594, 1936, 8536, 7144, 4243, 9961, 5339, 8498, 9016, 4663, 460, 3521, 4598, 2073, 2320, 6917, 3224, 2451, 4893, 5557, 9153, 2931, 5345, 8673, 3970, 5088, 36, 8127, 6578, 2300, 4014, 384, 4642, 1549, 5143, 472, 7641, 8521, 5671, 1548, 7521, 979, 7630, 9948, 8350, 8818, 8510, 7903, 4894, 3977, 1258, 8944, 140, 6638, 1081, 808, 8946, 6147, 8336, 855, 8309, 5343, 8372, 9271, 3264, 1638, 3283, 424, 1491, 3523, 1272, 9519, 975, 4622, 5630, 1876, 3491, 5062, 2800, 8259, 8078, 9638, 3482, 7824, 8055, 2199, 600, 6136, 4074, 3082, 8, 3090, 7239, 9175, 7834, 7311, 7664, 6234, 4058, 2871, 4246, 1665, 3679, 557, 2637, 7729, 8362, 1874, 6110, 7149, 765, 7480, 6964, 2071, 6126, 2137, 3166, 2596, 6587, 1301, 2278, 63, 2175, 2624, 6686, 8642, 6467, 1682, 8751, 1990, 6097, 2310, 1517, 6208, 640, 1021, 3925, 5763, 5277, 7455, 3765, 8757, 5815, 5094, 5616, 3004, 7904, 7261, 5801, 2104, 7614, 4399, 5121, 5885, 2563, 4036, 4362, 4408, 4819, 4117, 1415, 8872, 3523, 7640, 8666, 7662, 1317, 4173, 4820, 2110, 9341, 8968, 3014, 7759, 1147, 782, 7342, 3889, 1670, 1640, 2577, 3683, 5487, 1730, 9511, 7445, 8449, 6251, 6079, 7839, 8966, 4404, 9804, 9948, 5920, 8611, 7662, 1062, 1074, 8442, 316, 9254, 6480, 5270, 1165, 8711, 2064, 914, 9059, 6887, 3343, 6399, 4745, 1716, 6504, 5492, 5501, 9655, 5832, 6549, 2901, 4783, 9152, 6880, 2462, 7174, 3595, 2871, 6773, 5724, 4002, 600, 2411, 3605, 6797, 4849, 7540, 878, 4278, 2647, 770, 3268, 266, 7901, 8696, 4537, 237, 556, 4133, 4148, 5630, 6694, 5129, 5702, 2196, 2360, 5988, 5180, 1435, 7803, 3363, 8535, 4407, 589, 7615, 8297, 8754, 7260, 6996, 4105, 8956, 670, 6102, 3672, 7233, 7324, 2140, 9999, 391, 6204, 1554, 9226, 8471, 9440, 6156, 7099, 6214, 5863, 3513, 1028, 8508, 879, 3724, 9144, 7214, 5038, 879, 9089, 3796, 4546, 9216, 105, 2486, 1290, 5699, 3931, 4983, 2423, 4230, 8227, 2213, 9585, 4878, 5062, 7689, 9644, 8904, 6715, 432, 2171, 1421, 8851, 2612, 3165, 8175, 9386, 1849, 12, 547, 9075, 9299, 6685, 9144, 332, 3522, 3971, 3684, 3416, 6558, 6623, 6754, 8473, 7775, 2120, 7179, 9608, 1803, 9086, 3999, 1715, 1465, 5302, 1030, 2198, 7718, 6577, 9385, 4849, 4716, 966, 1113, 213, 712, 5873, 1208, 8204, 7063, 3189, 6627, 6112, 7204, 3223, 6264, 738, 2195, 1586, 6321, 441, 7658, 4762, 3131, 7031, 5354, 7303, 3429, 302, 1888, 8486, 4090, 7400, 5117, 8157, 6074, 9854, 9153, 969, 9712, 6126, 9030, 7727, 3747, 4429, 3305, 1793, 4199, 3265, 5366, 9638, 2640, 1071, 4299, 8051, 7941, 8741, 2428, 9780, 9199, 9927, 8743, 7183, 5607, 7607, 6504, 7380, 7870, 7337, 3624, 6099, 3010, 3783, 2529, 2509, 8182, 7742, 1122, 4983, 5479, 3691, 3112, 2543, 4234, 8038, 9990, 9714, 5493, 3804, 385, 878, 7425, 3430, 7524, 5616, 1422, 9969, 1483, 3702, 4889, 2909, 3476, 8541, 1545, 7883, 8741, 7330, 8901, 3676, 6099, 980, 6595, 3443, 3046, 608, 2409, 8944, 8488, 8499, 9884, 5956, 6606, 4027, 3593, 7838, 7222, 6243, 3821, 889, 8150, 7457, 9363, 5458, 266, 7035, 6737, 8305, 2821, 8485, 9034, 888, 7830, 2131, 9217, 356, 6736, 9080, 509, 9852, 1250, 577, 5466, 9271, 1188, 7208, 1072, 60, 3240, 2059, 8979, 727, 8954, 8267, 9227, 9218, 7658, 659, 3397, 3342, 7639, 3712, 3752, 4139, 3381, 5185, 4340, 9763, 5547, 1320, 4647, 1849, 7229, 5292, 2022, 1568, 4626, 4515, 5374, 7547, 3644, 1563, 2964, 3287, 1786, 7240, 9089, 6341, 7556, 6995, 882, 1066, 7959, 929, 4086, 5013, 4552, 8230, 8592, 1494, 3179, 6950, 213, 6986, 6518, 1181, 9910, 832, 514, 8357, 8349, 5249, 1539, 4201, 4423, 8330, 8634, 5684, 1467, 2254, 2557, 1673, 8323, 3323, 9290, 6458, 3720, 4755, 9056, 8016, 3272, 4978, 5396, 7967, 3817, 5765, 1047, 8018, 810, 2319, 7576, 6301, 3540, 2511, 4952, 3336, 4253, 7869, 2917, 2986, 7131, 2207, 2988, 6735, 5987, 7340, 8861, 7919, 3611, 2516, 6524, 6484, 1059, 9258, 3341, 365, 3292, 9066, 749, 159, 5356, 7356, 6613, 9306, 6818, 6598, 7979, 6945, 9678, 8366, 5257, 3397, 9997, 6241, 3672, 9239, 5969, 2933, 515, 9221, 1689, 8663, 1861, 3829, 4675, 9222, 7726, 9961, 7797, 7417, 7233, 2403, 8228, 8315, 5034, 3551, 9743, 2445, 2811, 7477, 264, 3609, 9265, 3952, 2352, 3226, 1019, 4922, 4707, 2794, 8941, 3172, 153, 2699, 6461, 9045, 9180, 838, 4827, 4245, 1095, 5601, 7595, 6453, 88, 4452, 9298, 9544, 1286, 539, 6952, 9984, 1692, 4355, 6368, 1328, 1691, 3220, 5525, 1237, 5412, 6130, 7049, 1906, 6191, 3605, 8401, 4225, 9364, 7243, 4647, 2621, 8649, 8278, 6330, 8729, 3754, 1313, 6176, 9264, 2780, 5198, 4843, 4602, 7616, 9062, 7835, 4202, 6498, 1861, 5684, 8351, 7360, 2557, 9400, 3665, 7084, 9726, 3913, 1558, 7437, 3436, 4358, 9642, 2386, 3034, 1823, 8097, 9334, 5349, 5441, 6825, 9432, 548, 3965, 376, 9543, 2972, 5971, 6110, 7494, 4618, 5472, 1741, 7876, 100, 2391, 4011, 4521, 4589, 8895, 6777, 9291, 9796, 5086, 476, 1739, 156, 3526, 1964, 981, 9175, 6486, 5336, 9154, 6984, 3201, 2560, 362, 9996, 5631, 5148, 10, 654, 8090, 3697, 4024, 6767, 9850, 1009, 7176, 1425, 6008, 2835, 3039, 1322, 2660, 4970, 7653, 4458, 5433, 3040, 8160, 874, 4770, 9669, 7024, 2493, 8490, 9288, 1274, 7596, 9657, 4084, 6938, 8103, 956, 3710, 955, 3441, 4149, 7803, 813, 9780, 4439, 3072, 5794, 9628, 3403, 7103, 2177, 2837, 7149, 557, 9509, 7631, 5247, 6121, 3163, 2315, 6074, 3434, 7892, 2107, 8690, 1021, 8265, 7860, 7409, 4525, 1578, 5595, 8060, 4547, 8259, 5399, 7186, 4683, 7153, 8848, 9823, 515, 5567, 8338, 2393, 7023, 6305, 4681, 9062, 6927, 1916, 9654, 7771, 4691, 78, 2628, 766, 9062, 3165, 7861, 5679, 1472, 9199, 4604, 3789, 6520, 4129, 9278, 894, 6791, 3490, 5185, 4102, 3310, 9972, 9116, 5284, 4926, 9188, 6073, 6561, 2064, 4651, 9185, 7096, 9333, 2407, 3054, 9073, 1535, 1202, 7866, 142, 1665, 5400, 2795, 4556, 3377, 385, 88, 2087, 2921, 3449, 1200, 9805, 3557, 6170, 9463, 8978, 6856, 8376, 5643, 9038, 8058, 3153, 5191, 8392, 7918, 1690, 2026, 2651, 9065, 3685, 4975, 4131, 8927, 393, 6156, 1119, 7424, 8578, 4798, 6138, 4760, 2269, 6519, 6309, 7454, 1549, 5658, 6608, 7202, 6751, 2753, 8535, 6401, 7508, 3091, 290, 8497, 2315, 2721, 2376, 9012, 4693, 3122, 2677, 9428, 3635, 9529, 2558, 9427, 7568, 1795, 4991, 2207, 377, 7010, 5196, 5703, 9070, 3843, 1877, 9062, 783, 9524, 8517, 4653, 9134, 4592, 7648, 7981, 2170, 2230, 4553, 6700, 6788, 4686, 1516, 4800, 2107, 938, 6479, 1189, 6710, 4716, 332, 334, 1028, 562, 5224, 1129, 6655, 9522, 463, 2823, 4628, 1886, 4668, 818, 1248, 6540, 592, 9570, 3576, 5084, 871, 9549, 4200, 6001, 5703, 2662, 6252, 1699, 6587, 2407, 1531, 2139, 5827, 4860, 8651, 7123, 7224, 8499, 2645, 9551, 5984, 7877, 6469, 2523, 5360, 323, 4811, 5714, 7327, 155, 3378, 5751, 31, 7757, 7099, 155, 206, 8991, 5364, 1400, 1141, 7071, 4775, 2217, 346, 5208, 3627, 3432, 6596, 6912, 2137, 7831, 4136, 8485, 1426, 624, 856, 2579, 610, 9790, 1064, 4411, 2301, 9537, 7824, 991, 8535, 3494, 2438, 6366, 1860, 7251, 2492, 4506, 4172, 2152, 1953, 5575, 9352, 9443, 2093, 7033, 4246, 2489, 7217, 6516, 8662, 8615, 2440, 1337, 1153, 5025, 7686, 519, 9067, 752, 757, 7900, 6003, 2290, 9523, 8002, 8513, 8871, 3159, 6438, 3220, 4409, 7894, 5760, 1617, 2107, 4100, 5049, 645, 8034, 9904, 6240, 1207, 7001, 3252, 8598, 9393, 627, 1963, 3847, 8906, 6533, 3028, 7763, 5525, 3418, 6185, 923, 5132, 5130, 9562, 4140, 763, 4323, 6284, 7717, 4424, 6998, 9539, 304, 8149, 5527, 5833, 4524, 731, 2369, 95, 3136, 6725, 8350, 2051, 4127, 7878, 6342, 8964, 2334, 9028, 778, 396, 2312, 1495, 3452, 9829, 9844, 7415, 7305, 2767, 7405, 3713, 1313, 3041, 7515, 1775, 322, 1957, 272, 5736, 3918, 2925, 6307, 7420, 5015, 6545, 7231, 2691, 3150, 4343, 3883, 7561, 7434, 4331, 7832, 9279, 1893, 8680, 9127, 7185, 2062, 5600, 6333, 9745, 5923, 9, 9872, 9983, 6590, 4494, 266, 2683, 8436, 8577, 9223, 8827, 9294, 8473, 8765, 9121, 3084, 3763, 9337, 1139, 2000, 743, 2410, 3665, 7495, 4735, 782, 9700, 6707, 2065, 6738, 4952, 280, 6386, 5827, 8280, 6312, 395, 5593, 2515, 454, 1190, 4880, 1644, 6116, 1698, 7760, 7715, 3236, 5458, 6590, 5647, 8001, 3746, 5862, 3776, 6144, 1423, 35, 9822, 8115, 4376, 4431, 6640, 580, 9805, 6303, 9100, 5577, 5390, 1844, 341, 5219, 4436, 669, 3599, 5246, 3990, 1011, 7161, 1454, 2094, 6333, 4986, 9574, 3001, 8873, 7242, 1577, 1885, 5024, 8474, 506, 1770, 6921, 5034, 1578, 5697, 1203, 5529, 4535, 9429, 6985, 2188, 2854, 7950, 7547, 1509, 2222, 4515, 7630, 6231, 3199, 4903, 4098, 8990, 9965, 3634, 6630, 7862, 6873, 2500, 9106, 309, 1651, 4551, 7339, 2488, 7692, 2869, 4555, 5081, 4771, 6680, 9647, 252, 4246, 7929, 7142, 726, 3604, 3740, 8460, 5996, 8215, 1543, 6117, 7318, 6792, 8006, 3305, 9076, 2602, 8432, 251, 4241, 7389, 657, 6940, 7911, 6623, 5377, 6431, 8100, 9206, 6891, 6529, 6256, 533, 8568, 5504, 5892, 6221, 6034, 293, 4335, 477, 3350, 8362, 4998, 3808, 681, 5549, 8806, 8993, 4234, 9841, 3380, 2062, 8439, 1962, 1903, 8297, 6000, 6130, 5202, 3836, 3746, 878, 3936, 7756, 637, 8055, 6967, 7867, 2782, 7740, 2878, 6570, 727, 9363, 3781, 5824, 562, 7096, 9164, 3263, 9490, 8822, 4279, 8917, 3565, 7540, 9331, 8042, 94, 8441, 3507, 4842, 4535, 8018, 6449, 3399, 5136, 7618, 4265, 4125, 6406, 5668, 8139, 3603, 3376, 2581, 315, 2660, 6520, 1098, 4544, 2271, 2395, 5351, 5366, 101, 2655, 1506, 8943, 4237, 7855, 1982, 2198, 9243, 3089, 2340, 5899, 1615, 5087, 2551, 9077, 3947, 3090, 1160, 7250, 3986, 5452, 5880, 19, 688, 8175, 8323, 1766, 7527, 4586, 5823, 3373, 345, 3016, 8901, 1707, 9281, 789, 1590, 6626, 9203, 6000, 1214, 9318, 5840, 8755, 5301, 9500, 7195, 5765, 9272, 2749, 2086, 1063, 8565, 2972, 4492, 6127, 1453, 2587, 8407, 3121, 7334, 9496, 8029, 4087, 4157, 4740, 9451, 8728, 7082, 6376, 8066, 3316, 9464, 6982, 3460, 9069, 4935, 2763, 4126, 2308, 8920, 9293, 7821, 5459, 1923, 8530, 6708, 8932, 8164, 8926, 3895, 8947, 2050, 7631, 7897, 9406, 1082, 1225, 6188, 5194, 4254, 9637, 4534, 5464, 720, 8392, 9203, 2394, 7670, 4943, 5852, 2311, 9377, 6625, 5878, 224, 540, 3496, 5311, 9232, 1446, 6396, 5353, 1050, 7284, 7059, 5539, 8769, 2410, 9672, 2002, 9948, 351, 4, 5835, 4562, 3053, 2707, 3981, 6204, 7383, 8517, 130, 9431, 4223, 1666, 7152, 1105, 3318, 6953, 232, 2130, 6721, 910, 3693, 1485, 7592, 9293, 5024, 1815, 6937, 1636, 5881, 3270, 5053, 2201, 9416, 5718, 7104, 7022, 6140, 4338, 7215, 9114, 5216, 5055, 4972, 4429, 5033, 2126, 1461, 7980, 5843, 996, 576, 7542, 9760, 6433, 833, 6666, 9383, 2927, 5518, 4424, 6502, 2, 8411, 7633, 2356, 3682, 9900, 9260, 1659, 3483, 22, 9789, 7334, 8833, 8600, 3463, 1814, 9204, 3494, 284, 9874, 782, 8686, 8957, 2237, 3999, 8938, 3277, 3687, 7032, 3790, 7320, 5820, 3194, 5298, 26, 169, 8225, 6501, 1784, 3929, 939, 8871, 2778, 2130, 498, 5986, 437, 3202, 3394, 2738, 1216, 7097, 2510, 4428, 2126, 4196, 3400, 6592, 2704, 5107, 6547, 2589, 4552, 5358, 3035, 7808, 8508, 4078, 4345, 9869, 7078, 1313, 9194, 2787, 5039, 3233, 2429, 8795, 8611, 6794, 3236, 7877, 4307, 308, 7038, 2311, 4538, 9843, 4887, 7595, 8651, 7302, 670, 782, 4446, 7318, 770, 3577, 4133, 8700, 1467, 3908, 1518, 7172, 6298, 6749, 345, 1375, 5631, 69, 2583, 2271, 4001, 1053, 8340, 9753, 8742, 7439, 6768, 6789, 2866, 5308, 4850, 564, 4548, 5759, 3185, 1556, 3508, 1508, 5039, 6266, 213, 7432, 1171, 9112, 1157, 8144, 1474, 1037, 4232, 654, 4312, 5826, 1294, 3044, 1884, 8309, 5957, 6035, 9182, 8952, 1525, 1240, 3405, 1718, 7264, 4021, 3997, 5910, 4179, 2392, 2275, 8968, 6175, 8517, 8054, 9230, 1851, 7272, 3178, 255, 821, 9129, 1180, 9240, 7267, 9676, 6191, 2012, 3362, 3693, 757, 8959, 549, 3179, 2347, 6904, 4207, 5844, 3468, 4152, 956, 2238, 2597, 8430, 5449, 2789, 6920, 9085, 8624, 2050, 4094, 9551, 3592, 6286, 4234, 7061, 2395, 6623, 9549, 833, 4626, 1038, 7019, 5349, 7340, 9246, 6698, 825, 9669, 8243, 659, 3076, 8011, 9902, 3190, 7285, 137, 5667, 4710, 4478, 1657, 3677, 6939, 7641, 2752, 7367, 7568, 9803, 5712, 6065, 6658, 7427, 7425, 7728, 4384, 9638, 3286, 9601, 7432, 540, 4739, 6838, 783, 1127, 1721, 8946, 4985, 5333, 8807, 810, 6722, 5580, 8475, 6043, 6086, 7833, 4052, 7427, 9606, 527, 8565, 9791, 5825, 1092, 5886, 5303, 8866, 3517, 5483, 3188, 1648, 805, 2392, 860, 9274, 2582, 5364, 9403, 7200, 101, 1558, 8871, 6591, 3207, 1622, 2585, 7472, 9230, 1530, 9809, 9614, 6989, 6124, 4174, 2047, 5446, 3492, 589, 7782, 1790, 3514, 2432, 2859, 3008, 9858, 4748, 2301, 2788, 9412, 9464, 3325, 8128, 3288, 671, 5212, 263, 6875, 4382, 6790, 2958, 4169, 757, 4000, 3404, 6802, 2488, 143, 3797, 3158, 3075, 5682, 9201, 482, 7317, 1626, 4024, 7788, 2891, 9102, 6029, 5265, 6695, 2256, 4383, 8846, 1728, 7097, 6382, 2225, 8966, 2522, 3810, 2798, 5702, 7957, 8320, 8509, 2848, 6028, 9833, 4852, 9012, 1787, 2827, 6646, 9377, 8640, 9096, 3108, 207, 1523, 3548, 6920, 1918, 1376, 6549, 860, 7799, 5839, 9187, 1759, 4688, 8308, 2537, 2840, 2149, 6259, 9690, 7048, 5563, 772, 4094, 6223, 1596, 2280, 5524, 350, 1086, 1992, 2252, 7518, 9775, 9925, 552, 7821, 6086, 3850, 1635, 1357, 4507, 8057, 1086, 2013, 9836, 7823, 6686, 6344, 4397, 1367, 889, 7256, 3591, 5482, 7726, 8220, 8126, 8155, 4562, 1745, 9394, 8471, 9846, 1304, 4446, 1281, 8110, 4388, 4976, 6695, 797, 3744, 6119, 430, 1611, 4462, 109, 3228, 7214, 6544, 7997, 3031, 9264, 4852, 8482, 2360, 3303, 9268, 8450, 9667, 3909, 421, 9660, 4366, 3559, 7823, 8425, 2915, 7054, 7890, 8403, 6941, 3539, 4145, 4617, 7416, 8340, 2260, 2823, 2796, 6700, 1449, 4533, 9027, 7109]
List Size: 4000
Insertion Sort Time: 814.380100 milliseconds
Merge Sort Time: 19.865300 milliseconds
Built-in Sort Time: 0.520600 milliseconds

Original List: [1729, 8577, 8894, 5132, 4541, 8147, 2105, 2130, 7775, 8050, 7604, 3729, 4421, 4774, 8174, 353, 9190, 9115, 8169, 6573, 7329, 6614, 1625, 326, 7948, 889, 9130, 5637, 9818, 7377, 6056, 4699, 1319, 9484, 4186, 8050, 8341, 5402, 7162, 1910, 8408, 7159, 4954, 9949, 1530, 5572, 8442, 3065, 9385, 2221, 8718, 6694, 924, 7868, 1271, 3952, 9688, 454, 3864, 380, 1897, 7204, 9444, 1146, 644, 6988, 5358, 4866, 9697, 1271, 5028, 304, 9013, 7886, 8635, 2399, 3730, 8750, 7286, 919, 9891, 7798, 9347, 1155, 638, 7954, 7367, 4659, 3035, 7859, 2927, 4020, 4901, 6776, 1286, 3508, 7084, 5809, 8804, 63, 8295, 7329, 2400, 2717, 9191, 9401, 7806, 5843, 4791, 3211, 8941, 655, 133, 9141, 377, 8199, 6062, 3441, 4178, 5475, 9755, 9113, 4747, 1823, 1, 5822, 4102, 5696, 2888, 3975, 8264, 3926, 9701, 4576, 1543, 2272, 2204, 4372, 2621, 9791, 9911, 63, 2602, 3409, 7559, 1888, 8368, 8161, 5520, 4508, 4552, 617, 7036, 8498, 1374, 8975, 8918, 5973, 4700, 7930, 1441, 9367, 1193, 1225, 5595, 7025, 6422, 1234, 4901, 4122, 4101, 1866, 1399, 7984, 7490, 1332, 8775, 8357, 7658, 3179, 6731, 8304, 9147, 566, 2429, 8875, 9479, 7750, 8114, 9943, 2377, 4939, 3438, 4863, 2207, 7455, 4175, 9749, 1930, 943, 7598, 2095, 7907, 9112, 1012, 2944, 9819, 4575, 7128, 7985, 4977, 4223, 4013, 7886, 9268, 719, 6722, 5522, 8918, 102, 5866, 5371, 5734, 64, 4250, 5479, 2156, 5696, 3218, 8343, 7420, 6778, 616, 1305, 5920, 1040, 1551, 4796, 3079, 9574, 1757, 1567, 1097, 5693, 8392, 513, 9560, 6558, 2723, 1300, 6665, 5198, 3299, 175, 579, 3999, 39, 701, 9983, 923, 2602, 4110, 8728, 2329, 3360, 2483, 6732, 7869, 7675, 8470, 992, 2767, 7928, 3360, 1230, 19, 5969, 3764, 4841, 3751, 7819, 2267, 8239, 4805, 8469, 4691, 9807, 3580, 5288, 3138, 7641, 2359, 4668, 4265, 4871, 1045, 617, 1196, 6680, 3560, 5193, 6146, 6326, 1425, 1170, 6733, 5334, 7721, 505, 3900, 4635, 5652, 2291, 3664, 8202, 5751, 1346, 8503, 2090, 1547, 1421, 4652, 4447, 846, 346, 2671, 700, 6964, 6306, 7963, 8177, 6315, 4129, 9205, 1568, 1913, 454, 8176, 8027, 5269, 8476, 8989, 5283, 7928, 8791, 6243, 6267, 6966, 5017, 6891, 664, 7950, 2591, 931, 2672, 8101, 9905, 5161, 7682, 7108, 5933, 2140, 8426, 9838, 3681, 5477, 8259, 4185, 5693, 2293, 4860, 7135, 4775, 8710, 9487, 3232, 1154, 6464, 4342, 8690, 30, 9789, 1265, 3301, 8154, 5153, 393, 6715, 1553, 1186, 7, 620, 9950, 1666, 9496, 1288, 1530, 116, 2659, 1008, 9272, 7568, 4338, 619, 9774, 6560, 8188, 8084, 7730, 5636, 8094, 6279, 1616, 8985, 6672, 1466, 5780, 5467, 4630, 3042, 7960, 1256, 6270, 7455, 1689, 7146, 7036, 3899, 4149, 3858, 790, 1244, 4436, 6276, 9870, 9069, 7940, 4987, 2647, 1082, 4088, 5475, 9038, 2757, 5407, 1206, 2473, 4789, 968, 277, 3253, 6505, 3904, 4083, 2152, 6416, 9891, 94, 5386, 9846, 9311, 8010, 2738, 3036, 8288, 106, 8488, 7514, 4892, 2996, 1942, 2201, 6620, 3247, 2530, 1965, 5019, 2509, 1429, 8485, 3902, 7438, 3667, 1311, 4484, 4377, 5157, 1166, 2531, 1015, 7354, 5082, 4419, 4204, 5853, 7442, 3632, 9612, 4519, 7857, 4932, 6199, 4954, 7025, 6542, 5734, 5274, 5386, 7899, 1946, 9854, 1474, 1514, 3168, 9867, 7814, 6369, 8143, 8236, 8112, 3629, 5634, 128, 4718, 5672, 3692, 3258, 3070, 6162, 3639, 7389, 1694, 6293, 2771, 974, 301, 2888, 7571, 1269, 1407, 2293, 7782, 9908, 3339, 2921, 5983, 2815, 5776, 894, 6738, 4669, 1887, 3662, 781, 8806, 8549, 4741, 9078, 6392, 7537, 46, 9732, 8683, 7618, 4949, 6349, 8198, 545, 3833, 2719, 3587, 5180, 8265, 4105, 4755, 1254, 4294, 6781, 1468, 9338, 9689, 2026, 5098, 5435, 4071, 9309, 5408, 3516, 9225, 8027, 5140, 8126, 9463, 1409, 6936, 2687, 8540, 2463, 4168, 2816, 2458, 2557, 5668, 2587, 9503, 9780, 2780, 8856, 1936, 1179, 2575, 1746, 8525, 129, 2270, 2395, 1894, 7970, 4895, 2613, 263, 3730, 2879, 1477, 5768, 6650, 8350, 5097, 2517, 9201, 6228, 94, 1274, 6257, 9025, 6544, 6815, 4110, 1491, 3464, 7222, 8190, 3525, 2019, 2067, 7101, 6863, 5836, 9520, 5617, 3094, 1258, 5966, 2596, 7336, 7914, 3758, 4405, 7935, 2476, 9599, 8058, 5558, 1697, 6897, 1558, 1611, 7889, 250, 4272, 2355, 5305, 6863, 7610, 8316, 156, 1326, 3907, 2079, 552, 5916, 5211, 5958, 5482, 3638, 3614, 5243, 986, 880, 7553, 6625, 161, 8511, 4142, 1572, 1085, 4386, 4140, 8174, 9006, 1736, 8204, 1715, 618, 5493, 1251, 1906, 2886, 3498, 5034, 5535, 487, 3977, 8682, 2442, 9257, 3372, 3616, 7296, 1061, 7498, 6226, 8287, 4611, 7271, 5314, 2883, 1537, 2027, 5447, 273, 4322, 7750, 8311, 2296, 4253, 8874, 4114, 5296, 9548, 7004, 4007, 9354, 7870, 8784, 2458, 9979, 7991, 5547, 9933, 1294, 4801, 5851, 9493, 3311, 4944, 5747, 5991, 7639, 2372, 9277, 4620, 4907, 2596, 8638, 6624, 7691, 8198, 1727, 2720, 1091, 1097, 6592, 4269, 8366, 9217, 3851, 4751, 4670, 5748, 484, 8516, 7179, 2434, 4275, 4787, 9258, 6683, 1843, 643, 4442, 4402, 7755, 8129, 603, 1954, 5055, 8861, 8185, 4010, 1794, 2670, 1690, 7163, 8985, 732, 8925, 8374, 3769, 8064, 9266, 1106, 2392, 2710, 9223, 6690, 2636, 3797, 3233, 2357, 4520, 3462, 9011, 9701, 4008, 832, 8336, 2498, 4796, 4546, 5066, 8767, 8479, 2189, 4478, 2651, 2559, 6957, 4587, 4180, 3242, 1670, 5764, 5740, 3837, 6866, 3109, 8651, 108, 483, 7637, 2379, 6984, 8245, 5432, 5619, 3641, 5429, 8957, 1704, 691, 1076, 7442, 9315, 8844, 2182, 244, 5381, 2201, 6396, 6426, 268, 7009, 4497, 1940, 6503, 740, 1432, 7815, 5166, 2412, 2767, 2352, 7798, 6159, 4596, 1230, 9931, 1154, 7413, 2979, 799, 3080, 8642, 4750, 5214, 2619, 4344, 2670, 3625, 4183, 9561, 9923, 5151, 9553, 1121, 166, 4196, 5931, 4480, 930, 6918, 9550, 3921, 3850, 1058, 3800, 2839, 2225, 43, 6710, 1574, 7741, 2282, 3052, 5755, 507, 5768, 647, 9443, 122, 750, 3936, 1714, 3178, 8864, 9795, 8673, 6655, 1508, 7761, 3027, 4845, 3304, 4454, 9249, 4634, 3903, 3074, 4642, 7776, 7709, 5890, 1850, 5232, 3098, 3128, 3328, 8806, 7662, 4476, 7664, 7654, 9118, 3442, 2761, 8230, 5289, 2331, 310, 4056, 4817, 2978, 2, 705, 5750, 9311, 3544, 2383, 9577, 1034, 6821, 6646, 8794, 8545, 781, 576, 3137, 3140, 5218, 8768, 3678, 4644, 5740, 7251, 4231, 9778, 6381, 4359, 2237, 518, 8345, 6639, 671, 6848, 308, 7956, 1831, 3869, 9235, 98, 1113, 9739, 691, 7325, 7160, 7622, 5541, 8648, 8552, 9169, 1095, 9925, 3826, 9563, 4881, 587, 4230, 9322, 2655, 9658, 4525, 7841, 8072, 7837, 8328, 5292, 6062, 526, 1027, 511, 8221, 2091, 6348, 8910, 9097, 4206, 4694, 433, 1567, 6017, 8959, 4510, 7585, 2992, 761, 2338, 7128, 7658, 4261, 6591, 1519, 1908, 9778, 2204, 41, 4902, 837, 7130, 3111, 7593, 2996, 506, 2696, 8559, 3789, 2744, 1587, 7565, 6149, 2956, 3710, 9987, 3729, 1532, 9431, 881, 850, 285, 234, 518, 7103, 5144, 6062, 8, 8254, 4932, 9050, 1803, 2989, 6890, 7081, 7566, 165, 843, 8775, 2600, 5484, 5596, 7525, 3085, 6339, 2516, 6627, 5503, 9048, 6478, 7067, 9091, 5661, 6988, 4408, 8526, 5906, 6519, 4091, 5143, 5268, 4342, 9622, 2113, 4259, 691, 8458, 3595, 6332, 9804, 7129, 6460, 6316, 2156, 1614, 5511, 4021, 190, 9132, 6279, 3279, 9896, 7233, 5114, 3292, 2079, 2469, 7375, 9366, 9084, 7632, 2672, 1408, 6178, 3588, 2990, 178, 7885, 8061, 8676, 8094, 2146, 4848, 890, 8321, 1397, 6278, 2615, 181, 8072, 5547, 9299, 2592, 2463, 5023, 4554, 73, 4736, 5089, 872, 2034, 3809, 3201, 5356, 1342, 3469, 8814, 4340, 747, 6657, 4926, 8738, 5364, 470, 8982, 4905, 5174, 1427, 5286, 4624, 3856, 886, 9365, 7993, 2848, 6883, 8775, 3741, 8855, 7511, 7811, 5364, 6753, 2938, 2614, 9621, 9702, 7902, 7405, 6870, 2929, 6518, 1951, 8334, 5521, 4809, 9482, 5715, 6070, 9772, 6169, 8459, 7882, 8667, 2941, 2000, 3662, 907, 6421, 7892, 4529, 7827, 3498, 2906, 1575, 200, 7380, 8643, 9528, 9592, 5154, 7869, 9766, 1822, 8686, 2689, 5501, 4420, 7232, 6113, 9857, 3682, 5557, 2148, 3946, 4058, 4560, 1343, 8943, 745, 2162, 5740, 3628, 4567, 8342, 6718, 1963, 6400, 1863, 8489, 426, 6178, 190, 4844, 1972, 4031, 2234, 5552, 1449, 6391, 6741, 3350, 5164, 5383, 3179, 1217, 1723, 9112, 8446, 7709, 1800, 2941, 5606, 3657, 1668, 9848, 1886, 3198, 613, 2065, 7006, 566, 6995, 8829, 6394, 2986, 2416, 7813, 5042, 7274, 7885, 7249, 8610, 5944, 7632, 7819, 401, 6155, 9483, 5696, 3464, 2768, 6121, 75, 2235, 5905, 2693, 406, 2396, 4202, 6807, 3792, 1132, 9620, 2390, 6730, 2336, 9087, 1692, 6965, 6363, 5875, 9300, 3100, 6160, 9416, 553, 4600, 8964, 3028, 7013, 2411, 6242, 3054, 7072, 2628, 3530, 6194, 5212, 4638, 7998, 7539, 8268, 1250, 7475, 6874, 8467, 7658, 2236, 4205, 2087, 1917, 3693, 5126, 3063, 1801, 4246, 138, 446, 1027, 9944, 3309, 1160, 2981, 7886, 3872, 8372, 8505, 7749, 5267, 4773, 531, 5961, 5258, 8815, 7391, 5051, 9224, 5407, 8472, 9323, 6862, 3598, 4694, 8295, 5934, 6505, 4827, 8208, 3818, 1456, 9477, 6551, 3285, 4419, 1532, 1648, 2903, 5543, 8420, 4495, 9553, 1600, 2162, 9191, 6025, 6044, 8909, 4350, 3819, 4564, 8142, 9618, 5859, 4126, 850, 6821, 7814, 6807, 5827, 1191, 6893, 6947, 4849, 8232, 3322, 3744, 4271, 7042, 9828, 3361, 6445, 509, 8395, 6528, 2829, 5934, 2191, 7353, 538, 3471, 7561, 2907, 4105, 4050, 1030, 6790, 2871, 186, 2299, 9758, 4808, 5680, 1574, 5097, 6595, 1986, 820, 3575, 6148, 9545, 7409, 9592, 4892, 1345, 3336, 265, 7242, 6741, 935, 3666, 620, 5750, 2757, 5380, 4961, 5266, 1532, 2462, 4695, 2027, 402, 7848, 9824, 785, 1116, 6913, 1027, 9702, 5378, 9539, 1236, 6434, 8672, 6785, 9525, 2202, 1215, 3698, 8616, 3324, 2168, 8972, 2461, 2641, 2281, 3942, 4722, 5080, 509, 7683, 7442, 325, 5803, 752, 2108, 2702, 1259, 6807, 1268, 9529, 11, 7399, 9694, 910, 5003, 8136, 9458, 6605, 9737, 9306, 8709, 5418, 1019, 404, 8745, 4767, 620, 8924, 1814, 8761, 7441, 8571, 851, 8780, 2667, 7068, 4272, 4235, 4537, 8278, 4731, 1112, 4658, 4897, 4042, 2725, 3584, 1951, 5599, 9164, 9319, 5657, 9754, 634, 467, 3667, 2856, 6644, 449, 1974, 6441, 6399, 3067, 5619, 8298, 1506, 8400, 3538, 7099, 5165, 7110, 5140, 9515, 2264, 8161, 1927, 114, 8614, 7463, 9603, 6331, 6119, 8698, 4783, 1311, 2446, 1839, 1847, 8963, 4092, 9945, 4231, 9292, 8684, 5057, 6222, 7647, 2838, 2527, 2166, 222, 8841, 6377, 4082, 8349, 8077, 7404, 3559, 2583, 3137, 6627, 6587, 2203, 3541, 977, 1109, 1809, 5740, 8300, 3489, 2303, 1273, 6954, 8571, 6218, 4590, 4109, 3033, 2054, 8905, 3154, 4147, 8687, 9007, 8091, 7682, 7255, 9708, 6804, 4057, 4810, 815, 5231, 822, 6260, 8388, 9967, 1266, 3521, 9763, 3462, 6958, 6374, 8929, 7420, 8330, 8019, 9072, 9785, 2939, 1334, 9275, 6854, 6975, 7498, 8333, 2537, 5535, 3239, 7103, 1695, 3462, 7882, 5606, 1712, 7773, 5283, 2049, 6989, 2413, 1534, 9027, 7283, 9879, 1402, 7121, 7104, 7744, 4662, 1679, 5012, 8793, 7623, 9525, 2845, 9856, 1714, 2975, 4785, 3486, 8559, 718, 2549, 7692, 1348, 616, 8076, 8235, 4876, 5259, 5033, 8309, 5863, 6187, 3139, 4085, 5782, 9959, 2883, 9257, 1057, 2190, 2252, 3012, 3267, 9836, 3905, 6074, 6125, 4412, 5747, 4505, 4616, 3634, 6071, 6277, 2409, 8152, 7910, 1499, 6930, 9076, 1184, 4666, 5693, 1012, 5426, 8340, 9530, 4787, 7217, 3089, 331, 6744, 4275, 6848, 7928, 3519, 9278, 4754, 6545, 5487, 3623, 7034, 1098, 9449, 448, 5291, 7918, 8997, 5011, 4247, 8745, 5660, 5868, 8997, 992, 1530, 6096, 7690, 4490, 1761, 114, 8260, 3308, 7791, 1257, 5245, 2675, 6558, 1462, 192, 8706, 36, 3892, 5014, 2584, 6592, 1018, 73, 3692, 1685, 5742, 8153, 3599, 6259, 5865, 2265, 3949, 7980, 5865, 1383, 8603, 1150, 9302, 5987, 7274, 37, 7257, 1279, 6760, 8077, 3139, 1920, 2637, 3640, 4134, 6708, 4762, 1390, 4135, 4570, 2505, 5485, 9142, 582, 1429, 6268, 4366, 9101, 671, 1403, 8472, 1976, 3796, 8721, 6451, 1510, 6286, 5510, 2633, 8326, 8171, 3299, 169, 466, 7439, 658, 3565, 2720, 418, 8846, 3209, 4523, 361, 4118, 6890, 2701, 6765, 1285, 5280, 9065, 9575, 3227, 1852, 731, 8009, 30, 7549, 8945, 7220, 183, 1207, 5082, 2985, 3931, 2823, 9565, 7425, 5259, 7787, 7112, 3503, 502, 9169, 6203, 5119, 8714, 6385, 6871, 6960, 2239, 8079, 3105, 3189, 3103, 3632, 8347, 1639, 111, 6052, 106, 7711, 3602, 8172, 3691, 1453, 3487, 1960, 6164, 7829, 2478, 2295, 4801, 3907, 5065, 9829, 2712, 5832, 9347, 3119, 9824, 8833, 4262, 8191, 1034, 2710, 9856, 858, 2388, 4388, 855, 7609, 3865, 5414, 3848, 2249, 589, 561, 7448, 6442, 2487, 1721, 1620, 6244, 7355, 8650, 6609, 6054, 291, 452, 9094, 809, 9644, 312, 9510, 7979, 6547, 9264, 6560, 3749, 7543, 8052, 7344, 7491, 321, 7307, 7786, 7326, 6332, 4415, 3905, 7290, 8588, 6199, 5395, 8260, 6473, 3777, 7978, 3895, 6927, 3200, 7845, 1735, 7658, 387, 2374, 1463, 6986, 7196, 446, 9365, 2676, 4129, 1462, 229, 1356, 7874, 8579, 769, 6393, 7329, 821, 2774, 2774, 4133, 4853, 3322, 9360, 9844, 2706, 1947, 2471, 8221, 8521, 1448, 2009, 5943, 3898, 7786, 2342, 6540, 3862, 256, 9051, 6875, 5047, 7732, 6540, 45, 2756, 2595, 4411, 6642, 1141, 1264, 3077, 8179, 7626, 6879, 4187, 305, 8672, 9922, 1296, 4312, 1745, 3976, 1771, 9440, 2268, 5306, 1135, 4651, 3176, 5788, 5194, 4785, 9653, 2637, 2540, 293, 4307, 1051, 723, 9865, 1291, 4604, 2521, 8968, 8136, 6192, 3938, 4625, 3655, 5871, 3660, 272, 1499, 8667, 567, 4911, 4556, 4705, 1600, 5275, 8732, 7397, 4655, 1962, 5556, 743, 5502, 2774, 6261, 2763, 2507, 9100, 4273, 2882, 2448, 4534, 191, 3798, 3457, 3445, 1352, 7336, 7550, 6733, 609, 8689, 8650, 7222, 8254, 914, 8745, 312, 287, 5110, 6401, 8358, 8407, 8899, 7100, 4684, 1620, 8839, 3448, 277, 3687, 3632, 1624, 7596, 6600, 8538, 8663, 6687, 3343, 2075, 8093, 7556, 3211, 5448, 1440, 2143, 8152, 8960, 537, 6111, 8317, 6210, 7367, 1880, 9944, 8984, 969, 9828, 8438, 7472, 9323, 6650, 6405, 8360, 2386, 2777, 6238, 6199, 5104, 4832, 6196, 2121, 9027, 2803, 4529, 4558, 1443, 1939, 5658, 572, 1196, 8937, 9999, 8901, 4224, 6109, 1615, 9500, 2904, 8490, 9740, 517, 9903, 3802, 1115, 7993, 3935, 1148, 9877, 7852, 3758, 833, 2298, 4991, 7849, 9374, 3809, 6472, 1573, 1485, 5972, 2564, 4305, 216, 6592, 4553, 4495, 7002, 2749, 2849, 1974, 2569, 2096, 2032, 2669, 1938, 7079, 6947, 5429, 19, 4376, 1991, 3813, 4859, 8087, 6541, 8332, 5193, 857, 9532, 4679, 5701, 1158, 5342, 1580, 3740, 9871, 3955, 8844, 3457, 3793, 288, 6104, 1992, 7737, 4695, 9552, 6807, 7095, 2316, 4274, 5247, 2951, 7846, 1787, 1015, 2017, 7139, 3528, 2354, 5725, 7983, 9609, 2273, 1390, 3138, 5347, 5381, 5024, 8152, 3246, 6973, 334, 2043, 6026, 8567, 4674, 9437, 7887, 4087, 8412, 9448, 918, 2785, 1063, 4038, 8894, 5830, 7050, 6900, 1510, 3214, 6510, 3312, 677, 1035, 8070, 2377, 9074, 78, 8190, 9651, 8765, 6974, 1405, 8995, 8152, 2250, 2299, 5524, 3499, 8104, 388, 24, 2393, 2758, 5473, 1904, 4155, 7912, 349, 9204, 7586, 207, 8094, 6583, 4998, 6395, 6183, 9576, 9835, 4812, 8103, 7036, 9168, 358, 5846, 5873, 447, 6080, 9879, 8849, 8541, 8766, 9685, 1118, 3284, 5118, 9675, 1839, 9172, 5573, 5040, 5334, 745, 5634, 8134, 7607, 9927, 2593, 9486, 1250, 1950, 433, 5877, 5919, 8358, 3242, 6757, 2551, 2975, 6077, 2085, 5225, 20, 1717, 351, 118, 4596, 1602, 9689, 3075, 8701, 3983, 8331, 8238, 6261, 5056, 3509, 7318, 2699, 6741, 6539, 4978, 3073, 5399, 8661, 8372, 711, 4274, 4090, 6454, 6005, 9736, 1784, 9400, 4785, 6442, 5159, 994, 2869, 8847, 9348, 2730, 2472, 6644, 7234, 2541, 387, 7841, 1776, 6461, 7635, 5467, 9217, 8187, 9837, 6827, 9559, 1365, 3450, 9195, 2014, 5199, 15, 9073, 5575, 4424, 8216, 7547, 5665, 1431, 3097, 2679, 3232, 9223, 8878, 4376, 1709, 291, 1656, 6598, 381, 1967, 1976, 1157, 8257, 9479, 8414, 2350, 2518, 9300, 7179, 4420, 1742, 1296, 7932, 5205, 3362, 1687, 1206, 3067, 3642, 2261, 3571, 5942, 9273, 4642, 754, 4838, 3571, 1033, 8649, 2971, 3605, 9988, 3321, 9760, 642, 9496, 3853, 1709, 7229, 1956, 8696, 6525, 6233, 7370, 3495, 2594, 548, 6625, 3587, 3125, 295, 9902, 4762, 5237, 5919, 8521, 5129, 9230, 7001, 5916, 4421, 1772, 4817, 5810, 6017, 6491, 2298, 4338, 2005, 1819, 9781, 3165, 1245, 2748, 6061, 6235, 5789, 2508, 422, 2599, 5116, 3319, 8196, 6793, 8479, 1475, 9447, 8662, 6818, 6788, 7561, 141, 7918, 6318, 4372, 804, 9945, 4440, 5611, 4120, 7226, 5537, 7637, 8059, 4141, 7653, 898, 3034, 8956, 9577, 7511, 6262, 6307, 8466, 2108, 350, 6293, 9164, 5470, 6910, 8763, 9605, 4020, 6399, 6906, 8305, 8447, 6856, 5927, 2049, 5374, 8392, 338, 950, 9151, 1857, 4413, 3308, 4741, 3131, 5457, 1205, 478, 6066, 1985, 7158, 3281, 2901, 2711, 4854, 6984, 181, 4328, 3766, 9851, 3315, 6565, 4120, 9751, 4849, 9230, 8184, 7521, 6472, 3579, 8265, 5594, 4484, 3954, 2119, 7536, 9330, 9385, 3156, 5387, 9391, 4924, 6560, 6488, 378, 4436, 7531, 3849, 2883, 9957, 1815, 1294, 7194, 2209, 9848, 4747, 7884, 6719, 6431, 9436, 6855, 9804, 1793, 8618, 5772, 6961, 8603, 7421, 1408, 2688, 4588, 3564, 5806, 6022, 4574, 7067, 2018, 8972, 2562, 954, 8165, 9316, 2080, 6696, 2218, 5497, 7382, 1607, 4361, 1079, 1925, 2771, 1405, 9709, 9253, 6268, 8045, 5115, 6858, 6566, 1551, 7728, 6363, 1037, 891, 5755, 760, 4642, 129, 7704, 311, 3753, 5395, 4710, 406, 1393, 7990, 950, 5465, 2479, 423, 7958, 4669, 1083, 1884, 4208, 4852, 4426, 360, 5710, 6942, 4609, 7280, 9301, 780, 4734, 2186, 5758, 3107, 5838, 1123, 7386, 2052, 8134, 6571, 2783, 3513, 5235, 7687, 2068, 3818, 8612, 4976, 3430, 4980, 3205, 813, 8809, 2410, 8078, 4804, 5653, 2404, 3076, 1582, 9805, 6577, 4886, 234, 1077, 9425, 8438, 9699, 5125, 5337, 1668, 5796, 3428, 7842, 5028, 5771, 9988, 8828, 2288, 300, 9586, 3722, 9754, 1210, 3178, 6790, 4548, 3673, 2603, 7944, 3203, 1229, 1909, 1561, 6942, 7971, 9703, 2666, 6954, 6728, 5141, 5099, 6171, 3547, 7068, 671, 7767, 8917, 1176, 3588, 9943, 920, 6476, 4692, 5068, 8395, 7317, 7087, 6050, 1716, 2958, 3200, 5157, 6985, 202, 5764, 311, 7561, 8735, 5107, 8588, 5271, 6381, 4543, 5214, 5289, 9417, 7031, 925, 3446, 8436, 1965, 5958, 6632, 7116, 2406, 1735, 7726, 2210, 2491, 7593, 3729, 4945, 5744, 3944, 2861, 4922, 9078, 3259, 4942, 7112, 9502, 9452, 8240, 3642, 918, 2794, 2795, 4354, 9365, 9386, 9794, 9413, 9423, 4143, 5219, 5757, 7166, 5956, 2316, 5875, 5187, 9401, 2564, 4884, 3972, 234, 4887, 8951, 3986, 9137, 6724, 2817, 1149, 551, 7744, 3214, 4753, 456, 3301, 2645, 3398, 9657, 7716, 6236, 5521, 5665, 8358, 9925, 6000, 1123, 527, 6862, 8860, 363, 4431, 1485, 368, 608, 1166, 8176, 1568, 6851, 4600, 2071, 4435, 5480, 1748, 6511, 3331, 5722, 1263, 3569, 3115, 3411, 1108, 801, 3026, 6378, 8643, 9524, 4439, 5565, 1252, 7542, 8648, 4695, 7393, 9678, 8796, 9604, 7321, 9600, 5617, 403, 904, 1408, 8280, 7468, 3332, 3663, 2854, 8232, 4658, 7912, 3888, 1200, 8531, 8412, 9407, 1993, 1755, 8438, 751, 3972, 4838, 6888, 4517, 544, 8199, 9423, 8887, 1002, 9348, 8894, 283, 8193, 3880, 3491, 5239, 9238, 9169, 1207, 320, 1511, 4492, 3259, 3304, 7347, 7301, 5046, 1995, 4805, 782, 2758, 5509, 4653, 1837, 4562, 8712, 4438, 5505, 2650, 8825, 9982, 5087, 4413, 3219, 1803, 5937, 5749, 3293, 7112, 913, 1675, 9329, 7295, 5128, 9418, 3844, 6283, 9395, 9209, 6670, 2952, 3542, 896, 4904, 3844, 2837, 2422, 3883, 3098, 3235, 5283, 897, 2793, 5888, 6679, 2463, 3960, 6991, 7046, 4848, 1864, 3285, 5616, 8476, 5150, 5244, 4348, 6924, 5072, 8336, 6202, 8890, 1645, 3215, 4679, 3350, 4351, 5471, 1933, 4890, 7085, 5037, 5211, 2295, 5124, 8018, 3104, 283, 2574, 5009, 2850, 5313, 6270, 2663, 3766, 3297, 1268, 7521, 2917, 1386, 7067, 4924, 3706, 7089, 8277, 9381, 25, 9098, 2990, 1150, 3284, 3289, 6238, 645, 1895, 604, 6586, 4040, 1644, 2657, 9308, 861, 2829, 1834, 2456, 802, 9840, 1161, 6934, 6424, 5403, 1301, 8289, 826, 6357, 4206, 8731, 3085, 6035, 1480, 6517, 9789, 2074, 4226, 6965, 9599, 9991, 6067, 4575, 2805, 6290, 9065, 3504, 1876, 3180, 3024, 851, 3781, 6959, 335, 5779, 3128, 1311, 3764, 4577, 585, 6046, 9675, 2862, 3995, 7568, 1668, 7247, 847, 649, 96, 3577, 4430, 5624, 7553, 5463, 8274, 7174, 7935, 9246, 6945, 8519, 6862, 670, 7726, 7140, 8420, 1282, 3380, 7501, 2326, 2265, 153, 1281, 1517, 4836, 1104, 3655, 5778, 8372, 9496, 4276, 3224, 1977, 4441, 7236, 8136, 2325, 6188, 3514, 2899, 6503, 4662, 8549, 990, 9511, 2656, 4622, 9766, 3369, 221, 4972, 3119, 7499, 1652, 3386, 2172, 7188, 4746, 646, 7123, 416, 3739, 4233, 4591, 4332, 5375, 6693, 7191, 5919, 3577, 2964, 5679, 8295, 2970, 564, 1953, 3993, 5218, 3784, 4323, 1297, 6014, 122, 3028, 6462, 8642, 2586, 6483, 4199, 328, 2804, 4791, 1415, 4859, 4408, 6636, 3557, 364, 1829, 7563, 8292, 4844, 1342, 5750, 5130, 707, 6547, 5063, 740, 4049, 5239, 7102, 2038, 4740, 3378, 2318, 9714, 9452, 303, 8035, 2507, 780, 5335, 3245, 4016, 8400, 7409, 4109, 410, 593, 5324, 2106, 9546, 4392, 4849, 6603, 7625, 6144, 6267, 7737, 4353, 5397, 7937, 9641, 8825, 2640, 1232, 309, 7777, 1317, 4130, 5936, 7628, 5153, 3478, 7726, 6235, 99, 2028, 8792, 6811, 3461, 6353, 4342, 2079, 1664, 2752, 7105, 933, 4012, 5828, 8420, 4670, 3772, 2866, 4192, 7260, 8546, 7798, 1410, 7654, 610, 6038, 2233, 8312, 6432, 818, 2124, 4700, 4702, 7715, 1770, 1103, 1681, 4173, 441, 4322, 6160, 1045, 4002, 3521, 4197, 9278, 4022, 8147, 9910, 1023, 565, 5530, 8908, 860, 4065, 3288, 2396, 177, 6798, 4747, 156, 1248, 6096, 913, 3043, 393, 928, 292, 4722, 4907, 7276, 6168, 4984, 7569, 5968, 8541, 1602, 9000, 4595, 1248, 5959, 3470, 4499, 7705, 8627, 6602, 3886, 3692, 5837, 9780, 1481, 991, 5071, 6806, 8479, 8921, 2536, 9198, 563, 2286, 190, 3070, 3199, 1752, 8014, 5658, 8900, 1322, 7466, 4264, 9820, 6527, 8515, 2707, 8805, 9393, 895, 9235, 7434, 6679, 2547, 7300, 9099, 6091, 739, 6524, 6617, 7731, 7685, 1125, 4449, 3113, 7996, 7055, 9238, 6836, 8296, 4842, 1558, 8021, 9648, 2132, 2200, 9556, 5849, 2969, 6435, 9618, 9146, 5589, 8583, 1054, 6617, 8195, 1003, 1477, 576, 7233, 3853, 9432, 5572, 5569, 4302, 7654, 316, 7764, 8151, 7132, 787, 5386, 3600, 2075, 3900, 1844, 1290, 1679, 4565, 3071, 2102, 5023, 7058, 9699, 6330, 6161, 2814, 3518, 1967, 2209, 9609, 2710, 5779, 6711, 9781, 4643, 8203, 9858, 9051, 6768, 8568, 1112, 8266, 8492, 1467, 346, 1186, 1420, 8860, 4037, 8721, 7418, 882, 8625, 4620, 1038, 3407, 9115, 6289, 8512, 5050, 2257, 3186, 7545, 8729, 3528, 5179, 3279, 4593, 2665, 3102, 9586, 6612, 8181, 685, 1949, 9391, 7073, 9316, 3169, 883, 3439, 2367, 2762, 2337, 4085, 606, 1993, 168, 5684, 3143, 27, 1013, 2318, 4513, 9764, 3906, 8022, 7327, 2654, 2474, 8582, 5152, 3366, 6381, 5180, 8326, 1548, 8534, 3629, 6381, 8500, 6995, 1630, 3059, 3370, 9487, 5793, 1876, 8969, 5874, 5790, 3306, 878, 8105, 9000, 5874, 3326, 4850, 9357, 3203, 9279, 6730, 9317, 3752, 7025, 3676, 5481, 7185, 733, 7179, 4334, 7330, 4778, 7870, 4084, 8047, 4453, 6927, 4196, 1517, 1742, 4728, 6022, 4753, 4710, 6666, 4437, 5194, 5545, 8958, 4073, 4626, 8021, 245, 8287, 3066, 4292, 2036, 9806, 8531, 3600, 7844, 5435, 2001, 4765, 5953, 1271, 3154, 5478, 3930, 8696, 4041, 8221, 651, 5860, 8415, 8992, 5014, 9419, 7240, 8265, 3587, 6775, 8819, 5727, 6088, 1610, 1405, 6929, 1606, 7667, 3575, 3674, 8829, 8629, 9803, 2082, 2137, 4733, 2351, 8151, 5218, 553, 5651, 8378, 4869, 1278, 8809, 9819, 5735, 426, 3715, 281, 5364, 9308, 7696, 2035, 7063, 6175, 9011, 4690, 8218, 6156, 3475, 7627, 5248, 4830, 8525, 2099, 8742, 1866, 6085, 6933, 9441, 6414, 7083, 5366, 6786, 3250, 2886, 2425, 7868, 6016, 6632, 5935, 9485, 8911, 7052, 5259, 7181, 8003, 8317, 4404, 9202, 3617, 6698, 9122, 9565, 5545, 752, 834, 2271, 7205, 2594, 3324, 3718, 6254, 5999, 117, 6549, 6866, 7443, 4106, 8340, 1437, 9241, 1652, 5003, 4339, 2232, 4976, 1529, 806, 3943, 523, 3431, 6095, 4791, 7956, 6067, 6063, 7864, 2096, 7549, 5028, 9655, 3838, 864, 7266, 2178, 7485, 2862, 4011, 1199, 2259, 7144, 4081, 5186, 9089, 7951, 9066, 5458, 6436, 750, 8568, 610, 3039, 5995, 8180, 3578, 3, 314, 8018, 4631, 6388, 1769, 3701, 7861, 2670, 4850, 2407, 1416, 8469, 2846, 6333, 9780, 1673, 2588, 2977, 7422, 2559, 2329, 1665, 2345, 9441, 5851, 254, 3761, 274, 1260, 4451, 3787, 2135, 599, 1595, 1000, 1124, 4821, 4887, 1613, 6807, 8258, 9645, 8056, 389, 7623, 2372, 2598, 8302, 1336, 9643, 2107, 9454, 6875, 990, 1145, 7041, 7346, 5397, 752, 7955, 5300, 973, 3790, 9142, 6911, 5520, 4108, 8898, 3382, 6076, 6064, 5596, 895, 8254, 5107, 8764, 5331, 3486, 4738, 772, 6091, 4264, 7973, 1183, 1646, 1493, 9410, 9884, 1928, 1810, 6736, 8928, 3329, 9943, 4263, 7265, 7494, 3475, 9023, 6260, 8693, 2148, 4351, 2441, 5615, 7271, 4201, 4572, 3295, 8219, 1268, 710, 7569, 570, 7759, 4804, 8049, 387, 1026, 6535, 434, 3217, 7947, 2664, 7260, 4874, 5262, 1902, 3348, 4329, 7124, 3447, 8610, 1076, 2399, 3602, 983, 3551, 8937, 8827, 5216, 4777, 7731, 8849, 4797, 5461, 5360, 2439, 1478, 9872, 8526, 4659, 718, 5800, 5124, 6206, 8726, 7796, 7870, 5699, 5022, 991, 1745, 1922, 5066, 2578, 4320, 4237, 3637, 9075, 8798, 4598, 1926, 854, 8879, 6349, 2910, 7691, 781, 8522, 4626, 6403, 5288, 8017, 5115, 9396, 6107, 1530, 9831, 5012, 7197, 2808, 5438, 2896, 7842, 3328, 3247, 9478, 7477, 7273, 5297, 2140, 8908, 1213, 6461, 6111, 415, 3505, 951, 1777, 7109, 7351, 583, 4284, 7313, 5696, 2735, 2972, 7731, 5455, 9387, 9602, 5295, 1391, 8588, 2372, 2606, 273, 2655, 2810, 8565, 1356, 2516, 996, 8673, 9428, 4650, 2626, 5908, 842, 8868, 3594, 949, 793, 7522, 6538, 5254, 5926, 7371, 7684, 8646, 2773, 1303, 793, 1880, 3437, 9588, 7184, 5388, 115, 9813, 1460, 633, 1820, 6028, 8563, 3787, 2577, 8732, 3732, 6377, 7799, 7164, 9115, 7464, 2117, 8277, 423, 8259, 1184, 9651, 7978, 1922, 7050, 4087, 3214, 6960, 460, 6106, 5737, 2535, 4896, 2344, 8119, 4113, 4424, 229, 9980, 8847, 3791, 3467, 1577, 3286, 155, 4547, 4026, 5915, 5648, 7999, 2832, 4431, 8549, 5591, 7093, 313, 4768, 8144, 4018, 4302, 3915, 3380, 7138, 3678, 4576, 6984, 71, 390, 9048, 5103, 95, 98, 3116, 6132, 2373, 9041, 2971, 8099, 8017, 4857, 577, 9884, 6538, 541, 6589, 6044, 5888, 4757, 3790, 3559, 9685, 356, 4806, 5792, 6591, 6734, 3046, 7504, 3135, 4320, 3678, 9657, 7369, 6556, 8613, 7842, 8116, 3712, 1415, 942, 6679, 8161, 6173, 4172, 8382, 9298, 288, 7881, 6713, 3345, 3994, 3591, 6612, 7291, 5363, 8331, 7815, 4819, 6979, 4010, 1054, 2404, 2081, 9765, 2874, 8810, 6850, 4871, 3320, 3956, 8387, 6576, 6309, 2365, 434, 3816, 3067, 8164, 7673, 1053, 1286, 9446, 9125, 5433, 2028, 6041, 6915, 9685, 1087, 3719, 3831, 4161, 5082, 1602, 893, 539, 5905, 5496, 7906, 660, 4712, 5426, 1917, 2642, 6922, 8504, 9149, 5720, 7844, 3234, 8908, 9442, 7782, 4835, 6760, 7139, 8610, 5119, 2265, 7973, 4186, 1910, 2957, 4501, 5989, 7601, 1900, 3908, 4686, 4736, 5827, 3354, 9520, 168, 5117, 7666, 8758, 4206, 8917, 617, 3145, 8719, 3005, 5786, 8547, 76, 5642, 7521, 8300, 9849, 6903, 9506, 8140, 9864, 2991, 7572, 5898, 3512, 7526, 2664, 6650, 8084, 8038, 9482, 200, 2563, 7053, 8728, 8589, 7219, 6721, 9606, 5077, 3541, 4173, 9143, 7946, 9971, 7408, 1762, 9165, 5407, 9630, 751, 5662, 5296, 9118, 6177, 3123, 8397, 9005, 7837, 8659, 9734, 9991, 2370, 6830, 8164, 1943, 4471, 2562, 7575, 2129, 4778, 8434, 3808, 301, 8971, 393, 5747, 9237, 1365, 300, 4150, 8791, 2761, 2068, 7700, 9823, 4954, 842, 2098, 6210, 6832, 6364, 4069, 8285, 171, 4662, 8634, 2095, 9027, 2093, 7790, 6783, 8016, 380, 5794, 7408, 2694, 9618, 201, 8157, 3048, 9963, 2266, 5627, 6845, 4437, 8740, 2052, 3263, 8606, 4302, 2732, 9391, 6651, 4650, 5297, 2251, 6282, 8294, 8418, 1997, 6996, 722, 3643, 7284, 4955, 3871, 8413, 5295, 9009, 8008, 888, 9325, 4325, 4003, 5534, 8079, 5095, 4117, 9791, 2867, 2277, 365, 9769, 8831, 6488, 262, 3975, 6195, 9904, 1011, 4884, 6967, 9836, 8685, 7231, 3877, 7662, 4532, 6135, 3698, 4911, 1124, 5680, 8278, 5236, 9847, 9563, 8974, 1119, 4146, 9790, 474, 1325, 5156, 7860, 8325, 3476, 4464, 4279, 9967, 9228, 7284, 2474, 5501, 4647, 9513, 2399, 5065, 9308, 3144, 7080, 6045, 5195, 5371, 1000, 7847, 7024, 436, 1608, 2115, 4804, 1594, 7052, 3703, 7400, 2729, 4443, 9394, 9565, 5545, 6886, 3855, 7900, 5907, 3578, 8006, 3174, 3368, 2900, 8930, 553, 7968, 6953, 1510, 2439, 8318, 181, 1144, 2780, 7383, 4362, 5538, 8065, 2370, 6843, 9982, 2450, 7269, 6578, 597, 1031, 6349, 5129, 5531, 4121, 4530, 3536, 869, 9590, 7926, 7771, 3283, 9027, 1353, 4289, 2969, 9347, 5080, 9448, 6645, 7927, 9944, 9983, 1285, 8728, 4912, 4037, 4100, 5135, 7175, 5954, 4783, 5088, 7907, 9126, 6258, 6475, 1374, 1206, 779, 5894, 8684, 2803, 4991, 9699, 1907, 7148, 8743, 8737, 3861, 5629, 6373, 4402, 7244, 369, 2636, 2833, 1350, 4028, 5892, 6223, 1798, 9439, 5740, 6790, 8419, 7665, 3545, 3381, 2028, 2795, 8215, 8311, 4675, 5443, 9248, 3065, 1470, 6325, 2591, 8188, 8601, 5156, 9920, 6204, 978, 2832, 9535, 4297, 1421, 3279, 5711, 967, 5881, 2312, 1047, 4753, 6282, 3993, 2024, 2627, 3140, 4886, 5621, 9034, 2939, 9252, 3991, 4314, 9507, 9961, 4993, 3398, 1696, 7916, 7317, 836, 3444, 690, 1746, 5393, 9631, 5198, 3288, 6013, 4144, 654, 5802, 5272, 9611, 7768, 7221, 7627, 3146, 3437, 2272, 3387, 8067, 6322, 2384, 2551, 9688, 4017, 6388, 2503, 6555, 4377, 3420, 6362, 1991, 6954, 6181, 199, 8198, 8230, 7128, 3578, 2877, 4592, 313, 3620, 3903, 3723, 5724, 1936, 1505, 1269, 6513, 2953, 2463, 8896, 6610, 427, 5160, 8373, 7217, 520, 1361, 4594, 2554, 6340, 3521, 4162, 656, 913, 6530, 3504, 9041, 7343, 3582, 6586, 706, 7841, 1812, 3252, 8836, 2473, 3752, 3649, 8669, 4070, 1680, 785, 9498, 3913, 767, 5234, 1207, 4636, 2720, 2616, 2086, 9074, 7184, 9497, 3996, 797, 3499, 5250, 8326, 9488, 8878, 4832, 7955, 8331, 3618, 3494, 7299, 2730, 2998, 3710, 4937, 1464, 9121, 8809, 7475, 2697, 7706, 2161, 554, 8576, 7161, 3659, 4909, 1251, 4583, 1036, 4797, 2530, 8952, 1558, 3530, 2355, 4233, 3448, 7566, 601, 7878, 2976, 4246, 543, 154, 6708, 5679, 6160, 5061, 1038, 6297, 1229, 4191, 477, 8178, 8101, 350, 6448, 9817, 8604, 5094, 7, 2982, 8744, 9288, 1827, 5615, 9513, 6528, 5313, 4564, 9054, 1453, 2856, 6779, 6154, 7721, 7637, 6384, 6803, 7844, 1696, 2242, 7820, 1628, 5952, 9565, 8675, 1009, 8988, 6568, 3486, 2493, 8783, 8611, 2041, 4412, 7275, 5165, 2076, 1163, 3615, 1890, 1813, 4428, 8555, 5691, 78, 6084, 2069, 6655, 6883, 4210, 500, 688, 9723, 4305, 6895, 4587, 5205, 6551, 2270, 2743, 3032, 8769, 3587, 6346, 6528, 5571, 9050, 6336, 9151, 4804, 7995, 7495, 6377, 4192, 9387, 1187, 432, 8732, 1733, 6722, 6162, 7323, 7352, 4223, 1696, 4981, 6433, 8112, 2325, 718, 873, 9262, 1223, 7021, 9044, 4130, 8764, 189, 7181, 537, 8967, 3739, 5450, 4461, 2953, 7858, 8521, 3123, 67, 9687, 2302, 1888, 2590, 1208, 3249, 7524, 2086, 9241, 3344, 1261, 6977, 2038, 2990, 7372, 7261, 6250, 5428]
List Size: 5000
Insertion Sort Time: 1386.820000 milliseconds
Merge Sort Time: 30.911300 milliseconds
Built-in Sort Time: 0.649000 milliseconds

Original List: [3541, 2104, 9598, 9492, 2155, 279, 6997, 2427, 1979, 5343, 6375, 7434, 2153, 3305, 659, 4506, 6442, 9447, 8526, 2307, 1715, 1278, 8624, 4093, 9397, 8462, 1086, 2625, 7683, 5782, 158, 3341, 9609, 1641, 4902, 6964, 2741, 7960, 6697, 4001, 49, 8179, 6117, 6524, 1052, 3100, 4581, 2900, 4753, 2087, 7951, 6631, 8869, 4402, 6336, 1745, 827, 6106, 9658, 2740, 6139, 2918, 8854, 4181, 3681, 7438, 4144, 9501, 4182, 7124, 2293, 6152, 2849, 3823, 6317, 42, 7256, 3468, 579, 8622, 6644, 5496, 7227, 2014, 3480, 8599, 169, 6599, 7531, 7427, 950, 451, 6006, 2058, 5428, 2001, 4069, 7663, 4388, 5248, 321, 4055, 9008, 8211, 3425, 4423, 1895, 9243, 8720, 201, 9888, 9765, 8385, 1537, 8561, 4123, 766, 6070, 8382, 3614, 1283, 9371, 2104, 7564, 5933, 1897, 3136, 1208, 1507, 7073, 9310, 9700, 7367, 9556, 487, 9822, 169, 3328, 32, 9862, 8785, 977, 3538, 6459, 136, 8402, 3289, 410, 1354, 4866, 1824, 7978, 6192, 4337, 6101, 858, 9361, 5057, 427, 4634, 7471, 5021, 7641, 3959, 9477, 2293, 9813, 7733, 6862, 6749, 9813, 8334, 8962, 7221, 3584, 5245, 3682, 962, 6083, 7912, 265, 5930, 6888, 2369, 3308, 899, 3837, 6561, 2845, 2031, 1012, 5349, 5353, 1762, 986, 796, 2101, 8356, 1854, 6312, 809, 9941, 7245, 7636, 754, 240, 3743, 1005, 9683, 2315, 6079, 8442, 6185, 4620, 4937, 4408, 2003, 8282, 6237, 1798, 2367, 7088, 3082, 311, 8487, 270, 3846, 6390, 4878, 4303, 3002, 7793, 9733, 6284, 3265, 7639, 8122, 821, 3104, 1539, 9344, 6088, 9374, 142, 4326, 622, 8019, 9516, 6860, 3680, 5726, 8013, 4529, 9393, 5095, 6419, 8569, 42, 1485, 329, 322, 250, 7900, 3646, 2562, 4838, 83, 5074, 2786, 5612, 6494, 968, 2937, 3754, 9556, 9591, 7314, 2284, 7616, 9557, 6471, 5698, 8985, 6019, 9661, 1146, 726, 9621, 5283, 5299, 425, 5840, 1915, 4243, 6222, 2989, 2322, 3270, 9546, 8508, 1473, 6328, 7741, 5284, 4151, 818, 7548, 805, 7282, 5457, 1413, 935, 8149, 6392, 7482, 7887, 4827, 3923, 7629, 434, 1320, 4786, 2229, 5487, 6540, 6935, 1120, 7246, 9818, 3794, 4767, 7406, 2844, 1634, 3990, 8367, 3587, 619, 2144, 1878, 9769, 9677, 5264, 1419, 1315, 9715, 314, 957, 2457, 2445, 2346, 1497, 4215, 4371, 9458, 6830, 3533, 5925, 9293, 2257, 274, 4248, 1293, 4258, 2719, 5344, 1153, 7952, 9413, 8206, 3001, 9406, 869, 2155, 427, 1305, 4237, 5590, 2377, 1828, 532, 8512, 9739, 405, 9059, 45, 7650, 3789, 1817, 5726, 5067, 5899, 1111, 6801, 216, 3237, 419, 3306, 322, 6570, 6555, 2544, 9102, 9865, 2107, 3431, 2435, 4774, 2107, 9471, 4729, 4210, 9508, 2877, 6097, 2520, 2817, 1985, 4754, 1851, 6549, 2079, 4515, 1302, 330, 7480, 7313, 4769, 3466, 724, 58, 7175, 8831, 6315, 3825, 808, 7570, 6069, 8455, 7109, 8528, 7262, 7679, 9758, 1268, 4632, 2566, 7388, 8039, 7166, 6034, 1652, 3913, 3402, 496, 1446, 1940, 390, 4315, 9113, 557, 4408, 194, 4497, 9557, 3999, 3605, 1538, 7468, 7113, 5821, 9481, 6478, 1708, 7166, 8242, 3004, 95, 7495, 7694, 6396, 7788, 8011, 9417, 585, 206, 17, 1522, 2802, 5585, 4114, 624, 9241, 8668, 5936, 5650, 2494, 5880, 6991, 923, 3972, 882, 136, 7024, 1526, 6263, 2889, 2554, 1837, 5537, 2729, 3663, 6934, 287, 1537, 1721, 9945, 2497, 4959, 2116, 1200, 3483, 8295, 9736, 8732, 5572, 2407, 5445, 5379, 6384, 3569, 9907, 9832, 8086, 6399, 7596, 5145, 9822, 1652, 9895, 9073, 1110, 4365, 3104, 2930, 2281, 9317, 8143, 1273, 1405, 4147, 4581, 1428, 8850, 5954, 250, 2637, 6525, 6803, 4856, 1316, 2100, 198, 7355, 8069, 9006, 2129, 5117, 5082, 7419, 7365, 5072, 4753, 6311, 5677, 9668, 2683, 9744, 1389, 858, 4275, 6429, 223, 8442, 3297, 3992, 7517, 2295, 3673, 3891, 3798, 2616, 6687, 6588, 4511, 9324, 6610, 1197, 9104, 5362, 9679, 3700, 4250, 8819, 5470, 2540, 9497, 4622, 9405, 3829, 9003, 123, 1075, 7351, 246, 1759, 5894, 2983, 2139, 4551, 8463, 4948, 7330, 7776, 4008, 3523, 4103, 9160, 5200, 8763, 6578, 7952, 8773, 4510, 4899, 7274, 489, 3083, 406, 5202, 2084, 8019, 8330, 832, 7962, 8306, 2154, 1209, 7818, 1901, 4872, 5322, 1981, 4510, 6125, 8015, 7635, 2896, 8273, 9243, 5368, 5880, 723, 3294, 5354, 2929, 7054, 577, 1339, 6061, 9285, 4595, 3381, 3909, 5441, 5363, 6488, 3637, 6398, 8122, 1030, 7910, 9399, 7276, 4868, 602, 842, 8339, 621, 1953, 3959, 9411, 670, 5310, 3355, 5744, 3390, 5375, 7713, 5750, 4475, 6270, 8607, 4506, 7190, 1516, 7727, 3385, 8736, 2564, 463, 3632, 3323, 8933, 4574, 7155, 9849, 948, 6906, 2754, 3516, 8856, 8870, 2279, 593, 9673, 2539, 2395, 9655, 8591, 5969, 5089, 1531, 3970, 8784, 1234, 9126, 9626, 9002, 8420, 44, 5708, 3896, 1362, 7712, 2514, 2660, 5564, 5868, 5740, 1606, 7487, 3133, 8858, 321, 6329, 2775, 2402, 1701, 3, 4269, 1676, 7863, 5029, 9780, 1615, 1844, 5424, 4694, 9560, 8265, 6838, 5020, 4081, 1132, 7009, 9343, 6855, 6855, 4736, 3928, 7837, 2005, 4392, 7471, 4003, 7657, 8116, 471, 5625, 9682, 872, 4568, 8688, 6214, 9862, 2743, 9082, 2877, 1550, 2349, 9347, 4528, 9533, 26, 1483, 1861, 5136, 2423, 6279, 3199, 3807, 2029, 7248, 2070, 4865, 2361, 3464, 8549, 835, 5178, 5548, 2818, 5472, 2886, 9868, 1647, 2080, 8894, 2366, 6485, 9172, 4499, 7931, 4555, 6815, 1713, 8788, 4686, 5973, 2857, 8332, 5805, 8904, 6956, 967, 5794, 8132, 3324, 6212, 3748, 1481, 6565, 4860, 8501, 2524, 87, 9156, 584, 8780, 7510, 2631, 9315, 6652, 5495, 9591, 5762, 8461, 3830, 8374, 3595, 1365, 5768, 3154, 5757, 6415, 666, 5465, 9502, 3485, 1812, 2908, 5163, 1254, 4960, 1244, 1230, 9490, 4605, 9779, 7308, 8379, 719, 7062, 1654, 3271, 3545, 8995, 5499, 5498, 5716, 5902, 8295, 3300, 5527, 3272, 3857, 3007, 223, 2288, 4498, 540, 4125, 3752, 3045, 5583, 798, 8695, 5423, 8357, 6845, 1425, 9837, 7632, 1303, 635, 1445, 1784, 1190, 2501, 6211, 71, 1967, 2815, 6739, 8595, 1047, 9530, 6275, 9984, 4062, 4035, 6985, 9124, 8164, 1247, 5301, 6222, 5177, 2357, 2740, 6739, 3449, 8761, 1913, 1375, 5531, 2315, 514, 6403, 8152, 7324, 2414, 1270, 1775, 2802, 541, 7159, 6419, 8293, 3485, 5046, 852, 9331, 7745, 1441, 5501, 1887, 4221, 3666, 2154, 8743, 7948, 7458, 9340, 73, 421, 8474, 3939, 9297, 1562, 3641, 4527, 1589, 8187, 4304, 1804, 3376, 2582, 359, 867, 3593, 3115, 5679, 9293, 3488, 3172, 2081, 6822, 4049, 5762, 4696, 3158, 24, 4339, 3153, 9690, 1074, 2890, 8525, 7017, 9612, 4979, 718, 9228, 9475, 8921, 5679, 2413, 4917, 5233, 3843, 6473, 7901, 622, 3243, 3196, 6787, 9634, 337, 2417, 9337, 8260, 2150, 7274, 3337, 9034, 1840, 2566, 1280, 6569, 5452, 2108, 7753, 7422, 4381, 6811, 7836, 4534, 8318, 5714, 4429, 7504, 8430, 6445, 4052, 3223, 1805, 2486, 633, 6466, 9311, 4081, 8348, 2334, 9000, 93, 9175, 702, 166, 7311, 4624, 8392, 2761, 7343, 5105, 1825, 1497, 6022, 251, 7871, 5481, 2278, 5066, 9413, 1239, 2420, 7729, 9715, 4855, 8881, 2786, 4863, 5499, 432, 6442, 8403, 1635, 7007, 3143, 486, 1006, 3836, 3782, 1022, 4236, 1077, 7336, 4072, 1800, 4037, 4480, 6299, 5310, 1267, 6571, 3159, 3434, 2726, 3283, 781, 7478, 8390, 673, 7025, 2362, 2543, 5736, 9309, 8871, 4866, 7156, 1058, 2841, 3073, 1019, 7585, 3610, 8554, 516, 9076, 758, 9373, 5773, 4811, 7153, 8338, 3159, 1750, 478, 1173, 8165, 3246, 3742, 9706, 4430, 8939, 2607, 1550, 2770, 1964, 7401, 5648, 2714, 2651, 5471, 1416, 6036, 1197, 578, 4860, 5036, 9596, 196, 9797, 6590, 5615, 8956, 3244, 8618, 3592, 8836, 7451, 8358, 8821, 241, 6137, 8046, 4394, 8712, 1986, 3358, 9838, 4316, 8772, 45, 7574, 8086, 6586, 6138, 1353, 840, 1556, 3160, 4795, 2716, 4660, 4927, 1895, 135, 3317, 8701, 3008, 1554, 6249, 7484, 8450, 6174, 5179, 6262, 1469, 1586, 3742, 7225, 2497, 2530, 1862, 3767, 2730, 4878, 2206, 4699, 8998, 5062, 663, 523, 946, 5267, 3590, 7553, 6197, 6294, 3184, 7263, 8755, 7294, 9122, 9237, 7379, 6427, 5509, 1634, 7835, 9793, 1171, 1216, 4514, 4271, 9694, 7493, 5229, 1922, 656, 3625, 5466, 5220, 7607, 539, 7957, 9355, 3047, 1153, 6994, 5773, 9270, 1312, 1120, 2560, 1246, 710, 116, 6654, 846, 4935, 233, 753, 9316, 2995, 1669, 312, 4284, 1690, 3721, 6161, 8291, 7638, 4406, 7071, 4139, 7293, 5984, 368, 3782, 9015, 6787, 2336, 2168, 3345, 7220, 1322, 680, 671, 572, 2131, 7053, 5657, 4759, 6138, 5585, 9135, 4533, 9339, 7804, 4288, 3756, 775, 6047, 1387, 5483, 839, 6833, 2098, 8740, 314, 199, 5631, 2244, 780, 7576, 7278, 320, 6691, 4430, 3625, 141, 8167, 3269, 1139, 4489, 2192, 7021, 1674, 6140, 4323, 7820, 798, 2109, 8097, 6976, 9749, 1800, 1281, 4079, 8769, 2013, 4582, 8220, 1236, 5670, 8564, 7339, 7568, 3643, 6266, 4770, 1756, 131, 7244, 7395, 9007, 1532, 9444, 6188, 1123, 1052, 4649, 8723, 7326, 4121, 2485, 7831, 8883, 6297, 7706, 4574, 5127, 8716, 1476, 4669, 9022, 5570, 8035, 8363, 5268, 6411, 5222, 9657, 5691, 698, 7039, 738, 4749, 8558, 5843, 7671, 1029, 6729, 978, 9139, 5296, 7762, 4949, 1780, 582, 3857, 4564, 4624, 4690, 8669, 2541, 1675, 8020, 465, 7958, 4613, 3688, 8492, 5424, 9872, 9052, 7518, 9450, 7152, 8527, 6247, 6361, 8437, 8326, 1641, 6296, 7640, 2129, 6848, 8293, 5550, 9600, 6872, 6484, 4787, 1534, 3538, 4316, 5094, 5425, 7132, 5390, 3915, 2064, 5297, 9811, 5671, 3399, 3174, 6749, 2709, 3439, 4565, 4041, 6109, 5671, 6274, 4214, 8942, 8918, 4451, 6339, 4074, 658, 7696, 7381, 134, 9109, 8894, 7588, 6829, 6007, 4466, 5686, 1358, 6864, 7613, 4675, 7739, 9512, 4619, 6468, 3446, 5433, 183, 3096, 8703, 9258, 9631, 6975, 5809, 2384, 6773, 9833, 6071, 6830, 6432, 85, 4803, 882, 9519, 6157, 7131, 9930, 1952, 1603, 1454, 7237, 5966, 1940, 4185, 9149, 4676, 7288, 8592, 3547, 1225, 3228, 5969, 758, 5217, 1904, 4090, 6493, 9024, 4725, 1298, 6521, 4709, 1798, 4266, 5860, 3577, 8328, 2092, 3991, 4242, 7771, 4646, 9321, 7696, 3306, 2421, 2385, 2910, 3872, 547, 5741, 3216, 1574, 2162, 6587, 1146, 6182, 5206, 3948, 8810, 7297, 7583, 6343, 4336, 756, 8745, 4826, 7921, 2442, 7894, 6537, 9943, 2764, 1989, 1572, 1016, 3622, 3277, 9300, 6373, 776, 989, 6873, 2316, 6298, 2972, 6245, 1199, 4052, 8573, 5585, 2343, 7044, 1964, 1548, 5893, 9426, 2423, 6722, 4629, 1343, 2588, 2030, 2129, 4014, 1754, 6158, 1064, 7213, 7646, 2138, 1522, 396, 6635, 3873, 4219, 7701, 7192, 5204, 4281, 9741, 4328, 3369, 9806, 9871, 6651, 6076, 734, 1385, 2136, 5749, 6022, 1332, 2394, 2211, 4, 7405, 5654, 6885, 2740, 8710, 6691, 693, 2692, 693, 5706, 2428, 6213, 6322, 9715, 9932, 8169, 9532, 8055, 9490, 5357, 6060, 1719, 2583, 5027, 1637, 3915, 9758, 5087, 3883, 1524, 8488, 9761, 2981, 2309, 5590, 8739, 2166, 3775, 2316, 3718, 6590, 9336, 8290, 4598, 6024, 5003, 6322, 2236, 3185, 8970, 3239, 7900, 4565, 5467, 5828, 4102, 728, 4762, 9290, 3896, 162, 7883, 9738, 8156, 5949, 6811, 6809, 8878, 9972, 4770, 3522, 4545, 7612, 1653, 4458, 7088, 6314, 3285, 7607, 904, 978, 7673, 3281, 6852, 5542, 2408, 3707, 836, 4973, 6890, 7639, 432, 1242, 9831, 7313, 6229, 971, 8384, 9627, 6649, 6805, 2478, 8524, 1121, 7378, 3426, 2199, 9087, 1567, 4593, 7622, 6416, 1198, 5969, 2627, 8785, 6999, 7763, 4659, 6280, 3590, 7181, 3682, 1110, 6759, 8011, 7168, 2375, 1483, 8879, 5878, 1969, 4555, 1328, 8688, 2086, 8864, 2031, 5481, 4035, 6418, 7455, 8742, 9147, 989, 4121, 874, 4181, 4494, 8525, 3654, 6912, 3431, 549, 8011, 8885, 4413, 3191, 3867, 2140, 8173, 5833, 1626, 757, 417, 1271, 5881, 9921, 4380, 4615, 2668, 9816, 3377, 1910, 8631, 8578, 6915, 7359, 674, 3761, 3446, 4985, 1922, 1448, 2589, 4766, 9015, 7002, 468, 1254, 6227, 8247, 7614, 3662, 4448, 6197, 2510, 3665, 6967, 5614, 2197, 9306, 6964, 5530, 9405, 9031, 6893, 8372, 3661, 7481, 989, 215, 4946, 1978, 147, 7440, 2643, 803, 2229, 5061, 5542, 776, 8314, 2431, 2589, 6084, 3195, 7103, 7773, 1303, 2375, 1061, 4891, 4621, 2902, 9716, 4846, 4025, 5278, 9516, 5837, 3440, 9584, 5486, 77, 4837, 4207, 3135, 9048, 216, 4894, 5161, 7784, 9739, 4533, 677, 8003, 3916, 1712, 3486, 4407, 1577, 7596, 8353, 9265, 544, 2420, 407, 5592, 3025, 5962, 3497, 9513, 9522, 3276, 5304, 9198, 6125, 5570, 7602, 4318, 1182, 6183, 9799, 5968, 385, 1965, 9162, 6507, 2326, 9783, 7350, 8247, 2033, 5232, 9672, 9520, 6120, 6159, 5364, 7694, 2854, 6550, 2859, 713, 5533, 91, 1509, 340, 3975, 4708, 8301, 9204, 8826, 1937, 7167, 4240, 1041, 9782, 8034, 9535, 7894, 3958, 7026, 4075, 9156, 6858, 2400, 785, 3691, 1444, 4866, 9757, 4043, 2907, 1856, 7974, 6373, 3915, 1692, 6552, 4892, 5465, 2851, 7479, 2088, 461, 7700, 147, 564, 6436, 8484, 6258, 4154, 3467, 1062, 7619, 1362, 7744, 3977, 2437, 6448, 7026, 1294, 3786, 7879, 7833, 6956, 8643, 8357, 1355, 8211, 5144, 893, 3344, 2042, 3150, 3933, 7043, 6669, 4681, 8543, 249, 3406, 8403, 6184, 9463, 5063, 4581, 1712, 4543, 8425, 8774, 980, 9306, 7628, 7935, 214, 9503, 279, 356, 1063, 4970, 399, 2680, 2920, 2878, 9435, 1939, 591, 3363, 9410, 4212, 2594, 4658, 2212, 6583, 9954, 9657, 4724, 1543, 7102, 5137, 5070, 4110, 4869, 3757, 6647, 3147, 2280, 5770, 2561, 478, 8641, 6810, 3392, 7394, 1908, 8773, 3850, 5921, 3328, 5824, 6217, 4169, 3414, 8619, 3075, 4356, 5364, 3351, 8230, 7039, 5518, 928, 8682, 2373, 8955, 8698, 7656, 5041, 9097, 7374, 2127, 8803, 6239, 8799, 8825, 9699, 3356, 3876, 3287, 6626, 1396, 9694, 8995, 7750, 7924, 9070, 5546, 686, 2911, 6213, 4820, 3576, 6978, 4002, 5985, 7295, 4141, 2196, 2478, 7715, 1052, 9820, 5704, 9349, 2676, 8569, 2363, 2360, 542, 2761, 672, 7968, 3613, 2052, 6996, 6562, 9639, 4375, 981, 364, 8840, 448, 8613, 588, 1439, 5957, 1015, 5329, 1845, 1607, 441, 4702, 4355, 3445, 1733, 8639, 2918, 5512, 1798, 6775, 9551, 5145, 9295, 5952, 7522, 7333, 8650, 7731, 7605, 2470, 6294, 8345, 8497, 1217, 639, 3891, 1965, 6489, 6012, 543, 8865, 9207, 6121, 976, 5200, 8595, 3665, 1727, 391, 6514, 3320, 4450, 2914, 1344, 8688, 7099, 2944, 3231, 9231, 4553, 5318, 4988, 2892, 707, 6912, 1853, 9518, 3210, 4527, 6967, 9557, 4691, 1256, 1487, 6003, 5439, 3174, 7192, 5430, 733, 2443, 1724, 8048, 6821, 6743, 1306, 7420, 2556, 2426, 1387, 1895, 5900, 5207, 8919, 2842, 5892, 5996, 1758, 5003, 5370, 6216, 8966, 9296, 6859, 5424, 5678, 3472, 2679, 4280, 5897, 1647, 8227, 2115, 2673, 2353, 7347, 5502, 8166, 4232, 7132, 8862, 5305, 1486, 2107, 6132, 8174, 6893, 1082, 6054, 6008, 9597, 7049, 124, 90, 5475, 7159, 2885, 7764, 4259, 8120, 3785, 7359, 1217, 8795, 307, 4825, 3298, 7977, 280, 1754, 2578, 3285, 7088, 8681, 3545, 7849, 4688, 62, 5383, 7406, 3723, 2401, 7475, 1147, 6688, 1313, 3705, 7555, 3488, 583, 9834, 8731, 5585, 9734, 6224, 8268, 26, 9034, 4509, 5149, 9624, 6260, 4304, 5700, 5298, 425, 5463, 4080, 6261, 985, 7092, 9141, 1950, 5001, 1330, 9994, 784, 8868, 2730, 8585, 7751, 1186, 7963, 3965, 639, 6440, 1108, 7809, 2519, 4211, 2346, 4062, 2310, 3479, 7253, 6137, 3216, 6596, 6714, 7537, 5526, 9873, 8420, 3457, 6969, 5836, 6584, 8422, 6174, 8223, 2535, 6982, 1525, 2099, 4199, 2993, 5981, 8244, 9501, 7916, 2267, 2748, 7239, 8194, 6401, 4377, 9882, 3134, 937, 9326, 4023, 4935, 4828, 7998, 7118, 1044, 3901, 5567, 8520, 4549, 3656, 6593, 1923, 5372, 6269, 2638, 3196, 4085, 6799, 3485, 388, 611, 9440, 6984, 6074, 4835, 3602, 1003, 7485, 5026, 7437, 8901, 1823, 6481, 8212, 8354, 1442, 2480, 217, 3735, 9836, 5956, 4825, 7058, 5261, 8857, 7926, 6136, 2855, 1671, 7298, 3248, 4319, 5595, 1712, 5494, 217, 8069, 7271, 2720, 2160, 645, 1583, 6222, 182, 5608, 8221, 4882, 9837, 3210, 2181, 1304, 3659, 6960, 9763, 1969, 9073, 5925, 9764, 6452, 5567, 3414, 989, 9990, 5053, 8569, 6727, 6889, 7581, 6350, 7906, 8914, 2915, 1530, 2226, 3989, 1720, 9973, 1565, 6332, 4811, 2678, 6963, 772, 5050, 2505, 2201, 1365, 9775, 5679, 1698, 5346, 8326, 3844, 7555, 3438, 3749, 901, 8749, 9035, 4377, 3501, 2209, 8896, 7253, 9620, 3097, 341, 2884, 2278, 7615, 5353, 7758, 5932, 253, 2949, 4194, 4859, 8202, 5013, 2914, 8471, 9185, 6817, 8910, 3766, 8654, 2327, 9460, 7423, 2550, 5736, 6065, 7160, 8260, 5, 3628, 274, 1254, 5475, 2526, 8698, 425, 4154, 5327, 234, 1854, 2820, 3231, 1689, 5129, 8477, 9657, 8926, 9904, 4589, 5625, 1958, 2561, 1217, 9843, 4772, 4309, 6973, 5098, 4216, 8254, 262, 6177, 7789, 9382, 2913, 2702, 5496, 406, 9661, 5341, 8053, 9013, 676, 5220, 3339, 991, 5120, 7828, 2075, 8073, 6242, 6675, 6109, 7016, 340, 2239, 3154, 8588, 550, 9029, 6715, 2077, 2756, 4665, 9616, 6971, 1701, 4292, 5924, 5613, 5218, 6485, 6236, 2189, 9410, 2750, 2410, 7150, 9858, 2108, 8264, 5770, 7700, 5508, 4608, 8847, 3409, 2588, 2105, 7768, 6095, 7240, 3903, 4365, 5064, 9356, 4106, 3074, 9255, 6687, 6115, 2354, 2495, 2615, 5243, 4547, 6829, 8870, 6281, 5394, 1170, 3116, 6721, 4486, 6080, 8161, 5363, 2661, 605, 6849, 6139, 7339, 8663, 9433, 3179, 9794, 5949, 3443, 3578, 5914, 946, 7636, 6342, 4647, 755, 6526, 6489, 6846, 655, 9270, 4381, 2253, 4848, 2871, 2905, 9284, 4800, 3019, 1107, 3618, 6200, 6842, 712, 6986, 5022, 5342, 6962, 6288, 3797, 1892, 5720, 5625, 6965, 9770, 7769, 1816, 5643, 5251, 2496, 5005, 2173, 7390, 3150, 5758, 8234, 5425, 1981, 6999, 9555, 1583, 5512, 6251, 4200, 4502, 4775, 1501, 6410, 3701, 867, 267, 8095, 1340, 1946, 8675, 8014, 1128, 8648, 3541, 6850, 9645, 166, 6478, 6102, 7578, 2553, 1719, 7875, 641, 5483, 6907, 7882, 7226, 7532, 9023, 70, 9288, 2162, 7106, 12, 183, 897, 6395, 2657, 2009, 2432, 7885, 6110, 6322, 9723, 9982, 7052, 2775, 6010, 1099, 8541, 6627, 7656, 3211, 1841, 8196, 2976, 4645, 9231, 2204, 6296, 4831, 632, 8342, 9397, 7125, 3667, 3365, 9520, 8214, 418, 9077, 264, 1494, 5814, 5555, 8983, 9095, 5546, 4091, 173, 6777, 5760, 8746, 4589, 65, 9647, 215, 8755, 6549, 1315, 8819, 1427, 1617, 3632, 3972, 467, 2960, 8815, 5601, 9277, 4796, 4707, 394, 9682, 4292, 2149, 1922, 3166, 4819, 9431, 8293, 7880, 1535, 6582, 7760, 1511, 3289, 7735, 4262, 2085, 2276, 4106, 4360, 8433, 2979, 423, 6970, 1872, 9823, 1508, 8273, 6829, 3753, 4375, 2720, 3301, 1167, 6016, 9074, 4234, 3042, 9081, 6034, 1258, 4024, 6860, 2786, 3504, 9032, 4094, 8179, 9009, 8510, 4399, 6010, 2398, 2831, 8147, 9300, 9370, 2875, 9657, 6356, 5720, 2206, 2233, 1414, 1210, 802, 2930, 6091, 5388, 5775, 4351, 8912, 432, 7501, 3711, 8737, 6217, 4042, 325, 6855, 4831, 3070, 9253, 3129, 5713, 9146, 9819, 1694, 1086, 4238, 125, 6337, 5378, 8578, 9645, 4819, 6701, 5255, 5574, 533, 6190, 50, 2098, 169, 3437, 9154, 1135, 1114, 429, 465, 6793, 4653, 6017, 7216, 1659, 4926, 7892, 9540, 693, 4311, 9699, 9317, 2344, 4669, 6077, 5142, 6767, 1456, 3469, 3316, 8761, 5092, 9387, 6174, 4345, 8409, 7393, 3215, 3348, 5346, 5801, 6204, 7493, 1746, 1469, 624, 2284, 760, 509, 7790, 4372, 5939, 7446, 9898, 2420, 8523, 215, 6524, 9408, 7720, 7619, 1460, 8056, 3983, 7455, 2728, 1475, 5198, 1473, 3887, 9000, 7354, 5108, 5928, 5030, 3733, 774, 9612, 6020, 4453, 3345, 8856, 508, 365, 3147, 2471, 9164, 7467, 7861, 4362, 749, 3357, 7499, 7428, 7658, 3173, 1276, 6743, 2725, 8669, 5809, 9650, 9541, 7246, 8503, 2243, 7485, 8573, 7605, 100, 6747, 6701, 6653, 8550, 975, 2514, 9004, 5330, 9323, 287, 1795, 6337, 8772, 8318, 5130, 5080, 1365, 2935, 1706, 6643, 7096, 9149, 2035, 6972, 8610, 8067, 6481, 1405, 6467, 6022, 8486, 3487, 4967, 5959, 6204, 5900, 3078, 1607, 3223, 4372, 7207, 4862, 5908, 2907, 3379, 8617, 4495, 6530, 5201, 4892, 2951, 4054, 4643, 5177, 1244, 4606, 5096, 3446, 635, 7959, 6876, 9520, 9408, 2648, 7882, 9239, 1676, 5297, 2922, 9622, 2295, 6109, 1280, 3971, 1674, 8957, 1220, 9181, 3867, 6600, 3528, 1699, 2095, 6029, 5385, 3447, 9865, 4594, 2288, 5282, 1712, 3530, 554, 7659, 3291, 194, 2717, 5709, 5575, 8877, 8892, 4301, 4070, 9207, 5759, 6704, 2470, 2577, 8620, 8420, 5654, 4657, 8133, 3201, 1978, 3673, 8925, 980, 4209, 5151, 4907, 6149, 8505, 5478, 6920, 800, 4923, 4443, 8166, 1945, 6485, 1726, 5607, 898, 9735, 6538, 6980, 2112, 5781, 7313, 5476, 1245, 7682, 6044, 8331, 7153, 3770, 9930, 152, 7328, 3650, 6553, 3569, 8786, 3354, 4650, 7097, 1649, 2058, 8249, 3369, 7581, 5415, 945, 9162, 236, 8493, 5942, 8031, 160, 2014, 5333, 7469, 4165, 2066, 6930, 659, 587, 2782, 8240, 1377, 752, 9002, 276, 4859, 9340, 7250, 9091, 489, 6228, 7404, 6862, 7127, 8980, 3173, 4805, 5601, 5198, 5885, 6637, 7271, 2393, 9637, 1809, 3576, 3073, 7635, 6426, 5035, 9840, 5800, 7516, 1884, 6240, 1908, 5257, 5623, 8380, 6970, 7377, 8972, 3125, 2151, 8207, 1735, 7359, 6389, 9414, 3666, 2065, 5461, 9180, 4414, 5042, 8333, 2582, 9172, 4219, 3867, 2696, 7265, 5716, 5006, 7352, 5960, 1581, 2298, 704, 5846, 2224, 4216, 9466, 2237, 8250, 4163, 9806, 541, 4891, 9456, 2647, 3136, 9375, 2889, 8909, 3099, 9330, 4798, 8906, 2184, 4842, 970, 5359, 4263, 2741, 9788, 6633, 7195, 2717, 5712, 6401, 500, 2538, 4737, 4984, 5332, 3356, 4576, 7665, 7635, 5379, 3585, 9815, 6498, 3140, 2280, 8365, 6762, 6720, 3165, 2363, 2576, 8342, 2843, 4838, 6925, 4123, 7422, 4815, 7871, 2704, 9066, 2870, 2437, 8225, 731, 6231, 6733, 2792, 4638, 9947, 4879, 2289, 3959, 11, 9524, 1893, 3242, 5519, 1646, 130, 3734, 2363, 8775, 7908, 7890, 6352, 534, 6106, 7192, 3320, 2700, 332, 3116, 6754, 7865, 3843, 5089, 9721, 5918, 6789, 3830, 1775, 6443, 1629, 827, 7608, 4922, 8324, 3742, 7132, 4775, 5268, 6862, 3558, 7339, 5561, 8664, 9526, 1777, 6624, 3918, 1954, 5009, 7547, 3346, 7794, 5243, 6583, 134, 1005, 5703, 2712, 8767, 5520, 7438, 6597, 2101, 2069, 7595, 5968, 325, 5044, 7742, 9170, 8997, 4934, 8927, 6634, 8396, 3488, 5865, 9146, 257, 4589, 4022, 4109, 7320, 5572, 5195, 8262, 5599, 4894, 7546, 1165, 9323, 3129, 7146, 4323, 4779, 6312, 4394, 7512, 1543, 1854, 301, 1582, 3884, 136, 8030, 9281, 752, 7266, 9458, 422, 3767, 2873, 5350, 655, 948, 3644, 2768, 551, 2352, 4768, 8849, 2137, 4668, 3659, 5511, 8425, 7038, 1545, 9908, 2244, 7940, 2947, 3323, 5560, 2739, 6811, 230, 8195, 4841, 1610, 1510, 9320, 3759, 5849, 3339, 449, 430, 336, 8050, 4607, 884, 7697, 7015, 559, 1169, 5384, 5791, 7982, 1100, 7917, 9250, 5441, 8125, 4150, 612, 7141, 6180, 3690, 2407, 8439, 6425, 52, 717, 3621, 5310, 8051, 6434, 5957, 800, 906, 5102, 7398, 3557, 1873, 3880, 3579, 8527, 7777, 1043, 5227, 9766, 8959, 3358, 821, 2809, 5755, 9122, 1614, 7744, 1165, 4273, 7390, 9888, 2637, 1746, 3590, 4305, 4491, 6236, 9592, 4806, 7672, 757, 3395, 8363, 6055, 89, 6007, 1721, 6602, 2920, 4539, 1891, 8682, 1770, 5304, 5188, 1180, 9945, 5546, 9458, 1536, 5762, 5268, 992, 1181, 7489, 3075, 4252, 2094, 7558, 5687, 7468, 1211, 1756, 1891, 3127, 6361, 7246, 2228, 9222, 2918, 9697, 9043, 5584, 6682, 6768, 1632, 1983, 9459, 5676, 1808, 8828, 4917, 5627, 5477, 3745, 3215, 5703, 7419, 3383, 1760, 7244, 3314, 6520, 3315, 4745, 8381, 1294, 8671, 721, 7942, 3380, 3581, 7128, 3147, 3898, 7744, 5185, 9818, 8095, 4997, 4662, 6819, 4682, 7107, 9579, 4255, 1269, 8271, 6682, 643, 2217, 8258, 3203, 1318, 9345, 6806, 3310, 7584, 2486, 1856, 9851, 5770, 3384, 7736, 5075, 4677, 6066, 1055, 295, 1809, 9927, 1928, 8023, 4494, 1745, 4157, 832, 6541, 6591, 6347, 6774, 216, 1329, 6902, 7988, 9129, 9029, 7388, 7559, 5927, 1299, 396, 1607, 3030, 2818, 6397, 8056, 8780, 817, 8705, 4135, 5376, 9212, 3915, 9834, 6391, 4852, 3770, 6146, 792, 3560, 3907, 9467, 7945, 6463, 9678, 7068, 4074, 7591, 1212, 7996, 6376, 3909, 6437, 1667, 8183, 6782, 5224, 7976, 4552, 6565, 915, 6160, 2597, 7267, 114, 1296, 1221, 8534, 831, 3898, 7403, 4317, 2671, 3094, 7750, 4455, 3995, 7899, 7060, 7850, 2327, 6316, 2560, 9146, 2609, 204, 9417, 853, 1629, 8513, 2788, 9158, 8833, 3309, 7561, 3732, 3824, 9321, 4595, 2848, 6473, 3447, 3620, 793, 1297, 4495, 1348, 2451, 3592, 9302, 9046, 141, 6746, 2070, 6787, 600, 2567, 1541, 1162, 7500, 8983, 2484, 1084, 1828, 5515, 3395, 669, 4971, 657, 1890, 8096, 5172, 9694, 1728, 1431, 750, 9361, 6239, 8907, 9346, 6350, 615, 3919, 5411, 6627, 5903, 9058, 7520, 7775, 1808, 1885, 4617, 5036, 7695, 1383, 2903, 968, 8071, 2823, 7310, 5524, 8154, 4231, 9507, 2945, 4573, 6985, 7269, 3257, 6881, 3418, 1571, 2453, 8919, 6820, 3896, 4518, 4862, 6120, 3283, 6796, 6605, 1682, 8961, 8235, 5955, 9302, 3238, 3238, 2425, 8091, 4130, 2950, 20, 1538, 8871, 7672, 6832, 8496, 3052, 3562, 8186, 3039, 7901, 2113, 1743, 8461, 5686, 3925, 8927, 2566, 47, 3689, 9906, 8948, 9584, 6674, 4805, 9610, 3179, 2029, 5063, 4184, 7898, 3851, 3092, 290, 4014, 9042, 7540, 2025, 3477, 7284, 1897, 9748, 1101, 3066, 4349, 2731, 5060, 3430, 3237, 7635, 3365, 789, 6221, 4388, 422, 4670, 3356, 423, 1782, 4596, 8083, 5466, 5770, 3338, 5357, 6020, 5578, 8124, 7943, 8288, 3478, 3970, 2528, 8637, 6517, 5698, 7747, 3327, 2102, 8355, 1012, 1788, 4492, 7296, 7821, 8846, 3942, 782, 3036, 8472, 2013, 5108, 3543, 2441, 6398, 9844, 6187, 7409, 2992, 7408, 2219, 5626, 9772, 9594, 5371, 3315, 2210, 9291, 3475, 6102, 7704, 6817, 8096, 3974, 2256, 9644, 7394, 740, 7571, 3136, 7789, 5479, 9134, 2995, 7646, 5498, 5372, 199, 1066, 5424, 1281, 1537, 8322, 1410, 6164, 5351, 7468, 6981, 5454, 5755, 2041, 1540, 4, 3410, 7786, 4276, 9771, 5063, 3728, 7220, 2462, 7726, 515, 7990, 7599, 4552, 8137, 7775, 9070, 7422, 2392, 4960, 4202, 6432, 751, 7832, 6051, 8488, 148, 3812, 492, 6787, 7176, 8510, 5151, 6438, 5228, 3021, 3168, 4650, 8232, 5745, 9900, 1973, 5847, 5567, 9997, 2241, 8388, 3783, 2750, 8473, 1958, 9927, 6711, 4993, 5069, 8753, 4290, 3510, 4994, 1584, 8932, 7208, 4175, 3032, 140, 3820, 6420, 2436, 5019, 1949, 525, 3001, 5101, 1346, 2713, 6750, 5426, 2438, 5164, 3659, 5216, 5803, 4244, 5162, 9200, 2436, 4611, 9005, 5419, 1638, 8911, 7257, 4124, 7259, 1930, 9751, 6310, 4151, 1677, 5525, 3202, 8801, 5840, 1219, 561, 7351, 1282, 8987, 5465, 4411, 8696, 6482, 2585, 8318, 9335, 2805, 1520, 9260, 1462, 887, 3734, 3558, 1520, 8809, 762, 2095, 2025, 2073, 4918, 8666, 1653, 2635, 7895, 620, 6044, 1535, 5739, 5620, 8394, 5993, 774, 2685, 4989, 2586, 3680, 3385, 7331, 6656, 6404, 4229, 1942, 4648, 7968, 3834, 5455, 1493, 5058, 283, 402, 8634, 1672, 1575, 3513, 1703, 8791, 9217, 440, 8312, 6974, 8682, 9468, 8057, 3835, 4134, 1351, 2490, 242, 4311, 2820, 7770, 3120, 8887, 528, 1730, 3931, 7735, 3374, 4057, 7994, 7876, 6137, 1652, 3376, 6998, 725, 5949, 6642, 7700, 2908, 6795, 8016, 7081, 5578, 3656, 2885, 317, 8522, 4841, 2831, 5221, 3360, 7805, 3852, 5072, 9755, 2433, 2863, 3801, 1674, 9812, 4595, 6407, 5002, 4762, 7698, 395, 3510, 3001, 8980, 5914, 6194, 5343, 7647, 8503, 442, 2497, 4596, 1221, 5836, 7428, 2223, 3401, 9454, 1849, 78, 3388, 7144, 9801, 8716, 464, 9768, 1413, 8823, 4710, 2645, 8575, 3901, 8332, 3451, 5167, 3903, 1161, 5102, 3633, 5398, 5158, 4799, 6309, 616, 4555, 6237, 172, 7089, 4205, 4687, 4409, 2117, 2051, 2679, 4813, 5164, 6080, 14, 7775, 6936, 2270, 1352, 3442, 3339, 187, 8986, 1328, 5773, 8869, 2540, 4188, 2713, 6784, 1163, 9867, 8869, 4263, 5287, 1107, 3542, 9001, 4783, 668, 689, 9138, 567, 6016, 3665, 5127, 1528, 7279, 2081, 4476, 5074, 467, 8961, 8163, 8513, 5907, 2866, 4670, 242, 8320, 635, 3244, 8789, 5473, 2701, 6530, 4007, 3891, 7497, 2643, 9629, 1584, 9814, 1069, 4861, 326, 7607, 8570, 9976, 4849, 1271, 3591, 2035, 4566, 4796, 9128, 291, 9469, 4624, 8554, 6662, 4812, 9807, 6558, 835, 8277, 7997, 1734, 496, 4176, 3543, 5683, 6417, 3723, 5094, 5204, 9110, 744, 2000, 1606, 6659, 1683, 3096, 554, 3731, 6065, 804, 2305, 4720, 6508, 9431, 3303, 4367, 1817, 9823, 4747, 2663, 5369, 5520, 9918, 4862, 4890, 3856, 4926, 2951, 2074, 6336, 6728, 5066, 8117, 8, 9706, 9762, 7071, 1083, 8738, 4016, 6279, 5670, 5784, 1202, 5388, 5861, 3889, 954, 3447, 1183, 4844, 2546, 1086, 692, 3943, 6763, 4777, 2570, 6163, 9969, 5306, 2483, 8634, 9142, 2385, 5474, 9798, 269, 7744, 2877, 8423, 3582, 779, 4945, 7699, 961, 9482, 4705, 4544, 3341, 4191, 2514, 2333, 4655, 6906, 3779, 432, 6921, 7435, 9643, 1893, 6300, 1707, 539, 8227, 8625, 9036, 6475, 8490, 6854, 3343, 9334, 1243, 7165, 500, 5624, 7773, 8525, 4753, 1568, 3812, 5423, 7735, 7162, 2837, 4552, 3189, 777, 7021, 6809, 5254, 3848, 7038, 3138, 5731, 4466, 7472, 4750, 1787, 2729, 4713, 3989, 9211, 9672, 9078, 1728, 987, 3177, 1119, 5149, 9913, 9998, 2282, 4719, 7107, 7475, 8039, 6433, 842, 5060, 2725, 6081, 6751, 3427, 9685, 6173, 2895, 2079, 2511, 9499, 8747, 5629, 467, 7844, 1907, 7532, 1762, 8816, 8984, 7731, 6521, 5649, 964, 8791, 1675, 9404, 2377, 2717, 754, 6357, 1352, 7546, 303, 9514, 5131, 7435, 7322, 7302, 1085, 9191, 5816, 4933, 8947, 7555, 9924, 8253, 6590, 9771, 5119, 3879, 4137, 4332, 872, 5452, 5468, 3854, 4657, 8992, 6222, 11, 9727, 8418, 9542, 9334, 8132, 3571, 8677, 3136, 3516, 5147, 2776, 3578, 2946, 9995, 9676, 9882, 8259, 3538, 8954, 1249, 2255, 5887, 7398, 1816, 9505, 4771, 3173, 6376, 6348, 6378, 7326, 2291, 977, 4816, 5215, 8058, 8361, 689, 4410, 8534, 5232, 6387, 84, 3668, 8868, 5858, 3937, 598, 4151, 2462, 4316, 4782, 1779, 1921, 4427, 9052, 6193, 5827, 3712, 6327, 949, 1934, 5538, 7231, 9238, 9379, 5435, 4726, 4429, 4584, 2890, 1238, 3322, 2500, 4982, 1964, 5960, 5853, 1634, 4680, 8950, 1345, 4104, 4630, 2879, 5172, 2651, 7830, 5507, 3685, 3052, 8759, 5038, 146, 4119, 8626, 9636, 2090, 974, 9824, 5393, 5863, 9667, 2952, 1665, 3775, 2073, 9430, 4850, 3770, 6768, 7265, 1927, 2094, 3193, 3731, 2272, 8578, 9568, 7644, 359, 7451, 2153, 3182, 7135, 5671, 3368, 8553, 5367, 9054, 4062, 2932, 4764, 2045, 5052, 3698, 2774, 9842, 1633, 2310, 2142, 7951, 2665, 5971, 7339, 3712, 3978, 2408, 776, 1866, 7856, 5661, 6066, 8970, 6040, 8633, 1327, 3955, 2303, 8440, 8913, 1432, 418, 4623, 724, 8778, 462, 7867, 476, 6796, 982, 8656, 8966, 6050, 1504, 2946, 3826, 2782, 48, 7393, 7716, 662, 5506, 1680, 7044, 6128, 7495, 5940, 9164, 645, 2426, 5018, 3823, 2670, 4867, 6456, 8132, 947, 4602, 6398, 1927, 7425, 7707, 3806, 2567, 962, 9893, 7860, 430, 5464, 5009, 4145, 2159, 691, 7570, 3406, 9548, 619, 722, 2740, 1079, 8229, 5740, 7862, 1529, 2221, 9524, 8591, 8928, 9943, 8868, 3921, 7731, 167, 2198, 4501, 9721, 2103, 3497, 7678, 5604, 3918, 7014, 250, 5364, 7, 6390, 2973, 5943, 2375, 3189, 6628, 2135, 198, 320, 3730, 2859, 9481, 8350, 5826, 6343, 560, 3804, 4149, 7567, 5945, 7682, 7288, 9170, 6601, 8828, 4210, 237, 7786, 7645, 4930, 9316, 2071, 3197, 9400, 7541, 6642, 9236, 3461, 4448, 3211, 6858, 5614, 696, 1162, 3956, 6371, 7083, 880, 6078, 8650, 2968, 6225, 6670, 7036, 8401, 8687, 5523, 591, 2239, 5966, 856, 5401, 4723, 4851, 2726, 8829, 6660, 6798, 7505, 7174, 3533, 1559, 5428, 4843, 4081, 4675, 2743, 6617, 320, 5692, 5763, 5771, 7988, 368, 7411, 1432, 1511, 5280, 7862, 106, 2938, 9641, 4895, 3324, 4263, 2281, 3863, 8552, 2301, 2976, 3697, 619, 7659, 4422, 6397, 5051, 681, 8397, 5900, 769, 6938, 6018, 8504, 1210, 8580, 2976, 8099, 616, 2116, 467, 6531, 8942, 367, 720, 1872, 8967, 2432, 5817, 9371, 9341, 4940, 1641, 1351, 9336, 61, 2135, 8112, 148, 4648, 9638, 7835, 9346, 5685, 5070, 6040, 3927, 9457, 871, 4830, 7887, 7109, 2607, 1559, 7426, 3786, 8979, 4820, 9054, 6513, 9106, 6385, 2228, 6002, 7546, 8254, 2966, 2751, 7351, 441, 6081, 2459, 8950, 3826, 9451, 7918, 74, 5369, 1225, 5841, 3220, 9520, 8214, 5212, 9311, 8979, 3578, 7849, 1711, 487, 5310, 304, 5036, 9605, 2632, 4216, 4215, 7894, 5769, 1875, 8910, 3537, 9286, 3832, 305, 6280, 7930, 4363, 873, 7228, 8034, 3936, 7647, 3180, 6638, 7946, 7657, 7195, 5983, 4243, 1523, 3147, 4458, 535, 7594, 1778, 3605, 327, 1232, 4140, 2757, 9818, 6641, 2095, 1238, 9155, 3260, 6146, 1855, 2954, 7194, 282, 9629, 2292, 2576, 6599, 5584, 2184, 1194, 7093, 3639, 4541, 3520, 3337, 4957, 6083, 2397, 4000, 2855, 6161, 4993, 1296, 4289, 3566, 976, 7872, 7642, 3924, 3887, 2496, 1677, 8947, 334, 8271, 8456, 4477, 7816, 7353, 138, 7635, 5257, 2715, 539, 848, 1773, 1218, 5416, 9725, 577, 5276, 3402, 3980, 2024, 7223, 4536, 1781, 7888, 6420, 1067, 6810, 2559, 1832, 3281, 3544, 8751, 6700, 9191, 5827, 6125, 2931, 2032, 2001, 6428, 3493, 567, 3600, 647, 802, 7419, 4149, 1555, 7138, 4630, 1779, 5729, 5905, 9126, 3574, 7551, 1478, 3379, 5694, 6787, 8190, 3966, 2705, 6796, 2961, 8939, 9711, 9297, 4502, 3041, 7877, 6455, 2701, 3240, 6383, 979, 6784, 714, 6971, 7200, 5790, 1527, 4538, 8723, 1142, 2730, 5507, 4972, 5165, 9505, 4535, 8369, 4362, 4159, 7607, 2572, 7907, 709, 3709, 1660, 8275, 8518, 6479, 7524, 1750, 2848, 8399, 1030, 1685, 6131, 5744, 6834, 4068, 311, 4432, 1511, 6461, 6971, 442, 7997, 9447, 3833, 8506, 690, 6383, 8518, 4407, 383, 7875, 2054, 6310, 4004, 4939, 2951, 1473, 3349, 926, 8179, 100, 1585, 4568, 6470, 437, 5936, 7997, 3320, 9000, 8033, 8513, 9521, 2711, 4512, 6582, 1022, 7749, 5137, 7952, 1956, 484, 418, 9854, 3889, 1908, 3849, 7640, 9760, 3143, 9384, 8149, 7281, 4153, 758, 8779, 5953, 8236, 4802, 4529, 1512, 8174, 9594, 9745, 9015, 9604, 9753, 1643, 9257, 7932, 6090, 8579, 6832, 5779, 6805, 7144, 6871, 8581, 8909, 7023, 655, 3842, 3111, 1996, 6473, 9047, 6677, 7318, 9426, 1303, 6446, 1465, 561, 5493, 5371, 2216, 2237, 3088, 9961, 6212, 6618, 6702, 2262, 7026, 3904, 6715, 9268, 9982, 9402, 2188, 5696, 6754, 6791, 6410, 7193, 5062, 1156, 4764, 466, 5261, 1050, 3651, 4873, 2084, 7699, 4037, 7337, 9323, 8512, 8514, 9997, 5959, 5976, 2477, 7836, 8254, 3009, 4238, 6700, 3549, 6240, 3486, 4214, 2194, 9292, 5823, 5453, 6444, 7080, 922, 3406, 99, 5573, 271, 1072, 5679, 4721, 6596, 7041, 1764, 4629, 6166, 5060, 9025, 7316, 5810, 5713, 6063, 3255, 9492, 9228, 7275, 4676, 7652, 4867, 442, 3789, 6686, 8819, 8421, 5897, 3868, 4405, 1829, 361, 7571, 7182, 1289, 9121, 3988, 3520, 1624, 6471, 4795, 9955, 1079, 3476, 8859, 114, 8680, 500, 4556, 8154, 4016, 8349, 4796, 4439, 7363, 4235, 509, 708, 8327, 6857, 3586, 1096, 8262, 1078, 2126, 9518, 7626, 5382, 4705, 1381, 1781, 4233, 5003, 5465, 4039, 8355, 3683, 618, 9464, 6515, 1742, 963, 6848, 7707, 7681, 100, 9448, 3203, 1137, 4514, 6166, 5323, 509, 6288, 8625, 1163, 5891, 5685, 9078, 6202, 4741, 7794, 7221, 6401, 5817, 396, 3645, 4542, 3382, 6549, 3078, 9263, 3776, 5336, 817, 7898, 9560, 6512, 8653, 8338, 361, 6069, 478, 3408, 8809, 4117, 1803, 6791, 4900, 6907, 6542, 7161, 8532, 3186, 7184, 788, 4664, 6557, 7688, 2766, 9364, 6498, 8963, 2298, 3687, 6727, 7425, 6874, 1410, 8642, 5279, 4724, 9756, 8792, 4990, 3293, 8628, 9893, 8999, 9632, 2632, 67, 2261, 3165, 8754, 1124, 6758, 3413, 6582, 1524, 7774, 132, 3840, 9590, 9978, 3946, 3117, 8539, 6356, 4082, 7574, 9345, 9632, 8438, 2142, 8680, 8581, 8939, 3129, 2280, 9110, 3292, 6887, 1338, 5678, 3026, 8741, 785, 8967, 8294, 209, 5030, 7341, 8753, 1097, 4322, 1600, 1698, 9033, 6548, 1043, 4397, 25, 9165, 7563, 4489, 2975, 7588, 8377, 4355, 4986, 434, 925, 5230, 7043, 7123, 9850, 3327, 5832, 7690, 4221, 8242, 5020, 1310, 9083, 9509, 7369, 4892, 6917, 6484, 2823, 8170, 360, 178, 8277, 6198, 2157, 9377, 4041, 2789, 1167, 1556, 503, 8164, 1041, 7664, 2175, 2491, 2194, 1120, 1749, 413, 3118, 2649, 8893, 3780, 7613, 2055, 5575, 728, 2829, 8904, 8451, 5482, 9182, 5979, 3563, 4882, 2750, 2267, 1382, 9770, 2980, 9408, 815, 2410, 9711, 2407, 5696, 8805, 3988, 4754, 5777, 7173, 7975, 2917, 9504, 7024, 4703, 4615, 9114, 5444, 5452, 2812, 5611, 3467, 5041, 4580, 945, 2944, 7595, 8170, 4740, 6067, 2601, 5527, 5075, 9798, 1933, 8404, 9328, 4410, 2974, 6748, 4752, 2552, 3951, 2909, 2554, 7003, 8497, 3669, 9958, 9876, 9041, 7674, 8450, 4943, 4692, 9767, 9189, 154, 3228, 9370, 7508, 9767, 6610, 7118, 7508, 2721, 3998, 4129, 7620, 2333, 7835, 305, 9979, 8686, 3044, 8334, 7014, 9200, 730, 2546, 2319, 2356, 6146, 9268, 6834, 4980, 8539, 1027, 870, 8537, 8435, 5660, 9102, 7108, 5970, 9430, 9084, 6598, 8567, 9875, 2538, 9503, 3823, 4441, 5943, 2565, 375, 4392, 5770, 1541, 6753, 4190, 5968, 7438, 2219, 7459, 7520, 9243, 884, 8971, 8573, 1329, 2825, 4611, 2036, 7133, 65, 9395, 8703, 6420, 9592, 7562, 7014, 2542, 5962, 2965, 2914, 2515, 1863, 323, 128, 5431, 8869, 9009, 4569, 9537, 7649, 7438, 5692, 1034, 5565, 2466, 3725, 9664, 4049, 1675, 8416, 533, 4010, 3640, 4021, 838, 4562, 6277, 7713, 1984, 324, 1331, 3639, 4095, 1001, 8017, 3222, 4564, 6171, 4290, 5247, 9844, 8087, 1928, 6178, 3464, 6183, 5497, 5507, 298, 5112, 8742, 8025, 173, 9801, 6650, 3262, 7990, 2906, 9288, 3107, 2493, 1204, 7551, 6877, 789, 9485, 7192, 3365, 1146, 8709, 9648, 5312, 3544, 4732, 9644, 5002, 7557, 6495, 5558, 9591, 5100, 4584, 414, 641, 3422, 3307, 7185, 5139, 9708, 2771, 3948, 4877, 8413, 5185, 8991, 7992, 3960, 1308, 1054, 6152, 5719, 8677, 3042, 1765, 2735, 8735, 9675, 9724, 6854, 1864, 9604, 7561, 1551, 2275, 388, 6354, 2914, 3763, 5726, 3185, 120, 4511, 9752, 8037, 2644, 5499, 1564, 295, 7447, 8509, 4813, 9428, 1954, 5857, 3131, 7919, 5723, 8245, 6615]
List Size: 6000
Insertion Sort Time: 1764.420500 milliseconds
Merge Sort Time: 41.334100 milliseconds
Built-in Sort Time: 0.946100 milliseconds

Original List: [4156, 6201, 3877, 17, 952, 350, 6729, 2348, 1857, 6664, 7150, 368, 7559, 3858, 1437, 3149, 6218, 1563, 3215, 3253, 4618, 1235, 7942, 9338, 5320, 6770, 5103, 9220, 1814, 3276, 9306, 2504, 5906, 6639, 1284, 9849, 5684, 6865, 9269, 7369, 4032, 176, 1439, 9794, 565, 2875, 5784, 1793, 3666, 874, 5420, 325, 6276, 1859, 3707, 3635, 1062, 9321, 4642, 9863, 9384, 7349, 3395, 5128, 6028, 3918, 8291, 4023, 4292, 8656, 1363, 2521, 9329, 2029, 6707, 4474, 5067, 9839, 1883, 2634, 7478, 3660, 3493, 2329, 6779, 4865, 9540, 2663, 9869, 9442, 2999, 2731, 8074, 4850, 6695, 9090, 7297, 7701, 8306, 9931, 645, 7844, 4583, 4955, 6305, 4870, 9703, 4496, 7151, 4308, 2483, 5123, 8017, 236, 940, 9920, 8796, 2105, 1441, 7631, 3357, 5789, 3859, 2476, 7905, 8846, 5966, 6710, 1636, 2382, 9026, 5270, 2081, 1731, 9105, 8248, 532, 5322, 5136, 9677, 945, 3103, 140, 8321, 2384, 5069, 3990, 6159, 6679, 5770, 3927, 8515, 8069, 5817, 9844, 3296, 7530, 5549, 6218, 9455, 5222, 3104, 2366, 986, 8734, 8380, 1444, 3520, 212, 325, 9782, 7075, 257, 3821, 2734, 5692, 2557, 2816, 8761, 5008, 3665, 5837, 9521, 7697, 9791, 8126, 3287, 7265, 3592, 3319, 5330, 4071, 3678, 7744, 5006, 3022, 2422, 9360, 7441, 8596, 1951, 7867, 723, 7138, 4807, 1418, 3645, 7908, 6863, 400, 5695, 8440, 5060, 3149, 3950, 6568, 9609, 6729, 4184, 7210, 1890, 5441, 6190, 3195, 609, 880, 6400, 9690, 3447, 7317, 912, 3453, 9012, 176, 9672, 9837, 9284, 1067, 7708, 270, 6722, 6164, 2327, 9432, 7502, 5467, 1610, 4271, 3964, 7317, 3633, 5923, 4990, 249, 9087, 4495, 9919, 1858, 7179, 4659, 5467, 4022, 7261, 5926, 4398, 84, 128, 627, 1438, 6119, 5590, 441, 6838, 2152, 8521, 4479, 7602, 6496, 1260, 620, 9624, 5673, 624, 2353, 5258, 9859, 5882, 5627, 7744, 2196, 207, 8961, 707, 8550, 7980, 5037, 5778, 1588, 9038, 2555, 3523, 8493, 3887, 3426, 6837, 1371, 22, 9764, 7939, 6930, 5691, 4404, 2615, 8840, 1588, 929, 9722, 4287, 5555, 6581, 1500, 2357, 4729, 9870, 3294, 6348, 6615, 1927, 8248, 1781, 3377, 8924, 603, 5697, 9308, 2978, 1192, 403, 8170, 7242, 1028, 1213, 2603, 8634, 6207, 3852, 7201, 7587, 9381, 97, 7953, 1865, 3354, 1358, 998, 5136, 6088, 6808, 4373, 789, 7336, 1697, 1874, 5023, 7508, 3875, 7442, 6771, 986, 4442, 2259, 7302, 3852, 4615, 6871, 4016, 9170, 6390, 9926, 5956, 9366, 9933, 8205, 2233, 3602, 9730, 2242, 80, 8004, 7939, 1317, 233, 9641, 5431, 897, 3835, 9554, 20, 9768, 6181, 648, 8341, 6569, 5467, 8746, 7642, 3212, 9068, 666, 4103, 9967, 5394, 1662, 1817, 8480, 9197, 59, 4761, 9195, 7495, 3425, 953, 9941, 6319, 5145, 9832, 5543, 6190, 9434, 439, 9073, 3885, 7830, 9553, 4949, 3386, 3952, 4338, 7100, 4308, 3264, 6359, 8278, 7229, 5688, 4499, 2818, 5021, 5144, 8567, 8870, 1904, 1055, 1559, 9242, 9883, 7015, 5471, 416, 6119, 9637, 7121, 2036, 8159, 11, 8050, 7763, 7279, 5167, 3823, 714, 5987, 4596, 559, 9121, 5905, 1803, 5460, 7864, 1334, 8730, 4054, 3817, 3425, 2699, 9909, 9592, 2984, 40, 1263, 144, 5282, 8550, 8208, 9527, 6076, 949, 3712, 2699, 7136, 7755, 3779, 5038, 91, 3584, 8057, 6098, 1260, 7071, 7484, 255, 3387, 8112, 3507, 3108, 3185, 8237, 1826, 9958, 3821, 8246, 2436, 5395, 8590, 9581, 7463, 9927, 2244, 7821, 4733, 7115, 3861, 4761, 1352, 726, 1164, 9319, 2079, 9356, 4310, 7315, 5378, 1292, 5929, 8154, 7264, 1255, 1830, 9302, 6059, 6851, 4324, 4151, 2258, 6755, 2159, 8794, 5137, 1392, 8643, 4838, 4154, 4372, 6294, 1926, 4140, 7135, 6067, 2749, 9695, 9268, 2508, 1100, 5840, 8756, 1705, 3772, 1911, 4194, 1230, 5737, 3337, 4712, 903, 9461, 2713, 4497, 1456, 9163, 5037, 4882, 2662, 8627, 1711, 8476, 7774, 7945, 2127, 2528, 5989, 2966, 2722, 27, 5569, 2450, 702, 5797, 5672, 3570, 4010, 6224, 285, 9484, 9268, 9191, 4097, 8121, 3886, 1935, 5955, 8883, 1609, 6984, 2173, 3923, 1574, 707, 9705, 6903, 2269, 6545, 4290, 8500, 1782, 15, 3052, 5763, 6347, 4947, 1241, 3554, 9793, 5721, 7646, 1065, 3002, 6316, 8777, 814, 6325, 9249, 9005, 8774, 3700, 6590, 1676, 4109, 4225, 1618, 9463, 8662, 3914, 4331, 8673, 902, 3918, 7610, 9370, 7858, 3251, 5904, 7799, 8870, 7346, 862, 7624, 9792, 1781, 7384, 219, 8389, 8095, 6534, 5882, 3872, 2740, 8797, 2491, 4916, 3899, 1944, 2512, 3150, 9769, 66, 9904, 3339, 4570, 346, 2221, 2992, 7910, 9078, 9918, 1423, 9662, 3804, 8533, 2348, 9126, 4603, 3732, 2249, 3675, 3651, 1638, 3847, 1471, 7810, 8793, 1992, 3956, 4052, 5390, 813, 9773, 4105, 1993, 2421, 2460, 1661, 5485, 9953, 2174, 9965, 8717, 6249, 8705, 3775, 2828, 2296, 7136, 282, 9077, 4935, 3644, 9143, 4294, 946, 1361, 5997, 8968, 3009, 6002, 4060, 5525, 2420, 6186, 644, 9617, 6718, 135, 7583, 4562, 3050, 1319, 6596, 4367, 2933, 3205, 4892, 6425, 8102, 114, 4798, 5351, 3336, 6479, 2693, 812, 2462, 5160, 1558, 6670, 1793, 2035, 9167, 2576, 4343, 1182, 3339, 5912, 3908, 7618, 4884, 1379, 4073, 8454, 3071, 1340, 8557, 516, 5188, 8184, 1023, 949, 7253, 7349, 1007, 3662, 1867, 5162, 8053, 4683, 2259, 8403, 8765, 1557, 2576, 796, 2990, 3383, 7444, 3155, 6804, 7961, 381, 8423, 8220, 6772, 4836, 892, 7179, 4479, 5516, 7794, 9268, 5098, 3998, 4353, 6220, 80, 8963, 5604, 8542, 1510, 3203, 8858, 7908, 609, 3461, 9293, 4268, 3425, 1512, 2764, 8992, 9219, 8974, 344, 8948, 8619, 624, 9641, 706, 3305, 9827, 495, 2017, 3894, 5029, 3083, 1774, 1457, 4246, 8044, 7622, 7095, 6976, 2363, 2599, 1003, 4187, 9230, 5644, 6655, 6122, 4593, 6111, 3135, 2019, 8977, 9497, 1672, 7506, 3288, 2640, 3736, 7903, 2609, 9596, 2291, 1468, 4136, 8669, 1466, 2170, 4998, 8799, 742, 4000, 5854, 1564, 7723, 1593, 330, 3369, 454, 742, 2795, 6557, 2993, 851, 8483, 4945, 6658, 1647, 509, 2940, 8131, 9609, 5532, 4016, 9818, 6330, 1939, 8429, 1416, 2762, 5186, 3046, 2816, 1755, 9369, 2362, 6022, 7886, 7380, 8002, 8486, 8134, 1698, 5562, 4578, 7800, 4135, 343, 2705, 725, 9414, 1813, 4179, 6139, 3327, 1814, 9719, 9313, 723, 456, 7380, 4679, 5218, 8848, 5787, 8900, 4279, 9596, 5129, 209, 223, 7898, 6346, 2792, 9035, 2632, 6035, 2720, 5325, 1638, 4527, 9172, 6295, 9167, 7697, 3480, 5803, 6357, 6980, 903, 2841, 4180, 5198, 9025, 8678, 300, 3748, 2171, 5571, 1122, 6629, 7795, 3691, 8481, 2926, 2872, 1169, 6223, 2506, 5955, 4064, 9947, 2511, 1394, 2020, 5515, 5375, 1748, 4144, 4212, 1304, 5150, 5376, 3192, 9199, 855, 7865, 3172, 7724, 7032, 7342, 8790, 8511, 9167, 824, 1233, 7515, 9210, 9329, 5097, 8195, 4718, 6670, 6281, 221, 2437, 4438, 4417, 1129, 8137, 7569, 861, 7982, 5855, 7190, 8200, 7167, 9917, 7821, 5394, 1291, 2925, 3766, 3247, 7970, 7205, 4275, 421, 5602, 2419, 2812, 587, 1562, 2127, 1364, 6075, 9832, 887, 8598, 1494, 6769, 4850, 6650, 6188, 5980, 308, 1261, 2238, 7198, 3991, 2261, 1999, 2762, 4803, 6559, 6585, 5714, 4128, 1212, 9640, 9435, 4993, 7516, 481, 1742, 685, 3525, 5006, 4746, 1465, 9481, 6016, 1276, 5642, 4146, 7496, 2320, 2529, 5419, 2452, 3971, 3198, 3159, 2432, 2608, 9061, 7064, 2748, 3398, 3847, 2365, 2292, 6387, 1625, 1886, 7890, 8911, 4158, 2903, 6602, 3927, 5865, 1512, 5603, 3436, 8822, 6959, 1135, 4962, 5905, 1543, 2896, 9059, 9474, 2338, 4166, 679, 2682, 2708, 2401, 4131, 1252, 4076, 3785, 1650, 979, 5879, 8238, 9484, 7096, 3789, 7141, 1772, 4896, 5849, 5753, 4087, 2724, 3281, 4322, 6503, 3866, 9051, 6299, 4516, 6930, 6327, 6814, 6591, 1746, 4631, 9206, 2603, 3498, 2201, 1735, 4843, 6917, 2523, 4583, 6799, 4181, 513, 4068, 2653, 3991, 897, 1226, 6235, 3446, 7556, 1694, 6253, 1617, 4735, 6170, 361, 2790, 6068, 724, 7915, 3621, 999, 3019, 6213, 9094, 9113, 2138, 9224, 8474, 1715, 7248, 4708, 9008, 8251, 6305, 1251, 1922, 2850, 1400, 9571, 6156, 4863, 1325, 5299, 9583, 9059, 4493, 4181, 399, 1328, 8941, 7933, 6533, 3826, 8456, 8006, 8353, 2177, 4328, 5846, 722, 5749, 7188, 1164, 3094, 7699, 6094, 8756, 1, 7326, 3943, 1349, 3453, 5627, 1114, 1115, 9599, 3230, 5992, 2772, 2450, 5485, 4368, 1122, 893, 8290, 9927, 4627, 9783, 3313, 3448, 2886, 4743, 872, 984, 9308, 3214, 9699, 4781, 2041, 7611, 4144, 8425, 2270, 9198, 4061, 5713, 7472, 8206, 9946, 9211, 9968, 1214, 84, 6877, 4218, 4361, 729, 7329, 9113, 308, 9331, 3600, 2323, 6354, 5405, 3949, 3198, 7899, 5233, 947, 4548, 9484, 6867, 3559, 964, 5501, 1171, 1432, 7531, 3292, 1111, 7913, 8178, 1286, 6035, 2735, 3520, 2940, 1741, 9471, 268, 3569, 2918, 2302, 5732, 8143, 908, 2271, 2209, 2531, 2204, 1205, 6443, 3272, 5020, 1267, 6501, 5498, 3779, 6670, 7250, 6459, 980, 9110, 6166, 7406, 6687, 8296, 3072, 4881, 357, 6735, 773, 8440, 3982, 7850, 7544, 3513, 8219, 5279, 5544, 2183, 2622, 4945, 7661, 5850, 3618, 5588, 1218, 3596, 3257, 6019, 1251, 9525, 8262, 8175, 3313, 6167, 7859, 5865, 5359, 1639, 2355, 1424, 8742, 5854, 8532, 4824, 4061, 5816, 3259, 5093, 4814, 136, 9264, 5298, 2558, 8194, 8806, 303, 7862, 4857, 3578, 1074, 8231, 6757, 4981, 5924, 2889, 3018, 233, 3752, 2860, 5689, 5479, 6351, 8618, 7436, 474, 2732, 9415, 1745, 660, 8101, 5580, 9767, 4356, 1482, 2154, 2191, 8146, 3395, 3258, 3664, 7846, 1088, 5744, 4622, 8893, 4720, 9307, 3905, 4649, 4453, 9554, 9503, 1071, 3716, 9195, 595, 9249, 9272, 1861, 4621, 6723, 4001, 2471, 5191, 9715, 1466, 7207, 717, 1830, 3883, 4472, 3572, 7052, 3006, 518, 6462, 5466, 9741, 3225, 9129, 3827, 4315, 2335, 4663, 9906, 1568, 2628, 6260, 5875, 7937, 8427, 8093, 7159, 1982, 3373, 4420, 8113, 1727, 1020, 4452, 6110, 5527, 6526, 8257, 4727, 9792, 5573, 3758, 1947, 1204, 3440, 3717, 5412, 511, 8074, 1173, 499, 7974, 9122, 1555, 2086, 7638, 2879, 8729, 7611, 7228, 5040, 7871, 1939, 5557, 4683, 1381, 7644, 9378, 7296, 3764, 5545, 8797, 1033, 9509, 9377, 7642, 6614, 7962, 6184, 7322, 9141, 6237, 7185, 8895, 9147, 9913, 9915, 5919, 5800, 3390, 1361, 5327, 853, 1035, 4988, 7356, 3452, 300, 6784, 2386, 7054, 3055, 2596, 7813, 4742, 271, 8818, 5154, 3260, 2883, 9307, 3040, 2124, 565, 8833, 7592, 3861, 1366, 1425, 3434, 9884, 1236, 8787, 1535, 2120, 3210, 7598, 5249, 2277, 9829, 1478, 7993, 1215, 7782, 785, 2070, 1919, 2170, 6187, 7535, 6306, 9226, 3601, 5306, 1744, 3019, 1664, 6537, 6064, 4705, 5574, 1202, 3091, 5135, 7947, 6407, 6612, 5143, 4268, 5931, 9229, 2897, 6924, 382, 5320, 4384, 5685, 8808, 6583, 5953, 9511, 7487, 903, 9482, 4248, 2834, 2352, 2622, 3185, 2913, 6051, 9719, 6059, 9950, 1757, 2547, 7342, 6080, 1758, 4489, 911, 2495, 1117, 5668, 9494, 8268, 5289, 5599, 7166, 2212, 7, 9028, 7148, 9244, 171, 8661, 1242, 4499, 4354, 5421, 141, 7012, 5234, 5149, 6807, 3687, 2153, 4695, 4782, 6459, 7623, 8586, 5107, 4686, 5572, 9787, 6517, 4325, 2396, 9062, 2299, 7343, 7821, 5419, 7441, 7420, 3076, 121, 2025, 8763, 6701, 700, 5899, 9759, 5345, 5695, 9790, 3600, 4586, 5080, 6412, 4728, 2342, 8632, 3252, 2986, 4975, 5280, 9578, 8015, 1374, 3990, 9096, 4222, 3913, 4126, 1930, 6430, 970, 6298, 2351, 9523, 4907, 7834, 7732, 7269, 8850, 2805, 1961, 6545, 1725, 8323, 644, 9238, 8291, 404, 6905, 9165, 1656, 9602, 8362, 1682, 3156, 9595, 9805, 9155, 4475, 5599, 3051, 7529, 6201, 5934, 8970, 6824, 7065, 2810, 5319, 5001, 3826, 7782, 5796, 8339, 5190, 746, 9512, 8282, 5873, 8313, 1536, 2001, 7316, 6404, 5007, 479, 3887, 6390, 8544, 848, 8882, 8752, 9122, 6292, 861, 5127, 8685, 201, 3768, 3382, 9158, 4155, 47, 4238, 5572, 9852, 9247, 541, 6071, 1577, 8582, 809, 8247, 7614, 8780, 7881, 4476, 5678, 2112, 9481, 4005, 3344, 5629, 7505, 4103, 2193, 9006, 1791, 1668, 3033, 5997, 8205, 8543, 8222, 4985, 5092, 5777, 9944, 4461, 2652, 2672, 8092, 9423, 7818, 5387, 5089, 9263, 2274, 9607, 1891, 3912, 7808, 4273, 2934, 2338, 9190, 9359, 8396, 3029, 6878, 282, 8788, 8496, 2148, 9692, 7683, 6591, 1649, 1214, 4718, 9705, 9288, 2825, 2892, 4523, 8953, 2589, 6171, 8686, 6760, 2770, 8554, 3566, 5532, 9050, 7808, 9838, 5504, 4094, 1844, 6157, 6121, 4819, 9289, 1366, 2867, 5286, 4712, 9719, 4899, 6943, 8474, 5907, 1521, 4727, 5526, 6117, 6110, 1054, 822, 1498, 832, 3248, 9774, 622, 5604, 9920, 5779, 3907, 9543, 4323, 6434, 2722, 310, 5922, 5277, 5428, 3224, 1039, 2395, 9031, 617, 6063, 364, 3918, 9289, 7544, 9989, 6193, 9271, 7077, 2840, 7629, 9378, 6307, 5894, 9507, 6686, 4989, 6435, 4895, 8416, 5790, 5588, 5481, 2740, 9794, 3837, 6881, 3693, 14, 1044, 684, 8560, 2587, 3729, 3022, 5610, 8171, 6718, 5462, 9084, 3361, 4930, 7044, 6657, 3982, 1333, 3370, 3771, 7338, 8193, 4232, 6856, 226, 9064, 9919, 1325, 8608, 824, 9420, 7268, 8663, 4266, 8820, 6984, 7789, 2149, 5903, 7387, 5458, 8077, 8358, 4852, 384, 3943, 5983, 2584, 8787, 4474, 3643, 5188, 5643, 3404, 578, 7322, 5509, 793, 2966, 5819, 1695, 6365, 1547, 2910, 8596, 2223, 8258, 3370, 6430, 5679, 1796, 5688, 6713, 4820, 9741, 7569, 6566, 1949, 2536, 7115, 4000, 6030, 3752, 88, 5190, 6384, 5590, 2443, 3770, 7232, 9497, 9143, 6856, 4636, 7100, 6394, 7728, 5189, 7240, 5351, 5699, 7508, 8256, 9418, 4023, 7924, 4226, 6492, 7495, 6380, 3680, 2225, 6377, 1143, 7214, 9673, 9175, 799, 7557, 7441, 922, 6573, 5192, 3093, 5363, 3510, 9879, 2201, 688, 9710, 85, 8948, 687, 7725, 5706, 3201, 4899, 8401, 6638, 2659, 4316, 3086, 9925, 3035, 2735, 3749, 4242, 8907, 7428, 548, 3252, 8638, 4907, 2901, 662, 8699, 8193, 6115, 1916, 3283, 1830, 3404, 5225, 8708, 6930, 6640, 128, 4473, 5551, 7580, 5573, 1543, 8750, 8352, 5071, 9449, 1501, 4527, 6675, 1139, 5990, 8856, 5941, 3690, 4864, 1816, 6587, 5503, 9865, 7812, 4482, 4864, 6853, 5587, 2006, 4844, 6905, 874, 4627, 6633, 3323, 9202, 2877, 6950, 960, 9529, 6290, 1603, 9867, 7562, 6720, 6125, 5417, 2632, 228, 3781, 4542, 8193, 8016, 5634, 1080, 3920, 1178, 6349, 4956, 6153, 8814, 8119, 3694, 7676, 9185, 8699, 1884, 5866, 7022, 7804, 6731, 4442, 1398, 2110, 3817, 7760, 912, 8720, 5927, 3095, 6207, 9197, 6334, 9521, 8516, 4868, 4914, 4084, 6916, 6760, 6370, 1352, 8720, 2802, 9220, 6354, 8693, 4858, 2815, 4765, 100, 703, 6033, 8035, 5344, 6759, 5758, 863, 8795, 4400, 9220, 4468, 6151, 6411, 9891, 5181, 5216, 5588, 6521, 6379, 1238, 2854, 3938, 9617, 8140, 9764, 7755, 4271, 4916, 8704, 301, 5348, 6869, 229, 1977, 2026, 1384, 2050, 1022, 9323, 1708, 1240, 1582, 3124, 4022, 1153, 634, 4733, 3054, 5282, 643, 6493, 5892, 5129, 686, 7110, 7564, 7080, 4297, 882, 821, 8710, 5976, 5411, 7483, 3738, 8762, 1243, 3750, 5987, 4485, 1838, 5685, 5903, 3333, 5742, 5812, 9621, 3519, 5655, 8812, 9289, 1411, 1129, 658, 9581, 1532, 9036, 3844, 4305, 6970, 2170, 8531, 3899, 869, 895, 5247, 8250, 4699, 2961, 655, 559, 4176, 9012, 2410, 308, 8952, 9232, 9131, 7426, 6933, 1217, 1283, 9730, 470, 3123, 3190, 4820, 7370, 4105, 5507, 1631, 3292, 3062, 6562, 6971, 948, 3962, 5717, 9637, 1218, 4152, 4930, 9736, 3063, 9226, 1678, 1965, 5633, 1535, 4844, 6384, 314, 7410, 2238, 4846, 6741, 9731, 2189, 1519, 2641, 7126, 508, 3925, 6755, 8817, 4733, 8705, 2799, 6855, 7563, 6952, 5060, 7690, 3810, 4544, 998, 5442, 5680, 5458, 3795, 5748, 4525, 9738, 9679, 6632, 8552, 368, 3514, 1238, 77, 7348, 1548, 7281, 7654, 7816, 2620, 3558, 2080, 2201, 6363, 4642, 8316, 3214, 8174, 7092, 7716, 6270, 6256, 9864, 8804, 5642, 5571, 3371, 8883, 4863, 9889, 6902, 4798, 1543, 1728, 2148, 7713, 8814, 3488, 3991, 9461, 3869, 4473, 4053, 3877, 3830, 3748, 9242, 435, 3909, 9535, 3372, 2552, 4310, 4211, 960, 3463, 2372, 2933, 6220, 495, 3835, 1873, 8084, 8856, 5214, 102, 647, 7364, 7703, 1762, 4805, 5050, 3353, 8331, 2877, 7836, 3087, 1211, 7756, 5956, 2624, 6505, 376, 1133, 5199, 9288, 6977, 9792, 2307, 221, 3417, 7341, 2703, 1167, 5938, 2635, 4628, 6392, 8645, 5870, 2597, 3652, 792, 3980, 152, 4984, 3210, 2863, 9264, 855, 3242, 1544, 3751, 9743, 8895, 4583, 4191, 3132, 88, 8699, 8969, 2567, 6549, 1898, 1119, 1315, 2066, 5888, 5075, 2921, 9928, 4035, 4501, 2312, 7660, 8868, 5911, 4270, 1040, 1303, 5526, 1995, 7377, 9306, 7208, 1473, 2165, 7881, 2938, 6068, 3850, 4445, 3786, 1533, 1639, 2552, 6041, 4450, 2871, 1142, 9231, 637, 3356, 8808, 2654, 7825, 5825, 3729, 1505, 1534, 869, 5863, 9372, 210, 4538, 6375, 2719, 4052, 9280, 4580, 4802, 9733, 6886, 3596, 2836, 9703, 2609, 275, 5414, 9099, 5312, 8767, 8247, 4857, 4838, 7029, 1523, 4885, 1332, 2224, 1741, 2940, 612, 2847, 8386, 1026, 9868, 1325, 939, 2242, 389, 700, 3659, 2873, 2959, 4315, 2558, 1852, 3701, 109, 9685, 9111, 7101, 6700, 1722, 3114, 8814, 8939, 7825, 9366, 3605, 6184, 2528, 4925, 3404, 7642, 2795, 308, 5920, 324, 7073, 8301, 7768, 5878, 6352, 6326, 3295, 2569, 9767, 7054, 6029, 1463, 4780, 9291, 3896, 3308, 5803, 2489, 9, 3393, 6775, 516, 8266, 6051, 6663, 84, 8785, 9241, 1039, 2219, 424, 7666, 4784, 4542, 2489, 6450, 4125, 4436, 4251, 1976, 8298, 2835, 1024, 1489, 1288, 5518, 9183, 3719, 208, 6159, 5422, 6871, 809, 2164, 5735, 642, 47, 6602, 6297, 3914, 7771, 2373, 2934, 3958, 2332, 9671, 7255, 9587, 5025, 1383, 4938, 9758, 4075, 7389, 1490, 9694, 5123, 5600, 230, 1167, 3201, 9047, 2033, 9913, 1201, 4755, 9661, 6750, 7208, 9537, 4643, 2255, 7028, 5451, 5162, 4447, 5645, 5819, 820, 4191, 8676, 1716, 8304, 8449, 1060, 9416, 2780, 3325, 7028, 6005, 311, 6223, 2344, 5751, 2362, 4643, 1227, 8177, 6104, 1367, 1393, 626, 8141, 1654, 3394, 6023, 8603, 7601, 4972, 7013, 6564, 1509, 8380, 7431, 7126, 3585, 5135, 5207, 2096, 727, 9201, 1115, 7748, 4445, 5163, 6118, 8062, 722, 8173, 995, 8199, 359, 1985, 435, 727, 1520, 134, 5420, 2676, 7573, 2473, 9772, 468, 8134, 4656, 392, 3818, 5753, 6159, 5320, 4495, 868, 7686, 4434, 1490, 8067, 9053, 8463, 7884, 5114, 7770, 1267, 2382, 880, 6502, 1626, 7475, 9567, 7333, 4504, 2985, 9279, 7375, 3715, 5720, 664, 3877, 3317, 8896, 3294, 1447, 8637, 4277, 1077, 229, 4493, 4318, 1945, 1242, 7169, 1049, 9963, 7908, 9459, 6085, 3443, 8809, 8527, 1628, 7942, 2347, 1669, 254, 2530, 181, 120, 4969, 6474, 3107, 2285, 5869, 4773, 4720, 5815, 5753, 8687, 3507, 7765, 4441, 1470, 1999, 407, 2458, 8958, 382, 4731, 2486, 8682, 2091, 4412, 1532, 9951, 6625, 7003, 5948, 4203, 9430, 8996, 6268, 5900, 5626, 409, 1691, 7395, 4362, 2891, 8017, 2784, 1147, 9183, 9244, 8232, 8010, 69, 4267, 5342, 4723, 5205, 1080, 9694, 5765, 810, 297, 7317, 581, 9693, 3433, 9976, 7667, 8873, 25, 8337, 2467, 3083, 5118, 9778, 5909, 7497, 8824, 6740, 8394, 5012, 5795, 12, 3385, 2397, 3898, 169, 1923, 2909, 6800, 8581, 2660, 5219, 1435, 7864, 177, 4624, 1161, 644, 9573, 3782, 8092, 6177, 55, 5924, 491, 8870, 5214, 4430, 1427, 9201, 8004, 6722, 9409, 4233, 5956, 3130, 4964, 9040, 2028, 2986, 3685, 9769, 1312, 6233, 2633, 7054, 9448, 1115, 3550, 7215, 1093, 1810, 6417, 4045, 4482, 8223, 5711, 6973, 7563, 7732, 4131, 5827, 3481, 3571, 7346, 8774, 2598, 2572, 8802, 5250, 5116, 7902, 9246, 3158, 9468, 8301, 4928, 7887, 8235, 7801, 2075, 7142, 6046, 1364, 9553, 9552, 5360, 4221, 9897, 3098, 1416, 2583, 7611, 3834, 5033, 160, 8852, 3944, 6801, 1070, 5043, 6223, 5396, 1508, 1452, 5622, 4303, 8844, 2203, 2029, 8922, 1277, 9103, 8022, 5657, 1555, 4643, 6654, 2307, 2567, 7162, 5095, 535, 274, 6875, 3751, 2440, 4028, 3994, 7434, 9626, 8907, 2923, 1905, 861, 3316, 8332, 5853, 9635, 895, 912, 1896, 4090, 9724, 7823, 579, 3848, 7931, 2155, 7670, 371, 4873, 5231, 3853, 8375, 1090, 4322, 3244, 7990, 1946, 3684, 8949, 7050, 3595, 317, 5756, 8886, 6897, 668, 4563, 945, 3215, 1207, 6204, 7685, 3820, 1082, 9591, 1117, 1145, 8361, 8897, 3307, 7271, 3547, 948, 7222, 3805, 7771, 6085, 1929, 2261, 5686, 3339, 31, 5081, 3606, 9074, 9091, 4944, 9746, 3656, 6166, 687, 6587, 5586, 8895, 382, 3206, 1125, 2895, 3355, 7059, 649, 1943, 1720, 9973, 143, 5380, 1857, 3810, 4631, 7365, 4649, 3882, 1780, 9432, 576, 293, 9518, 7306, 9973, 228, 2341, 6648, 964, 4249, 4440, 7714, 6676, 8635, 1964, 4962, 8632, 4084, 3459, 9819, 6463, 3883, 115, 9150, 1820, 4318, 6119, 8919, 4272, 282, 2756, 7236, 8916, 1894, 9638, 3558, 1214, 9273, 6030, 995, 6843, 6428, 869, 3243, 8124, 195, 915, 5398, 5431, 7996, 837, 6310, 1318, 5299, 3824, 6110, 5802, 9356, 2843, 3606, 183, 7840, 4835, 8214, 4396, 4692, 6850, 8662, 7417, 3683, 2709, 8156, 1306, 3780, 3785, 3841, 6797, 2325, 6747, 5062, 1313, 7453, 8718, 5454, 7740, 7130, 4929, 7751, 1909, 2845, 2236, 9852, 6070, 7539, 2691, 7563, 9999, 8392, 7777, 8276, 6240, 3818, 7738, 5742, 8899, 9637, 1355, 8931, 279, 6181, 4765, 8387, 4097, 643, 5477, 802, 8899, 9933, 9681, 1993, 2614, 1806, 9362, 3926, 3070, 9373, 1328, 7035, 7247, 8275, 2700, 4091, 8230, 5836, 4712, 8565, 4128, 1239, 4334, 450, 3592, 3561, 1771, 6992, 4006, 3024, 1488, 2266, 2611, 4720, 6193, 8552, 1170, 585, 4536, 3840, 1513, 4964, 1208, 4946, 2086, 7734, 5658, 9551, 1499, 5397, 2584, 5474, 9513, 1553, 5783, 9009, 2344, 4538, 1447, 6296, 2408, 765, 6680, 2905, 7053, 9098, 2031, 6164, 320, 7566, 6448, 8919, 1752, 3905, 2975, 6795, 8645, 4965, 1848, 3865, 2824, 5920, 5908, 837, 1392, 6466, 7511, 2406, 1259, 6030, 17, 3303, 4793, 4098, 356, 2182, 9075, 2921, 2403, 9280, 1546, 1827, 8026, 1712, 9560, 4762, 4328, 1137, 60, 114, 3508, 5983, 7615, 9482, 55, 407, 4267, 9786, 1240, 9207, 779, 6748, 5233, 3004, 4587, 6411, 6660, 604, 2664, 186, 5277, 4388, 1765, 3119, 7775, 502, 2797, 9302, 2530, 8345, 842, 1193, 3201, 2359, 5700, 262, 1136, 5142, 5057, 5865, 7902, 1539, 9626, 2998, 2355, 8130, 2570, 6188, 9956, 9545, 8569, 1932, 4878, 2644, 2859, 5613, 2969, 1242, 9092, 753, 2823, 5358, 6880, 9986, 9114, 4158, 3875, 3104, 8732, 9370, 9918, 7142, 6614, 8886, 7641, 4140, 7130, 3817, 2454, 6122, 1845, 5204, 6166, 1901, 4420, 1990, 8039, 5822, 9413, 5732, 7664, 3438, 8606, 1323, 3508, 4768, 5139, 9291, 4512, 6772, 677, 6982, 1611, 6975, 3845, 7486, 1160, 2149, 7260, 7833, 7344, 5294, 9634, 7582, 9045, 5608, 6690, 1103, 607, 2292, 5712, 401, 772, 1405, 6163, 7031, 2056, 8552, 8208, 1831, 676, 2222, 7827, 348, 5385, 8829, 5915, 4772, 1619, 8619, 9907, 8944, 1526, 7569, 1064, 7610, 3639, 4774, 9840, 5875, 8099, 878, 1338, 62, 4790, 7240, 9475, 9871, 3986, 4113, 547, 7678, 7444, 1313, 8745, 3757, 5516, 9110, 4004, 5372, 9355, 8156, 1475, 3845, 811, 5299, 3173, 2591, 5485, 3845, 8022, 9102, 6365, 5611, 5564, 5486, 6993, 1454, 1307, 7972, 543, 1393, 7207, 9747, 1304, 1040, 5967, 2583, 6455, 7244, 2818, 1607, 5855, 3834, 6103, 8204, 8366, 3952, 6805, 2461, 1458, 6685, 5943, 3129, 754, 7742, 1293, 386, 8721, 436, 1457, 8934, 4163, 2222, 219, 6853, 8119, 9606, 233, 1631, 5771, 8837, 708, 6612, 4978, 8949, 6066, 432, 5744, 7778, 7179, 4180, 5458, 5112, 6314, 6118, 7295, 3363, 1579, 6254, 8164, 6992, 9160, 4, 1743, 9604, 435, 1694, 3798, 1393, 6006, 3680, 5952, 2540, 2038, 1223, 7283, 2529, 6129, 6464, 9956, 3325, 403, 4042, 4342, 788, 3106, 6381, 9863, 7202, 3077, 2310, 4304, 6557, 827, 7474, 8205, 7759, 9369, 8109, 2057, 7485, 995, 2320, 700, 6886, 5170, 4439, 523, 9683, 2716, 2037, 4451, 4574, 2954, 6655, 4405, 9334, 9261, 7605, 5255, 8608, 8658, 9872, 6493, 8112, 7977, 7309, 2119, 161, 3685, 6469, 8978, 10000, 620, 6538, 4355, 5076, 5619, 7070, 6543, 9126, 5035, 6345, 2962, 2741, 3832, 1762, 6701, 5766, 9577, 4426, 749, 9449, 2460, 8691, 4191, 7686, 5412, 4561, 6834, 6859, 1451, 6034, 2611, 4862, 2252, 7981, 5744, 5197, 7756, 8808, 2479, 611, 184, 8209, 5381, 1011, 480, 4666, 2774, 9751, 8320, 1790, 4788, 6198, 7141, 7700, 864, 5558, 4452, 5284, 6724, 9131, 8230, 1125, 4710, 3574, 2897, 1322, 3220, 2142, 5302, 1257, 9275, 8289, 6853, 71, 3628, 9500, 4361, 4514, 8183, 1406, 7929, 4065, 1891, 3964, 9048, 6394, 8604, 3931, 5264, 334, 2115, 3324, 5348, 2975, 2767, 6483, 8837, 5803, 2374, 3935, 6547, 7895, 7055, 3415, 1539, 4116, 7968, 9276, 2478, 2075, 9037, 5491, 6802, 5259, 9601, 153, 1597, 6369, 5228, 8633, 2145, 3469, 6861, 320, 1423, 5728, 5237, 4283, 6624, 7552, 1393, 8713, 9532, 4577, 1687, 3310, 6579, 4592, 7001, 6299, 4293, 7298, 2072, 4894, 6920, 4126, 3261, 3478, 3436, 4524, 3501, 6075, 9664, 1000, 4868, 933, 553, 5752, 1237, 8000, 8643, 5038, 3055, 1308, 3252, 4601, 1394, 9805, 2023, 3555, 2270, 2970, 5849, 5884, 9039, 5089, 2833, 1225, 1622, 7183, 7991, 9608, 6867, 8792, 7306, 7668, 1686, 1241, 9363, 8337, 7559, 5034, 758, 952, 9557, 7635, 7261, 9121, 9579, 1902, 1178, 8252, 8212, 8985, 570, 2841, 8138, 7667, 8085, 1495, 4089, 4550, 1126, 707, 9820, 4865, 1221, 9749, 1563, 4721, 224, 922, 8272, 2808, 4041, 7910, 8129, 2525, 6573, 62, 437, 2492, 3099, 5546, 6938, 7363, 5048, 5627, 9709, 6384, 6523, 4306, 7856, 2483, 6916, 2632, 5151, 6670, 8554, 5991, 5528, 2944, 7779, 6384, 7010, 2030, 3539, 309, 378, 8343, 6877, 7497, 4524, 9988, 6331, 5498, 6097, 6620, 7250, 6731, 2827, 3222, 4700, 7478, 6445, 8445, 4406, 7584, 9098, 5371, 9417, 6493, 2630, 1318, 3087, 7825, 2342, 4151, 9780, 5086, 8046, 6933, 8952, 287, 2667, 8822, 747, 191, 356, 9027, 7880, 1104, 4682, 9658, 3066, 9169, 3989, 854, 8001, 2408, 288, 107, 4889, 5160, 9433, 9671, 5009, 7683, 680, 3627, 6455, 5400, 9835, 4760, 7357, 6117, 7458, 5351, 564, 8244, 3493, 1546, 3896, 1433, 1275, 3076, 2445, 6018, 5701, 6009, 154, 5783, 6108, 2939, 9232, 5671, 4120, 985, 3623, 7933, 936, 5606, 7192, 3878, 4712, 529, 2506, 1065, 6997, 7427, 7340, 8493, 7947, 538, 6154, 9126, 2287, 2891, 7240, 647, 3419, 6058, 5498, 8630, 3342, 744, 4170, 7421, 1829, 6986, 5660, 4147, 6362, 1641, 8085, 4610, 2106, 141, 1191, 6657, 4247, 6237, 1452, 9196, 4157, 4368, 7937, 7162, 4399, 465, 1373, 2391, 414, 7758, 3529, 5745, 539, 5521, 7872, 5608, 7182, 3573, 5838, 661, 6074, 4132, 5447, 5579, 8873, 2656, 5941, 3253, 8421, 1626, 4163, 9317, 6458, 3950, 577, 1405, 6212, 753, 284, 8736, 62, 3161, 7438, 7275, 7902, 7861, 3260, 4689, 9230, 2054, 2709, 162, 687, 6127, 5285, 3414, 4644, 884, 4041, 8967, 2528, 4010, 3893, 5399, 2551, 9663, 383, 8024, 3555, 279, 8876, 2398, 4346, 9520, 6110, 3895, 5917, 25, 5609, 3752, 8850, 3583, 4064, 4248, 7156, 2541, 8815, 2299, 8023, 3423, 9564, 8297, 9208, 1324, 2883, 2116, 2925, 1526, 5692, 4379, 3729, 2275, 6373, 6340, 5053, 8061, 1562, 2069, 9353, 798, 3523, 2063, 3841, 5647, 5272, 1519, 1007, 7159, 4725, 8156, 3546, 8154, 6826, 9021, 1788, 8225, 5687, 6636, 7581, 1072, 2764, 1796, 9734, 2500, 3289, 5147, 9126, 3958, 5355, 1795, 1619, 4453, 8542, 1537, 1945, 9788, 3627, 3848, 2036, 3851, 664, 3896, 2805, 7748, 686, 4494, 2274, 4988, 2536, 7924, 8015, 5679, 9398, 1208, 6396, 422, 6368, 6475, 1467, 501, 6608, 5833, 160, 1795, 3220, 458, 6787, 7197, 8646, 8143, 519, 6195, 3049, 9688, 7133, 9321, 4321, 8209, 1705, 1492, 6242, 5938, 711, 6232, 7225, 9438, 6303, 9278, 3507, 9576, 2329, 2738, 9530, 3882, 8741, 9116, 65, 5561, 5106, 2848, 9724, 1757, 4691, 5593, 199, 349, 6176, 5979, 8390, 5195, 3229, 6459, 8502, 3779, 4448, 5902, 3156, 8654, 4349, 5126, 3188, 2584, 6189, 2586, 9007, 3715, 7100, 1117, 3654, 1963, 8902, 247, 6861, 2327, 1272, 8720, 9698, 5543, 2279, 6026, 4654, 5300, 1459, 4076, 6144, 7424, 2115, 6352, 6634, 2448, 1608, 5264, 3613, 1291, 7781, 5781, 3253, 6931, 5752, 8241, 2449, 3887, 2365, 3283, 356, 4102, 7167, 7814, 2801, 7920, 3097, 8856, 1754, 8446, 8368, 5131, 1891, 3176, 4848, 6180, 8251, 2033, 3, 4245, 6447, 7, 6963, 8333, 9159, 612, 9939, 2654, 861, 1177, 3059, 1919, 3392, 1560, 194, 1278, 4663, 1099, 9598, 3078, 8, 188, 9181, 7615, 1135, 6910, 1854, 798, 8054, 6468, 2102, 1198, 5794, 31, 4934, 301, 4824, 9012, 1688, 7076, 237, 9962, 2630, 6840, 3202, 5211, 1782, 5084, 3630, 3638, 3505, 2228, 7183, 3485, 1771, 7050, 4748, 5346, 1031, 1399, 9922, 1500, 5194, 3246, 8287, 9027, 9336, 4008, 533, 8715, 564, 4271, 8186, 3029, 4297, 4861, 2868, 1617, 7376, 8972, 7226, 6666, 6068, 5299, 1292, 8138, 1816, 9423, 4361, 2414, 7741, 1318, 684, 3694, 7028, 6235, 8958, 1128, 8509, 2697, 3306, 2391, 8357, 1839, 1240, 4026, 5293, 5571, 1259, 8001, 579, 820, 5181, 1572, 6802, 2713, 788, 3926, 8088, 9065, 5654, 2329, 5328, 144, 8845, 8170, 3240, 9641, 9731, 3507, 5045, 8226, 2742, 7088, 9487, 4675, 15, 7577, 4638, 2272, 7912, 9941, 6233, 7000, 6981, 6163, 3369, 9036, 7491, 6562, 2737, 529, 6493, 5453, 7859, 9623, 485, 9643, 2664, 6768, 7151, 8931, 9398, 8129, 7037, 8680, 639, 2560, 2223, 7919, 698, 4072, 3342, 7416, 8886, 5557, 8385, 3932, 5392, 6982, 3706, 9767, 8313, 3876, 4194, 9295, 9956, 8300, 5348, 4472, 1765, 2168, 359, 5114, 8512, 3377, 7496, 3879, 9559, 6793, 2777, 4064, 4402, 8099, 8354, 6375, 3007, 1844, 6908, 1426, 2419, 2441, 2003, 4934, 1332, 8526, 5403, 3705, 8018, 1515, 824, 47, 1061, 6270, 9378, 4493, 3959, 5637, 2214, 7749, 1980, 4491, 890, 975, 7320, 373, 2610, 7507, 5361, 2923, 9673, 4793, 3156, 7543, 7558, 2075, 4119, 5537, 5659, 8324, 281, 7936, 3364, 6145, 2672, 401, 426, 2122, 787, 3659, 637, 1364, 3262, 4310, 1783, 1182, 4598, 8317, 5503, 235, 3703, 7543, 9320, 8124, 6091, 7002, 5227, 4684, 9765, 1443, 7821, 4356, 4059, 4197, 3608, 5589, 4182, 759, 5671, 7141, 2588, 7738, 3075, 3457, 4895, 5576, 598, 5869, 8368, 9698, 2376, 9506, 1517, 1847, 3181, 6265, 4688, 2568, 7759, 3487, 5010, 7166, 2001, 6603, 2808, 9135, 3081, 428, 8492, 3676, 5503, 2384, 6905, 224, 8035, 2024, 9319, 5730, 5604, 2961, 343, 8270, 4464, 8316, 6771, 4695, 6238, 1374, 5044, 2805, 299, 5618, 1595, 4747, 8320, 1153, 9870, 4378, 3129, 3138, 2414, 6158, 1992, 1098, 6724, 1721, 5330, 1406, 2307, 6372, 569, 6123, 6953, 1612, 5074, 218, 6651, 7229, 2693, 6371, 6406, 7945, 7766, 8528, 2798, 8885, 9233, 3124, 8449, 3354, 5682, 2971, 7690, 2455, 7326, 1086, 7088, 3922, 1073, 2156, 4652, 6170, 8551, 4762, 457, 2087, 1926, 7553, 3686, 9683, 3228, 1818, 3649, 5483, 5988, 5356, 9147, 8642, 4554, 3182, 4102, 324, 9649, 2794, 2021, 3540, 8454, 5617, 3871, 2229, 4565, 1138, 6400, 1567, 4743, 7222, 3359, 2742, 1946, 8252, 5681, 790, 8286, 3786, 778, 5963, 593, 6255, 8580, 9714, 8489, 8590, 9724, 366, 1464, 9172, 3272, 7006, 6115, 5079, 7552, 1702, 7239, 7396, 9947, 4179, 6806, 2501, 5125, 4462, 9147, 5317, 3302, 8547, 3864, 2213, 6190, 570, 9281, 8568, 7284, 5730, 6550, 1647, 9923, 3472, 4288, 2638, 1274, 2078, 2046, 7052, 650, 5109, 9977, 2054, 3509, 9144, 6676, 2587, 739, 7125, 550, 646, 1925, 7065, 7897, 249, 7029, 9912, 6715, 9195, 8945, 5040, 8088, 3912, 8420, 9546, 8176, 8427, 4294, 7940, 8851, 9216, 9116, 5396, 6252, 2956, 1154, 2579, 9398, 9294, 7016, 5962, 8049, 7206, 4511, 1139, 317, 3772, 3497, 268, 9258, 4403, 556, 3328, 3893, 3403, 1844, 9972, 5283, 6980, 9556, 3107, 9605, 3787, 1676, 5927, 5318, 8374, 9082, 2143, 2876, 7125, 9102, 6323, 3628, 8999, 6189, 4953, 2665, 1726, 5355, 3815, 5520, 3258, 3986, 8043, 6659, 9858, 2656, 3315, 5774, 8167, 8845, 9458, 885, 6021, 9958, 9833, 270, 1593, 5751, 2003, 9541, 6609, 3729, 3814, 5005, 7301, 3450, 7137, 528, 5688, 4262, 5539, 5961, 2266, 6140, 4961, 1279, 3800, 3255, 2716, 7415, 8964, 341, 2846, 6308, 777, 5603, 3409, 6007, 3863, 8793, 1525, 6789, 5127, 1738, 8543, 9225, 126, 9945, 6077, 6050, 1599, 6125, 6458, 8855, 5080, 2945, 3151, 3759, 5527, 838, 5997, 6937, 5578, 6694, 337, 9968, 7546, 1741, 3361, 9092, 8205, 8731, 3038, 2786, 2333, 4888, 8080, 3683, 1417, 7812, 3263, 8129, 6190, 382, 276, 7013, 6592, 2224, 2, 4110, 7645, 6092, 6940, 1677, 2897, 7270, 9144, 2062, 7301, 7120, 6019, 911, 7609, 1896, 9196, 6278, 2791, 2092, 2139, 8489, 8717, 7618, 4050, 194, 9889, 343, 962, 9806, 3850, 3648, 3253, 5516, 9034, 8290, 5792, 2878, 2035, 8171, 9648, 4590, 6567, 6667, 857, 5738, 6630, 7396, 3862, 3004, 3895, 1817, 9706, 4692, 3403, 5953, 8114, 3003, 9795, 5939, 3665, 7536, 1996, 591, 2796, 1757, 3001, 5433, 6927, 9361, 9429, 5211, 4418, 8944, 8251, 7482, 4680, 5362, 6546, 6969, 7038, 2361, 2910, 4683, 953, 363, 8639, 2406, 9128, 9130, 4970, 4996, 5114, 681, 7845, 6996, 3402, 7364, 8750, 6224, 2740, 147, 8020, 2707, 4024, 2509, 3822, 8148, 5267, 1839, 6952, 5979, 2124, 4818, 4904, 650, 2994, 8901, 8229, 7362, 628, 6306, 7071, 3630, 9947, 4462, 9778, 7178, 5172, 2053, 7999, 6545, 5234, 3242, 7610, 1549, 7150, 6220, 1442, 369, 8936, 9199, 7295, 4861, 8294, 7352, 1926, 9958, 7798, 9573, 2062, 7665, 3845, 4401, 6983, 2137, 660, 4905, 9285, 5863, 297, 573, 1933, 9139, 7743, 4017, 9186, 3377, 1399, 6955, 8402, 7121, 7723, 3129, 5709, 2276, 3385, 2947, 4750, 19, 2157, 625, 9400, 7631, 3623, 836, 3211, 4812, 4308, 9059, 7375, 5866, 2739, 4200, 1115, 1315, 7800, 9621, 2615, 6469, 6600, 3129, 9217, 9899, 156, 1085, 9460, 6224, 5852, 2047, 4486, 848, 9850, 5420, 7580, 9290, 6668, 358, 6277, 8711, 7297, 8170, 2112, 6084, 5971, 6926, 6917, 4696, 9643, 4887, 2614, 669, 5509, 7329, 2189, 5500, 5982, 5783, 636, 9752, 6628, 9699, 9318, 2357, 3342, 101, 39, 2728, 3069, 1160, 1836, 9271, 922, 5252, 4301, 7627, 8665, 4006, 8143, 7314, 8159, 4778, 1580, 1735, 9030, 6253, 6862, 4671, 8435, 9391, 1937, 95, 6627, 5076, 773, 4620, 464, 5141, 2819, 2062, 5681, 5213, 4346, 9532, 384, 336, 7474, 4758, 610, 3555, 7564, 266, 3498, 6763, 6024, 2182, 6923, 8768, 3580, 5147, 9952, 909, 9027, 3656, 2793, 7692, 5339, 1169, 6599, 4097, 6540, 7268, 577, 1663, 8101, 5079, 8869, 5294, 7692, 9517, 9669, 3706, 5713, 3860, 6858, 1852, 3682, 9348, 4303, 3285, 6703, 113, 1593, 4745, 6957, 6231, 4371, 3441, 6176, 8444, 9212, 8438, 7901, 524, 3142, 4967, 604, 9515, 2588, 3022, 4893, 4580, 3442, 3634, 4702, 3491, 9409, 2600, 2038, 3689, 7898, 2723, 3847, 1808, 6116, 9331, 7562, 3390, 4344, 9875, 9400, 2599, 3171, 7932, 510, 9368, 801, 8630, 9989, 8773, 4497, 4485, 1191, 4602, 6520, 684, 5773, 8564, 3224, 4912, 748, 4734, 4582, 4335, 5861, 9947, 8828, 6180, 4856, 6407, 6919, 9423, 4161, 7132, 2899, 9342, 5424, 4318, 2945, 918, 7302, 939, 9906, 6138, 8170, 225, 8831, 4239, 9250, 3208, 5447, 7973, 6264, 9101, 1083, 6853, 8090, 8869, 7040, 9180, 2808, 9186, 9190, 6926, 9658, 5338, 8958, 9768, 5047, 871, 529, 297, 5833, 6385, 1409, 9644, 3157, 721, 730, 3141, 6635, 4100, 7710, 4325, 1503, 8353, 8734, 8735, 2083, 3345, 863, 9789, 6041, 4312, 6844, 4767, 8738, 9870, 7462, 6772, 6240, 7391, 3050, 9641, 240, 9941, 9126, 9892, 4262, 4824, 5289, 9503, 5231, 1824, 4013, 8450, 7007, 5066, 7963, 5955, 7238, 1305, 1966, 4594, 4201, 5331, 3618, 1211, 3736, 209, 9141, 4156, 6120, 5492, 5816, 216, 8264, 501, 7113, 6214, 5500, 484, 7902, 6165, 7396, 9467, 8335, 6681, 2671, 1832, 7103, 4603, 1552, 5161, 780, 3817, 3712, 3961, 3874, 1059, 2333, 9649, 5735, 8100, 4890, 4494, 1791, 8347, 1638, 8192, 938, 7522, 613, 5432, 8445, 5765, 9196, 8620, 7775, 1708, 4056, 507, 2467, 9107, 7667, 9868, 2329, 6995, 716, 4012, 4221, 3915, 7039, 5959, 7320, 5792, 3934, 9961, 8455, 1972, 891, 9667, 9338, 8540, 749, 241, 3736, 4223, 8204, 1933, 8461, 7428, 9230, 9249, 9437, 347, 6458, 813, 9493, 9176, 7526, 1309, 3499, 2515, 9894, 290, 4243, 8464, 1456, 6736, 6476, 282, 6203, 8045, 6191, 8601, 775, 7052, 5585, 2178, 9572, 6527, 5626, 9837, 9535, 1386, 6890, 8011, 2933, 946, 6707, 6261, 6497, 5206, 3577, 4892, 4409, 6042, 8803, 9980, 4967, 9281, 2518, 9009, 7161, 5666, 9511, 9569, 2900, 9813, 6591, 4340, 7934, 3443, 675, 879, 7652, 8175, 6971, 5558, 7052, 4069, 5990, 6753, 2545, 1014, 9252, 383, 8921, 3154, 7213, 6680, 4896, 5699, 9906, 1922, 9316, 7370, 2874, 5795, 6644, 7182, 5148, 1616, 3963, 1833, 9198, 2622, 190, 5389, 916, 4774, 4586, 8596, 3476, 3579, 4413, 6672, 906, 6926, 1054, 2062, 5063, 3576, 9115, 3935, 8450, 3, 9771, 7338, 5515, 6680, 2400, 479, 6702, 3252, 7515, 3296, 9412, 759, 2162, 8554, 8719, 3572, 506, 1035, 6011, 6752, 5768, 2643, 1127, 9862, 4929, 5679, 8013, 2347, 5033, 5423, 792, 7978, 9101, 183, 8668, 3173, 7803, 5735, 2001, 6106, 2888, 5709, 9237, 1836, 3279, 2616, 5757, 1649, 2824, 3019, 7871, 141, 2849, 3356, 3018, 6792, 1755, 8961, 8541, 4500, 7858, 9786, 2466, 4422, 7425, 485, 8516, 4051, 6232, 9389, 6113, 8505, 875, 1928, 3189, 8800, 6785, 3125, 4793, 1705, 6102, 5854, 8820, 830, 4332, 5266, 1160, 8889, 6568, 3426, 893, 2424, 1853, 9080, 5019, 817, 2636, 7238, 6101, 592, 763, 9143, 5761, 4458, 2902, 176, 1941, 1028, 4483, 4686, 1928, 2258, 1044, 3950, 4893, 3297, 4893, 4556, 6848, 3881, 5850, 8282, 6742, 2975, 8635, 5925, 5095, 8799, 9117, 298, 1773, 760, 7372, 445, 6271, 1531, 7731, 4857, 3939, 3679, 7923, 4185, 7828, 2321, 8680, 5849, 4292, 728, 6096, 1852, 298, 3938, 1438, 6951, 1834, 7668, 6129, 9454, 6520, 6871, 5456, 2621, 1184, 2613, 3592, 8837, 6606, 703, 7561, 3796, 63, 191, 716, 4264, 8252, 1583, 6430, 5771, 9050, 7313, 2277, 5412, 6444, 1226, 5209, 1733, 6639, 2127, 5813, 8134, 6102, 2720, 1742, 113, 3868, 4054, 6502, 3313, 2184, 3887, 9316, 401, 68, 8438, 3352, 980, 4060, 7340, 2585, 6692, 9329, 6183, 4860, 6327, 9197, 5571, 1941, 8183, 9059, 8587, 8241, 9025, 4734, 4043, 5938, 5959, 2290, 9994, 8353, 2349, 9359, 1336, 1567, 3802, 1478, 5738, 2902, 8645, 7473, 5444, 4536, 4166, 2885, 6994, 840, 1541, 1503, 4028, 6128, 1517, 9346, 5457, 9214, 4609, 7756, 9680, 125, 1827, 6392, 5872, 6778, 1936, 405, 6733, 1088, 6232, 5507, 8135, 8328, 1637, 395, 9931, 3810, 5506, 5747, 4881, 3199, 3104, 439, 1598, 5279, 5447, 7109, 5730, 7757, 2159, 4544, 6204, 2889, 2652, 4688, 2547, 7318, 7291, 4411, 7525, 1206, 527, 6256, 7949, 4139, 1653, 3127, 4649, 8348, 7809, 4235, 1429, 694, 2375, 7752, 6369, 1201, 8548, 2174, 9129, 6637, 8784, 7535, 4878, 3735, 41, 4777, 7430, 2882, 5640, 1768, 2217, 5005, 1978, 7068, 2157, 8077, 1344, 4866, 3423, 8833, 1043, 2577, 2723, 7418, 2754, 995, 3864, 7587, 8409, 7333, 880, 8220, 3601, 4427, 5869, 2356, 4165, 9814, 7195, 313, 9934, 6673, 8435, 7979, 5739, 96, 2426, 2452, 3574, 5389, 1093, 4411, 1706, 6086, 383, 7910, 6734, 4188, 1946, 2984, 6677, 9352, 4388, 8957, 3454, 1372, 9056, 6092, 5039, 1800, 6812, 2636, 7038, 5583, 9740, 9585, 38, 882, 5557, 5810, 2787, 2751, 5464, 4266, 7178, 1146, 383, 8289, 7765, 5685, 5748, 8155, 5892, 3954, 2013, 5663, 2934, 1571, 9156, 3698, 7780, 1177, 981, 6866, 1991, 4060, 8770, 4022, 1027, 2553, 7441, 4371, 9156, 3851, 9645, 7530, 3673, 3536, 1609, 1379, 9195, 9276, 5150, 2078, 4844, 8953, 9440, 5917, 4373, 5478, 5456, 132, 1610, 7628, 9244, 7747, 8050, 3240, 6529, 1884, 647, 6296, 6826, 502, 7180, 7369, 2428, 2762, 5351, 2627, 1549, 7139, 4411, 5755, 6499, 9417, 3485, 8253, 9548, 7238, 4330, 8628, 7131, 3655, 4425, 2351, 9346, 3271, 7513, 3500, 3197, 894, 1284, 7330, 9341, 1972, 6897, 9846, 6687, 2884, 2557, 4524, 9624, 857, 6519, 6676, 2596, 1248, 1614, 6113, 4497, 9795, 1175, 7031, 9287, 5664, 1426, 1602, 8803, 3197, 5537, 8751, 1531, 7836, 1243, 6339, 7644, 630, 396, 8922, 5872, 958, 401, 2604, 2926, 9559, 144, 3275, 2162, 1138, 4320, 8876, 7431, 697, 923, 8495, 5554, 7533, 2553, 1732, 4985, 1521, 8858, 9764, 5023, 4772, 1407, 3832, 6440, 2433, 6736, 6976, 7107, 4102, 1126, 9137, 3579, 9866, 3732, 3776, 899, 4640, 1933, 6931, 8588, 8526, 8851, 1183, 7668, 8345, 3539, 165, 9760, 7001, 2733, 2540, 3247, 4258, 5576, 3322, 1086, 4561, 5084, 89, 5765, 7489, 5068, 8663, 1753, 7970, 555, 6410, 2359, 239, 325, 5495, 2145, 9876, 6799, 8891, 4726, 9749, 9042, 1530, 867, 78, 5431, 6379, 5777, 3333, 9244, 8655, 6074, 5473, 3592, 1461, 1396, 4425, 6859, 8249, 8760, 2972, 8628, 3917, 377, 9159, 7577, 1275, 8083, 2270, 769, 1378, 308, 3397, 2580, 1819, 2182, 224, 2098, 8866, 1633, 2418, 436, 3716, 2261, 6609, 8175, 3901, 3156, 4678, 5917, 8016, 583, 9888, 2903, 4662, 6556, 1097, 489, 6385, 2402, 640, 2383, 570, 2313, 8703, 7600, 3671, 4890, 8284, 2360, 8926, 223, 4876, 9562, 6450, 3415, 1424, 6925, 9539, 7253, 9460, 3481, 8722, 4622, 5251, 6097, 9240, 4378, 6698, 9088, 2010, 6194, 8546, 8930, 960, 614, 6809, 6178, 9054, 7856, 2618, 8167, 1150, 9717, 2659, 7227, 1989, 6609, 6515, 8647, 3770, 9284, 2256, 341, 2192, 5743, 7524, 9328, 2544, 615, 5499, 1809, 8323, 8656, 1422, 7226, 4964, 6471, 7361, 555, 7817, 9643, 6660, 3435, 9121, 4691, 8176, 2887, 5198, 2209, 1004, 6832, 8836, 1710, 3339, 4538, 8872, 4278, 9494, 340, 1842, 8773, 1100, 5988, 5480, 8011, 1844, 4205, 5709, 6534, 8967, 8600, 481, 8059, 7582, 2323, 8212, 1821, 35, 5050, 3298, 1124, 522, 741, 2074, 6445, 8576, 3681, 8451, 4848, 3304, 1803, 3094, 5201, 2653, 6094, 3567, 1807, 4261, 5673, 3744, 2282, 588, 88, 6998, 8474, 9994, 5780, 918, 4781, 5862, 9145, 6538, 7347, 1851, 4078, 6522, 2182, 3553, 9500, 717, 9910, 462, 4090, 9179, 1265, 3474, 546, 8581, 1335, 4870, 6043, 5525, 4593, 7326, 8458, 3254, 9546, 7824, 4207, 3145, 9638, 4509, 5138, 1883, 7656, 8062, 6192, 2514, 3326, 376, 6758, 4904, 9428, 3904, 3589, 220, 191, 4066, 6247, 7644, 4071, 9520, 1149, 9712, 6197, 4062, 7361, 3556, 948, 5967, 8744, 956, 5752, 2296, 4014, 4775, 4956, 856, 4857, 8934, 4201, 3240, 6012, 3547, 5967, 2280, 5361, 5339, 1345, 5454, 4705, 8376, 9165, 7918, 1006, 2777, 8989, 2376, 756, 3894, 5254, 7360, 5475, 1212, 2905, 6377, 1879, 6606, 233, 2281, 5401, 3077, 9242, 8010, 6454, 8775, 2918, 9637, 919, 3434, 5376, 3809, 7342, 7199, 5465, 3909, 6065, 2321, 2856, 7133, 5780, 8671, 6657, 518, 4891, 9622, 115, 3205, 4513, 1941, 6422, 1394, 5484, 8856, 8948, 7512, 7339, 5108, 9249, 6769, 3611, 4887, 4355, 9617, 4449, 707, 789, 5286, 656, 1694, 9612, 6637, 3123, 2904, 9330, 7117, 5429, 7307, 6743, 7042, 231, 2498, 3448, 2987, 1461, 2013, 1363, 6699, 7282, 9198, 3847, 6623, 663, 4571, 1745, 4283, 6298, 1169, 8981, 8358, 4699, 9985, 5599, 7611, 8056, 8684, 9790, 2330, 5038, 2637, 6222, 9606, 8991, 9683, 4653, 8940, 413, 9020, 5842, 8279, 1380, 4049, 199, 1328, 6506, 8337, 3094, 8200, 5287, 8799, 2246, 1643, 5545, 8247, 1588, 6034, 622, 7469, 9023, 2618, 1360, 856, 8421, 8200, 571, 8551, 3904, 6392, 3270, 9075, 1669, 4576, 4430, 2125, 8191, 3425, 9418, 3802, 7944, 2027, 8166, 7661, 5030, 6245, 7090, 3866, 8883, 4949, 9182, 1129, 6003, 7541, 9197, 2350, 165, 2192, 5543, 2855, 5071, 1171, 9809, 3954, 1861, 4081, 8989, 6906, 6965, 9719, 2239, 8374, 4150, 311, 1594, 1646, 5299, 7338, 2284, 5372, 8008, 3733, 2008, 8234, 266, 7485, 6665, 7731, 2437, 7422, 680, 4805, 8327, 4653, 6637, 5270, 5077, 1011, 385, 8383, 4269, 2067, 5924, 2498, 9828, 7413, 9696, 8065, 6096, 2659, 2291, 2732, 4373, 7447, 7159, 1955, 5246, 8997, 4435, 3175, 6152, 9647, 6741, 7011, 3973, 9921, 817, 5845, 4783, 2660, 7291, 1364, 3973, 4198, 3692, 3003, 4157, 3680, 8051, 8041, 4953, 45, 6271, 9557, 4009, 7587, 2081, 5365, 2973, 7521, 7433, 1581, 2886, 4988, 2642, 5745, 6520, 7104, 9999, 3380, 4798, 3338, 5543, 4420, 6116, 2647, 3910, 7077, 8361, 299, 2064, 955, 8151, 7112, 5553, 4390, 8756, 6223, 5927, 1992, 5293, 3252, 5792]
List Size: 7000
Insertion Sort Time: 2493.302900 milliseconds
Merge Sort Time: 37.554100 milliseconds
Built-in Sort Time: 1.116500 milliseconds

Original List: [1926, 8646, 5245, 6979, 5993, 7815, 1450, 3115, 7432, 5765, 237, 1363, 1413, 4433, 6600, 8575, 686, 6124, 3715, 4610, 6608, 2738, 9768, 1472, 9980, 4498, 3120, 5034, 8255, 9946, 8798, 4551, 2187, 6562, 3229, 1711, 3116, 8020, 2881, 9843, 5939, 9398, 4672, 6688, 7387, 3216, 9049, 1812, 2223, 8473, 7378, 2287, 2677, 9414, 1769, 1869, 1812, 1614, 7151, 1653, 1074, 2498, 4909, 4723, 3232, 7834, 3760, 6453, 5706, 7856, 7417, 9438, 8870, 6981, 1934, 9645, 309, 1900, 8282, 1706, 3803, 5632, 7716, 3972, 6123, 7844, 2459, 7308, 5428, 9207, 9530, 1393, 4979, 7402, 8972, 4640, 1716, 7918, 8082, 4468, 5684, 5702, 350, 3998, 5473, 4306, 3493, 9613, 3728, 770, 5950, 4629, 1328, 8690, 6288, 3957, 9602, 6154, 8639, 1144, 8929, 8827, 6571, 2410, 809, 8387, 5264, 7032, 8772, 5915, 8943, 5203, 1023, 8689, 3374, 914, 7055, 4768, 736, 3679, 9759, 8174, 4697, 4008, 831, 9113, 8027, 6191, 2558, 2055, 577, 3808, 2550, 7200, 5738, 5444, 4559, 9436, 8269, 9011, 5763, 9341, 4404, 2854, 2648, 2759, 2441, 7525, 2121, 9735, 6218, 4973, 187, 1514, 9586, 3706, 9440, 6378, 8824, 7283, 1843, 2708, 5000, 4092, 9346, 9827, 3758, 9902, 7939, 1476, 6240, 1036, 5023, 4147, 393, 8545, 8122, 1020, 5510, 2651, 584, 478, 4624, 9566, 4177, 9071, 8500, 2516, 9322, 656, 9415, 8155, 6176, 3192, 4828, 5619, 2050, 1463, 7863, 9619, 604, 131, 6128, 6344, 4872, 2023, 4986, 2575, 6296, 8942, 7867, 311, 909, 1681, 7182, 9951, 113, 954, 4725, 8536, 2748, 7438, 7646, 546, 3074, 5839, 6361, 8899, 6549, 2522, 1574, 1866, 2467, 1283, 5266, 7388, 3960, 8080, 9696, 6112, 4406, 8518, 6965, 6673, 2257, 3073, 3895, 2401, 5500, 8178, 2341, 3162, 8256, 5326, 7749, 3216, 935, 1551, 3260, 7707, 582, 8641, 5194, 9272, 7470, 9306, 582, 8470, 9598, 4474, 3927, 2527, 3180, 1916, 6794, 5713, 3051, 4930, 7631, 9869, 2463, 802, 6441, 6779, 3272, 9910, 7314, 378, 380, 5527, 560, 6719, 5873, 5065, 1984, 1322, 498, 3526, 1615, 3495, 7110, 6070, 3495, 7265, 9882, 7740, 5921, 2544, 409, 7401, 8474, 6004, 4560, 2089, 7545, 9450, 464, 6837, 6088, 5925, 9373, 7981, 6218, 2546, 2230, 752, 3948, 5720, 4553, 2595, 9218, 7387, 5219, 4838, 767, 6253, 7472, 7864, 4883, 1748, 4400, 2426, 2422, 9576, 6641, 6048, 5087, 3375, 4450, 1182, 2368, 8616, 3001, 1316, 1363, 2066, 9899, 2869, 7675, 3199, 6718, 5405, 8543, 4479, 7635, 2796, 5279, 9102, 6011, 7143, 2042, 2899, 2454, 7196, 6046, 8114, 1672, 7819, 4338, 3239, 869, 9629, 2879, 583, 460, 3087, 6488, 8832, 9039, 2146, 1010, 1097, 1325, 5921, 460, 8743, 8373, 4410, 2047, 7121, 3871, 6924, 6525, 902, 7320, 8901, 1787, 3310, 8657, 2658, 8184, 5845, 4020, 2431, 4401, 6491, 5211, 5717, 5001, 6501, 9337, 4504, 6938, 1447, 2246, 7691, 1754, 3031, 9979, 1936, 1591, 5229, 3581, 6031, 656, 1158, 2493, 4709, 2282, 8076, 6499, 607, 1975, 2671, 8356, 5322, 3302, 9313, 398, 2046, 3981, 8548, 3625, 1862, 5206, 3312, 7275, 3566, 604, 5902, 8403, 1594, 3105, 9527, 6612, 818, 5951, 6749, 461, 7038, 8531, 6487, 1728, 255, 2500, 6818, 6957, 5892, 5041, 4434, 211, 8908, 1511, 6545, 9221, 8270, 8502, 136, 4357, 1001, 8208, 5798, 5795, 1557, 5206, 2097, 4360, 6444, 2168, 1130, 9967, 680, 3310, 3150, 4757, 3723, 5154, 2529, 5137, 5221, 4790, 7062, 2619, 4409, 5318, 732, 5917, 4413, 4757, 7025, 960, 743, 7671, 8758, 3857, 4733, 8299, 1422, 7424, 7065, 212, 7086, 3106, 3348, 2441, 8961, 4459, 3645, 2209, 2603, 1959, 3509, 7802, 8016, 7709, 8980, 2677, 6092, 6521, 1113, 8020, 3126, 9413, 1672, 2385, 6457, 4376, 8767, 9893, 6939, 4419, 1327, 1005, 9668, 6190, 9954, 1760, 4901, 2063, 1562, 5218, 6716, 7784, 2236, 8109, 9706, 9792, 878, 6387, 6864, 1520, 2816, 7533, 8387, 1335, 8213, 3460, 7717, 5580, 5747, 2395, 4595, 2740, 3310, 5834, 6439, 3722, 7664, 9492, 8124, 6564, 1035, 5476, 4970, 1032, 5299, 171, 1044, 7256, 8376, 8095, 3942, 819, 2309, 717, 3675, 8146, 8285, 2336, 2769, 5265, 9989, 6249, 8426, 5628, 4057, 9083, 1142, 7547, 8958, 5120, 2928, 7125, 1862, 758, 5723, 6113, 4595, 1450, 2071, 1426, 5462, 6770, 1367, 6617, 9598, 6618, 1287, 5876, 4174, 8971, 3885, 5993, 8790, 5776, 8520, 9987, 4358, 5006, 2112, 8305, 7119, 5574, 6269, 5469, 3079, 617, 1688, 5913, 8191, 1754, 3661, 6432, 5644, 4658, 7854, 8166, 3696, 8000, 8405, 4378, 4221, 4122, 3719, 6034, 6112, 7034, 1770, 7497, 8446, 3522, 1426, 9906, 2965, 3682, 3156, 3411, 5547, 3314, 270, 6961, 8334, 8101, 2674, 8664, 6462, 2664, 3528, 1974, 8886, 3710, 1909, 9729, 1794, 6138, 3772, 2031, 192, 5905, 9726, 1482, 8316, 5135, 3426, 7037, 3091, 7489, 4102, 325, 711, 3039, 4088, 9235, 3423, 6402, 7861, 9289, 5810, 9274, 9577, 7508, 4701, 5395, 6594, 5579, 708, 7127, 4198, 2416, 4593, 9693, 520, 8301, 8261, 1265, 7411, 5373, 6885, 5313, 9589, 2590, 7423, 1474, 5356, 5549, 1878, 5435, 9981, 5009, 7529, 7600, 6706, 3973, 6862, 7764, 6442, 8964, 5266, 8982, 9636, 7107, 5320, 2263, 2746, 6298, 554, 3294, 2084, 4585, 7043, 6937, 9262, 7912, 7976, 5580, 7194, 5030, 209, 5257, 9933, 2945, 6318, 5852, 7908, 4801, 6926, 2663, 5245, 3735, 6081, 6676, 5424, 7938, 1909, 5496, 8109, 570, 5913, 9860, 9823, 1893, 1473, 9156, 2508, 9868, 6598, 6587, 7905, 1359, 1781, 9741, 8322, 5447, 2559, 7506, 6253, 2828, 8536, 9686, 2744, 4611, 4595, 4615, 3538, 253, 3713, 8402, 6813, 2430, 2615, 9995, 9542, 313, 6705, 2908, 3773, 634, 4545, 4338, 9215, 2660, 536, 4243, 8095, 3193, 8067, 3208, 4244, 9521, 5091, 4463, 5232, 6546, 8628, 6571, 2702, 3749, 8236, 2990, 2297, 4392, 9993, 668, 2416, 8880, 6854, 1437, 7218, 9633, 8664, 5626, 4583, 1660, 3116, 8143, 5174, 7801, 3085, 4389, 67, 4985, 6848, 9829, 238, 3128, 4537, 4941, 4473, 5614, 6436, 3809, 4291, 1485, 6901, 8702, 2493, 2737, 5681, 6035, 5780, 8164, 9449, 2191, 7094, 9755, 8992, 340, 7926, 1399, 7697, 2523, 7532, 9034, 3015, 2048, 8071, 161, 8569, 6527, 4547, 1201, 9189, 2880, 7076, 8788, 1686, 1569, 9337, 3602, 1687, 2391, 9180, 648, 1607, 4718, 1799, 6095, 4962, 8589, 1650, 6033, 3304, 5653, 5175, 1043, 6317, 8202, 2683, 1250, 4047, 8998, 1218, 9346, 4512, 8173, 3594, 4845, 2410, 9175, 9144, 5797, 7587, 280, 3476, 6179, 5058, 521, 7858, 6084, 5812, 422, 8352, 4638, 6197, 2429, 6091, 9014, 4629, 7585, 8333, 7450, 8688, 3666, 454, 9960, 7717, 5936, 1671, 9262, 5708, 4434, 2882, 5310, 5798, 6248, 2709, 9039, 2096, 7549, 8377, 1975, 6697, 1906, 4153, 9882, 8177, 2185, 2396, 9619, 3382, 873, 3021, 6343, 7315, 2520, 1366, 6130, 3002, 9952, 648, 8436, 3174, 2488, 9732, 1296, 2181, 8696, 7679, 5301, 2359, 5118, 3662, 936, 7079, 8368, 1662, 7456, 4619, 5311, 2893, 6726, 2947, 4166, 2830, 302, 8035, 4285, 4270, 9815, 3998, 7781, 9915, 9750, 8257, 779, 2518, 8963, 1253, 3368, 7238, 7421, 837, 1845, 7767, 1195, 6948, 7978, 4831, 8468, 8586, 7894, 6734, 1090, 2430, 6726, 1357, 5303, 7484, 4381, 468, 7021, 5465, 4409, 8658, 466, 5573, 634, 8608, 5992, 7727, 2448, 9128, 3482, 938, 9030, 7022, 9318, 3167, 6722, 4160, 7639, 5735, 6371, 5410, 4453, 4431, 4089, 5574, 3293, 3202, 8709, 5509, 4676, 1463, 9767, 9568, 772, 4674, 2920, 1748, 871, 8960, 5520, 8342, 7083, 3243, 6240, 6649, 6174, 3617, 7216, 2238, 2000, 8787, 7622, 265, 3197, 8998, 1050, 7227, 386, 6617, 5237, 4813, 6651, 9107, 1117, 388, 8777, 844, 6431, 1953, 3575, 3797, 422, 8042, 9439, 4536, 704, 343, 1886, 4573, 9011, 4728, 4549, 7636, 2445, 8753, 1338, 880, 8307, 5265, 9316, 756, 1178, 340, 888, 3784, 2788, 6401, 4957, 6225, 1993, 2756, 6286, 3249, 89, 7023, 8358, 8321, 619, 2393, 698, 4688, 9792, 1625, 8017, 1185, 7501, 3996, 9830, 268, 2222, 520, 2910, 8616, 3863, 4655, 3588, 7244, 1715, 1667, 3371, 8669, 8782, 9100, 40, 3252, 1239, 6912, 2054, 8096, 8241, 1177, 9751, 4977, 8756, 1409, 5553, 5206, 2603, 5901, 6198, 6426, 829, 4997, 6897, 4471, 191, 7573, 6651, 2369, 8911, 7893, 7169, 5088, 617, 6045, 3474, 9281, 2577, 6619, 4228, 2407, 7028, 3248, 1007, 4858, 4654, 1137, 5193, 2861, 3238, 1767, 4204, 4417, 7722, 3266, 8680, 5538, 1981, 5033, 7860, 313, 5553, 5849, 8275, 2881, 2915, 8198, 8856, 3062, 6562, 4330, 5237, 7956, 3399, 6202, 5945, 9928, 2165, 3449, 1001, 1750, 189, 7401, 9413, 4566, 7431, 6266, 9066, 4310, 7907, 3344, 3377, 5157, 3496, 7384, 6732, 5364, 2161, 7087, 7554, 2952, 270, 782, 9133, 8323, 3440, 6384, 8183, 2341, 5674, 8582, 3919, 1005, 2812, 3276, 5181, 0, 7812, 6832, 3711, 6582, 7435, 9892, 7884, 5724, 2011, 7761, 946, 9260, 7652, 8216, 1391, 5932, 8198, 4315, 1418, 9823, 4549, 5263, 3889, 824, 7391, 8770, 2811, 9897, 8507, 6554, 412, 8469, 6423, 5217, 4975, 7352, 184, 3919, 550, 9518, 3973, 5001, 3483, 9844, 6398, 2244, 6104, 8624, 5972, 6255, 2752, 1414, 1615, 6739, 9084, 1658, 5802, 3896, 8608, 6627, 8864, 7819, 7843, 180, 2235, 5393, 8058, 5421, 4785, 8827, 6858, 1729, 6337, 6752, 8473, 1717, 4744, 5397, 3267, 5596, 9186, 6543, 5785, 7954, 5597, 9526, 1324, 6739, 4680, 3253, 745, 2924, 5207, 5052, 5277, 2871, 7482, 9020, 3885, 89, 933, 5684, 8581, 5997, 8303, 7135, 9773, 8278, 6400, 7585, 7832, 598, 8908, 9083, 3719, 8927, 3029, 7710, 480, 1898, 680, 348, 6308, 4103, 3432, 5724, 2897, 1819, 2830, 7116, 346, 2070, 646, 4699, 1956, 271, 6170, 9204, 9838, 4128, 9685, 9475, 6283, 8906, 6039, 1507, 7222, 4283, 6654, 3545, 2063, 3537, 6970, 6553, 6896, 2204, 3507, 8770, 1065, 2100, 6460, 670, 3279, 9084, 9987, 6215, 3260, 9474, 766, 242, 1888, 2507, 2901, 4648, 4538, 1181, 6198, 5760, 6897, 9738, 3978, 3544, 9762, 8929, 4249, 221, 5732, 9132, 7175, 7395, 8189, 7947, 4631, 2381, 9909, 9755, 316, 8502, 7075, 755, 8261, 8371, 5207, 3741, 4520, 1243, 6887, 3456, 763, 8978, 2584, 5224, 6703, 9453, 5587, 6785, 5642, 7459, 5202, 1131, 6912, 9472, 1761, 587, 9012, 9011, 2215, 5303, 2155, 386, 9100, 1797, 1052, 8346, 9990, 7597, 6069, 4527, 8290, 911, 4445, 3199, 6870, 5726, 7158, 2967, 5795, 891, 2809, 6433, 9278, 322, 3442, 7290, 6870, 975, 1533, 1344, 6087, 3914, 4232, 4633, 4695, 2526, 2873, 6235, 9831, 7375, 320, 2258, 8469, 3054, 8360, 2941, 9154, 6108, 8804, 6976, 2360, 3639, 1546, 576, 6622, 4058, 1236, 4928, 5181, 4392, 6698, 9926, 5084, 6453, 6617, 5419, 4027, 1226, 7071, 4364, 8692, 4688, 1146, 6210, 7177, 3738, 135, 9957, 3177, 7137, 3439, 1649, 1461, 2860, 7164, 5233, 4978, 7293, 9957, 4209, 6575, 8797, 1379, 8357, 230, 942, 3910, 1514, 4443, 3344, 6409, 7208, 2366, 4204, 861, 3378, 1107, 6289, 2680, 7264, 9469, 2508, 8535, 8376, 1753, 6974, 6652, 9081, 820, 2037, 1093, 8925, 4445, 9399, 7576, 668, 9437, 4597, 3282, 8400, 3684, 8245, 9231, 1406, 9510, 8289, 9524, 4859, 2566, 5070, 1791, 2909, 5449, 7519, 2304, 7875, 4080, 5592, 2219, 1043, 583, 3494, 5948, 5547, 820, 8940, 2287, 8603, 3428, 7529, 8969, 7704, 8927, 2915, 7980, 7753, 3030, 8130, 1405, 7953, 1452, 8948, 5408, 8019, 2205, 2520, 443, 730, 5737, 7455, 6305, 9635, 1902, 5813, 6348, 349, 2473, 5097, 9313, 3254, 3979, 2239, 4493, 3901, 1950, 8724, 852, 5141, 3789, 1557, 6497, 7033, 7366, 2794, 2008, 7708, 2291, 288, 9258, 8418, 4156, 9039, 1760, 8127, 2170, 2743, 9048, 1392, 1153, 5258, 2373, 1665, 134, 2254, 828, 1671, 7205, 5924, 4457, 6462, 6530, 5776, 2713, 7331, 6913, 3299, 2600, 236, 9211, 7041, 4357, 6840, 6795, 5507, 2517, 3561, 6411, 4495, 8626, 4421, 8229, 691, 4338, 5136, 1208, 4463, 6623, 4325, 521, 3763, 7289, 2659, 6119, 8393, 9155, 9215, 6528, 1668, 9874, 3062, 5266, 3690, 3472, 3932, 13, 8978, 2455, 6738, 359, 1690, 6142, 2268, 1410, 1268, 9029, 3763, 275, 3540, 8424, 3042, 6815, 4952, 6748, 1027, 1289, 7194, 8686, 4614, 3464, 3295, 9856, 9511, 6177, 3626, 6911, 3472, 601, 314, 5058, 8222, 483, 3501, 8083, 745, 4723, 1509, 6513, 8419, 7593, 7754, 8053, 1243, 8186, 6556, 8738, 461, 314, 9674, 9166, 1221, 1656, 9202, 3608, 5110, 5800, 7011, 8167, 3409, 438, 6212, 8045, 4108, 3806, 3271, 9877, 5920, 5341, 4692, 230, 4541, 5388, 1307, 1879, 2672, 1687, 748, 1385, 5649, 5075, 1842, 7364, 4337, 2724, 1133, 2311, 8660, 9448, 4681, 6111, 7215, 6765, 1930, 9473, 7730, 4126, 9225, 1773, 9740, 1974, 900, 7283, 6926, 8439, 4966, 3635, 1212, 1435, 6514, 1614, 865, 2620, 1407, 6172, 1498, 1395, 6737, 5192, 8659, 1371, 92, 7074, 6594, 809, 4780, 4281, 6940, 3376, 5095, 5990, 5218, 1371, 279, 1966, 9118, 2182, 6406, 6074, 8805, 1514, 2372, 7077, 4044, 3984, 6399, 5808, 8015, 987, 3381, 4838, 6322, 5446, 6134, 770, 3178, 9890, 9012, 208, 4442, 9396, 9315, 7539, 8716, 4803, 4753, 3871, 7219, 2640, 2413, 6283, 7962, 2698, 1506, 2072, 9565, 3639, 2950, 5685, 6427, 5767, 2662, 9054, 1744, 7602, 114, 3003, 8501, 8585, 8360, 9594, 1184, 3937, 3582, 799, 3313, 3844, 9402, 6292, 7249, 9973, 8955, 8564, 8950, 1565, 4413, 7854, 7271, 6356, 1201, 8129, 52, 1641, 2385, 2776, 6614, 7039, 2613, 4121, 2543, 5653, 1440, 7121, 5852, 2386, 6460, 2822, 4838, 3949, 3478, 6840, 8274, 8022, 9758, 6879, 6766, 6659, 9422, 9230, 9179, 3313, 4582, 7874, 4803, 4740, 895, 5348, 6394, 4672, 8852, 9233, 9172, 4886, 8034, 9427, 7066, 6326, 641, 9803, 3369, 9190, 3047, 6912, 8590, 5091, 1530, 7445, 3085, 360, 2001, 2107, 9445, 8340, 969, 1341, 3792, 5957, 821, 6010, 7394, 876, 3085, 165, 7963, 9028, 9216, 5790, 9828, 9327, 1558, 11, 16, 1690, 3061, 6740, 9937, 5092, 1535, 1671, 1637, 2320, 7680, 8471, 5929, 7136, 4529, 725, 4904, 4154, 1846, 4669, 4733, 4037, 4969, 7896, 6832, 1353, 7125, 5711, 2703, 6530, 1889, 329, 2365, 1062, 7057, 3936, 2993, 2417, 8953, 5269, 2928, 7031, 8172, 7896, 9330, 5481, 9205, 2334, 8055, 1084, 3955, 284, 4804, 4989, 6596, 8368, 8254, 1646, 8850, 614, 6627, 4877, 8418, 6875, 8553, 5672, 14, 9144, 2523, 5411, 1416, 1223, 4581, 4862, 9650, 6171, 9259, 1114, 7291, 444, 3627, 6462, 9244, 6141, 9081, 8391, 5342, 9761, 4371, 5233, 611, 2648, 8257, 7512, 6156, 5728, 6250, 5505, 5741, 541, 3200, 5637, 7068, 1567, 143, 6283, 3775, 894, 3780, 785, 4805, 4365, 7246, 2657, 5424, 15, 272, 674, 7541, 8598, 5427, 4394, 8668, 2735, 7782, 5847, 6422, 9851, 8761, 8225, 4384, 3093, 3357, 6304, 9477, 839, 7843, 79, 5551, 251, 68, 6947, 5367, 6163, 3038, 6995, 3472, 9738, 2974, 5563, 1345, 7589, 2554, 7971, 9123, 3752, 1023, 8132, 1208, 4876, 2710, 734, 3290, 9531, 7532, 7254, 8531, 8590, 721, 8178, 1121, 1113, 447, 8933, 629, 2922, 2899, 7165, 8908, 9296, 9890, 6238, 8205, 6279, 6805, 1131, 2299, 8042, 5232, 5839, 155, 7835, 6073, 1795, 8752, 434, 279, 8414, 8958, 1539, 4872, 8951, 7854, 1889, 4326, 359, 3085, 942, 1005, 8138, 1462, 9613, 9404, 7601, 360, 7946, 9236, 6166, 3789, 8307, 2324, 7646, 3093, 2840, 5858, 6361, 7340, 9296, 9587, 7958, 7467, 6271, 7231, 5654, 7294, 4034, 3322, 8656, 1779, 1460, 913, 3982, 5888, 2167, 8240, 9614, 9734, 7247, 2088, 7999, 6894, 8627, 7031, 7639, 9162, 8884, 3113, 5246, 145, 1172, 8655, 8350, 8870, 1592, 1505, 8418, 5822, 1279, 3173, 922, 7732, 811, 473, 3324, 3302, 1819, 6793, 9070, 8370, 6671, 2659, 1043, 1144, 5995, 4154, 4843, 9982, 9595, 7387, 1796, 551, 2493, 7625, 8386, 1634, 84, 1154, 4139, 6025, 6368, 3167, 8502, 793, 8190, 8945, 9510, 7422, 8885, 8551, 9828, 2112, 2176, 7631, 7615, 1359, 5797, 7436, 2535, 725, 2411, 1664, 1272, 1458, 8917, 306, 9647, 9095, 5349, 5484, 2945, 5392, 6024, 3874, 2171, 9399, 9322, 4241, 6594, 5018, 413, 919, 9416, 9917, 8009, 6124, 447, 4582, 3390, 6835, 5528, 2238, 3968, 2885, 4685, 8000, 3169, 6459, 3784, 4810, 9584, 6896, 5896, 4786, 3137, 3713, 5998, 5750, 3449, 2927, 4490, 2290, 1525, 2893, 860, 7968, 7836, 6255, 1125, 9266, 4729, 8702, 7560, 1664, 9547, 2882, 9908, 5246, 7402, 7542, 9441, 3609, 2941, 302, 8334, 5473, 4707, 9158, 2062, 6914, 6301, 986, 4369, 418, 9184, 8992, 7864, 8526, 8601, 9533, 237, 7010, 7325, 3164, 7246, 1180, 9015, 9054, 296, 1485, 4296, 3616, 8927, 8072, 6765, 1413, 8090, 9544, 7399, 6624, 9185, 6211, 9388, 4647, 6158, 2013, 2497, 6641, 4015, 3736, 84, 5096, 7383, 9390, 1762, 8867, 2980, 247, 1906, 6898, 392, 9821, 8800, 7137, 4616, 8518, 7395, 5252, 6480, 2256, 9511, 4600, 4459, 5137, 3545, 4633, 6350, 3322, 1557, 2186, 354, 9922, 9848, 4206, 9613, 8719, 961, 5706, 2645, 7520, 3338, 9331, 7069, 9114, 1244, 8774, 3567, 825, 6436, 7834, 4918, 1976, 2542, 74, 9275, 8905, 374, 9306, 220, 5461, 7567, 9005, 2177, 4632, 8690, 3359, 641, 8673, 2228, 7561, 2733, 5714, 9944, 9458, 9183, 1169, 2767, 7291, 136, 9558, 6540, 5097, 5824, 7379, 2596, 1041, 6575, 9270, 9880, 3233, 2787, 3411, 6257, 9257, 5647, 8735, 2483, 93, 4712, 3299, 8420, 4135, 219, 4692, 1038, 6321, 6393, 3628, 2838, 1212, 4537, 7281, 9935, 1601, 6268, 8708, 7684, 8074, 8446, 3123, 8243, 6536, 9239, 832, 342, 2633, 5187, 3648, 4517, 6736, 5777, 8308, 7370, 5767, 6963, 6087, 9481, 4444, 1997, 5953, 198, 5837, 6000, 5448, 4433, 241, 8000, 2368, 8988, 7308, 7721, 4690, 6314, 8458, 2073, 8403, 9683, 4007, 3014, 2497, 9484, 2943, 305, 6168, 6806, 465, 9104, 1487, 6553, 9050, 224, 2015, 9189, 1335, 5462, 3337, 1021, 9099, 2690, 3435, 9336, 8329, 9090, 2210, 4479, 8643, 3240, 9241, 6857, 8467, 7368, 6484, 2246, 3635, 1671, 3839, 2550, 3211, 8158, 1389, 8300, 5831, 9373, 4222, 1945, 3960, 3545, 38, 2357, 5976, 7641, 6404, 602, 4197, 9096, 9503, 1933, 4093, 8118, 4156, 9871, 484, 3812, 7490, 4039, 5968, 7718, 6626, 5054, 2552, 3904, 6829, 912, 6468, 7424, 8674, 9758, 1326, 3368, 6091, 9130, 8365, 4634, 7413, 3055, 3261, 2341, 533, 4597, 6386, 4464, 1186, 8533, 269, 7159, 9922, 6404, 9651, 8322, 8439, 8542, 2148, 9496, 5217, 5636, 5805, 2007, 3570, 6953, 3494, 4883, 4658, 1757, 8527, 4327, 457, 9434, 3553, 3394, 3368, 6650, 3305, 5927, 7991, 6392, 1892, 1527, 6975, 4765, 8874, 1143, 414, 7238, 3925, 712, 9816, 9901, 7145, 2744, 6137, 7859, 3311, 9550, 8638, 8573, 5109, 9621, 9646, 9635, 5228, 4105, 8358, 8727, 2497, 6999, 5116, 5131, 4031, 3383, 5311, 9027, 1662, 3484, 3229, 1269, 7275, 1276, 3276, 4689, 8029, 4008, 8859, 5863, 5133, 1260, 8468, 3273, 3512, 3565, 1491, 6333, 5675, 5428, 3237, 1907, 6215, 2553, 501, 6925, 5972, 5754, 4476, 4966, 7462, 1972, 6836, 6427, 571, 2139, 4836, 6875, 8646, 258, 175, 3729, 7751, 5173, 611, 2581, 6424, 2190, 6868, 6878, 2967, 4915, 6345, 6122, 4428, 1193, 6977, 3847, 1972, 3694, 7893, 9332, 4277, 9717, 1910, 2909, 2136, 2655, 7481, 2493, 2395, 9090, 9219, 7535, 5980, 8925, 6607, 6662, 4422, 4858, 1883, 8317, 2811, 6052, 6881, 4983, 7707, 7763, 5293, 9454, 168, 2930, 5036, 2665, 1869, 5105, 3734, 5866, 2880, 9457, 7909, 7973, 3982, 2000, 8542, 8988, 8455, 7480, 1135, 3632, 2421, 2603, 2937, 2550, 6693, 7570, 4745, 70, 6643, 2136, 708, 663, 8686, 4480, 7789, 6006, 8780, 9134, 2008, 8042, 6565, 2021, 9238, 6661, 1111, 6601, 550, 1977, 5506, 10000, 3985, 314, 605, 466, 3599, 2190, 4443, 8759, 5356, 7220, 9092, 2344, 5577, 8938, 6058, 497, 1408, 4836, 5756, 9194, 3417, 5396, 6541, 4309, 3445, 2039, 3611, 6887, 3915, 5207, 3130, 2619, 2076, 3772, 7199, 6644, 4061, 7204, 5133, 294, 8742, 1255, 35, 994, 8098, 9916, 2928, 7746, 8833, 2100, 9160, 988, 804, 6787, 8409, 106, 3015, 1965, 2104, 6789, 9844, 9916, 884, 2798, 6036, 5027, 3452, 8333, 7689, 1874, 3194, 2706, 1634, 1898, 6390, 853, 9734, 4139, 8549, 5532, 1044, 1512, 3683, 9026, 7635, 3159, 50, 8365, 9558, 2792, 7899, 5835, 3251, 2423, 1472, 6208, 7581, 913, 6195, 522, 2801, 2393, 5735, 1666, 2442, 9530, 2523, 4678, 3714, 6312, 6878, 7584, 4119, 6960, 5416, 5241, 1035, 242, 6506, 1136, 9011, 2284, 6367, 5196, 9615, 1813, 9157, 2292, 6492, 5973, 1911, 7174, 2461, 432, 9294, 6693, 7307, 2200, 51, 1580, 8892, 4728, 6269, 2414, 2028, 1836, 9628, 1419, 9674, 1176, 9116, 1696, 7687, 4774, 507, 3546, 9717, 927, 9628, 1945, 2760, 9230, 5898, 282, 335, 8075, 4750, 2979, 5128, 4950, 839, 5538, 8523, 1831, 8955, 9337, 3350, 3342, 1259, 1544, 1735, 3285, 5321, 4543, 997, 526, 5176, 8207, 2104, 4743, 1262, 3265, 4011, 7566, 4652, 2903, 5722, 7733, 9253, 7299, 989, 3114, 8739, 8509, 7785, 8688, 6856, 485, 8292, 9540, 7730, 3865, 9809, 310, 8283, 8222, 1594, 4806, 6006, 3349, 8719, 3538, 4695, 7888, 2847, 991, 7546, 3962, 1185, 4890, 8974, 9621, 457, 1831, 271, 9698, 605, 1721, 1176, 1461, 6023, 7287, 254, 3523, 8837, 5237, 5748, 4381, 6678, 2068, 2292, 6839, 5926, 6601, 5013, 4854, 7697, 5666, 183, 8888, 6734, 8383, 6572, 6900, 2439, 5788, 194, 5426, 3626, 7005, 9150, 2692, 2898, 7679, 9857, 1724, 4016, 3755, 4715, 2280, 3895, 2581, 3789, 201, 1364, 4727, 9936, 8682, 4989, 658, 2852, 4425, 4696, 6771, 4684, 5353, 2959, 5793, 8498, 9191, 7092, 3680, 4201, 4892, 1253, 8819, 8525, 7557, 4763, 1597, 3983, 7817, 3314, 63, 8108, 2208, 5983, 9701, 4117, 8029, 7846, 5365, 5130, 5851, 3896, 5283, 896, 4674, 9003, 5237, 8786, 1587, 2431, 122, 3823, 4444, 5339, 238, 7606, 5600, 9643, 6077, 6579, 3884, 122, 8994, 8153, 8251, 4012, 5320, 9344, 4322, 205, 9726, 4882, 8731, 519, 1613, 7647, 9180, 7509, 5708, 276, 1077, 1351, 2171, 1260, 4045, 5747, 7215, 2728, 8910, 843, 444, 6279, 8121, 7832, 9448, 728, 3583, 6286, 9152, 6696, 5216, 7382, 9157, 8278, 1734, 7532, 8864, 1593, 8315, 9892, 248, 1472, 2444, 8161, 3709, 9415, 9352, 9067, 2261, 947, 7759, 2613, 547, 9905, 3498, 416, 4864, 2804, 1007, 9945, 9208, 1092, 2507, 505, 5684, 948, 4462, 8554, 2316, 2102, 1835, 358, 8251, 4076, 2266, 359, 1251, 2324, 482, 6585, 2040, 2780, 1424, 4408, 978, 8007, 1927, 6825, 4917, 2874, 4917, 4586, 9127, 817, 9520, 7360, 73, 3139, 618, 7597, 9723, 5155, 9327, 9180, 7416, 602, 6386, 8191, 4226, 8933, 2597, 67, 7897, 6564, 2552, 5559, 5265, 5426, 2893, 6078, 4939, 1654, 8058, 9587, 7477, 754, 7105, 2442, 234, 2116, 4248, 4056, 8757, 3749, 3360, 614, 7822, 1255, 4761, 9053, 4690, 9701, 3662, 6533, 5174, 466, 6478, 9742, 6955, 6868, 332, 5099, 4355, 8425, 2153, 9014, 1935, 6934, 2415, 589, 8921, 5803, 56, 3774, 1570, 4242, 6134, 8828, 5007, 1761, 3433, 7473, 6696, 7859, 1773, 1556, 618, 9775, 8449, 2093, 1872, 6307, 6587, 537, 8802, 985, 1581, 4358, 9774, 8854, 4452, 5745, 7622, 4972, 7033, 7967, 7151, 4122, 2100, 2136, 1249, 2506, 3645, 1166, 8388, 3322, 8671, 7932, 6735, 161, 2616, 8951, 2489, 1905, 9070, 4498, 1807, 8018, 3044, 7893, 5544, 530, 1174, 8059, 7281, 6127, 7870, 8372, 6679, 7335, 5417, 6849, 1795, 2909, 9869, 7175, 22, 6598, 4823, 9389, 4345, 5970, 1105, 6075, 7118, 8714, 3238, 5635, 9216, 8868, 9906, 5898, 7634, 5831, 6010, 2124, 3830, 405, 4787, 2847, 7621, 8404, 5579, 4696, 148, 9670, 6525, 2895, 4740, 8498, 4354, 794, 7481, 5335, 9522, 7774, 4588, 8826, 6055, 4531, 2880, 1535, 9008, 1033, 8165, 7547, 1382, 8235, 5850, 7646, 8251, 1072, 8472, 8193, 1454, 7462, 4829, 9605, 3619, 9968, 956, 3099, 9988, 5923, 7928, 9000, 4728, 3094, 1222, 9032, 6670, 3740, 148, 6558, 3544, 2226, 7712, 9661, 8986, 8246, 3397, 4632, 1461, 3765, 3316, 4302, 6088, 4378, 8812, 225, 4946, 9136, 5320, 8436, 9464, 8928, 8685, 8484, 8145, 4389, 3421, 8350, 5213, 5141, 4564, 7778, 5564, 1100, 1999, 7094, 8717, 3331, 9326, 2204, 4994, 468, 3586, 9954, 7544, 5741, 9571, 5159, 9381, 8885, 1731, 968, 4419, 9512, 9073, 451, 5294, 327, 5120, 2262, 774, 6413, 1277, 8942, 5840, 1781, 1162, 9886, 3954, 9706, 715, 4332, 5116, 7378, 456, 1377, 2163, 8032, 8348, 6664, 4869, 3923, 2242, 3605, 5320, 8006, 8135, 795, 2095, 2180, 2575, 2872, 3034, 1398, 2208, 3863, 6341, 2019, 8725, 5909, 3897, 7730, 770, 4327, 1533, 6407, 4530, 7878, 9776, 2019, 2133, 4750, 1486, 4943, 4514, 8130, 4184, 2512, 2834, 2413, 7085, 1972, 3556, 6385, 7510, 6142, 4356, 7501, 3444, 6609, 774, 6425, 4981, 1451, 3176, 5442, 9768, 6130, 1546, 7524, 6332, 9417, 988, 9932, 8032, 4313, 746, 6956, 3070, 9076, 5901, 8277, 1461, 8264, 4627, 7501, 8079, 4568, 7017, 8236, 6605, 6310, 4752, 128, 8294, 1947, 4489, 500, 1725, 4311, 7517, 4170, 2100, 9252, 4889, 7997, 3958, 9499, 8782, 926, 3809, 3225, 8894, 6063, 5155, 2807, 9440, 1407, 3955, 4342, 9149, 9695, 4745, 9394, 5523, 4216, 4423, 5647, 6163, 5306, 5557, 7157, 1689, 9440, 5972, 3784, 6672, 7870, 276, 8082, 1689, 7258, 1518, 670, 6205, 9646, 4303, 1655, 6872, 1956, 6666, 1468, 9120, 4996, 5007, 1314, 7473, 3623, 4907, 3655, 9573, 5124, 2956, 7472, 4787, 277, 4977, 2997, 1908, 3419, 6986, 4755, 1210, 7191, 2171, 2164, 7459, 748, 9261, 5601, 9067, 5024, 3058, 9089, 1533, 2777, 3128, 7093, 2850, 6565, 1749, 429, 2394, 212, 9935, 9048, 9191, 3056, 6644, 8604, 5625, 3095, 8059, 2122, 2079, 2805, 4871, 6480, 4188, 8028, 2683, 9788, 6037, 5170, 4993, 7736, 8082, 5215, 1231, 3842, 972, 990, 4450, 37, 2757, 1850, 2453, 1846, 6211, 854, 6697, 6693, 3412, 5443, 1538, 2367, 3341, 7938, 7975, 9215, 311, 3841, 2224, 2910, 302, 112, 2310, 166, 5227, 8025, 9827, 3110, 3933, 7891, 139, 8063, 3773, 6959, 7767, 2032, 2472, 6473, 8906, 3028, 5056, 8386, 9716, 4128, 1977, 7104, 3763, 8890, 5401, 7790, 392, 7347, 669, 3793, 4880, 1493, 8179, 4071, 2573, 350, 2178, 2669, 2985, 4916, 4093, 2815, 5131, 2280, 6661, 1970, 494, 9329, 381, 4851, 1712, 2605, 2482, 1992, 4724, 4465, 2165, 2653, 7709, 5255, 8383, 317, 607, 5754, 5472, 2462, 1785, 1667, 771, 5900, 5116, 7386, 249, 5060, 3926, 7300, 9484, 2983, 5044, 2122, 2196, 28, 5951, 4578, 540, 5385, 8318, 8737, 5762, 1201, 8415, 1018, 8542, 3229, 2828, 6763, 2344, 3837, 225, 5392, 4289, 218, 3612, 6169, 5103, 3915, 9179, 1212, 6187, 3246, 8558, 5665, 4059, 2968, 8212, 2139, 4021, 8196, 9499, 183, 5772, 4845, 3490, 4882, 7255, 5530, 2952, 5586, 2471, 2677, 7355, 3669, 2717, 472, 8774, 7288, 9606, 6711, 5638, 2677, 8116, 1788, 7521, 6607, 1375, 716, 4797, 4575, 7461, 3150, 4221, 3544, 8382, 5184, 265, 1988, 8746, 5486, 9571, 7741, 1463, 3185, 1957, 3896, 7208, 3957, 5476, 7812, 265, 7718, 17, 7363, 6906, 5865, 1285, 3768, 5420, 3381, 5131, 5927, 5031, 3895, 1277, 6176, 6722, 121, 8002, 6564, 5451, 1514, 9608, 242, 2852, 7559, 6085, 4864, 202, 8304, 5913, 4454, 6172, 9661, 6975, 8094, 3817, 2220, 5944, 2480, 8328, 2949, 8669, 3562, 2205, 6476, 4886, 2726, 6692, 5800, 4316, 4325, 8641, 434, 6341, 5468, 5161, 1709, 1327, 4373, 7469, 6869, 1131, 8957, 1023, 4398, 3494, 4321, 2344, 112, 896, 4066, 1834, 6169, 1168, 3660, 5780, 4850, 9665, 6869, 1069, 1334, 8780, 7686, 6341, 4901, 2116, 785, 1160, 7378, 3908, 6169, 8927, 5183, 5576, 5517, 6787, 293, 9047, 6478, 1256, 4397, 8187, 8549, 6205, 4734, 6454, 6146, 5048, 7526, 9365, 6842, 7743, 230, 3775, 5290, 4608, 2451, 9068, 1962, 6933, 904, 21, 3837, 4327, 5891, 4495, 829, 4687, 3923, 8688, 7162, 9611, 6338, 209, 1360, 7583, 8209, 9996, 6629, 9370, 139, 945, 1403, 7800, 7849, 3578, 9330, 3841, 1780, 2904, 167, 4784, 2897, 9154, 1743, 2195, 9797, 1903, 715, 8515, 6732, 3477, 5138, 4910, 9886, 118, 913, 4471, 1982, 6102, 7697, 3319, 5733, 6837, 2740, 5392, 9349, 1713, 4010, 2572, 1068, 8625, 2992, 408, 4605, 7085, 698, 2855, 1254, 2604, 4756, 2110, 3448, 3439, 9419, 5796, 3972, 9570, 3383, 69, 4781, 4380, 5078, 2919, 7488, 8783, 5677, 8672, 882, 3467, 7872, 4435, 4009, 1867, 8332, 7536, 9858, 5758, 7860, 2065, 796, 1199, 8382, 587, 9280, 1995, 1662, 5477, 7169, 2146, 2925, 9720, 5163, 6395, 1512, 8385, 6797, 8055, 1010, 2723, 867, 741, 7104, 9631, 2657, 5783, 5063, 2101, 2149, 1945, 2355, 5603, 2852, 9364, 2384, 4612, 2541, 2233, 1118, 9654, 7856, 2707, 2266, 8, 3110, 4128, 2053, 9211, 8203, 2845, 447, 3412, 7177, 5143, 9644, 9316, 7544, 8493, 9471, 8481, 9212, 3490, 9409, 4398, 1192, 4584, 7593, 5059, 3115, 7957, 1422, 3057, 6341, 3614, 4325, 4252, 9452, 6345, 5539, 3044, 1016, 5122, 3434, 9550, 7388, 7176, 8889, 483, 8561, 1138, 4477, 9073, 8215, 8374, 7634, 3650, 3651, 7793, 1642, 3679, 2751, 3808, 8332, 796, 7354, 4328, 5347, 1282, 3776, 1597, 8914, 7526, 455, 4382, 9939, 2137, 1413, 7180, 7778, 4102, 1791, 1826, 7294, 685, 161, 3158, 5247, 9854, 3335, 2659, 7170, 3619, 7907, 3517, 6195, 7532, 119, 2558, 4757, 3882, 5595, 9853, 3831, 9124, 5205, 6129, 914, 3510, 1489, 391, 2834, 6173, 345, 5914, 1639, 9321, 7825, 2084, 2043, 7808, 5506, 2729, 4620, 9024, 9714, 1870, 114, 7446, 5230, 7155, 6352, 7205, 6813, 4087, 5159, 214, 512, 4675, 8056, 6231, 815, 1323, 3389, 3564, 9814, 701, 3720, 3350, 7390, 4731, 932, 3126, 5347, 7828, 279, 2646, 7707, 2762, 2467, 413, 3991, 5665, 3589, 2398, 6204, 4878, 8482, 1250, 1667, 8956, 6494, 6351, 6129, 308, 2164, 8496, 5472, 9394, 9857, 2625, 5252, 5426, 4273, 8316, 6726, 1163, 5691, 3869, 5736, 8543, 9231, 6522, 3416, 2426, 1519, 217, 6451, 8403, 9339, 4012, 6453, 7871, 7443, 6505, 5127, 6055, 3470, 7435, 7289, 8910, 1584, 4969, 6217, 570, 176, 5159, 1368, 8128, 6187, 4772, 65, 1515, 5571, 4040, 2948, 2697, 1439, 65, 2233, 461, 5854, 6413, 831, 1351, 7634, 5405, 8675, 4636, 2525, 6234, 7941, 4485, 3340, 3269, 8345, 7510, 9684, 8001, 472, 3455, 8179, 1957, 5306, 5616, 1686, 5756, 5911, 3836, 7792, 6757, 3366, 4753, 5653, 2790, 2632, 8576, 9443, 1286, 1496, 8400, 9488, 2434, 9443, 7753, 3611, 606, 5403, 1986, 7729, 2198, 6436, 6812, 4253, 8430, 9846, 3474, 7834, 9634, 936, 139, 6433, 9377, 5968, 6375, 1203, 6019, 6893, 4870, 6838, 118, 1193, 6185, 5802, 1202, 2336, 3498, 4568, 7102, 7357, 741, 1811, 6972, 3008, 7472, 2494, 950, 1654, 6745, 2891, 4195, 2368, 3624, 4624, 9574, 2837, 4899, 2169, 1429, 363, 1453, 2573, 7290, 4151, 7617, 5800, 6843, 4833, 9946, 4124, 5938, 9926, 2434, 1972, 7422, 6204, 1916, 2803, 1455, 2714, 6645, 1529, 5401, 9427, 9925, 3674, 2533, 9351, 4569, 2818, 8690, 7014, 3781, 3739, 9506, 3760, 2232, 4688, 3545, 540, 6352, 7745, 5947, 7618, 5952, 3164, 7324, 3821, 9149, 455, 5685, 977, 3895, 2582, 4703, 1333, 5659, 265, 8448, 9397, 4688, 1655, 1128, 7970, 9296, 6270, 8444, 7966, 6599, 3507, 3699, 6104, 556, 9493, 3637, 2592, 8374, 7257, 1392, 242, 378, 2764, 8641, 4507, 1988, 8379, 7990, 6501, 8263, 2257, 4324, 8019, 8086, 6229, 943, 6966, 9221, 8615, 2590, 8482, 1311, 1437, 7534, 4657, 182, 6499, 3070, 1880, 7561, 6300, 439, 8254, 6325, 9567, 2379, 5921, 2165, 2085, 3912, 4808, 448, 9176, 5889, 7307, 1020, 1384, 3680, 7603, 7337, 3037, 134, 9689, 3289, 5256, 3869, 8630, 5346, 7672, 7346, 5079, 7308, 1631, 9335, 4163, 3463, 8954, 7913, 5931, 3467, 526, 9846, 767, 3307, 4149, 8021, 4544, 1884, 6589, 4595, 660, 5967, 2003, 3585, 9848, 2849, 7439, 5912, 3062, 2733, 6233, 6719, 3238, 8027, 6191, 2375, 1082, 7868, 7947, 3960, 3305, 6318, 7946, 9790, 1190, 8761, 17, 558, 4706, 3124, 7005, 3809, 5956, 3131, 2930, 2862, 8668, 3076, 1668, 7413, 1433, 5223, 5222, 6453, 3963, 5450, 7163, 4799, 7425, 1425, 2640, 6471, 4205, 2027, 3520, 2668, 2709, 5060, 9571, 8473, 4300, 786, 4425, 615, 744, 7922, 9309, 3871, 6059, 1205, 8673, 3119, 8197, 6297, 165, 4084, 6659, 5361, 5671, 9397, 4284, 700, 8004, 5221, 2422, 9020, 7932, 7221, 3260, 1146, 5614, 1804, 7815, 3364, 7133, 8256, 1516, 5944, 7897, 7469, 676, 4442, 7042, 2428, 8719, 6192, 8876, 7196, 1679, 4026, 5421, 9159, 8138, 1756, 6269, 5792, 7204, 3740, 5139, 4047, 1305, 6181, 6378, 9982, 7162, 9624, 5213, 6971, 3220, 5502, 2593, 2004, 3180, 9603, 705, 4838, 9473, 4746, 1048, 4422, 1473, 2517, 3613, 6699, 3748, 1231, 3953, 7859, 3225, 1605, 378, 9315, 2177, 2583, 4239, 1049, 1832, 9108, 5042, 1331, 2849, 4876, 8839, 9309, 217, 3340, 8804, 5540, 3141, 4876, 6159, 7467, 7918, 8040, 2655, 5576, 7264, 9476, 2550, 6442, 4622, 8339, 7334, 6969, 6292, 6237, 9989, 2871, 447, 6036, 7488, 4636, 5823, 9200, 6060, 1428, 2790, 4837, 9310, 5935, 9833, 9822, 3872, 9107, 8929, 1895, 7885, 4891, 5073, 4705, 9112, 1314, 6895, 8413, 3810, 9879, 4881, 3752, 4931, 5547, 2926, 3012, 4129, 6915, 4450, 2459, 1406, 6884, 9642, 7469, 4979, 3057, 5579, 3244, 8634, 4817, 6118, 489, 8029, 3907, 91, 4517, 7682, 3623, 5637, 7576, 8785, 4828, 3670, 7430, 5009, 696, 3370, 8513, 7236, 1737, 6029, 8901, 4478, 7324, 3096, 667, 8310, 9702, 8722, 7865, 5032, 8777, 5130, 2363, 8683, 3221, 9851, 8241, 2903, 2502, 7006, 5015, 9908, 3006, 4837, 991, 7154, 8273, 3786, 1198, 9676, 9033, 6558, 6762, 6747, 404, 3114, 6085, 759, 6922, 9904, 7908, 5754, 1302, 787, 7055, 2465, 8635, 6197, 869, 5721, 7831, 7643, 7820, 750, 5138, 951, 3170, 604, 1948, 7447, 521, 3475, 9480, 5554, 3518, 6344, 403, 6353, 7401, 1549, 6226, 7339, 4418, 5118, 4601, 660, 8808, 6091, 4196, 5551, 2386, 7085, 8055, 4164, 4805, 9539, 6665, 2492, 3921, 6255, 1940, 3841, 5609, 1424, 4671, 3770, 9893, 4599, 6132, 3767, 2860, 3457, 5706, 3914, 6049, 7817, 2580, 3430, 316, 5055, 1054, 8887, 4698, 3767, 8759, 3526, 3500, 5778, 5179, 4706, 5330, 1689, 1419, 7104, 9003, 7885, 7984, 9662, 6956, 2969, 860, 3583, 792, 2513, 5454, 843, 3523, 1618, 2779, 8486, 1579, 7493, 2992, 6305, 8308, 8828, 7487, 2397, 6600, 9292, 7960, 2129, 4072, 3147, 9447, 344, 9276, 2973, 543, 5455, 2051, 3655, 7692, 2506, 3261, 4693, 2906, 5654, 1019, 9753, 9194, 4867, 4714, 4990, 2131, 6794, 8271, 445, 5929, 7858, 4854, 6382, 391, 5984, 636, 1497, 7644, 9576, 1380, 7517, 9734, 1971, 6193, 1691, 7533, 8360, 5909, 6930, 1202, 1151, 235, 2680, 3218, 8551, 5870, 3957, 6026, 7256, 2846, 8141, 2705, 989, 9453, 7311, 6945, 1329, 4836, 9945, 3129, 2128, 7240, 4153, 4780, 2476, 9705, 5276, 3487, 6178, 3363, 1835, 8508, 9258, 4139, 8573, 8424, 9847, 5017, 7218, 465, 7791, 5524, 2756, 8423, 1738, 1784, 2939, 286, 2453, 2180, 1247, 4099, 232, 3714, 6129, 7100, 4827, 5240, 114, 8938, 1156, 6043, 7242, 4874, 206, 9727, 4840, 7099, 2162, 2527, 4845, 711, 9942, 4966, 6263, 1258, 2760, 8017, 3425, 6557, 8908, 9070, 6503, 6790, 8316, 7440, 5813, 8071, 3087, 7324, 2285, 8873, 2837, 9042, 2901, 3288, 5519, 1729, 3702, 7492, 1029, 7705, 9408, 8554, 92, 5229, 4181, 2558, 9498, 9802, 7896, 1761, 8014, 628, 8221, 1787, 4082, 432, 3926, 2657, 2080, 5091, 7877, 4135, 9400, 2050, 7324, 4610, 390, 3338, 92, 423, 3302, 8846, 7334, 6483, 4033, 3959, 9122, 4714, 8095, 4230, 3101, 7290, 2871, 1648, 3237, 756, 2352, 5372, 9359, 3868, 3551, 7507, 3090, 9105, 3736, 6771, 2886, 9896, 1223, 2508, 4687, 9655, 2029, 6354, 7865, 7809, 252, 7911, 1127, 366, 6081, 1191, 8062, 1867, 4972, 4435, 3968, 1386, 9686, 6160, 4126, 84, 9763, 9348, 398, 2723, 1202, 1177, 1461, 5793, 7707, 1590, 9672, 5477, 3555, 5034, 7316, 1917, 188, 4041, 6962, 7570, 8373, 4586, 288, 2608, 1704, 1262, 1358, 5243, 7793, 1885, 9129, 9157, 2291, 9081, 2228, 570, 9486, 2983, 302, 3948, 6759, 7392, 1117, 5452, 7111, 5478, 3680, 2582, 4931, 9528, 1705, 3938, 7660, 3060, 3803, 266, 7974, 3525, 1359, 6695, 3353, 6023, 6926, 2265, 5061, 8984, 8468, 4599, 1648, 9084, 7828, 2980, 1336, 8081, 4382, 9098, 9055, 6373, 1432, 8067, 4114, 476, 3582, 64, 2393, 4398, 2925, 4619, 981, 9788, 2766, 3354, 3485, 8873, 3332, 3908, 7373, 5567, 9121, 464, 4980, 9, 9063, 8546, 7811, 8260, 7719, 689, 3497, 9797, 7387, 6990, 8157, 9967, 5485, 1217, 3042, 3900, 2279, 4399, 4795, 9768, 5776, 3792, 5129, 7533, 4506, 8273, 1531, 7978, 3165, 6997, 5639, 6335, 8543, 7236, 1066, 2859, 2794, 9049, 3220, 7610, 1775, 9386, 2441, 6840, 5558, 1315, 4884, 4441, 1149, 6934, 901, 1628, 7549, 3170, 2556, 599, 9107, 6372, 5887, 1843, 5898, 8007, 5970, 4327, 4599, 4401, 9124, 1530, 1666, 4358, 9889, 359, 2419, 8477, 3544, 9337, 2718, 7340, 3621, 303, 9573, 7090, 8320, 3849, 8021, 5811, 249, 9747, 336, 2921, 5511, 7555, 1301, 1203, 6250, 5108, 1121, 8627, 6530, 1539, 6594, 6895, 6423, 3953, 807, 4656, 9127, 5920, 2831, 9869, 7939, 3443, 6360, 9971, 6048, 4684, 719, 462, 3063, 3198, 6638, 8847, 3767, 5966, 8594, 7127, 1006, 936, 6258, 5750, 5115, 7881, 4302, 3866, 3469, 9175, 8138, 9282, 8024, 2830, 6211, 3817, 6308, 2008, 7947, 941, 3564, 6062, 7528, 1918, 6816, 6759, 768, 698, 6869, 3745, 8843, 5571, 7028, 8724, 2499, 5485, 5028, 5837, 4453, 4562, 9218, 4904, 8579, 5913, 543, 458, 4034, 4021, 7042, 6794, 2865, 2618, 290, 193, 9938, 4096, 3274, 5253, 6492, 5840, 3511, 5768, 7005, 8076, 7073, 8842, 1661, 5073, 1825, 3780, 7877, 7002, 1424, 4368, 2196, 5275, 892, 3253, 4272, 1100, 3142, 1099, 94, 1494, 6233, 5692, 7500, 887, 3972, 408, 7741, 7721, 340, 8978, 7814, 8492, 9248, 4472, 5122, 1026, 1362, 4758, 2665, 5365, 9677, 6561, 8499, 5174, 5701, 1624, 3568, 5682, 3271, 370, 8738, 1633, 5361, 3474, 2829, 9782, 9067, 2401, 853, 9121, 764, 1732, 8109, 6345, 784, 9359, 8268, 1731, 102, 8488, 4132, 4233, 4075, 7647, 6630, 8888, 8510, 9988, 1122, 7807, 1574, 5872, 1343, 9387, 7647, 8586, 8852, 6673, 9305, 1552, 4702, 4101, 9876, 7811, 2002, 8653, 5054, 9702, 4698, 8152, 5267, 1775, 9272, 1153, 8419, 9660, 7547, 4413, 384, 8115, 7291, 9691, 4050, 7550, 4728, 2702, 2393, 7571, 7765, 5014, 619, 9938, 8825, 5934, 628, 454, 5862, 691, 5301, 6129, 1668, 3582, 6051, 3597, 4682, 588, 3491, 1205, 4178, 674, 7726, 6851, 1504, 3330, 8847, 4405, 5717, 4830, 4467, 4588, 5975, 9034, 5128, 5486, 3711, 2910, 1917, 7538, 4288, 4439, 984, 3920, 9807, 8509, 1174, 8800, 2342, 658, 7897, 3755, 5109, 6110, 9195, 3910, 5657, 6300, 3909, 7644, 9987, 4459, 3575, 9693, 7976, 4055, 5899, 7561, 8344, 4396, 123, 5046, 9139, 2802, 7095, 4763, 5320, 5142, 3439, 637, 7781, 7272, 2338, 5067, 1650, 5468, 1811, 6585, 9970, 9365, 8134, 7007, 7764, 6761, 9158, 8555, 7334, 6836, 3840, 5531, 2496, 3815, 682, 6067, 5238, 8303, 3384, 8866, 6290, 5409, 3024, 2683, 4657, 8322, 2655, 2542, 9713, 7944, 7823, 4199, 8911, 7533, 7371, 8540, 3268, 1288, 3642, 6494, 9452, 7781, 7396, 6918, 5404, 3727, 4070, 3056, 673, 613, 5697, 3419, 6617, 52, 6894, 9877, 8299, 3752, 5293, 4815, 6196, 5517, 5587, 646, 8413, 1905, 1345, 8868, 4066, 9403, 1615, 5627, 7393, 2023, 1648, 329, 2909, 9051, 6771, 5994, 3391, 1424, 4250, 579, 4347, 542, 1730, 8806, 545, 8119, 175, 7698, 1496, 3867, 7903, 680, 1662, 732, 3906, 7938, 7731, 7160, 4045, 9648, 1912, 3192, 1367, 9226, 6265, 451, 8203, 3540, 2709, 9139, 2305, 7757, 6377, 9106, 8531, 6097, 3818, 7323, 3927, 4769, 9271, 7862, 6223, 9100, 2814, 4684, 1297, 4144, 772, 7704, 9632, 2420, 9777, 5473, 3868, 1690, 3179, 8335, 7177, 2194, 711, 8399, 7007, 230, 6576, 7859, 3109, 9250, 567, 9842, 673, 4713, 4562, 6774, 4246, 4665, 9933, 9690, 1619, 3313, 3874, 424, 1651, 6823, 4915, 9629, 4208, 5446, 9633, 9265, 1198, 1617, 493, 4524, 518, 6819, 309, 2899, 2418, 9780, 2971, 6340, 8000, 2247, 9016, 2471, 9987, 4094, 8999, 2499, 5640, 9692, 992, 4387, 8074, 7173, 2631, 2918, 4956, 625, 3693, 8635, 9185, 7119, 6544, 240, 2187, 7529, 6833, 1948, 1731, 1259, 4361, 1145, 7743, 3222, 9201, 6206, 3963, 6831, 5852, 5262, 1177, 5928, 576, 6054, 1634, 8902, 2989, 997, 7821, 3149, 6337, 3925, 6967, 2256, 6411, 6393, 8979, 8912, 9643, 9071, 8233, 9020, 1623, 5370, 3883, 5035, 1943, 7144, 5703, 522, 257, 6486, 603, 9903, 1957, 3326, 5907, 2450, 927, 7186, 8127, 1255, 7173, 5885, 4739, 8954, 6755, 7789, 965, 5941, 5212, 9077, 7876, 5506, 339, 4124, 3607, 4919, 1680, 1758, 8727, 2345, 9232, 6564, 3053, 619, 3798, 7778, 3600, 2300, 2388, 5572, 8153, 3479, 5215, 1779, 8570, 7349, 9565, 8879, 8774, 4929, 6979, 2928, 1508, 1909, 3193, 1045, 1454, 9648, 3195, 6789, 5756, 8723, 9269, 8550, 2297, 4965, 5447, 900, 8894, 396, 4797, 3508, 3487, 4593, 823, 9210, 8888, 3484, 7958, 2120, 7076, 7955, 5200, 7888, 2454, 5718, 999, 4680, 4433, 951, 492, 5137, 5666, 1212, 6385, 805, 8900, 2745, 7421, 2223, 521, 6873, 9350, 7856, 3877, 6739, 9427, 1764, 4911, 9846, 5639, 676, 1671, 7361, 667, 6385, 3541, 9364, 3587, 4655, 6271, 2055, 9185, 7119, 96, 5833, 5160, 3756, 8395, 5344, 7446, 8564, 7760, 7565, 4584, 5684, 4027, 5040, 5499, 1644, 9471, 9618, 8053, 5272, 6350, 9618, 9067, 5483, 8801, 4114, 6618, 7657, 4113, 2728, 6500, 2242, 3578, 5608, 3138, 1870, 7502, 2061, 965, 8109, 3609, 5186, 9170, 6076, 133, 3407, 5190, 5098, 894, 2491, 7466, 2501, 5688, 7764, 2004, 7868, 5348, 54, 3894, 8657, 34, 2585, 9262, 7014, 9486, 8820, 4155, 4012, 6316, 2486, 7462, 732, 8656, 5384, 6008, 3889, 2774, 8392, 5146, 756, 7688, 8063, 313, 9244, 7347, 7750, 8503, 2128, 5663, 4670, 9232, 8488, 7647, 6422, 6053, 2256, 9297, 2233, 509, 277, 274, 9407, 2633, 8509, 4468, 1725, 6225, 9655, 6555, 3278, 9047, 6664, 4407, 5375, 6496, 9071, 572, 3332, 2921, 3298, 9973, 6862, 5136, 4693, 1753, 3878, 1384, 8815, 677, 2043, 7025, 2666, 2696, 4072, 6300, 8352, 1010, 4056, 7492, 9649, 3936, 743, 8794, 5402, 1948, 8265, 1229, 1272, 9516, 6334, 7397, 2200, 1034, 1660, 8123, 2238, 284, 5318, 5100, 1951, 550, 1411, 6263, 8858, 9903, 2062, 7937, 9467, 412, 4970, 9242, 3185, 3457, 7065, 3785, 5361, 2386, 2653, 166, 3231, 9274, 1609, 5592, 6877, 2284, 1856, 872, 223, 7056, 6970, 2598, 5798, 11, 9186, 2590, 8579, 7942, 4505, 6648, 3852, 3020, 9322, 4482, 7671, 990, 3040, 9108, 5791, 3783, 9387, 6927, 2540, 826, 6755, 8091, 7079, 5358, 4259, 6817, 2477, 2540, 5326, 6221, 9188, 8187, 8544, 2954, 2023, 8740, 4174, 8788, 7766, 7246, 6464, 4077, 7472, 157, 8401, 4847, 1787, 9067, 3432, 7638, 4391, 5231, 9122, 4364, 6792, 8874, 7004, 8998, 8658, 8232, 103, 4478, 6765, 40, 1049, 8585, 8081, 4332, 7974, 4827, 9222, 9401, 2048, 3833, 6757, 7778, 57, 240, 6850, 7822, 1469, 103, 6962, 9023, 256, 4341, 1018, 8030, 9001, 1545, 5644, 5403, 6482, 3960, 3612, 3741, 1554, 7313, 2704, 1803, 3297, 7672, 3183, 6498, 5801, 7672, 3954, 6847, 3545, 3844, 2283, 1958, 7287, 3253, 2554, 8144, 3929, 4914, 89, 9055, 2096, 4806, 7281, 6149, 9098, 3974, 8091, 245, 5276, 8279, 4685, 5435, 3292, 7278, 3085, 8201, 9410, 1115, 9837, 2661, 9232, 5631, 7599, 3167, 4507, 6586, 6683, 3434, 2324, 886, 2924, 7139, 206, 427, 3769, 4056, 5848, 7186, 3541, 3140, 3913, 243, 1590, 5387, 2663, 5622, 7477, 8698, 254, 6799, 3963, 8363, 3868, 4515, 8741, 371, 7642, 8017, 7838, 7805, 4256, 4360, 3810, 8537, 4115, 8708, 413, 9339, 6882, 2786, 2736, 5986, 6345, 3532, 4598, 5276, 4482, 6830, 9072, 9795, 2995, 2466, 2761, 1789, 1031, 404, 534, 9001, 579, 85, 9384, 5169, 846, 587, 3713, 7705, 2634, 8057, 8445, 8570, 8553, 2418, 9672, 324, 3709, 51, 3786, 8470, 6399, 110, 4235, 4693, 9249, 7398, 3660, 8759, 4028, 7777, 3714, 5717, 727, 4660, 7353, 2976, 8745, 8246, 602, 8302, 383, 5817, 6578, 9712, 1870, 7693, 7642, 7904, 9526, 6913, 6530, 2498, 148, 8429, 6174, 7908, 1813, 1940, 1181, 4640, 8837, 7304, 302, 965, 1521, 5186, 8259, 1485, 4764, 8055, 7945, 5661, 7626, 874, 3325, 3042, 3754, 8326, 665, 5571, 3231, 6712, 7899, 9435, 3895, 8222, 2444, 9757, 1875, 6800, 9624, 5700, 8187, 9594, 7379, 8263, 6862, 7217, 6910, 520, 6083, 357, 4000, 2378, 5502, 2630, 7471, 2990, 37, 6868, 3472, 9972, 1800, 4834, 7675, 7471, 9354, 6527, 9078, 993, 4174, 2058, 4102, 6769, 1585, 6056, 9218, 7977, 6295, 516, 9056, 3579, 1938, 7317, 1124, 8745, 2838, 8290, 5379, 6826, 6726, 6390, 4899, 8070, 4980, 6272, 3562, 7393, 6036, 3886, 2956, 8031, 723, 6590, 9034, 578, 6725, 6545, 1305, 7282, 2646, 948, 1004, 9875, 8987, 2182, 3699, 3587, 6392, 7989, 6064, 8741, 467, 4015, 1925, 4921, 5458, 308, 1926, 6439, 9243, 1753, 7274, 3304, 3444, 5197, 2684, 375, 5169, 1583, 7781, 3952, 1257, 6288, 3601, 9859, 6738, 3287, 6022, 4773, 7785, 6439, 7328, 7102, 7838, 2795, 7665, 9555, 5058, 8412, 4833, 9503, 8734, 6495, 3945, 6320, 2795, 7842, 535, 9997, 6618, 8922, 9069, 6860, 5707, 4406, 3320, 3670, 9893, 7902, 5841, 4985, 1676, 4028, 2613, 2162, 5359, 4693, 2385, 4462, 8766, 1135, 140, 5993, 666, 8037, 8907, 5757, 1083, 3053, 7526, 5386, 4881, 788, 5275, 8920, 8138, 6292, 7157, 6178, 3365, 8994, 8358, 7491, 3757, 9141, 8105, 6048, 958, 4444, 7709, 8569, 7993, 4443, 6839, 4889, 591, 7065, 9347, 8479, 9859, 9704, 4340, 8556, 6113, 5888, 3456, 1829, 4553, 2105, 3686, 7126, 7218, 2924, 5599, 3288, 559, 6535, 6222, 7272, 650, 6416, 6617, 4119, 8708, 2395, 8092, 9522, 5142, 465, 9358, 1142, 4409, 4989, 8039, 6056, 6196, 2313, 3685, 8285, 7775, 6952, 300, 3259, 9882, 4509, 9819, 3939, 360, 6332, 6639, 8499, 8398, 5011, 407, 7732, 6550, 5750, 7039, 5334, 2490, 6048, 5853, 2640, 7813, 4278, 994, 9072, 4498, 803, 706, 4044, 614, 3613, 168, 8533, 6229, 908, 137, 2087, 3239, 3486, 9908, 8149, 594, 307, 5895, 9056, 4027, 9217, 9462, 9389, 6280, 9263, 9557, 9760, 1481, 3191, 5132, 5662, 1144, 4980, 121, 7781, 5086, 3992, 6402, 5254, 9097, 2651, 3105, 3122, 7970, 3480, 8580, 5750, 5010, 3728, 2745, 8688, 1211, 4005, 2743, 2713, 3383, 3653, 6437, 6477, 9305, 2006, 6889, 3636, 7688, 9792, 378, 8231, 3549, 4249, 4407, 6061, 9364, 3987, 8652, 4287, 5691, 370, 6750, 1280, 2373, 2633, 9466, 1415, 3364, 4580, 9725, 8597, 4387, 7988, 7453, 1652, 3705, 8791, 7706, 3656, 673, 8431, 5056, 8891, 8358, 2370, 8125, 8106, 9215, 1156, 5315, 2138, 1878, 4202, 5501, 7391, 4939, 6551, 6848, 1115, 6359, 5983, 7873, 7824, 5393, 3523, 2216, 3783, 3312, 2544, 7074, 1811, 6098, 8095, 6482, 6132, 5613, 9852, 4181, 5617, 2157, 7582, 5939, 3329, 8995, 6913, 7464, 1224, 2842, 3857, 5750, 2180, 5456, 8821, 5912, 2633, 4972, 380, 2476, 5308, 7537, 1774, 1131, 4770, 17, 8795, 2149, 1140, 571, 5411, 8568, 598, 2287, 7147, 3316, 8739, 9779, 441, 9500, 6497, 7221, 6567, 6548, 4893, 5038, 503, 9553, 2744, 8142, 2475, 4577, 5976, 329, 6074, 3639, 1820, 2243, 6807, 510, 9386, 2494, 2202, 3590, 2600, 4352, 341, 1407, 6509, 8322, 7980, 2061, 9140, 2811, 1109, 1861, 3795, 3431, 8552, 2718, 8201, 6111, 1901, 4505, 3626, 935, 8933, 3004, 5472, 6027, 6814, 2757, 1886, 3466, 1866, 8159, 6669, 3166, 316, 1556, 8467, 3754, 3638, 9562, 7494, 4633, 3788, 266, 2420, 9216, 3131, 6913, 4968, 9703, 4116, 9189, 570, 6574, 8201, 7913, 6631, 3469, 1941, 5108, 1510, 7346, 2746, 7593, 8533, 6221, 4050, 9108, 3921, 6243, 3178, 8435, 3045, 8305, 9527, 7552, 3158, 2099, 7529, 602, 5494, 1057, 1748, 7619, 9149, 3019, 4686, 1259, 6504, 150, 7074, 7131, 9859, 9575, 7013, 1468, 3931, 7348, 6452, 7917, 6563, 3049, 825, 1618, 3734, 8469, 8508, 6355, 6999, 8144, 3451, 905, 5349, 9793, 7540, 6484, 6665, 1751, 2056, 3909, 10000, 9268, 4336, 5874, 163, 5483, 1730, 6247, 1781, 4717, 8747, 5987, 3614, 4010, 1125, 5882, 7643, 816, 4673, 9213, 6142, 7807, 1721, 1017, 1264, 8750, 9032, 1046, 3626, 5016, 8346, 6725, 3125, 314, 5213, 4023, 9777, 7075, 7212, 689, 3422, 5828, 6775, 5939, 9434, 8538, 156, 4529, 6078, 3500, 4002, 556, 5843, 5415, 3107, 1395, 1828, 1721, 9467, 4713, 2495, 7191, 4315, 2204, 628, 7677, 8002, 4789, 4989, 5603, 6654, 2466, 1387, 7625, 7093, 2694, 2626, 5240, 2427, 6448, 1186, 5917, 7450, 2655, 4380, 8195, 7522, 8828, 7155, 4751, 3099, 2685, 3813, 9354, 1729, 3349, 6690, 7430, 9178, 9088, 2301, 9759, 3058, 3320, 3227, 3450, 2625, 726, 5999, 508, 4619, 162, 7423, 6435, 2798, 1547, 7138, 8015, 368, 2078, 378, 5214, 6652, 8458, 3722, 9808, 982, 9072, 1071, 0, 9684, 7965, 2755, 7404, 3493, 6237, 499, 4100, 3470, 3951, 7965, 8089, 5165, 3140, 8991, 6363, 7048, 1198, 4011, 3244, 4494, 4522, 9786, 8104, 8807, 8074, 5436, 4845, 777, 4678, 8803, 3176, 4877, 2595, 1583, 8834, 7146, 7372, 7856, 1861, 9160, 8366, 7835, 6725, 7205, 2696, 3450, 1086, 6673, 6780, 2905, 6269, 5368, 2863, 8147, 9970, 1488, 2996, 8023, 7913, 8928, 4557, 6611, 5879, 6109, 8473, 3431, 6265, 9156, 8913, 373, 2828, 380, 8868, 1629, 5122, 6238, 798, 6879, 6828, 1714, 8139, 7820, 8140, 2161, 4458, 1884, 8444, 484, 4518, 7216, 9028, 9919, 3570, 6610, 3956, 3433, 8409, 8723, 1908, 4904, 4107, 1041, 5512, 5081, 4222, 5371, 5359, 4345, 6861, 327, 1017, 3624, 7564, 9229, 2938, 839, 8039, 2923, 6130, 5453, 3132, 5246, 3991, 4259, 2844, 5996, 2018, 4909, 1405, 7819, 8217, 8530, 5003, 1588, 7857, 353, 5265, 2481, 8295, 7555, 2520, 3571, 2705, 6963, 9887, 3634, 2257, 7483, 1074, 7046, 2639, 9526, 4385, 1275, 6294, 7553, 9730, 4114, 2654, 1674, 500, 9135, 4710, 1616, 3639, 6950, 1508, 9949, 1923, 5069, 1851, 2361, 8383, 114, 6162, 9843, 8435, 3860, 1407, 6762, 5929, 2898, 5341, 7788, 6713, 3069, 5353, 140, 1006, 4429, 9534, 7021, 7386, 8801, 7127, 4414, 6337, 1371, 3973, 2966, 2277, 3882, 2298, 2291, 5265, 4032, 8753, 5662, 7260, 8959, 1633, 1409, 9313, 5260, 2361, 3946, 8761, 9846, 5938, 6720, 5858, 4086, 3911, 1348, 9592, 3451, 2228, 4628, 8008, 3934, 1640, 8095, 2061, 6589, 3339, 9447, 3217, 9747, 7843, 317, 8725, 5351, 409, 6247, 5897, 8776, 119, 3072, 3127, 1334, 7817, 6324, 4388, 1514, 8414, 8251, 7956, 2357, 5076, 7775, 803, 3685, 9574, 3809, 3339, 3188, 8687, 4102, 9145, 9563, 7443, 5375, 6293, 3010, 3042, 40, 118, 1206, 6814, 8023, 7224, 4286, 7121, 4785, 9408, 265, 8596, 4041, 2440, 6186, 9654, 5240, 1043, 816, 3228, 7458, 6223, 6423, 863, 9435, 2967, 373, 9178, 4056, 4075, 7791, 1986, 591, 7022, 5033]
List Size: 8000
Insertion Sort Time: 3383.084300 milliseconds
Merge Sort Time: 34.973100 milliseconds
Built-in Sort Time: 1.105500 milliseconds

Original List: [7517, 3258, 7023, 2359, 7978, 5104, 6278, 8813, 8564, 9175, 3328, 8197, 4712, 5442, 6950, 8331, 6039, 6513, 6175, 554, 511, 3201, 1145, 644, 4732, 2543, 6111, 2906, 9726, 984, 5730, 3449, 3303, 9743, 7881, 2137, 7724, 6321, 8540, 1438, 43, 6607, 504, 8677, 7437, 4345, 2294, 2929, 7085, 8877, 3093, 7706, 6725, 3788, 3509, 1254, 3215, 5132, 5335, 909, 6073, 2332, 6869, 4996, 4493, 235, 6043, 7014, 6232, 598, 7559, 9992, 2370, 6865, 5448, 6974, 3510, 9548, 8934, 4518, 6500, 6174, 175, 9414, 8473, 5552, 3591, 4752, 8552, 1249, 9249, 96, 5365, 2446, 629, 1580, 9078, 4152, 4003, 7720, 7676, 3161, 1772, 5799, 8805, 3999, 242, 571, 9040, 2930, 8143, 2907, 9507, 4137, 8813, 9995, 8263, 9344, 8007, 3935, 3289, 10, 7475, 9924, 1815, 3946, 4835, 3126, 4985, 3045, 3049, 2119, 3391, 615, 7092, 7921, 3945, 1055, 1832, 7857, 2157, 5221, 4201, 6158, 3662, 9712, 9706, 522, 8790, 9390, 2470, 7369, 5302, 5468, 6387, 9297, 2044, 4696, 1857, 9358, 7136, 5573, 1389, 4513, 9029, 8829, 5113, 3358, 5390, 7105, 8379, 8495, 7439, 5258, 684, 3400, 1158, 991, 9108, 5720, 7933, 5853, 239, 1152, 2335, 470, 854, 2811, 8274, 2561, 76, 1579, 7001, 9034, 9048, 2851, 4680, 7117, 1917, 2240, 5052, 9843, 6510, 6332, 535, 7052, 2147, 3939, 8653, 5839, 7340, 8092, 8605, 5500, 3690, 8207, 9115, 2705, 5329, 7123, 7462, 646, 7001, 3517, 6038, 4569, 6210, 3442, 8119, 8128, 7545, 8934, 5790, 4130, 9671, 2612, 5618, 1132, 4199, 5411, 5587, 8957, 9936, 8957, 2496, 7953, 5086, 9294, 4751, 2644, 709, 9970, 469, 5479, 2872, 1388, 2894, 5609, 2981, 7956, 1813, 9262, 9752, 3768, 3118, 6233, 4844, 787, 7306, 9154, 9254, 690, 7497, 8168, 3824, 5541, 8206, 6956, 2313, 6612, 4613, 7587, 6466, 118, 528, 3364, 1666, 4428, 9381, 5991, 425, 9267, 1704, 1816, 7064, 6490, 2152, 1251, 7765, 8713, 1360, 2054, 9235, 2422, 1401, 3933, 8464, 814, 3890, 2368, 4318, 7016, 5081, 9940, 8504, 6002, 743, 3363, 2588, 7557, 3691, 9276, 4508, 8765, 7374, 9131, 4979, 3215, 8938, 7255, 7496, 1318, 5893, 3518, 3232, 6581, 8535, 3823, 8753, 8089, 6100, 7497, 4243, 8796, 7651, 1487, 4237, 9863, 8629, 9314, 2036, 7723, 3600, 5934, 3549, 9652, 2684, 8277, 9709, 2323, 4096, 3714, 8376, 4810, 8639, 4289, 5424, 4777, 4485, 9829, 5636, 7410, 3894, 6184, 8199, 2880, 7976, 9243, 8814, 8589, 9769, 2718, 2465, 1971, 8091, 3932, 5667, 6802, 4373, 8864, 2814, 7174, 1667, 219, 2229, 2685, 5864, 6083, 7916, 7436, 3672, 8875, 1260, 6799, 489, 6212, 5527, 5419, 4416, 9592, 4899, 5810, 709, 7757, 9559, 9207, 6616, 2652, 8796, 4470, 7797, 8664, 1153, 3549, 2692, 9804, 6991, 4303, 7592, 4618, 8261, 8371, 7967, 8437, 6876, 9811, 3638, 4524, 8596, 6356, 9248, 2942, 1362, 5170, 6609, 5153, 7761, 9084, 9355, 5232, 3906, 3508, 8886, 621, 9210, 3162, 5617, 5560, 8049, 4023, 9874, 4255, 25, 4481, 793, 3846, 8150, 3075, 8788, 7723, 2223, 6791, 488, 6352, 3353, 9120, 1532, 5450, 8692, 8705, 9676, 9544, 585, 859, 5871, 263, 4992, 6915, 9950, 3903, 6593, 5138, 2402, 5946, 3508, 7128, 2408, 2335, 2639, 8168, 4638, 7674, 6316, 1046, 1799, 2332, 9536, 9239, 1269, 7616, 3544, 5551, 7019, 5280, 4315, 463, 1630, 2840, 7413, 3392, 3728, 4095, 6671, 6627, 3706, 7764, 9613, 9287, 564, 2759, 657, 1533, 6361, 5229, 8767, 6273, 7617, 6745, 1747, 7857, 8975, 8443, 4480, 3609, 8089, 5356, 8771, 1331, 7631, 6168, 9905, 7335, 2348, 4830, 9932, 6056, 5253, 475, 4509, 2764, 9891, 6923, 4342, 7046, 4592, 1560, 804, 5533, 6126, 8798, 1404, 6989, 195, 6285, 9642, 2726, 5912, 1445, 9778, 2609, 1284, 7753, 6169, 9806, 3117, 3924, 7650, 7468, 1314, 5206, 1764, 7657, 439, 6475, 3784, 9425, 8630, 1717, 861, 2007, 472, 9523, 3644, 1125, 5697, 2509, 3062, 1229, 3129, 9409, 9755, 8643, 3924, 4168, 2196, 5505, 5654, 8481, 7682, 8028, 6386, 624, 599, 730, 1653, 5784, 703, 814, 6444, 7248, 8736, 2984, 7681, 6294, 3271, 5971, 3465, 1618, 4244, 2276, 1712, 5262, 9409, 7016, 7622, 1716, 6725, 9240, 5533, 7458, 4203, 3711, 7599, 954, 829, 9643, 4245, 1928, 7920, 7942, 7249, 5148, 3121, 7463, 2310, 3783, 2930, 7148, 7548, 4825, 5246, 3800, 7271, 2705, 8383, 6389, 5963, 7767, 7568, 7146, 5332, 5569, 6597, 9034, 257, 2177, 4310, 1902, 3714, 1596, 1720, 4479, 263, 4936, 2887, 9559, 830, 6210, 8030, 9140, 6707, 4324, 5450, 1891, 4138, 1350, 3360, 2800, 8074, 1870, 1397, 2544, 6117, 8716, 948, 2813, 8996, 8135, 9066, 7790, 8428, 5328, 2985, 5327, 6011, 713, 4789, 4457, 4083, 9445, 3693, 3644, 3957, 7688, 7680, 5564, 4077, 8436, 4310, 4384, 7885, 9458, 4287, 2976, 413, 2728, 6146, 2736, 6936, 8864, 172, 6017, 3522, 619, 221, 801, 3128, 8427, 8470, 5881, 6434, 7562, 5446, 5119, 2663, 8956, 7848, 6022, 2820, 6928, 2624, 4020, 6862, 6135, 9550, 7943, 4880, 1230, 1747, 8216, 5810, 5806, 3939, 521, 2340, 4055, 314, 6145, 6864, 1191, 8996, 3383, 9919, 4458, 1270, 1378, 7598, 9526, 6875, 9432, 1188, 4124, 6144, 3041, 2168, 237, 9152, 5843, 6005, 3235, 2750, 6383, 4797, 3380, 8422, 5107, 7694, 114, 8873, 3861, 6858, 4774, 3544, 7825, 8658, 634, 5685, 6950, 6938, 5133, 6175, 8875, 6765, 9469, 1176, 7786, 2894, 1760, 6077, 8036, 909, 9593, 2513, 6545, 2883, 5444, 6731, 800, 7719, 7860, 9284, 246, 3865, 2689, 9347, 1914, 6588, 6226, 821, 5160, 8324, 9332, 3545, 7981, 5387, 7594, 3018, 4604, 8250, 3756, 4874, 7743, 7860, 6921, 8743, 2277, 7920, 5979, 132, 6201, 1315, 1013, 2604, 7554, 9349, 5628, 7931, 7403, 7503, 1890, 902, 5870, 1152, 4937, 7498, 1371, 8018, 2200, 8744, 6003, 2498, 2477, 7079, 6049, 9305, 8412, 1030, 1747, 6193, 6113, 6523, 796, 1079, 7681, 9909, 2015, 6719, 5199, 8551, 8328, 6909, 3411, 5696, 4723, 3264, 4680, 3476, 528, 2230, 7805, 8503, 9574, 9417, 8225, 4706, 5780, 4127, 1054, 7435, 2163, 1196, 7210, 760, 2045, 9657, 3754, 4321, 8944, 8080, 9919, 8050, 5392, 4558, 7186, 4771, 7870, 9867, 7183, 2451, 8917, 7665, 672, 2967, 584, 5829, 5515, 4683, 6503, 5646, 702, 3952, 1072, 3008, 7680, 2569, 6768, 7223, 1708, 5811, 7832, 7668, 6807, 869, 6932, 4911, 8728, 8190, 9136, 703, 3095, 2745, 8462, 71, 44, 1343, 2795, 4255, 70, 919, 229, 1826, 9607, 2837, 3797, 8415, 8200, 2631, 1565, 7470, 9671, 7669, 1373, 267, 6337, 1599, 3131, 4301, 2264, 5952, 333, 1524, 4046, 8897, 9988, 426, 9502, 8298, 1281, 3857, 3874, 4357, 5281, 9516, 2088, 5562, 790, 5019, 9056, 145, 496, 6271, 2717, 5190, 8290, 1617, 6842, 9285, 3758, 707, 8125, 7383, 8039, 2887, 8909, 1506, 1583, 3252, 3542, 9325, 7767, 53, 4857, 5886, 2758, 868, 6846, 5437, 9358, 1182, 8274, 408, 12, 3965, 1972, 8004, 1074, 8594, 2301, 3522, 8830, 2628, 7156, 64, 4772, 3580, 1182, 240, 4217, 7625, 4501, 155, 3386, 6119, 9982, 402, 197, 5894, 144, 605, 7164, 5630, 437, 3084, 6776, 3805, 6487, 1734, 7016, 7784, 7088, 8203, 4863, 5829, 1799, 3174, 3127, 1667, 3334, 9439, 8603, 6418, 1148, 8536, 9256, 1940, 248, 1880, 3094, 4771, 3888, 4700, 9579, 4201, 9237, 5986, 2677, 196, 4050, 8209, 7669, 9660, 5509, 9759, 2218, 8291, 2537, 2729, 2105, 9627, 1102, 6983, 9797, 2018, 8308, 5978, 7935, 5116, 4448, 4400, 637, 2668, 9870, 7478, 8617, 3904, 1112, 134, 1060, 1026, 2230, 3520, 5920, 3725, 6469, 7056, 8899, 1054, 7324, 4174, 5492, 7725, 9301, 3770, 1942, 3628, 8754, 1536, 8251, 6631, 1990, 4595, 2080, 6547, 1946, 7672, 1803, 8447, 798, 778, 3378, 5389, 8023, 2586, 6197, 2248, 2868, 7207, 1112, 7429, 7124, 261, 310, 3987, 9030, 6386, 6301, 7766, 4276, 2810, 7096, 3693, 3597, 7485, 5513, 4652, 5496, 2874, 8725, 6626, 7293, 8626, 3734, 9448, 9993, 7971, 8615, 616, 3805, 7084, 6549, 161, 7546, 374, 9255, 3337, 1237, 9337, 1092, 846, 9170, 3886, 5594, 1893, 4335, 4045, 9059, 5208, 8413, 1629, 9212, 2272, 5766, 9196, 7182, 6519, 7925, 6265, 7621, 3710, 8550, 4423, 3967, 7005, 9864, 6363, 9665, 8390, 9975, 7197, 5126, 7854, 633, 3234, 4320, 1771, 9926, 7190, 497, 1085, 7949, 5540, 764, 4360, 9126, 5346, 7855, 2207, 6264, 5913, 5541, 3200, 2443, 6246, 7117, 9914, 7831, 4137, 1382, 1106, 9055, 4695, 4378, 353, 574, 1252, 2316, 8293, 3951, 7876, 917, 4891, 4652, 2568, 1679, 4580, 3899, 8621, 6842, 7217, 5319, 7062, 7197, 823, 6520, 7089, 9421, 9544, 790, 9374, 8692, 3312, 950, 106, 4418, 2581, 6016, 6324, 6433, 1365, 6311, 3877, 9425, 1663, 6729, 5745, 7391, 6027, 6671, 2784, 3335, 601, 2267, 3774, 3412, 5367, 8726, 8815, 5562, 3408, 2519, 16, 474, 103, 5184, 3876, 2470, 9538, 5031, 5805, 5514, 8409, 3572, 243, 7361, 5976, 9864, 6040, 659, 7097, 619, 5278, 5726, 8086, 4814, 1177, 1616, 1304, 9640, 3744, 3674, 8582, 5126, 7817, 5376, 4851, 490, 1350, 7844, 735, 2324, 980, 9119, 151, 9526, 8462, 4856, 6519, 7140, 5759, 7700, 4148, 7297, 7537, 2578, 5016, 8891, 2357, 8995, 3125, 2515, 9491, 1234, 2163, 4140, 2252, 148, 4286, 2015, 593, 7833, 7277, 4051, 1612, 3212, 9155, 4623, 796, 8203, 136, 978, 7164, 5523, 1071, 5686, 723, 5965, 1583, 3570, 4493, 3413, 705, 6410, 105, 8065, 1899, 255, 5365, 8018, 1015, 9320, 3029, 9000, 2886, 3527, 648, 861, 2508, 4973, 6870, 7455, 69, 5054, 4964, 4672, 28, 8142, 3168, 9332, 8793, 8188, 2854, 174, 6791, 4765, 6253, 9544, 2672, 1375, 9930, 5042, 5299, 9862, 4625, 3351, 7923, 2108, 4738, 7714, 2077, 5161, 2494, 4445, 3194, 9867, 3785, 3814, 7755, 7703, 8125, 7144, 6128, 2718, 4968, 2923, 2674, 1409, 4929, 8405, 8005, 974, 6446, 1193, 3609, 6714, 9458, 7969, 8471, 2016, 5324, 5635, 9755, 4497, 2844, 6235, 8591, 1178, 9990, 3535, 311, 8768, 3813, 5028, 9989, 9234, 4525, 8447, 4982, 9208, 7655, 5800, 9202, 9893, 8247, 2934, 5943, 778, 7123, 9475, 6138, 767, 7529, 1591, 6031, 997, 4603, 9490, 9617, 8036, 8335, 1093, 1678, 1533, 4516, 779, 7571, 1074, 7225, 9846, 670, 6244, 3292, 6499, 7023, 8479, 1775, 9438, 521, 4116, 9131, 3804, 6414, 5607, 3437, 1435, 269, 363, 7076, 3187, 9817, 7772, 2417, 8984, 3531, 836, 5885, 2647, 7751, 2660, 5706, 7090, 6240, 7303, 5861, 8490, 2056, 3558, 8832, 5579, 834, 6986, 7697, 3752, 1791, 9157, 8890, 6378, 6110, 4215, 4042, 5413, 4035, 5711, 9899, 980, 7205, 292, 3662, 649, 8254, 3723, 3976, 3032, 329, 8041, 6473, 9959, 9492, 4751, 4102, 4955, 3156, 8854, 9715, 3302, 4562, 2312, 4979, 9661, 585, 2021, 7026, 5986, 3814, 7940, 5798, 3675, 8425, 4909, 1739, 8943, 7169, 5803, 324, 3725, 6343, 1064, 5449, 9455, 1239, 4710, 2015, 7995, 3664, 8506, 2221, 3068, 5784, 3233, 3026, 6621, 1205, 6830, 6665, 1582, 50, 4622, 5965, 1351, 2598, 7774, 3395, 6509, 841, 5452, 4250, 161, 8480, 5832, 6316, 6851, 6840, 9318, 4160, 687, 1872, 4656, 6367, 6075, 8444, 8816, 7396, 6448, 8994, 9274, 1461, 5986, 1200, 3823, 6037, 8288, 3704, 2680, 4438, 1878, 7793, 170, 7986, 7273, 1463, 9705, 3520, 8488, 8666, 3849, 9212, 6945, 7949, 7106, 4070, 8778, 1952, 5560, 2383, 3734, 840, 4357, 4624, 2108, 2494, 9057, 9256, 7196, 5559, 2861, 9848, 4160, 1473, 196, 1132, 2694, 2246, 6956, 86, 5375, 5517, 4234, 3340, 9169, 7681, 9271, 9519, 8142, 4046, 9869, 426, 1481, 2808, 9677, 6315, 7166, 6470, 6176, 3490, 9975, 5681, 7574, 4546, 6858, 448, 7958, 2560, 3484, 251, 7809, 8993, 7075, 2369, 1888, 9671, 2140, 2106, 5213, 1143, 548, 9722, 7232, 5396, 3940, 2091, 2843, 974, 8386, 8748, 1507, 9524, 2161, 424, 3464, 882, 9015, 1141, 9653, 7625, 8034, 3216, 2476, 3362, 9596, 9205, 1722, 3209, 4571, 6845, 342, 3384, 3897, 9100, 765, 6788, 9425, 8632, 2989, 4157, 5756, 9580, 6392, 7913, 5389, 4474, 6575, 2673, 5102, 4830, 6139, 2649, 9842, 4582, 7347, 4699, 5873, 3060, 9983, 2616, 3887, 8710, 3637, 7467, 661, 2468, 2687, 961, 5557, 1152, 1090, 3176, 7144, 6667, 7096, 5926, 6369, 395, 3360, 1628, 4524, 5743, 7107, 397, 5300, 7588, 3761, 9565, 7739, 2426, 7890, 4665, 3366, 4281, 884, 5550, 2564, 9097, 7396, 2236, 6762, 4901, 4517, 607, 8523, 4906, 6632, 429, 3512, 7841, 4352, 6819, 3406, 652, 398, 2370, 9834, 15, 633, 2421, 4557, 4327, 4195, 9362, 3336, 2732, 7402, 8870, 743, 3925, 2832, 7142, 7251, 282, 523, 8020, 8464, 8284, 2805, 1943, 3100, 2168, 8882, 9159, 9279, 9030, 8970, 3808, 9986, 3658, 9324, 7142, 6681, 7730, 8650, 9173, 1587, 1380, 3991, 2449, 6855, 8006, 9209, 7456, 7876, 1363, 4631, 1545, 2957, 4455, 6316, 5376, 739, 8082, 2231, 8269, 5044, 425, 6033, 9226, 2627, 7866, 9201, 2523, 2321, 8219, 1790, 310, 5283, 8798, 7223, 1212, 4884, 9061, 2585, 8552, 5, 3155, 1949, 3753, 4800, 5854, 5389, 8283, 2638, 4122, 6154, 3165, 8237, 1926, 6779, 5889, 8097, 3243, 1406, 3051, 2525, 2913, 955, 5177, 9572, 9817, 2468, 4897, 8087, 7768, 2821, 9284, 1560, 434, 4321, 6713, 731, 6073, 3587, 3515, 7752, 2591, 1495, 7028, 7022, 3461, 4414, 4364, 2480, 2099, 695, 4767, 508, 6258, 1477, 4171, 6006, 4918, 4031, 6577, 3633, 401, 2633, 4232, 1529, 4057, 3608, 2714, 4931, 5809, 7171, 2932, 9231, 4589, 7797, 9772, 3298, 9112, 1245, 2006, 5675, 9047, 7232, 3508, 8679, 8481, 7790, 4969, 515, 2384, 2646, 6446, 1647, 7852, 1213, 4059, 9641, 9378, 2745, 6433, 2604, 1702, 7128, 8690, 5272, 7104, 7638, 8622, 2068, 2964, 1877, 8555, 1654, 8762, 549, 7090, 3947, 745, 5781, 31, 2658, 3523, 4015, 8763, 2403, 4557, 6816, 8435, 5198, 2569, 3650, 5412, 3767, 6746, 5959, 2088, 7703, 8430, 4885, 3143, 3671, 3980, 5067, 3412, 8170, 7163, 9598, 6946, 3863, 7515, 793, 1164, 1654, 4979, 5769, 3914, 4955, 3814, 8116, 1750, 5912, 8969, 9264, 6441, 4417, 9934, 3862, 4207, 2237, 5463, 89, 5888, 1047, 5819, 9297, 7242, 1500, 9839, 2951, 248, 6718, 8067, 361, 2701, 5504, 1398, 7837, 4402, 658, 5292, 2019, 2821, 3409, 649, 3355, 3822, 2498, 1777, 2750, 7452, 2538, 517, 3735, 9004, 4364, 6922, 5099, 9594, 5927, 1570, 1191, 8048, 3584, 6473, 3043, 9182, 3847, 325, 2121, 6813, 9172, 3060, 3970, 1810, 2788, 5195, 2051, 4362, 4534, 4729, 6173, 6437, 3074, 5683, 1672, 9259, 8079, 3784, 3822, 6442, 7713, 1841, 3878, 354, 1296, 4806, 4256, 982, 2807, 4501, 306, 2225, 7034, 9062, 8627, 5090, 8999, 7003, 799, 7615, 9802, 8483, 2891, 6396, 249, 4950, 4585, 4672, 7233, 4640, 5605, 7520, 6495, 1173, 9331, 5378, 1306, 9190, 4878, 4237, 1787, 2908, 6516, 2094, 2210, 6406, 7631, 1463, 7480, 9733, 8659, 9775, 7456, 168, 9712, 3538, 3213, 1758, 3529, 8079, 6532, 4912, 8058, 9780, 8945, 8655, 5138, 6431, 4876, 8945, 3617, 7403, 659, 8954, 9971, 8952, 7618, 6070, 5873, 6413, 9846, 1239, 6389, 9618, 5552, 3738, 7686, 615, 224, 6284, 721, 838, 3788, 1023, 2618, 3562, 1178, 66, 8308, 3615, 473, 1718, 8916, 7572, 8599, 6247, 4524, 9856, 7948, 8860, 3059, 2230, 1409, 5000, 7361, 9424, 2456, 7445, 8864, 6065, 6605, 636, 783, 5182, 5719, 2235, 6483, 381, 8074, 3123, 5169, 9593, 3851, 8240, 1338, 5945, 8332, 6638, 2740, 6205, 1526, 9250, 1078, 8355, 7481, 7057, 2533, 155, 8412, 8376, 5689, 2236, 4468, 9848, 6210, 6390, 6387, 5053, 6858, 3469, 8040, 6031, 4638, 4736, 4486, 2754, 4054, 9893, 234, 2417, 2266, 9032, 611, 8409, 242, 9737, 4554, 6687, 4760, 2265, 2966, 6335, 7071, 6012, 6318, 1574, 9098, 5511, 3271, 187, 8589, 4186, 2109, 1392, 2467, 7215, 2411, 4778, 5984, 1482, 2279, 5178, 2290, 779, 2961, 8713, 3627, 5387, 796, 1380, 1546, 3961, 2882, 1610, 2498, 2233, 4413, 2073, 3393, 4019, 7529, 2991, 8744, 6870, 5432, 3243, 7138, 2498, 5885, 606, 6076, 7571, 6346, 6182, 3939, 3334, 3609, 642, 6110, 6187, 187, 7829, 5641, 4257, 4451, 5929, 1440, 2152, 6545, 3334, 6102, 4771, 796, 3290, 6627, 9204, 2282, 3877, 1794, 757, 4501, 5716, 7979, 5800, 5843, 7031, 8894, 9498, 3716, 5909, 273, 856, 5078, 408, 7224, 2609, 8648, 2057, 8505, 8476, 1838, 4557, 9893, 3994, 1827, 4225, 3488, 6208, 5140, 2793, 3264, 5997, 89, 944, 1376, 9122, 1419, 5365, 2051, 1942, 591, 1135, 7078, 7472, 4728, 1899, 3980, 6807, 75, 6597, 3193, 590, 3674, 516, 3723, 6447, 6624, 2328, 1105, 3829, 3027, 3074, 8857, 5757, 9403, 6736, 765, 3909, 9672, 4358, 8942, 2063, 8736, 9161, 9501, 571, 5132, 983, 4186, 165, 4895, 2640, 7598, 7982, 558, 6241, 9768, 2337, 9650, 4225, 3808, 4087, 8107, 6671, 8685, 8572, 9754, 9775, 6768, 8200, 2284, 6443, 9191, 3003, 1963, 2516, 2330, 321, 2322, 9620, 1340, 6400, 5509, 67, 6320, 1040, 3319, 9440, 9073, 5499, 2353, 7278, 9511, 7179, 6301, 7374, 2202, 2143, 1429, 4879, 3430, 9160, 4900, 5227, 3699, 6057, 3083, 6095, 6947, 8916, 8242, 7866, 7714, 7334, 3555, 8586, 5697, 1140, 8104, 9279, 6647, 7378, 1921, 8043, 634, 1412, 135, 3853, 3149, 7153, 8958, 5079, 2407, 4558, 7492, 4835, 6333, 6620, 7153, 3395, 5474, 9465, 7091, 8515, 846, 2108, 2779, 1860, 9626, 9981, 9965, 5826, 8751, 6814, 8290, 9919, 1930, 1803, 1496, 320, 9951, 4250, 9443, 696, 9863, 311, 5115, 6654, 7699, 3159, 4863, 9696, 6636, 3162, 6435, 2902, 957, 7241, 8148, 2649, 7634, 2755, 4254, 7195, 2472, 2265, 5009, 4339, 3882, 5912, 6942, 9171, 6296, 2752, 5322, 3278, 4799, 7866, 796, 1285, 9564, 9604, 4243, 8905, 1941, 2617, 8152, 9922, 7319, 212, 4007, 5845, 7549, 8325, 2233, 2894, 3671, 4334, 2110, 5667, 1890, 2112, 5066, 4482, 1193, 8711, 789, 9211, 3570, 4302, 4345, 4691, 6772, 7397, 1922, 9973, 3442, 97, 272, 5981, 5230, 5764, 231, 4592, 6228, 9344, 6584, 2682, 8086, 3658, 3594, 8399, 1067, 7011, 756, 692, 1184, 5262, 7223, 4351, 7262, 732, 1810, 6875, 299, 8017, 8515, 7006, 3749, 5427, 7488, 7329, 6037, 5787, 9071, 751, 8465, 8451, 4110, 8222, 9740, 4708, 6355, 2031, 9654, 3707, 8510, 5658, 5446, 3668, 9163, 5544, 5194, 9075, 6576, 6676, 2287, 717, 7653, 8604, 8527, 7345, 1187, 9381, 7560, 2544, 7182, 4438, 315, 1745, 8674, 860, 9897, 3605, 5112, 5364, 5699, 8275, 1934, 408, 4158, 6018, 531, 6612, 9602, 8427, 598, 6773, 5765, 9571, 3458, 9769, 6969, 8296, 2944, 9192, 9993, 3331, 644, 14, 2464, 5255, 1597, 5884, 6653, 8434, 8321, 7269, 9932, 981, 758, 9254, 1460, 6039, 3960, 594, 3526, 8301, 1594, 8411, 5223, 8886, 1968, 4143, 3644, 163, 9866, 4646, 8512, 5289, 2021, 1370, 8794, 5342, 7985, 9633, 5714, 736, 3169, 5906, 8931, 363, 1355, 7951, 1383, 723, 5913, 6627, 4524, 7974, 6067, 4082, 9173, 6518, 7328, 7692, 1120, 9699, 1319, 1315, 8706, 3925, 4628, 2832, 322, 7490, 8400, 8607, 227, 6559, 3156, 1272, 9541, 8103, 5151, 8898, 3338, 4782, 123, 3915, 3341, 8744, 4624, 9584, 2557, 6841, 6342, 9385, 7146, 3549, 4804, 5334, 8657, 8998, 4881, 6454, 2430, 3095, 1265, 977, 4034, 634, 5363, 5834, 7554, 1291, 2755, 2188, 6397, 6849, 5348, 2870, 7799, 9823, 3813, 9445, 1173, 7534, 2004, 7448, 2644, 7287, 399, 4366, 5426, 7746, 8326, 2140, 6826, 7179, 567, 7191, 6605, 9730, 1848, 6746, 560, 6487, 9706, 2252, 4312, 5375, 5158, 4943, 13, 8180, 182, 6134, 7871, 3423, 141, 4663, 1912, 8467, 4593, 5488, 6202, 8401, 7826, 2876, 4742, 380, 7800, 4079, 92, 3676, 4210, 7159, 2883, 7683, 9031, 8105, 871, 5288, 8643, 7382, 4806, 4360, 3340, 4045, 3526, 3597, 5983, 7120, 2228, 211, 3804, 36, 2484, 1954, 1818, 6930, 3997, 8884, 9903, 7960, 9023, 4790, 52, 3758, 4789, 2729, 3138, 4292, 7254, 6336, 6239, 604, 3147, 8128, 2522, 1361, 6404, 4812, 185, 5808, 5588, 9884, 31, 4632, 8023, 1946, 5186, 1253, 7615, 1819, 5349, 9258, 6949, 7881, 3319, 5114, 8975, 5248, 5874, 1267, 4525, 8702, 514, 3066, 4504, 3909, 4080, 2421, 5726, 8644, 7845, 4376, 2772, 8106, 701, 426, 9402, 889, 7456, 4856, 7655, 9040, 6708, 6264, 3805, 4066, 609, 1149, 7167, 6398, 7172, 7765, 8150, 1262, 1618, 9642, 5342, 9759, 3526, 4569, 2653, 3176, 5699, 2276, 67, 2779, 2504, 90, 2023, 4375, 9330, 9589, 1533, 266, 6783, 3641, 2443, 4986, 7784, 8763, 8423, 2332, 5133, 4587, 2019, 6696, 8073, 126, 7854, 2594, 3267, 8482, 7800, 3172, 96, 2337, 817, 751, 9764, 838, 7011, 9486, 8769, 4477, 5438, 132, 6233, 1741, 87, 3729, 6556, 9025, 9285, 1211, 200, 5361, 4738, 2949, 3347, 9320, 3251, 7074, 3710, 4458, 8642, 5188, 8459, 5646, 1338, 3157, 9812, 5199, 1799, 5451, 357, 5526, 1060, 7111, 7018, 297, 5590, 1131, 9632, 5947, 3808, 6001, 532, 9107, 9216, 8694, 650, 2568, 7586, 2120, 5365, 5098, 6352, 461, 516, 4096, 6779, 4967, 5928, 3651, 9818, 3568, 3072, 7852, 9703, 2087, 7386, 508, 9386, 1160, 6179, 4589, 2098, 8869, 493, 8266, 5603, 7628, 2650, 5781, 9015, 987, 9895, 9462, 3073, 1024, 4024, 3931, 8019, 6009, 2596, 6131, 6556, 9379, 6727, 8929, 7473, 4209, 54, 9383, 407, 7022, 9045, 3992, 4747, 2925, 2680, 8687, 2123, 8348, 5066, 2610, 7003, 576, 411, 6979, 1565, 5499, 3909, 7772, 4159, 5437, 6794, 1230, 3942, 6765, 1873, 7969, 2547, 9684, 1801, 9803, 4543, 7722, 8531, 2421, 9470, 1243, 2193, 8226, 4675, 2816, 9884, 6471, 8973, 7030, 1243, 2620, 888, 3653, 9632, 1935, 2095, 4477, 5330, 1152, 4051, 6669, 8683, 4366, 4835, 1496, 9732, 8417, 223, 8221, 521, 9887, 7526, 7517, 345, 7630, 3443, 1243, 5845, 2153, 8082, 148, 7105, 9386, 8069, 5087, 215, 1921, 3235, 8056, 8912, 4336, 6059, 7614, 5634, 1745, 5738, 328, 1575, 1728, 2494, 6594, 9092, 6256, 220, 5055, 5646, 4759, 770, 9436, 107, 1733, 8689, 7138, 546, 244, 1263, 5877, 4748, 6824, 6749, 3690, 962, 1397, 3089, 5097, 5045, 3325, 8479, 3961, 2053, 9055, 5337, 1026, 3731, 9775, 8872, 2478, 6156, 914, 7365, 7509, 9391, 5611, 3131, 6237, 7342, 2511, 9, 8634, 3035, 5072, 6228, 1513, 692, 1078, 2353, 1495, 4916, 2415, 351, 5849, 7853, 2824, 9903, 1189, 3240, 4435, 3667, 4205, 2588, 8659, 4330, 4076, 5594, 7243, 5107, 5537, 3846, 4230, 3040, 5586, 9740, 2259, 3198, 6372, 840, 5092, 877, 7680, 8668, 5003, 7590, 919, 1080, 5163, 7319, 4785, 9193, 4666, 1267, 8229, 4355, 7762, 9165, 88, 7958, 6537, 9534, 4931, 3201, 2726, 2073, 7537, 7241, 8679, 2495, 5674, 1734, 3642, 2183, 2107, 2452, 5264, 8714, 1072, 3513, 5473, 4859, 6595, 6222, 4732, 5194, 9410, 7312, 2056, 8711, 3818, 8035, 6940, 9816, 4241, 6121, 1885, 6980, 9230, 3958, 4158, 274, 5049, 7466, 9238, 7692, 9348, 6652, 8946, 7720, 6088, 4414, 7557, 2597, 5120, 3781, 4439, 6791, 4061, 2522, 4986, 2370, 8160, 1761, 1947, 5129, 2511, 952, 334, 120, 3841, 2795, 2432, 5449, 4036, 3278, 2861, 4590, 8636, 3330, 9781, 1430, 1126, 165, 594, 1392, 6439, 9035, 4374, 6546, 8346, 450, 7736, 6747, 8916, 6370, 6445, 8263, 4383, 5779, 7803, 8447, 1462, 1357, 2097, 9683, 8752, 2032, 603, 2326, 707, 4749, 1666, 829, 2298, 2606, 6554, 5500, 2753, 3236, 6939, 5483, 8406, 1054, 1114, 3022, 1053, 8917, 8283, 3423, 5476, 5381, 6426, 2819, 9056, 9783, 9105, 3809, 1595, 618, 6721, 610, 893, 1456, 4561, 5269, 7236, 3390, 4641, 6609, 7199, 123, 3305, 881, 9957, 8242, 5774, 3643, 6329, 4384, 3592, 6423, 1875, 8465, 5274, 1687, 7278, 7255, 3216, 9974, 4484, 9708, 1988, 8795, 2816, 3993, 7531, 1283, 5969, 7730, 730, 319, 5933, 1424, 5750, 8503, 8133, 7481, 5808, 469, 2634, 6700, 3454, 7378, 5566, 3047, 9413, 6807, 6396, 1166, 9782, 9631, 5672, 4582, 6391, 3476, 7542, 4569, 9526, 1474, 343, 1577, 9602, 891, 3074, 9160, 4099, 1865, 3740, 2980, 6094, 2300, 1691, 1068, 5800, 1187, 3113, 9815, 3625, 6192, 1469, 3956, 9821, 7308, 4091, 3238, 8607, 7008, 4002, 6470, 5793, 9088, 3793, 9854, 5129, 9241, 6855, 5938, 4821, 5731, 2278, 3524, 6522, 5159, 4787, 9118, 3773, 3019, 4686, 9580, 7429, 1634, 9213, 5445, 5638, 9942, 4995, 2754, 505, 3276, 1283, 6126, 5369, 2123, 2619, 104, 8958, 7504, 7367, 5809, 1129, 7605, 1554, 3632, 7418, 3427, 9867, 747, 7058, 4857, 6149, 1189, 8373, 5236, 9391, 5036, 1742, 2673, 7957, 4801, 716, 3662, 6573, 1105, 1113, 4536, 4765, 3666, 8043, 3550, 7276, 4542, 2773, 9551, 5970, 1384, 5715, 9522, 3820, 4470, 1176, 6471, 8593, 1296, 3550, 3251, 3963, 5952, 1813, 9334, 7699, 4837, 4992, 8469, 7039, 8840, 6239, 5868, 6868, 6120, 8333, 4162, 862, 6524, 7228, 6158, 6623, 9153, 5632, 9225, 9546, 5833, 9649, 2104, 8439, 6389, 2830, 4876, 3188, 5747, 177, 7390, 5992, 7256, 6378, 6338, 1925, 8605, 4069, 9636, 9908, 5441, 9460, 656, 6202, 3126, 7966, 8545, 9538, 9183, 3360, 9235, 9400, 1362, 4401, 6095, 9786, 9822, 2853, 9322, 5794, 4289, 9660, 5691, 3073, 68, 5948, 7497, 5461, 7189, 5409, 8307, 5927, 8654, 6542, 2999, 6298, 2374, 404, 6461, 4088, 4624, 2924, 3111, 6876, 9962, 7297, 4873, 8063, 3128, 4073, 5761, 51, 8866, 6130, 4379, 427, 1893, 6590, 9507, 125, 9470, 9330, 4406, 4742, 5974, 775, 9190, 7586, 2645, 341, 4310, 7706, 3400, 7830, 1879, 5400, 3396, 8604, 698, 3581, 8098, 3828, 6396, 8840, 534, 1856, 9181, 446, 249, 4834, 6239, 1063, 7519, 1047, 5703, 4724, 8592, 5028, 4212, 7863, 8499, 4995, 7912, 606, 3449, 4538, 5518, 2132, 5316, 210, 3097, 427, 5578, 8515, 2143, 7013, 5682, 226, 9330, 8638, 7963, 1559, 4815, 5403, 8377, 1822, 8074, 6976, 7383, 158, 7882, 929, 8700, 3172, 4082, 4575, 5521, 7334, 6345, 3130, 4676, 5722, 2941, 2280, 9439, 3854, 724, 6476, 4430, 8745, 2504, 8167, 2606, 3859, 1454, 1581, 3710, 7360, 8963, 2039, 1291, 205, 8955, 5891, 6560, 2925, 3695, 6158, 4231, 5420, 2523, 3703, 4212, 3189, 3086, 1227, 3223, 8163, 1616, 5312, 8205, 9015, 3756, 2997, 5537, 622, 3564, 4154, 7712, 1611, 9814, 2962, 2342, 3189, 7288, 2989, 4452, 9337, 1995, 4919, 5889, 1965, 3471, 8804, 5867, 2768, 9148, 3684, 7725, 6967, 939, 5425, 4818, 1492, 598, 8416, 2344, 3746, 9213, 4838, 3190, 6877, 9451, 7742, 1866, 9531, 3852, 9222, 5856, 2183, 5383, 3430, 9037, 6219, 4058, 9402, 4413, 5724, 9848, 7931, 6732, 9808, 1948, 935, 7403, 4860, 5524, 1466, 5994, 8195, 5281, 5436, 7401, 2200, 3307, 5290, 2288, 7100, 7204, 4045, 6142, 5551, 1481, 6050, 6085, 5413, 3031, 9089, 753, 843, 569, 3992, 6293, 1626, 8085, 8239, 5266, 5366, 5318, 5151, 9264, 5639, 1242, 2359, 3400, 7937, 1664, 4036, 9729, 5450, 7462, 9076, 6396, 9606, 4458, 2267, 8424, 8157, 3373, 1844, 7065, 326, 3659, 1109, 7561, 2753, 5872, 8694, 7350, 1571, 8499, 8135, 7248, 2343, 8882, 8290, 7067, 8097, 9437, 634, 2899, 8673, 6477, 8472, 9784, 4974, 7559, 3515, 3809, 1819, 3262, 4120, 6278, 1135, 6777, 3643, 1280, 6717, 4733, 9434, 9059, 2627, 3689, 6469, 6009, 4331, 9080, 8653, 3456, 9022, 249, 8919, 1797, 1048, 2868, 2426, 5874, 4936, 6371, 1679, 3422, 8931, 3003, 6631, 3235, 6652, 8688, 6254, 5112, 2599, 5084, 1860, 2977, 7130, 3576, 9282, 9632, 9504, 663, 4758, 4458, 9275, 1011, 1245, 583, 3585, 3482, 5587, 9987, 8964, 4506, 9156, 9909, 7423, 8533, 9045, 4444, 4771, 6598, 4477, 297, 1389, 7244, 1109, 4968, 4999, 8848, 5723, 8075, 2310, 8189, 93, 710, 7584, 4438, 6438, 4716, 3786, 7845, 3823, 2762, 896, 1752, 1751, 6117, 4376, 8222, 6639, 9314, 7555, 9451, 8520, 4087, 7934, 3269, 7276, 1495, 1570, 4693, 4036, 2426, 127, 9074, 6257, 3030, 2100, 8496, 8778, 4718, 7913, 7285, 6037, 7776, 5607, 8453, 8110, 9067, 1287, 7289, 5097, 7696, 2970, 9870, 8260, 4129, 1779, 5692, 9611, 7742, 1050, 7571, 3484, 8968, 6499, 9805, 5918, 6142, 3664, 7762, 2367, 9262, 4771, 1992, 4434, 4123, 3513, 2191, 9918, 3926, 7262, 7530, 2059, 1285, 7744, 4167, 4356, 8196, 6595, 1108, 1573, 6256, 8217, 5737, 5589, 1286, 2773, 5033, 6959, 1100, 2317, 8305, 7882, 4352, 8688, 4480, 2553, 1634, 9185, 1007, 9649, 7669, 8366, 1245, 6790, 2575, 4807, 2525, 784, 6791, 6505, 8507, 7632, 120, 4126, 1140, 5236, 3793, 3332, 6116, 4329, 4569, 932, 3471, 8753, 5012, 6284, 1523, 8119, 6021, 357, 2767, 6532, 87, 783, 7788, 6038, 5501, 7053, 2714, 5131, 1885, 3261, 4067, 4710, 5719, 7515, 4759, 5320, 923, 8831, 2950, 8139, 5933, 9556, 6332, 184, 345, 770, 711, 2387, 641, 7110, 9769, 2613, 5209, 360, 154, 6801, 9755, 3015, 8725, 3416, 1740, 4919, 4364, 8712, 6574, 4629, 2221, 2210, 7890, 1440, 2426, 357, 7392, 8822, 3508, 8696, 3976, 5077, 1289, 1640, 4776, 6458, 5817, 3636, 8576, 5417, 1699, 3256, 729, 1293, 673, 3021, 4399, 6094, 2332, 5634, 101, 9709, 8356, 831, 8929, 2346, 5540, 1216, 2587, 7945, 9122, 7972, 1805, 1303, 4447, 3096, 2647, 7911, 2757, 15, 5041, 2249, 5849, 745, 3047, 5432, 3733, 4135, 4365, 9424, 8588, 6569, 179, 9229, 2863, 7238, 5664, 1849, 8959, 9087, 6971, 8659, 1781, 7282, 4287, 1117, 1560, 1815, 3235, 1672, 2937, 1480, 9433, 3350, 7048, 6829, 3606, 4393, 6012, 4817, 1419, 4406, 4211, 4842, 8337, 3929, 9654, 8810, 9293, 9842, 3063, 2431, 5668, 7396, 2523, 48, 2958, 5821, 689, 1262, 8913, 6114, 231, 4969, 9322, 6051, 4995, 6234, 2100, 7234, 8256, 2263, 9777, 125, 4173, 2855, 2177, 1844, 2674, 386, 1237, 6407, 8354, 304, 1672, 1730, 1448, 6704, 5613, 1171, 9293, 8890, 8028, 3590, 1299, 3153, 4486, 5989, 1781, 2700, 3533, 3015, 9284, 6372, 8526, 4239, 6767, 160, 3250, 3426, 322, 1563, 9901, 5524, 5343, 995, 958, 1143, 4413, 9274, 7457, 9626, 188, 9521, 6338, 2841, 7049, 8781, 5732, 2199, 9518, 1679, 9819, 6434, 9544, 5363, 3586, 2634, 7718, 5523, 5780, 1940, 7397, 8951, 7952, 2075, 3222, 4951, 1417, 3939, 59, 4486, 6008, 9031, 3664, 4583, 8136, 31, 4462, 474, 6367, 959, 9213, 3173, 2939, 5799, 3797, 3949, 601, 2027, 8129, 3608, 8519, 5007, 5, 9398, 8453, 1280, 4273, 9681, 2912, 6115, 876, 3333, 7591, 3757, 3178, 8280, 8906, 3983, 1426, 6770, 9952, 9685, 411, 773, 4675, 4981, 8167, 2697, 7747, 6799, 8667, 4049, 3193, 9254, 1524, 1366, 5780, 6998, 7929, 8387, 6108, 9742, 7308, 1988, 8684, 9279, 6417, 6726, 3761, 5343, 6577, 1231, 4680, 8865, 6045, 9315, 1844, 317, 5604, 8000, 3529, 9133, 8788, 706, 2659, 6320, 8697, 5975, 6906, 5240, 769, 4382, 326, 6145, 7876, 3801, 7092, 2184, 2433, 6156, 2603, 1644, 5599, 2485, 7534, 317, 7855, 2907, 248, 7600, 6588, 6520, 3811, 9791, 5015, 8713, 7168, 1287, 2448, 8732, 6088, 9428, 5714, 4651, 8085, 2371, 6717, 7023, 1688, 4053, 1281, 5674, 151, 4652, 1730, 8282, 2298, 1526, 3437, 933, 242, 4000, 9315, 3226, 6040, 7396, 4622, 6948, 7908, 3541, 7770, 8667, 9927, 9236, 6923, 5857, 9253, 8362, 3552, 3531, 1559, 8613, 7708, 7177, 6391, 8597, 6967, 9346, 2435, 4572, 4473, 5387, 1906, 627, 8094, 445, 1687, 4031, 6274, 2644, 4371, 8707, 3379, 601, 5382, 4861, 1453, 5022, 7442, 517, 8448, 1956, 2630, 4760, 7205, 9544, 4763, 4093, 2462, 760, 5820, 6539, 2764, 3350, 2244, 8640, 2436, 5714, 7357, 1479, 219, 2879, 2731, 1872, 3636, 8080, 4554, 5100, 6476, 7033, 2936, 475, 904, 172, 3900, 9480, 1623, 1767, 4446, 9849, 3816, 8912, 9617, 1091, 4010, 4177, 398, 2003, 2647, 6254, 3314, 3018, 2013, 2187, 8244, 5129, 7416, 418, 5593, 4875, 7613, 3332, 9676, 162, 1819, 7096, 20, 699, 2756, 4412, 5632, 3757, 764, 6528, 7861, 2205, 1137, 7705, 9844, 8595, 7130, 2655, 4203, 2915, 1235, 1752, 7489, 8796, 2669, 5050, 3958, 9049, 9200, 1459, 4082, 2297, 4471, 9248, 9519, 4834, 437, 1162, 193, 698, 9892, 9731, 7477, 3649, 8527, 7097, 5492, 5586, 7247, 8310, 9696, 7315, 4008, 8671, 6123, 4245, 6607, 9307, 5215, 5913, 3809, 9326, 7414, 1858, 2458, 9508, 5648, 2351, 4956, 1074, 3024, 644, 9776, 8732, 3155, 9131, 3292, 5260, 163, 9897, 9756, 1565, 3774, 4497, 450, 3436, 8426, 4497, 5712, 8793, 2627, 9264, 2264, 6559, 1195, 3114, 996, 4048, 5647, 5684, 1567, 3533, 9251, 2537, 3873, 4439, 3289, 6877, 5295, 7849, 39, 9413, 6674, 9158, 865, 98, 4857, 4344, 1584, 1916, 5102, 4113, 5451, 4414, 869, 634, 4286, 6418, 2813, 5228, 3792, 4023, 8271, 842, 9116, 7801, 9877, 7607, 551, 8433, 306, 3025, 3463, 9003, 1426, 4217, 1041, 1471, 9738, 197, 1303, 2462, 8498, 9798, 1355, 830, 8312, 7617, 7107, 611, 5208, 6133, 6809, 9132, 5220, 8124, 8617, 1394, 4106, 3050, 6111, 7497, 5435, 6537, 6827, 4992, 3860, 3460, 8816, 2798, 8165, 2752, 5820, 1363, 6931, 2936, 9694, 6347, 2668, 1549, 1655, 9322, 353, 5974, 2541, 9705, 753, 5994, 1329, 6835, 1704, 340, 294, 6518, 3783, 2097, 9092, 952, 4875, 2874, 4206, 8380, 3294, 5295, 5649, 1739, 7055, 6495, 3811, 3140, 2750, 5407, 5771, 9466, 6618, 2981, 1112, 6734, 6583, 6836, 171, 1642, 9363, 1790, 9144, 1681, 5950, 712, 7597, 592, 6714, 3648, 9677, 4880, 8204, 2395, 833, 3423, 9872, 9804, 3472, 5142, 8558, 8358, 9948, 2558, 2726, 9604, 254, 5885, 4369, 9943, 5782, 2442, 5557, 8750, 7790, 2831, 1101, 7655, 5012, 7720, 8024, 3998, 2408, 5100, 1797, 6421, 4014, 9230, 6969, 1036, 6937, 1300, 8878, 1665, 7437, 4411, 7943, 8055, 3872, 7590, 4376, 724, 75, 9702, 5082, 3215, 3662, 6193, 6409, 9290, 9973, 3650, 3401, 5236, 6732, 8180, 2924, 9264, 3996, 269, 3476, 9409, 3716, 4252, 1353, 1958, 5611, 1499, 9468, 9229, 599, 6678, 5872, 2392, 3666, 5214, 9264, 1606, 9202, 242, 3613, 6269, 283, 832, 5802, 6916, 5232, 2415, 116, 4664, 2266, 2116, 7297, 4430, 1510, 5701, 6002, 7517, 2396, 6772, 582, 4742, 1849, 1518, 4556, 5194, 1808, 4206, 9693, 6722, 7410, 6718, 9244, 5834, 8014, 9851, 6584, 3165, 1818, 3140, 9940, 5302, 3777, 8694, 4880, 9273, 852, 9074, 6797, 6631, 4937, 7366, 9534, 6609, 9091, 9761, 2933, 7787, 4261, 3920, 7001, 7148, 2090, 9946, 5092, 3621, 7266, 417, 3955, 5467, 2022, 4138, 6169, 1974, 7648, 5432, 7573, 8791, 501, 114, 3000, 3118, 1059, 5167, 795, 5656, 3959, 1918, 8561, 9017, 5866, 6738, 4220, 229, 6537, 7994, 5121, 4021, 6595, 6615, 4580, 6754, 5360, 9767, 8689, 6507, 1844, 9774, 9810, 6509, 2283, 1352, 9722, 1337, 7766, 4308, 6299, 8218, 9607, 9534, 1287, 9922, 7840, 3197, 1082, 7669, 8465, 4680, 963, 495, 1651, 8482, 4220, 3036, 7209, 2326, 5007, 413, 9919, 2909, 4557, 878, 7067, 7833, 6107, 2279, 4837, 4115, 3935, 3569, 5863, 9121, 6070, 7473, 659, 6588, 3081, 9796, 5159, 9759, 9647, 9895, 2743, 887, 157, 7174, 1551, 8721, 9702, 4342, 4478, 136, 1221, 6413, 4551, 6179, 9360, 9511, 7324, 8127, 2988, 3545, 9787, 7854, 3853, 1495, 7226, 7941, 1177, 1021, 9851, 1154, 5500, 4255, 2150, 1153, 8655, 7846, 3918, 5285, 5760, 4018, 8999, 6105, 883, 5567, 5199, 6901, 7185, 5303, 5069, 1291, 7759, 2647, 9190, 6577, 870, 7846, 3140, 2763, 2821, 4491, 2854, 6249, 2220, 2217, 8886, 1177, 7106, 3092, 7242, 3022, 7931, 5344, 9090, 1531, 8593, 7133, 5914, 9764, 4383, 548, 9806, 1757, 9091, 5124, 7855, 7110, 1515, 4225, 8150, 1362, 2008, 1420, 1914, 8155, 388, 7543, 3163, 4488, 834, 5218, 5123, 8753, 374, 7193, 6151, 9074, 8127, 1462, 143, 8388, 8234, 8883, 5223, 3649, 936, 4146, 1302, 3449, 9189, 3084, 1783, 4657, 6951, 1780, 3393, 4642, 6852, 4089, 3148, 3722, 2326, 3196, 512, 9485, 892, 3819, 2704, 2725, 1611, 3549, 8682, 4199, 6467, 2725, 2460, 6284, 1022, 6571, 1510, 4222, 4993, 9800, 4201, 8591, 8086, 3028, 3674, 1235, 5271, 9933, 2026, 9358, 2503, 6092, 6822, 3849, 4135, 8829, 8321, 8624, 7712, 3644, 6441, 3041, 8191, 7266, 8034, 7483, 5066, 6705, 8831, 7545, 4143, 7918, 9778, 5749, 4626, 1159, 4302, 2561, 9647, 9202, 5517, 6907, 9210, 8392, 6471, 3078, 8110, 4428, 1323, 6322, 7208, 8739, 2264, 7414, 7279, 8011, 1477, 5714, 4542, 5003, 2678, 188, 7913, 2330, 1581, 7755, 2569, 4520, 2350, 4664, 2861, 7073, 8895, 2576, 2623, 5225, 6825, 8737, 2673, 8581, 3262, 571, 7015, 5193, 8830, 7168, 2734, 9068, 7366, 3438, 4246, 8396, 721, 8199, 5023, 6115, 2311, 2661, 4553, 624, 8299, 4832, 4306, 2182, 7662, 1957, 6855, 9450, 5903, 9784, 4234, 6523, 7906, 3926, 4763, 9416, 8235, 9431, 6128, 451, 2803, 2666, 9660, 9770, 6666, 8663, 786, 4153, 5872, 4567, 1019, 6029, 6399, 7354, 1335, 7769, 509, 2915, 3270, 3899, 881, 4556, 250, 4185, 4577, 4036, 7816, 1090, 9905, 5658, 6968, 1035, 1663, 9613, 9379, 6130, 3717, 7106, 5874, 6123, 448, 6795, 6226, 1295, 4294, 7186, 7508, 1445, 5168, 5704, 7855, 6696, 3971, 9217, 2882, 502, 787, 2429, 5972, 1129, 2532, 5402, 5129, 9340, 9617, 6394, 8307, 414, 6412, 9855, 5448, 7449, 4166, 1680, 6340, 1301, 7333, 470, 9896, 3981, 372, 5284, 5976, 1773, 4527, 1979, 6875, 5629, 1997, 1222, 9497, 402, 7115, 8001, 2490, 92, 3678, 3612, 3820, 4168, 4705, 9528, 1762, 7523, 9470, 1483, 6843, 6675, 1883, 1887, 1856, 2015, 482, 9314, 2928, 4366, 7737, 7183, 7271, 9470, 8111, 7977, 9518, 3908, 6938, 1370, 6916, 8636, 4609, 3065, 4601, 2905, 6448, 1498, 8125, 6481, 9035, 5550, 6596, 9151, 2285, 9377, 1774, 254, 9626, 6952, 2203, 6129, 9081, 3463, 3202, 7643, 325, 7701, 43, 8624, 2436, 14, 2762, 7431, 3233, 8563, 3550, 1405, 6786, 7394, 3896, 8870, 2486, 8208, 9292, 4633, 3150, 883, 8249, 7236, 4263, 2508, 6638, 6844, 923, 6689, 9556, 4142, 6980, 9825, 4659, 5789, 5623, 3730, 1452, 5368, 2214, 2127, 1923, 4436, 375, 1579, 3416, 4817, 6398, 7667, 873, 28, 1902, 6853, 3725, 6739, 7823, 7314, 6204, 8965, 8628, 6025, 4328, 3281, 9608, 4271, 5043, 9756, 7005, 774, 7021, 3103, 8370, 3835, 590, 4469, 576, 9217, 7426, 8643, 3049, 1944, 4374, 2229, 2422, 2146, 65, 2654, 303, 5603, 2883, 7416, 6690, 8321, 5581, 8961, 64, 1813, 6387, 685, 5181, 2224, 4074, 8532, 3309, 194, 9035, 70, 8945, 6738, 9588, 761, 1555, 5636, 5118, 74, 9556, 6911, 6287, 8834, 3892, 7995, 3517, 9366, 4737, 5941, 4884, 8034, 8393, 6135, 6969, 762, 3038, 7658, 5846, 6367, 1001, 294, 6025, 5224, 1673, 2305, 4716, 295, 6859, 1949, 5550, 4031, 5169, 3149, 1926, 2688, 8629, 726, 7643, 9879, 2038, 68, 310, 6073, 9965, 9024, 5087, 7647, 173, 1388, 5346, 8071, 3691, 5312, 237, 6921, 3948, 9657, 5857, 8567, 7333, 4026, 8453, 4791, 8999, 8882, 2346, 4093, 7744, 2501, 7922, 244, 3262, 2419, 426, 8472, 9341, 6407, 5623, 2596, 7762, 7357, 7132, 3262, 8031, 6966, 480, 1937, 9291, 4254, 5144, 2340, 8912, 7248, 2802, 2493, 5667, 2784, 4388, 8295, 9368, 5335, 9248, 4203, 7862, 6270, 6663, 8894, 4398, 9989, 2830, 5210, 6131, 3669, 5230, 2651, 6956, 3725, 7806, 1647, 6997, 627, 3676, 7541, 2819, 8890, 6295, 4026, 3387, 9426, 7035, 2810, 1608, 368, 9667, 2181, 7637, 4582, 5419, 8283, 8526, 5634, 8360, 1090, 9999, 6289, 4034, 7164, 126, 1193, 6868, 2005, 4301, 2686, 4498, 1110, 3088, 6376, 7777, 247, 7706, 2357, 719, 7492, 4229, 3944, 3275, 215, 8103, 8589, 852, 8585, 1578, 6933, 9320, 9437, 4330, 6617, 1058, 5266, 303, 6739, 4806, 1727, 2738, 1319, 6425, 5585, 666, 5590, 4956, 5009, 9734, 8958, 3132, 6054, 3447, 4786, 302, 8629, 1321, 5526, 7403, 4904, 1262, 8257, 2305, 7086, 1453, 8154, 4731, 7576, 6097, 8192, 1372, 5992, 2442, 7708, 3730, 6331, 5679, 687, 6316, 6455, 7842, 7774, 9183, 8862, 1961, 6575, 188, 8682, 2082, 9645, 917, 5574, 5346, 3360, 4456, 4899, 6866, 5864, 2236, 7499, 2415, 4878, 7533, 6813, 8673, 630, 4115, 3142, 3934, 2692, 6506, 1002, 3163, 7026, 9765, 5338, 8615, 544, 2770, 8315, 6782, 8418, 5453, 4750, 676, 697, 2398, 881, 1702, 9388, 327, 4783, 3345, 8766, 2091, 1720, 6580, 239, 6193, 4995, 415, 6985, 3925, 3595, 1730, 5923, 2704, 1144, 7892, 1325, 4077, 9536, 2952, 5912, 3221, 4243, 2911, 8023, 8451, 7027, 1705, 8150, 6283, 698, 1315, 8157, 5171, 4822, 931, 362, 8322, 6345, 3486, 7416, 1253, 5009, 5281, 8754, 2908, 4808, 8201, 4784, 5393, 5424, 8491, 8353, 6192, 5633, 112, 2428, 1740, 3109, 4978, 9071, 7546, 8957, 4624, 9632, 2264, 2449, 8818, 1229, 6831, 3473, 2274, 462, 4806, 6358, 6857, 5117, 7661, 3403, 6168, 7081, 824, 9154, 276, 4408, 5572, 6744, 7172, 2648, 2833, 8574, 5038, 2727, 2838, 9724, 1780, 8553, 9671, 4520, 9412, 9943, 9095, 8668, 9131, 3586, 6466, 1958, 269, 3232, 6841, 9590, 2520, 2791, 6938, 170, 1178, 9968, 9846, 5450, 7251, 942, 3194, 8765, 399, 5360, 2970, 9566, 8950, 3272, 5795, 468, 9448, 7962, 9290, 1020, 2331, 3764, 8831, 5384, 8456, 6574, 7931, 2660, 8122, 2058, 6113, 9366, 7633, 5809, 9714, 8269, 7622, 7545, 1709, 4978, 159, 6583, 4344, 4982, 3701, 4435, 8302, 38, 1168, 8559, 113, 2406, 6880, 4295, 8802, 536, 191, 2177, 2785, 3037, 2859, 2519, 3106, 1653, 8005, 8792, 8935, 3869, 6291, 9014, 2152, 2685, 8376, 136, 4074, 9242, 6023, 6096, 9391, 8139, 5526, 1594, 6217, 2515, 8320, 592, 3200, 772, 1418, 2382, 8548, 7869, 6322, 5586, 892, 6535, 4450, 3227, 7132, 5465, 1244, 6607, 6770, 9225, 9014, 2495, 9677, 2444, 7158, 1563, 7965, 5971, 8887, 6092, 863, 6000, 4507, 5155, 5411, 4242, 7193, 6907, 4787, 674, 1440, 6010, 5011, 5947, 2954, 3878, 9443, 7823, 15, 2210, 342, 7864, 5409, 2043, 2818, 2259, 490, 4666, 156, 3099, 1322, 7035, 9387, 1800, 2831, 7578, 913, 6886, 7584, 6010, 8610, 8752, 3118, 130, 5201, 7811, 6744, 2190, 9612, 2400, 8582, 8906, 5027, 8600, 6177, 3086, 8734, 5108, 9811, 5134, 3379, 5526, 9484, 459, 1882, 1747, 8078, 4193, 3892, 6937, 9127, 4238, 7581, 7473, 969, 235, 8223, 5515, 5030, 9157, 9346, 8923, 2604, 5292, 7323, 801, 2717, 1840, 814, 7280, 9160, 3550, 19, 1304, 7168, 4464, 2726, 7201, 2164, 3429, 8529, 9215, 3790, 1998, 9710, 3296, 9831, 2652, 1774, 2550, 3555, 7443, 2792, 3869, 5811, 3711, 6932, 6451, 969, 9019, 9270, 1123, 7865, 5980, 9205, 5367, 7059, 9559, 9408, 6536, 1705, 900, 3139, 1686, 4620, 1517, 4600, 2878, 8550, 9957, 2601, 2500, 1059, 3475, 9093, 7557, 5601, 3893, 3131, 1018, 5526, 3095, 7992, 5960, 3867, 4785, 53, 122, 6774, 6683, 8395, 4302, 261, 2705, 7506, 6920, 898, 5543, 8773, 8690, 3549, 3033, 290, 9935, 6286, 1237, 6846, 9543, 1617, 2642, 2326, 4040, 8947, 5105, 8890, 4593, 6985, 8646, 9327, 1455, 2136, 2338, 1824, 9302, 4580, 4723, 7026, 1109, 797, 8575, 953, 9157, 2234, 9360, 2529, 2889, 8202, 7010, 1535, 4123, 4663, 10, 8789, 6848, 376, 7857, 2169, 495, 8487, 738, 9778, 776, 5598, 5561, 7564, 7239, 3518, 6714, 2016, 9657, 8164, 7877, 9017, 6859, 3121, 4548, 7390, 7553, 473, 1781, 6643, 8988, 5024, 1285, 4388, 4540, 5471, 4587, 1722, 3623, 9437, 5707, 9176, 167, 7402, 2081, 4361, 4464, 8749, 8885, 4564, 4501, 1896, 3932, 1692, 2297, 1574, 4953, 696, 6610, 6935, 6259, 5700, 9527, 712, 4176, 882, 5215, 4384, 3018, 3996, 7678, 2055, 5451, 538, 3369, 837, 4182, 8729, 6089, 7364, 7332, 6409, 1473, 2060, 5187, 9710, 6478, 5341, 6234, 3826, 6778, 6537, 5792, 1788, 8107, 9069, 9941, 3731, 378, 5895, 3340, 1079, 9509, 4709, 9659, 9541, 2991, 9076, 7985, 5077, 9334, 7696, 4903, 2672, 9891, 4136, 2578, 8468, 8755, 9162, 1880, 6918, 4759, 6774, 1885, 8423, 8459, 5612, 6077, 10000, 9598, 9250, 2964, 9877, 9370, 9044, 3872, 6870, 4588, 3923, 1353, 7515, 846, 9253, 6257, 6609, 3159, 6405, 3945, 9038, 6670, 6280, 8008, 2613, 8605, 1583, 9189, 3851, 6923, 465, 3637, 1077, 4888, 4600, 8898, 8707, 3690, 2866, 9159, 3803, 1059, 3702, 2931, 8362, 8, 8263, 5273, 6908, 8826, 7746, 9469, 362, 7148, 3963, 8899, 8739, 8040, 1650, 48, 918, 3406, 1781, 9555, 4371, 5219, 5688, 6930, 3309, 4430, 8887, 5208, 9678, 6246, 7265, 6981, 5179, 431, 1602, 3472, 2142, 6159, 7903, 2002, 8909, 2155, 2274, 1375, 2985, 4994, 5454, 4098, 3562, 2817, 943, 5567, 8855, 2249, 7698, 3953, 4444, 924, 324, 5741, 5265, 8816, 7370, 6505, 8289, 1329, 537, 3282, 2775, 4927, 6492, 8696, 9013, 9874, 7212, 981, 841, 6824, 3932, 7940, 8334, 8920, 796, 1244, 9019, 3073, 3938, 2610, 2356, 6721, 3963, 6823, 2390, 1111, 8946, 668, 3606, 1124, 8185, 6691, 5995, 4710, 5073, 2734, 4766, 9605, 8904, 3801, 7961, 6480, 1795, 9242, 1730, 2581, 4934, 2363, 5451, 8900, 813, 1174, 2640, 4710, 3991, 8937, 7756, 857, 3893, 8324, 6844, 3762, 9699, 2200, 3479, 9000, 5382, 9991, 5126, 100, 6637, 8413, 5714, 7861, 1635, 2080, 5912, 131, 3399, 4529, 322, 6032, 8212, 3522, 7111, 629, 640, 4441, 6268, 7758, 3569, 9321, 1800, 2156, 8947, 2185, 915, 6509, 9479, 8653, 7085, 2420, 1290, 91, 7912, 6487, 800, 8471, 8699, 2264, 3111, 183, 5487, 3591, 9361, 2473, 9220, 7324, 3647, 9284, 7813, 1461, 6073, 8372, 2704, 176, 8878, 4938, 3549, 6807, 7980, 2897, 7821, 6215, 3968, 3555, 1319, 2778, 7938, 6564, 9396, 3034, 9640, 1608, 8645, 6538, 288, 8425, 7112, 9889, 2731, 5414, 7446, 592, 1505, 6119, 4827, 6275, 8269, 4321, 6969, 3369, 8585, 8576, 4345, 5431, 9902, 5767, 5289, 9052, 8486, 6926, 2903, 7073, 6785, 1609, 1165, 668, 5621, 8435, 3357, 6527, 2017, 8854, 3455, 7251, 2518, 2904, 6366, 1138, 2549, 6448, 7100, 418, 7198, 2889, 9422, 6897, 3911, 9386, 4299, 5462, 6074, 4001, 2518, 8087, 7067, 1150, 2911, 6148, 5613, 5310, 5255, 4877, 6495, 7936, 3669, 2749, 9732, 5253, 9332, 9837, 1472, 5883, 1221, 3939, 2964, 9099, 462, 5623, 1359, 4521, 2395, 541, 8378, 6873, 1565, 3611, 4292, 6437, 1426, 3833, 8817, 9864, 3046, 2652, 6467, 6299, 1585, 4272, 23, 3704, 1164, 5457, 9079, 2231, 5318, 3050, 8302, 38, 117, 1878, 2091, 2166, 8364, 5050, 4162, 7305, 7470, 6100, 5672, 1904, 8787, 8604, 7051, 5323, 7985, 7312, 7028, 596, 305, 9061, 8812, 9275, 9748, 2166, 5386, 8890, 1134, 9045, 8838, 8358, 6713, 6415, 2734, 5718, 4722, 9417, 5023, 6434, 9297, 8919, 8768, 3911, 4318, 4362, 4879, 4097, 9719, 6487, 3236, 8366, 3130, 2904, 116, 7812, 1086, 1306, 3256, 5664, 1877, 3814, 3812, 6569, 4210, 9302, 577, 7194, 8785, 3936, 4398, 5243, 5787, 6224, 6971, 1694, 1884, 7534, 5818, 6727, 1626, 7427, 7880, 1847, 5697, 5730, 3640, 5280, 8468, 9226, 2525, 4688, 7532, 9866, 4662, 2413, 3567, 5471, 3433, 6133, 6132, 8624, 2543, 1419, 1591, 9543, 9318, 2773, 6370, 3994, 9300, 1792, 3819, 3230, 6617, 7566, 9483, 8379, 2507, 1711, 1158, 6326, 2570, 5958, 5376, 4118, 699, 7669, 4567, 9659, 6829, 9511, 8196, 6323, 9420, 6433, 4239, 6889, 1752, 7514, 1750, 6577, 5059, 6605, 9587, 8394, 1319, 4993, 9567, 1372, 5385, 9225, 8178, 9047, 3137, 4030, 1462, 401, 7309, 95, 1370, 2395, 5835, 8545, 522, 730, 6805, 2224, 9422, 2685, 3138, 7829, 4144, 6653, 2214, 5062, 603, 7193, 6095, 4516, 3620, 4655, 1278, 3424, 4255, 5327, 238, 5672, 5158, 5398, 7390, 262, 2096, 2817, 3594, 1618, 4269, 2296, 7245, 9882, 7588, 4704, 5769, 7831, 9498, 9184, 9244, 2123, 6071, 5404, 8391, 5920, 8318, 5407, 6845, 3545, 6437, 8064, 8532, 3387, 9747, 4244, 165, 5933, 5613, 5442, 9367, 6300, 1947, 440, 8269, 3835, 3776, 9872, 1352, 9828, 3244, 7069, 1374, 2733, 7027, 1597, 7841, 41, 9036, 3988, 9778, 9005, 2236, 1154, 2650, 3723, 7379, 4507, 6063, 8084, 2334, 6213, 2531, 6978, 7339, 2538, 374, 2504, 7765, 5787, 8510, 6637, 1707, 1754, 4620, 3363, 554, 7942, 2932, 5408, 502, 7706, 6240, 5429, 9562, 8158, 3560, 252, 6114, 8538, 312, 5083, 468, 4382, 5650, 7258, 236, 931, 9405, 2380, 6107, 17, 1079, 5499, 5170, 881, 7574, 3526, 5584, 4088, 793, 1129, 6276, 3594, 1516, 5144, 889, 4305, 1505, 8303, 2516, 6026, 6911, 2836, 2212, 5056, 3972, 5255, 2965, 201, 5444, 8815, 7636, 7344, 6983, 3497, 1176, 2392, 407, 9621, 3113, 2417, 9547, 5300, 4788, 3042, 1113, 7235, 948, 4922, 3766, 1706, 111, 3403, 1847, 9019, 811, 9671, 5560, 2930, 111, 1043, 918, 5979, 2995, 4993, 5881, 6697, 3420, 2119, 7513, 6404, 5492, 9788, 5, 5973, 9807, 1808, 5438, 9820, 3679, 7803, 9852, 6823, 9151, 755, 6068, 325, 8049, 6803, 4758, 7971, 3729, 9181, 2200, 8757, 1050, 677, 9979, 2901, 1646, 884, 6390, 6764, 7395, 5073, 4009, 809, 8081, 4806, 5666, 3071, 1631, 6399, 4651, 2553, 6545, 6528, 8762, 5045, 1205, 1660, 6169, 8259, 7979, 5076, 3761, 5367, 9035, 3719, 3221, 630, 8908, 4610, 7117, 3113, 9393, 8624, 6899, 5785, 9618, 7912, 9736, 469, 2991, 9630, 7769, 214, 8881, 5948, 6072, 7599, 5088, 3829, 1575, 1998, 3083, 1344, 2571, 4730, 9530, 2268, 3997, 5534, 8075, 2924, 7060, 5354, 1852, 3740, 658, 4703, 8466, 9259, 1698, 8914, 8372, 1231, 6686, 4619, 8208, 9532, 9756, 2758, 4480, 243, 3012, 6142, 3608, 6718, 1193, 8786, 2740, 2695, 5902, 1813, 5213, 4354, 1755, 9624, 9010, 1113, 6230, 6443, 8867, 3403, 4318, 5233, 7441, 3358, 3208, 1600, 655, 3698, 1423, 8627, 6554, 1162, 7218, 1769, 7867, 2641, 5250, 9546, 3551, 8516, 9036, 9773, 1703, 3902, 2646, 2511, 7691, 6149, 3121, 8599, 9223, 8196, 8070, 8381, 1166, 9441, 1450, 5882, 4635, 5014, 5575, 9196, 4459, 1624, 3809, 6042, 8192, 2811, 359, 9519, 8020, 2155, 1737, 7844, 175, 4743, 5894, 7504, 5251, 5660, 7692, 8415, 8696, 8667, 8650, 3419, 9565, 4041, 3208, 332, 3502, 4351, 4720, 8245, 3080, 1855, 3287, 5321, 4258, 7651, 9461, 1897, 6715, 2119, 8935, 956, 8302, 5166, 4731, 3864, 4277, 8446, 1181, 2164, 9873, 8567, 8204, 7091, 7325, 2950, 6291, 5895, 9564, 3025, 3189, 5240, 4548, 2386, 7784, 7880, 1676, 5497, 3543, 3783, 4083, 1507, 1322, 536, 5934, 2295, 6995, 7499, 6916, 897, 4602, 6917, 8011, 1079, 5091, 2734, 5250, 6832, 9619, 8569, 4221, 7511, 8909, 2267, 3953, 2062, 5000, 1655, 5020, 2974, 2802, 6066, 5727, 2051, 1794, 8586, 8417, 2956, 1912, 1510, 8585, 5448, 3881, 5532, 7401, 3453, 5059, 9535, 9773, 3881, 7786, 111, 2395, 4149, 679, 1122, 756, 6767, 9373, 5441, 6479, 4077, 3814, 7298, 4712, 5054, 9602, 8737, 9990, 6661, 107, 6314, 484, 6442, 2746, 5225, 2738, 6191, 2996, 113, 1323, 2771, 8309, 5971, 7322, 5652, 8597, 2455, 4615, 1321, 7216, 8567, 9323, 2177, 4493, 6136, 3537, 3967, 5025, 9898, 2551, 5893, 6696, 5842, 9373, 2673, 9514, 3460, 2676, 4755, 2529, 9682, 9521, 8340, 7243, 8253, 1650, 1303, 5280, 5405, 9395, 4139, 2244, 5689, 8698, 7129, 3587, 9123, 4182, 3024, 6516, 9448, 8150, 7407, 5164, 5323, 3407, 3321, 170, 3658, 9191, 3187, 4612, 6013, 6727, 8240, 4982, 3697, 8736, 2319, 9588, 9686, 2789, 1604, 6510, 755, 8433, 189, 4454, 9274, 6647, 7562, 1649, 8195, 9672, 8249, 8326, 6045, 1597, 4612, 6269, 2377, 6264, 4757, 2366, 9865, 1958, 6749, 8737, 3298, 2796, 4843, 6301, 4938, 7188, 9258, 2930, 3127, 5546, 2662, 7265, 6571, 8721, 7790, 2461, 1935, 4921, 6358, 9549, 7010, 4746, 9480, 5156, 7966, 5753, 6310, 4025, 6921, 2716, 8409, 4616, 885, 4267, 6014, 2771, 8735, 9318, 5335, 90, 6856, 1679, 8254, 7944, 2712, 8209, 6954, 4983, 8536, 5994, 3040, 3598, 7543, 3929, 1044, 5843, 5607, 8901, 1712, 6971, 3466, 3251, 7692, 2103, 5468, 4735, 1259, 7335, 3547, 5687, 518, 2624, 731, 9454, 235, 9006, 258, 2137, 7797, 3272, 4568, 8732, 1829, 9157, 6947, 2047, 7422, 1342, 439, 5585, 9589, 5980, 8675, 3294, 5439, 3899, 7432, 9032, 206, 6473, 447, 6137, 6191, 8486, 1383, 4684, 5911, 8813, 6069, 8815, 160, 4356, 9053, 7543, 1348, 1578, 7587, 6618, 5978, 7027, 3898, 3396, 8470, 9400, 9330, 7423, 1739, 4693, 3886, 4456, 5714, 5965, 804, 3408, 609, 1929, 2380, 6597, 679, 4515, 5880, 8016, 5058, 2015, 300, 2163, 7729, 9012, 4794, 4012, 2353, 3034, 8950, 902, 5436, 163, 6048, 9088, 2375, 4661, 3427, 6677, 3739, 5515, 2165, 7127, 6979, 78, 975, 4390, 8449, 1925, 2742, 5168, 6758, 1948, 2624, 7436, 5097, 8279, 7093, 9430, 3050, 7337, 9300, 3797, 8413, 5480, 3238, 8086, 2046, 6913, 6313, 8470, 2899, 8764, 9755, 4523, 935, 2073, 6296, 7143, 1903, 517, 6571, 3912, 2817, 31, 6594, 9861, 9385, 1177, 5463, 3435, 4982, 8972, 6682, 5894, 6941, 6073, 6074, 4249, 2484, 8246, 3307, 7121, 2576, 3296, 3259, 535, 8838, 2137, 7763, 5109, 4343, 373, 8753, 9545, 1548, 4147, 4211, 344, 1948, 4186, 3252, 8677, 7751, 1427, 7416, 2399, 9107, 7886, 6869, 1877, 9228, 297, 5818, 8354, 3664, 6361, 4592, 9935, 3278, 7635, 9525, 4365, 3272, 5793, 201, 6188, 1226, 1938, 1717, 287, 7446, 3474, 9293, 1445, 7230, 4668, 2955, 9197, 3254, 6327, 1587, 4895, 8312, 737, 4827, 6778, 6206, 7771, 3609, 6675, 3404, 977, 2214, 5379, 1881, 2609, 8860, 9362, 7616, 4613, 6040, 1974, 3718, 5959, 5365, 1166, 7927, 1146, 2420, 3656, 9762, 9243, 5183, 2062, 6390, 7582, 3881, 1224, 910, 5607, 6717, 2929, 7327, 9654, 7978, 9887, 4146, 8424, 9118, 8114, 9357, 9381, 320, 2356, 2854, 4841, 9173, 5272, 1467, 5737, 8080, 5062, 393, 9426, 7782, 4449, 1469, 5802, 1621, 4163, 3173, 3911, 5071, 1036, 4997, 6734, 7758, 8181, 4364, 4910, 3724, 3120, 123, 6607, 8822, 7052, 4623, 9774, 6683, 3498, 6176, 9305, 4183, 5562, 4802, 1223, 6228, 768, 4555, 7355, 6470, 5044, 2216, 4379, 4453, 4754, 184, 1766, 232, 5961, 1294, 1071, 4268, 2164, 3883, 5072, 4333, 1162, 7766, 3882, 9107, 4382, 595, 5016, 3580, 3169, 2629, 731, 4907, 5488, 6305, 8782, 1406, 6710, 2451, 1515, 3182, 1460, 8675, 1670, 6771, 5350, 914, 3513, 4208, 9537, 7541, 5266, 3076, 4197, 302, 4105, 4243, 9898, 4992, 8334, 2494, 9213, 6776, 5975, 1670, 2091, 6392, 8367, 5123, 7611, 9817, 4477, 1561, 7624, 5925, 6159, 2631, 7267, 66, 2584, 8149, 4137, 1136, 3300, 9928, 6912, 3945, 5276, 759, 8554, 4597, 9214, 8849, 9415, 7714, 7589, 3231, 7969, 7992, 824, 4732, 542, 5662, 8331, 4315, 8427, 5909, 2691, 1371, 879, 5176, 2142, 3246, 1115, 1789, 1095, 6816, 6565, 447, 9358, 2672, 866, 9607, 7036, 9795, 4979, 1731, 3681, 5094, 2003, 8438, 2161, 7717, 2016, 8989, 386, 522, 7694, 7348, 1801, 5953, 743, 9913, 7646, 9104, 5502, 6636, 2410, 5153, 7954, 9719, 2938, 8608, 4589, 3825, 7687, 1361, 9929, 329, 9018, 7391, 9576, 5641, 7145, 6544, 4949, 1111, 4112, 5982, 7716, 5551, 2266, 2909, 7900, 4603, 8586, 1117, 4922, 8279, 8849, 4224, 8783, 4732, 1870, 289, 7633, 9171, 9150, 5709, 8191, 454, 9610, 680, 260, 2729, 4574, 6596, 2987, 5836, 7238, 6107, 9979, 4895, 3781, 5292, 5847, 4899, 6696, 5360, 1153, 8236, 1138, 8332, 9330, 4620, 5673, 5114, 5641, 9962, 9374, 591, 3237, 9859, 2888, 8715, 8281, 7660, 1786, 8497, 881, 2903, 9689, 4841, 98, 7689, 9891, 9044, 9956, 5977, 1242, 7909, 5343, 4598, 8835, 2599, 6386, 5339, 4515, 6914, 2270, 4929, 9427, 1393, 2315, 2845, 6281, 5758, 7296, 6308, 63, 598, 3985, 7427, 3009, 3507, 5625, 7552, 9623, 8821, 7240, 9057, 3453, 1465, 5261, 5744, 9803, 5362, 5458, 7921, 6779, 9402, 2419, 6020, 2993, 2640, 4547, 1332, 5816, 1861, 7612, 8192, 5865, 5997, 392, 9099, 2522, 7074, 1149, 1448, 2906, 4020, 8744, 8528, 1537, 552, 4599, 6356, 1379, 3118, 9172, 9139, 558, 7029, 3721, 9311, 5389, 3306, 9194, 4878, 5444, 4742, 3663, 9013, 1915, 3194, 6943, 5696, 4574, 5672, 8246, 7131, 2221, 7012, 7770, 6355, 6280, 5599, 1564, 6062, 5995, 750, 1808, 9174, 587, 3494, 5835, 1140, 247, 5513, 2600, 6673, 3065, 4148, 6509, 6881, 2957, 3694, 6895, 4145, 2330, 621, 7672, 6154, 5643, 5716, 1157, 5070, 9275, 2159, 9730, 2327, 3112, 8055, 1527, 8565, 1330, 9040, 1942, 1727, 1303, 6419, 480, 397, 4152, 392, 4169, 7919, 333, 880, 7260, 7392, 4295, 3491, 4436, 7600, 7728, 3083, 9229, 4266, 3083, 2921, 5294, 5053, 5208, 9789, 5566, 6758, 502, 9367, 8002, 2228, 9393, 5382, 6651, 9410, 6987, 2201, 5578, 6763, 3789, 2929, 5154, 4836, 6933, 7191, 6011, 2585, 8201, 2816, 6153, 8738, 9807, 8412, 9140, 4030, 1647, 6653, 5965, 2730, 9886, 9942, 2345, 5433, 2369, 1944, 8575, 4953, 4541, 9596, 7757, 1512, 3096, 6360, 4740, 8436, 4253, 5654, 6401, 355, 6743, 8357, 1355, 4159, 8215, 4941, 614, 7936, 8340, 7274, 9890, 9002, 8427, 8013, 9985, 8901, 2561, 2324, 525, 8097, 8930, 3916, 1144, 300, 240, 7978, 1663, 9183, 2842, 8040, 8156, 1299, 6763, 2564, 2641, 3780, 9670, 7852, 2772, 8478, 1213, 5703, 8801, 5619, 49, 5711, 2697, 1694, 8996, 5037, 6612, 9142, 6906, 3004, 8797, 8969, 8285, 3290, 2717, 1986, 11, 6238, 1450, 6331, 5486, 3249, 192, 3230, 690, 9136, 260, 8211, 6547, 1446, 8402, 2106, 7208, 352, 3739, 2832, 6862, 9022, 5112, 625, 8776, 8223, 2305, 7318, 4938, 1124, 5089, 1799, 558, 1342, 687, 8899, 7311, 6700, 6993, 9331, 7024, 4232, 3947, 3691, 2405, 6772, 55, 7197, 6972, 3139, 4635, 3194, 6481, 5346, 7850, 8129, 1801, 7483, 6158, 8381, 5751, 9387, 5053, 1560, 821, 1902, 155, 1659, 4438, 6272, 5660, 8417, 3962, 635, 4507, 7885, 2037, 8830, 9677, 4733, 3919, 4296, 7518, 2786, 3896, 9572, 6378, 7935, 9193, 3218, 6325, 9652, 111, 4824, 5260, 5871, 7608, 5590, 502, 3121, 9703, 8312, 5546, 601, 192, 5420, 4292, 4545, 7551, 9720, 2597, 7441, 9723, 964, 2149, 4193, 5181]
List Size: 9000
Insertion Sort Time: 4773.841100 milliseconds
Merge Sort Time: 50.737200 milliseconds
Built-in Sort Time: 2.444100 milliseconds

Original List: [2071, 2716, 996, 9545, 6913, 7583, 9478, 992, 899, 3335, 5843, 3514, 5219, 7553, 7308, 5444, 5665, 3075, 7200, 3249, 5658, 3915, 4199, 5225, 6229, 472, 2421, 5902, 5446, 8104, 9671, 150, 916, 2709, 50, 9532, 8790, 1435, 5683, 8923, 1461, 3777, 3628, 1764, 4234, 312, 8020, 9, 4546, 9590, 5671, 3078, 3523, 6913, 2401, 9522, 4291, 3513, 2546, 7662, 6527, 9243, 3535, 1250, 1985, 8905, 5505, 7765, 8616, 5248, 5489, 9247, 8664, 8799, 9896, 4982, 9367, 9821, 6720, 7484, 8266, 7142, 5305, 1498, 9649, 7283, 5643, 77, 4421, 4432, 7882, 221, 2825, 5195, 409, 8412, 4185, 277, 2695, 6920, 3433, 9617, 9161, 5106, 8354, 2701, 8210, 4176, 3617, 9695, 6912, 2640, 8289, 3241, 5185, 6819, 6631, 3869, 7106, 7216, 8078, 2528, 7759, 969, 4396, 3442, 1016, 6105, 4521, 2041, 6285, 248, 2629, 5352, 9230, 5822, 4250, 5701, 826, 3986, 4674, 7736, 9361, 5386, 4824, 9845, 4540, 6613, 477, 3066, 4367, 8994, 1714, 989, 8930, 6192, 8018, 2033, 7216, 1365, 2406, 7057, 6507, 9044, 1868, 8377, 226, 2163, 1737, 9701, 5917, 674, 5796, 1642, 866, 6676, 9889, 5427, 8495, 8492, 5652, 5691, 126, 4766, 6159, 5004, 1234, 8843, 1445, 1194, 6185, 7991, 8181, 6747, 5194, 5363, 7758, 6826, 1454, 1398, 9854, 7634, 2771, 3828, 2568, 2251, 2420, 3094, 8292, 6255, 497, 4925, 6208, 1716, 5827, 2190, 8421, 7548, 1237, 4684, 8234, 7272, 5191, 6884, 1395, 3376, 4742, 5835, 4543, 1072, 5930, 6291, 6407, 6522, 5056, 2717, 6318, 5109, 8194, 3620, 6583, 497, 2192, 2186, 9779, 8555, 9209, 8918, 855, 7014, 935, 4122, 8615, 204, 7097, 9575, 8823, 5493, 7602, 1861, 2009, 8793, 2012, 7123, 9681, 4784, 8612, 3161, 1223, 2278, 1283, 7486, 2276, 642, 2118, 8570, 1163, 1011, 1750, 838, 7348, 155, 192, 2280, 3768, 2373, 4149, 8819, 8598, 9427, 1844, 6592, 3341, 6479, 4161, 5012, 5146, 81, 8359, 6672, 1661, 7179, 360, 2188, 8066, 8986, 872, 6300, 5706, 994, 4955, 5896, 9614, 6474, 1750, 3129, 8316, 9877, 6922, 3076, 4747, 5935, 2471, 636, 8562, 3001, 7633, 9477, 4861, 4744, 6512, 5378, 6778, 2274, 5791, 9556, 5402, 8555, 2232, 976, 4713, 1366, 7861, 1554, 1367, 619, 8877, 4008, 9208, 1855, 7005, 4353, 5891, 7806, 4662, 9380, 7336, 6536, 6538, 7319, 9515, 9240, 4773, 7388, 7380, 3579, 2780, 5363, 8920, 2155, 8700, 3320, 9040, 8286, 6866, 5352, 3245, 9195, 5523, 9687, 9469, 5448, 9884, 1598, 1537, 8554, 2232, 794, 2047, 7639, 2637, 171, 6960, 5689, 8959, 5208, 3691, 4243, 8887, 7131, 7205, 4968, 7989, 4096, 1406, 9659, 2779, 8797, 7901, 1903, 2182, 8839, 2642, 7014, 5081, 4107, 3012, 5585, 5974, 4838, 7294, 6385, 8918, 9750, 9909, 6463, 6505, 8482, 1527, 2778, 345, 4369, 91, 2312, 705, 5154, 3815, 4161, 5711, 5426, 8392, 817, 9928, 8821, 5927, 4963, 9492, 5155, 2672, 9459, 1897, 1177, 7395, 4797, 283, 4647, 9795, 3134, 2629, 3960, 8679, 1618, 2113, 2750, 2307, 9854, 344, 1763, 2295, 2249, 6241, 191, 6373, 6050, 6721, 5551, 6500, 898, 5893, 8870, 3709, 3868, 2750, 9303, 6981, 6300, 553, 7563, 8322, 4568, 6133, 6795, 9413, 1921, 4797, 3005, 9882, 4349, 4176, 6247, 4550, 2888, 121, 2158, 9400, 6775, 3053, 6732, 3283, 7808, 3329, 9957, 7694, 3012, 4712, 5886, 5437, 8876, 831, 9490, 5409, 148, 1471, 5201, 1172, 3066, 3177, 4485, 9908, 706, 4675, 2517, 2361, 3587, 1051, 1665, 3099, 8046, 778, 8735, 4861, 4269, 1400, 5682, 2666, 8084, 9326, 4778, 1410, 7837, 7301, 2072, 7587, 1034, 7444, 2819, 2798, 3908, 7259, 1859, 7385, 7586, 5463, 6356, 2991, 3796, 9631, 8901, 3402, 2446, 4892, 8709, 5047, 6867, 8847, 1361, 8201, 8845, 3168, 8689, 6964, 9581, 3950, 1668, 2492, 6494, 7237, 849, 7979, 3238, 6160, 4308, 3142, 5802, 8825, 8398, 8876, 3178, 3186, 2946, 9078, 7448, 9938, 9735, 7416, 8140, 2789, 332, 338, 6261, 5450, 502, 6100, 8848, 2659, 8271, 3209, 9468, 1182, 9368, 8278, 3914, 3658, 1277, 3717, 4022, 2282, 3728, 684, 3378, 5420, 2101, 975, 4160, 5887, 3071, 9787, 3298, 5012, 9518, 20, 862, 9881, 7041, 3797, 8688, 8247, 5370, 3575, 1591, 8302, 7414, 4391, 4709, 5085, 5474, 4848, 1736, 3249, 1587, 2506, 4280, 3817, 5091, 2311, 2637, 9295, 2919, 1581, 7949, 2484, 8532, 2655, 5862, 8510, 7143, 6088, 2761, 7599, 9772, 9677, 1953, 357, 9670, 4719, 1112, 8352, 5069, 3096, 2211, 7846, 4120, 895, 3321, 9369, 4435, 8024, 1542, 8866, 2851, 5224, 7391, 9892, 9244, 7122, 5346, 4063, 9365, 9338, 5971, 9661, 4957, 420, 8000, 3026, 9023, 5969, 874, 1747, 2630, 7565, 6570, 6658, 7565, 5958, 8450, 5826, 6597, 8640, 3131, 6482, 5291, 7865, 871, 3946, 8324, 8474, 3392, 2561, 1740, 5596, 9802, 6360, 8720, 177, 9367, 9495, 583, 8798, 274, 6261, 8387, 3619, 5962, 3066, 5734, 485, 1954, 2142, 7915, 3236, 9447, 2640, 2732, 6525, 1484, 5991, 4224, 4273, 452, 8126, 5858, 9004, 2427, 6237, 8476, 7056, 6313, 9831, 3102, 8759, 4390, 3678, 4801, 2546, 9712, 4430, 8149, 2390, 9291, 4933, 4018, 76, 687, 6504, 2916, 5317, 823, 2445, 974, 1567, 9087, 1620, 7094, 2120, 7812, 9826, 368, 308, 3968, 9142, 9655, 1956, 4512, 933, 283, 3085, 318, 82, 889, 1546, 9673, 6304, 6829, 3015, 6245, 3757, 9755, 2137, 9885, 246, 6976, 1662, 8231, 5327, 9396, 4959, 6457, 4130, 4357, 8072, 1996, 6781, 8342, 52, 5028, 2521, 180, 8096, 2623, 2669, 80, 20, 3387, 5260, 4725, 6942, 7207, 266, 9846, 5354, 6205, 3806, 2285, 1820, 7412, 2314, 3860, 1152, 7136, 5743, 2158, 5162, 5387, 575, 193, 5308, 5258, 8571, 219, 3797, 6642, 772, 1125, 5204, 3979, 1925, 1792, 5919, 9504, 8332, 1988, 8125, 4421, 7595, 4145, 3456, 1315, 6431, 2169, 8690, 6161, 5050, 5916, 750, 4901, 2667, 6647, 4137, 5339, 9604, 5786, 7823, 7127, 156, 9518, 9423, 8130, 3270, 1138, 6630, 8468, 184, 3261, 717, 7588, 1646, 6918, 5242, 3196, 3541, 8765, 7566, 7808, 2742, 757, 9242, 5616, 7549, 447, 2174, 1954, 1962, 8488, 5756, 5324, 623, 127, 5874, 653, 8329, 3254, 3997, 6375, 5873, 7729, 1280, 1859, 4420, 469, 8677, 476, 6527, 9079, 8194, 251, 4511, 3852, 6386, 133, 5906, 7666, 1038, 3243, 3233, 5936, 7262, 8882, 9364, 7393, 3965, 3980, 5570, 1422, 9637, 121, 7047, 391, 4896, 5706, 278, 3066, 6848, 8251, 5827, 1393, 6425, 2811, 6951, 4608, 432, 1508, 7244, 3798, 9444, 1388, 4855, 2253, 6475, 1326, 6027, 4087, 1641, 3813, 1897, 9557, 1975, 9125, 7778, 1219, 9258, 5800, 4658, 9147, 3177, 2328, 468, 4684, 2217, 4093, 3088, 9339, 550, 1889, 7170, 8501, 3621, 7557, 6522, 1552, 3927, 8493, 2021, 7062, 2369, 5880, 8594, 905, 477, 981, 3805, 9028, 512, 6363, 858, 3006, 3493, 6929, 1526, 4664, 7524, 3123, 9222, 2931, 345, 7872, 9638, 9631, 4235, 4962, 2113, 5458, 951, 8445, 8437, 4877, 1513, 7325, 912, 1737, 2439, 5601, 6675, 9182, 6238, 7009, 4424, 9275, 6929, 5222, 5787, 1442, 1989, 9074, 5378, 1974, 8515, 4009, 6923, 2803, 8540, 1514, 7232, 726, 6339, 7897, 4873, 4434, 3266, 9713, 9788, 1379, 2656, 5625, 6193, 4341, 739, 6487, 2951, 1609, 6937, 8578, 2483, 8186, 1546, 91, 1052, 2152, 6398, 3643, 3713, 4404, 7573, 9979, 230, 3119, 3643, 5955, 5009, 2720, 9928, 724, 284, 7448, 8198, 9517, 6043, 1989, 6833, 3416, 7516, 2715, 8788, 2131, 6542, 4627, 2001, 8144, 4263, 2388, 6821, 994, 8151, 6539, 7615, 77, 2073, 2504, 3507, 9042, 4583, 5912, 1377, 8463, 5643, 6724, 478, 4302, 26, 266, 94, 8003, 1668, 867, 9142, 6172, 3802, 3590, 154, 4259, 8729, 191, 6700, 4879, 4495, 1424, 3084, 8864, 6721, 7131, 6159, 9770, 3096, 7768, 6913, 9136, 6972, 7646, 2914, 8456, 2433, 1079, 5807, 3601, 1315, 8794, 7779, 8113, 962, 3674, 7646, 945, 5890, 8989, 7417, 5256, 25, 3569, 413, 5405, 4600, 9426, 6726, 1782, 8880, 2757, 6755, 1434, 6542, 3397, 4692, 6653, 1002, 1588, 4395, 1451, 5248, 1921, 134, 1209, 3934, 1349, 1879, 6897, 9525, 2362, 6102, 1582, 9819, 9915, 9059, 6982, 2442, 8253, 6514, 4036, 4391, 4829, 4307, 3797, 7205, 7910, 2041, 4741, 1498, 3188, 7879, 5577, 6477, 636, 160, 8523, 261, 557, 7093, 5791, 7978, 2769, 8235, 4126, 7711, 5793, 1921, 3051, 6043, 4148, 9813, 6106, 6105, 7477, 5482, 5853, 6288, 3485, 9388, 8024, 2705, 6667, 8657, 9154, 2678, 5972, 3951, 1101, 1603, 6683, 3528, 2258, 1951, 4865, 5170, 1244, 8961, 6764, 1032, 7707, 3290, 1623, 104, 3700, 8517, 3949, 4814, 4109, 3779, 5398, 6804, 3459, 9967, 7989, 3216, 1754, 5509, 9298, 5764, 3921, 2756, 3611, 2758, 5411, 4060, 235, 3190, 2473, 1643, 7094, 6502, 745, 8745, 4318, 3597, 8166, 7082, 4546, 1718, 1833, 8190, 3823, 9661, 5043, 6304, 8946, 675, 6955, 8595, 5763, 4763, 7187, 5425, 3266, 5469, 5542, 1144, 7617, 8935, 8833, 9718, 9707, 6408, 683, 3134, 7782, 1477, 5024, 986, 6224, 2936, 2681, 3983, 9607, 4678, 1120, 5797, 2372, 2968, 2591, 8657, 9473, 7630, 9158, 1265, 9401, 8660, 3442, 4750, 1596, 282, 7036, 4941, 364, 4084, 5291, 575, 2950, 5755, 9787, 135, 1382, 7322, 9725, 2066, 8148, 6505, 6385, 8729, 3911, 9102, 2557, 2266, 7032, 4696, 4401, 122, 7040, 4043, 3792, 5435, 3237, 4461, 8779, 7230, 1363, 884, 1187, 8458, 1481, 5085, 1623, 986, 731, 5462, 5288, 2043, 4763, 7079, 1467, 7706, 1044, 5625, 8404, 1516, 274, 8911, 2885, 3278, 1694, 4761, 5432, 2826, 5650, 9979, 1444, 3342, 7309, 5748, 2023, 3924, 5684, 5208, 2246, 7194, 917, 1925, 6524, 6280, 4854, 5458, 4012, 7692, 7705, 9517, 8963, 3964, 8292, 1275, 3223, 4988, 9201, 856, 846, 1995, 250, 1588, 6498, 9464, 6676, 6397, 2516, 4007, 6596, 3954, 4718, 3765, 1207, 9277, 888, 8773, 67, 302, 8824, 6089, 2275, 2402, 4864, 5706, 8553, 3279, 1785, 6529, 7224, 2148, 8111, 7264, 5549, 2106, 7292, 1093, 7500, 930, 6456, 3719, 2913, 4746, 7894, 8839, 9271, 5020, 1748, 3445, 3429, 8053, 8387, 2750, 8249, 1669, 3221, 745, 6350, 3260, 9604, 1716, 5518, 4217, 6232, 8880, 2788, 9769, 6961, 7345, 5943, 4793, 3388, 5168, 8839, 1849, 2047, 597, 6385, 8391, 60, 999, 4947, 9083, 6204, 3422, 2182, 512, 3639, 4415, 8901, 3224, 8202, 2752, 4064, 6509, 9571, 8277, 7375, 1009, 2357, 3640, 9371, 5967, 5792, 1324, 532, 6449, 5484, 7629, 2085, 3565, 7792, 8081, 9922, 810, 3142, 9414, 5679, 3090, 2672, 4196, 9144, 2836, 5212, 4786, 3849, 6203, 2089, 8685, 7233, 2722, 2208, 7402, 8794, 5249, 4210, 8011, 7974, 8096, 469, 7316, 6105, 1678, 3700, 5538, 5214, 7370, 5223, 911, 755, 818, 1345, 8644, 5857, 5455, 51, 688, 7979, 5114, 5411, 5449, 9902, 7104, 1201, 1904, 877, 6074, 1665, 1588, 8340, 190, 2720, 426, 9919, 9332, 1043, 9107, 9583, 7851, 5833, 3494, 829, 481, 6027, 6995, 3601, 6369, 2246, 3097, 8347, 7431, 5597, 853, 7594, 472, 3651, 1074, 8983, 3204, 3497, 620, 9791, 6853, 134, 9750, 1616, 2176, 8274, 6274, 9808, 7906, 1479, 5775, 4018, 8525, 1170, 6934, 7253, 3485, 6208, 2848, 4820, 9491, 3950, 1555, 8415, 239, 8258, 7444, 2084, 5347, 2949, 2230, 5839, 7854, 9627, 2118, 7516, 6169, 9323, 327, 9247, 672, 8826, 6292, 8825, 8663, 888, 8435, 9890, 857, 2170, 2753, 6800, 7569, 9127, 4270, 9035, 9680, 2457, 9619, 6735, 2568, 4320, 8947, 2026, 9339, 994, 1676, 1678, 9001, 681, 228, 3752, 1074, 5636, 5516, 127, 7610, 3018, 5027, 9345, 831, 4472, 7503, 2109, 1296, 1988, 2713, 3823, 2055, 4065, 8026, 9683, 7776, 9750, 4, 4782, 5852, 8691, 9335, 2911, 8380, 5973, 4651, 8488, 103, 4586, 3910, 7756, 2757, 2167, 6895, 5767, 8422, 3079, 9370, 1704, 585, 9647, 2396, 4174, 5386, 7721, 7643, 7743, 3211, 4343, 6780, 1258, 8441, 2025, 3660, 8058, 119, 4921, 9600, 74, 4638, 6557, 3798, 4348, 9067, 315, 3179, 598, 4416, 1257, 6143, 848, 3067, 7257, 3431, 3648, 478, 8864, 9685, 9043, 8013, 2537, 5387, 6911, 9674, 7967, 8382, 3573, 984, 6158, 5266, 5961, 3795, 3214, 9434, 5129, 534, 1373, 6508, 524, 4541, 125, 5939, 3060, 504, 2232, 9788, 3748, 3934, 1716, 2407, 8008, 7084, 4623, 1854, 5683, 2376, 4223, 1368, 8481, 7470, 7123, 473, 6820, 8786, 4637, 3946, 383, 5016, 782, 9922, 2324, 2582, 9364, 2696, 5670, 1284, 706, 6786, 9013, 1373, 2438, 2038, 7884, 6471, 8384, 7459, 9695, 9755, 1747, 360, 8625, 892, 9717, 5480, 1418, 9969, 121, 4892, 847, 5128, 7583, 1555, 5485, 5907, 434, 2549, 5081, 7980, 5914, 7016, 3664, 4140, 8588, 4996, 9574, 3755, 7829, 3379, 9330, 8816, 2185, 4135, 5906, 7973, 6340, 4119, 1527, 1349, 5927, 6070, 5705, 4225, 6989, 6878, 7131, 6928, 5649, 7195, 9362, 8992, 3235, 2750, 2374, 756, 4845, 1691, 717, 2528, 460, 3389, 4349, 8853, 7206, 6555, 5344, 6963, 9594, 6463, 4489, 4034, 3978, 9628, 4686, 9549, 8131, 3823, 4884, 7370, 7899, 9120, 6269, 4388, 6560, 8756, 1212, 4317, 4217, 9679, 5643, 910, 4997, 7781, 8897, 1558, 2466, 9171, 8530, 8876, 5019, 5019, 5490, 8477, 9787, 5742, 1038, 6204, 5354, 9764, 5522, 5591, 2154, 2704, 9140, 4672, 4310, 695, 6884, 5544, 440, 8033, 2053, 3993, 5463, 691, 8908, 6837, 4255, 3426, 5281, 2143, 7987, 3693, 5854, 121, 5382, 6198, 248, 7374, 7132, 3834, 2843, 8077, 8910, 626, 6606, 8940, 6968, 3352, 1237, 4405, 4702, 838, 4680, 5990, 4192, 4367, 7215, 9383, 4752, 8243, 2761, 3380, 1440, 4774, 5275, 723, 288, 770, 4360, 4599, 9781, 2463, 7767, 1032, 8, 5581, 8527, 8513, 5779, 2759, 8673, 4081, 9829, 5138, 6989, 184, 6370, 6135, 3489, 3467, 3345, 386, 69, 1792, 3073, 7347, 1891, 6855, 1841, 6408, 5694, 6803, 4738, 7149, 6183, 7272, 6963, 6225, 924, 1997, 3147, 9816, 5407, 2659, 7542, 6740, 1835, 6724, 5604, 60, 3747, 9572, 6577, 5527, 4178, 2056, 4311, 6440, 8039, 5179, 6809, 9653, 4796, 9063, 3688, 7430, 3911, 5423, 7344, 5931, 2923, 219, 2337, 659, 5009, 2745, 7567, 3124, 5696, 9131, 4067, 7133, 1314, 7483, 7823, 5775, 7169, 7977, 1844, 4016, 1807, 8884, 1016, 9866, 7917, 995, 2309, 7994, 1171, 4373, 3026, 517, 6030, 5455, 5939, 8810, 9101, 3581, 4600, 1891, 7011, 1341, 3015, 7118, 5463, 3007, 4543, 8084, 366, 4010, 2581, 5024, 6159, 1041, 1232, 3507, 7535, 9208, 2511, 3911, 1496, 6247, 9412, 1380, 9835, 4125, 642, 4920, 9224, 8704, 6756, 7795, 6237, 9111, 4197, 3423, 2353, 5359, 8394, 5481, 3010, 8114, 9842, 108, 4930, 2307, 1488, 1150, 260, 8967, 1793, 3020, 621, 8604, 720, 5194, 4277, 2252, 1387, 6234, 5314, 6399, 7874, 2996, 5803, 5652, 2039, 1349, 3007, 4876, 3324, 249, 1610, 7335, 5853, 9789, 461, 9655, 7269, 8475, 193, 9026, 9504, 2522, 3368, 1672, 4687, 6980, 1620, 9843, 9492, 1075, 145, 3277, 7043, 8743, 8163, 130, 7762, 8783, 1489, 9527, 727, 4806, 4244, 8380, 9657, 6772, 1454, 6868, 3336, 3749, 418, 1844, 4138, 3791, 6415, 433, 8398, 3204, 4972, 8933, 7028, 6584, 3839, 3731, 9949, 8471, 2272, 8019, 5721, 9104, 8400, 3841, 1749, 3135, 377, 1472, 9872, 6657, 366, 1697, 7863, 8226, 7531, 8461, 4271, 4885, 4204, 4442, 1956, 2005, 4963, 4542, 9975, 2907, 2014, 2649, 9202, 1613, 249, 7770, 7990, 3511, 3068, 3233, 6534, 4057, 9620, 8829, 752, 2829, 397, 2971, 7866, 608, 5568, 783, 9810, 8045, 3664, 3049, 1456, 327, 5257, 3416, 7101, 2933, 6887, 9924, 6311, 9753, 4290, 998, 125, 7040, 3745, 9024, 6673, 4605, 3414, 1166, 5008, 4149, 8088, 5278, 9069, 3010, 2776, 2164, 7712, 7798, 5940, 5553, 115, 4807, 8510, 5595, 9645, 4712, 8304, 8618, 1372, 554, 5678, 2649, 4401, 2807, 1642, 8436, 1648, 5947, 5732, 2233, 7998, 6957, 3665, 9324, 9590, 4900, 9014, 9227, 3154, 7283, 2600, 470, 8114, 9884, 728, 4269, 3122, 8355, 5850, 3275, 8307, 8427, 4987, 5127, 3768, 9665, 940, 1452, 6566, 8299, 7464, 9396, 9071, 5067, 3120, 7566, 5294, 8926, 8674, 2760, 5187, 9788, 846, 4924, 6986, 5563, 316, 4675, 3251, 5644, 1244, 4036, 6847, 215, 3964, 9362, 6642, 4900, 4293, 6080, 7509, 1963, 4248, 6094, 2150, 9057, 2272, 2714, 7709, 2187, 5550, 3175, 4538, 5557, 7757, 4648, 2973, 4137, 4616, 7191, 3658, 1943, 4268, 9497, 994, 5982, 7184, 5897, 6227, 2699, 9793, 4438, 1683, 6579, 4130, 1928, 4805, 8682, 7980, 2569, 1546, 5826, 3467, 811, 1013, 2784, 376, 6548, 6566, 7678, 166, 3190, 2661, 6253, 886, 7760, 3303, 3168, 7158, 3386, 8360, 5480, 7240, 2553, 8221, 1968, 3275, 55, 8367, 9259, 46, 5099, 4026, 1810, 5067, 2133, 7896, 8895, 5463, 7373, 1169, 2648, 7271, 3327, 4317, 1710, 2933, 4672, 6258, 527, 4913, 7359, 186, 6265, 166, 5882, 96, 9399, 4849, 6197, 615, 8319, 1888, 4741, 2044, 6936, 22, 7057, 7253, 3872, 4871, 2091, 5386, 6773, 8103, 1373, 7532, 9803, 6943, 2581, 1016, 8439, 2277, 1283, 5204, 8188, 9099, 9927, 3166, 8379, 4083, 5525, 431, 6540, 8659, 7101, 750, 4095, 1224, 4998, 1901, 9572, 5121, 7097, 3552, 7483, 6899, 60, 9321, 3059, 5378, 4573, 8206, 5684, 1996, 7976, 1895, 9718, 8938, 5003, 4267, 2661, 8180, 1653, 515, 8351, 7569, 5484, 6337, 4896, 1422, 5094, 3148, 9358, 496, 581, 6220, 3468, 3788, 2763, 4343, 8360, 6436, 4476, 7112, 2980, 2287, 6400, 6083, 669, 1122, 665, 1179, 5488, 299, 9407, 3006, 830, 9673, 4639, 2086, 5202, 6642, 233, 5599, 9803, 8948, 52, 1532, 8231, 905, 8269, 4278, 7450, 2143, 7932, 1878, 9280, 5941, 108, 9393, 6035, 9788, 9328, 5288, 8046, 5392, 8935, 3850, 3273, 5575, 582, 3003, 2726, 5401, 6327, 5318, 6027, 7906, 892, 1632, 924, 9025, 5646, 5571, 824, 2837, 3217, 7021, 2981, 498, 1382, 6596, 7052, 2617, 2284, 2088, 1307, 3936, 2533, 9963, 418, 1421, 5159, 8037, 4561, 6800, 8629, 5323, 7308, 7833, 4048, 5212, 1222, 4790, 6130, 8590, 1446, 7386, 6129, 9322, 4233, 2239, 8646, 3817, 414, 6062, 4369, 4446, 2488, 2117, 2531, 3268, 9358, 6226, 9680, 1153, 2389, 4465, 8036, 4155, 3078, 4933, 9828, 3696, 4655, 168, 55, 7541, 3615, 7060, 1339, 4818, 8454, 1144, 1599, 1325, 6440, 2845, 888, 966, 4643, 4235, 2266, 2494, 3620, 997, 5514, 3050, 8116, 9450, 731, 7598, 2708, 9869, 1856, 7398, 2528, 7826, 9178, 9279, 8294, 2539, 122, 9214, 6234, 2016, 9370, 1091, 9383, 3286, 6977, 4692, 6855, 3067, 9738, 6580, 3105, 8219, 7531, 9983, 9695, 4579, 5892, 7895, 8534, 1773, 7279, 7676, 7256, 9820, 9657, 1122, 9090, 5948, 9146, 2576, 6989, 8720, 8122, 166, 3611, 5178, 2865, 4628, 995, 8855, 6402, 3285, 17, 6012, 8673, 9633, 8833, 1004, 6724, 1954, 4116, 7598, 6323, 1993, 6717, 4202, 4182, 2784, 4960, 2103, 5408, 7400, 551, 8097, 9412, 4138, 1417, 7636, 6557, 7668, 1118, 98, 1843, 343, 3699, 6615, 6283, 1271, 7410, 3814, 3511, 5481, 423, 2950, 8175, 3070, 3410, 1816, 1569, 2404, 9568, 7369, 9813, 534, 6122, 5577, 7949, 6252, 4266, 6876, 1585, 6923, 6246, 3501, 4861, 6818, 8316, 1612, 3481, 5331, 441, 4337, 5451, 4667, 3342, 8242, 297, 8492, 2297, 6195, 5002, 4788, 4091, 2647, 5455, 3402, 2044, 9349, 2051, 4202, 2869, 5629, 6271, 2612, 4431, 9174, 4229, 5719, 2652, 5379, 2381, 1604, 9789, 5615, 6932, 4347, 4448, 4636, 4705, 2430, 5430, 8776, 3176, 7355, 3881, 4665, 3704, 1293, 5941, 8364, 4548, 8478, 9879, 6489, 7472, 3137, 5187, 7810, 1344, 364, 1213, 2567, 6532, 226, 1990, 7356, 5810, 610, 1419, 8273, 7029, 4586, 3371, 6092, 6959, 6708, 6914, 7364, 7746, 4661, 3100, 1412, 6341, 967, 3399, 3649, 515, 2703, 4995, 6671, 9498, 9460, 6514, 8032, 5745, 8538, 4937, 4226, 568, 4818, 2974, 4582, 1547, 9334, 3087, 7369, 837, 3020, 3530, 6830, 9473, 3335, 2695, 3925, 1299, 3934, 210, 3953, 9230, 4634, 514, 4965, 3710, 523, 6918, 9707, 4797, 3060, 6184, 5471, 7771, 933, 5708, 8284, 7923, 7646, 1159, 943, 7637, 5194, 5922, 1221, 8751, 5723, 8177, 594, 7993, 8678, 4400, 4648, 6805, 2138, 8468, 9576, 254, 9174, 4674, 4936, 8209, 7870, 9325, 4264, 5152, 6096, 8061, 6750, 1716, 5812, 8560, 373, 636, 678, 8549, 9215, 1268, 7858, 8512, 994, 608, 2443, 8514, 5842, 5522, 9989, 2744, 3530, 9270, 2077, 1584, 3908, 2188, 9436, 8780, 7360, 7286, 5678, 4447, 5434, 1599, 4756, 7030, 3694, 4295, 8793, 6581, 3456, 6903, 1576, 9126, 3540, 7343, 1986, 5214, 3877, 906, 680, 6914, 4053, 2001, 4106, 6433, 5480, 7496, 8900, 2477, 3890, 3878, 7380, 4506, 3669, 7988, 3307, 8465, 6374, 4664, 1209, 3071, 9472, 4416, 6347, 4473, 3722, 2240, 8437, 1692, 4569, 863, 7389, 9667, 2054, 8775, 6176, 7345, 2367, 3477, 9046, 274, 7942, 7784, 6128, 9287, 9125, 9211, 7342, 4114, 3292, 4998, 9484, 8341, 281, 1540, 9413, 7185, 651, 2032, 582, 1741, 1527, 3109, 4818, 9455, 2703, 498, 8313, 5292, 4269, 18, 1796, 1148, 5672, 3702, 966, 6000, 674, 1265, 477, 7272, 8477, 272, 5484, 5406, 6296, 1932, 3346, 2853, 2509, 9150, 9146, 9040, 2421, 3769, 7362, 3604, 9683, 2467, 4699, 388, 5544, 8240, 6188, 812, 221, 1544, 5884, 9955, 3834, 8608, 9924, 877, 4873, 5909, 5010, 1924, 545, 3008, 3988, 180, 5370, 4982, 2025, 8680, 309, 6128, 3935, 5587, 4036, 6741, 8710, 8049, 3853, 197, 4701, 377, 6987, 6479, 7360, 5087, 8754, 4131, 2717, 360, 7143, 1833, 1903, 4017, 6876, 2643, 236, 3352, 3587, 7779, 8667, 9801, 6710, 544, 598, 9947, 5001, 8262, 6403, 6782, 2100, 1341, 8530, 2690, 1321, 7973, 1487, 414, 8340, 6632, 9354, 3512, 4727, 3235, 4320, 2192, 5413, 4505, 3601, 7550, 9862, 864, 9989, 8055, 7393, 5199, 6893, 4833, 3082, 8288, 8506, 488, 653, 4739, 479, 1098, 9669, 5916, 2976, 1555, 8878, 6038, 2278, 9188, 6496, 551, 7312, 154, 9153, 9409, 5396, 1236, 3182, 8444, 8525, 1822, 3528, 5682, 3381, 4627, 101, 882, 2979, 2092, 9164, 8419, 1619, 5566, 5969, 8811, 2105, 8732, 3053, 2597, 666, 7321, 2443, 6350, 4339, 7278, 140, 722, 5548, 6892, 6889, 4982, 9775, 6363, 3293, 3394, 2065, 4852, 4302, 2215, 4279, 5669, 2630, 3623, 2643, 4334, 2022, 490, 2993, 2032, 6059, 1141, 5216, 4307, 1370, 9848, 9040, 154, 6979, 2276, 7042, 3265, 4731, 2919, 525, 7545, 6441, 7813, 182, 3663, 5706, 3980, 4757, 837, 3066, 5257, 5661, 3361, 2528, 9103, 3926, 4346, 122, 7302, 1550, 2045, 7488, 3217, 6091, 3805, 715, 5493, 7790, 2390, 2841, 9150, 6326, 7232, 3083, 5588, 8525, 3728, 8891, 4981, 6384, 9285, 4018, 365, 8494, 4657, 8645, 9225, 3107, 7247, 1810, 9782, 3183, 9656, 4847, 450, 8251, 9199, 3434, 2598, 1151, 1182, 7170, 1665, 3818, 5208, 7947, 4638, 9077, 6472, 4266, 1069, 9805, 7748, 8603, 9124, 3469, 4058, 3132, 6442, 3849, 1169, 8100, 25, 9254, 9948, 2031, 644, 5412, 6857, 9663, 8088, 5352, 11, 4718, 6933, 1354, 8004, 6728, 1631, 656, 1003, 5509, 8308, 4608, 5694, 7320, 6517, 2189, 7760, 5807, 5028, 8621, 3238, 9359, 7988, 4125, 5867, 6923, 1460, 6494, 7818, 3745, 1150, 6380, 1301, 563, 4992, 8338, 5442, 315, 6394, 1248, 9420, 3781, 1165, 1709, 6180, 1679, 8344, 6995, 7284, 6497, 5552, 6601, 6479, 3141, 4224, 3670, 9035, 5491, 8428, 9942, 8926, 5684, 8231, 6495, 1753, 4655, 9080, 4708, 5060, 1039, 2932, 6031, 6077, 3025, 3741, 3322, 9143, 1882, 5523, 3803, 5693, 8867, 6562, 9664, 2260, 6283, 4016, 604, 3752, 906, 3941, 6456, 8566, 2451, 3436, 3199, 7927, 1718, 467, 9862, 1593, 5378, 8745, 176, 8070, 2710, 2582, 9666, 5114, 827, 8292, 1257, 7876, 3519, 230, 9980, 5914, 2830, 2633, 9022, 554, 8470, 8433, 6124, 1584, 9024, 3274, 4307, 6489, 6234, 9330, 7954, 1225, 2449, 1714, 8259, 1624, 9866, 1174, 3501, 2489, 9238, 1883, 2687, 6360, 4864, 5934, 9766, 7342, 9239, 9256, 6509, 5038, 8501, 1622, 7057, 8311, 725, 3995, 3244, 8998, 2431, 4608, 7938, 3967, 1056, 5842, 1511, 6704, 3646, 6049, 3098, 3168, 962, 9473, 5031, 3739, 7639, 1849, 4410, 2197, 8221, 8337, 8917, 2193, 3301, 9666, 3358, 4983, 4619, 9889, 1022, 1522, 5592, 3880, 3218, 4082, 6627, 8534, 4626, 9093, 9874, 3857, 7306, 1576, 890, 9839, 4208, 114, 3541, 9382, 3121, 2072, 8886, 346, 6771, 8561, 5864, 9177, 7147, 480, 9795, 9404, 3457, 4121, 4865, 1718, 9945, 8233, 1330, 990, 3556, 5903, 537, 1616, 9801, 8743, 6112, 5255, 4453, 5316, 6511, 6540, 6285, 9170, 130, 5897, 1647, 1459, 5779, 1039, 3977, 6139, 1546, 9197, 8244, 8620, 7779, 2599, 71, 4179, 418, 3956, 9641, 7049, 4349, 7271, 8717, 4087, 8859, 299, 581, 3560, 8864, 6328, 2781, 3831, 1286, 5673, 8513, 1643, 3191, 4385, 1282, 3259, 7386, 8705, 2305, 9009, 4955, 4592, 8279, 9316, 246, 6885, 2302, 6619, 516, 2756, 1631, 8882, 1840, 491, 7519, 9217, 4699, 821, 9831, 453, 5310, 4275, 8964, 9168, 167, 3587, 4058, 5752, 6430, 4707, 3254, 4400, 8587, 9238, 8753, 7822, 8703, 264, 7853, 5258, 7696, 2480, 1680, 8748, 1726, 970, 9335, 1620, 8149, 9034, 679, 6237, 213, 1868, 6120, 7021, 3314, 5313, 4583, 2399, 7798, 9105, 2, 6955, 70, 6295, 9285, 1846, 1203, 2256, 8752, 7515, 7214, 9220, 9905, 5143, 17, 2217, 8394, 6347, 3200, 6791, 3749, 1119, 3236, 2103, 8105, 4560, 2952, 2017, 9997, 9676, 181, 47, 6775, 8308, 9349, 2422, 5887, 8690, 8247, 9716, 4205, 2968, 701, 1420, 7247, 2731, 7621, 8104, 1125, 572, 9662, 6022, 3459, 4922, 7041, 1923, 3293, 8734, 4911, 8163, 9646, 5499, 6259, 88, 2893, 9936, 9865, 92, 9500, 5716, 2260, 5586, 7817, 3906, 1875, 5231, 7124, 334, 9941, 9834, 3513, 2050, 7185, 6940, 6615, 7145, 5370, 1876, 611, 7287, 5630, 6461, 4324, 6985, 1484, 6263, 2755, 1430, 9561, 7486, 3052, 6473, 1259, 3769, 9736, 5748, 2877, 4008, 2915, 31, 5941, 9228, 7299, 9195, 3893, 7553, 9697, 940, 1170, 399, 1974, 4500, 9418, 8420, 6800, 198, 6361, 3089, 58, 5848, 9874, 4538, 1212, 2418, 7913, 5641, 4182, 333, 749, 4283, 7223, 7132, 7650, 415, 6640, 6951, 6239, 7720, 3802, 9072, 5954, 1871, 6244, 8399, 3655, 29, 6916, 4290, 7655, 7433, 6313, 5341, 9116, 1936, 7191, 6411, 9660, 1211, 317, 6885, 4262, 1989, 9749, 8949, 8776, 4686, 4180, 7765, 5607, 453, 8458, 876, 5875, 7173, 2683, 2205, 5780, 2662, 7116, 4605, 1051, 8225, 7890, 2153, 7306, 6121, 7180, 7523, 3958, 7451, 2518, 8790, 7717, 7584, 2454, 6367, 7815, 8892, 2648, 6821, 8223, 1183, 3775, 4026, 3826, 6493, 4129, 7115, 9539, 3364, 2484, 2739, 441, 5247, 5040, 1911, 3122, 3236, 8476, 4433, 5918, 482, 1642, 1285, 7139, 1546, 7498, 2555, 4568, 1395, 4738, 6232, 529, 3995, 4393, 9013, 208, 9230, 3866, 2618, 523, 9452, 7078, 7466, 2007, 5840, 2387, 4690, 5455, 3981, 1806, 241, 6738, 8122, 2879, 6344, 6461, 1331, 6202, 4931, 7953, 1849, 9522, 2591, 6174, 2149, 6188, 6095, 3897, 7529, 7853, 6372, 7774, 4474, 5911, 3114, 1312, 6822, 7705, 6269, 789, 9412, 9296, 4669, 7435, 3106, 8336, 5797, 4666, 1518, 8299, 3872, 5711, 7570, 1868, 8089, 4836, 4702, 4278, 236, 5596, 218, 6813, 4535, 6420, 5257, 3680, 9430, 6217, 9122, 8678, 2126, 7752, 8146, 6207, 9485, 1029, 8833, 7836, 1749, 7995, 4405, 2686, 7828, 3802, 950, 1750, 7692, 4982, 592, 3770, 447, 2306, 8039, 9338, 820, 5589, 3814, 9886, 5131, 9775, 3943, 418, 6365, 6223, 8225, 4941, 8250, 874, 3580, 7536, 3337, 3000, 4344, 9218, 7490, 2488, 6736, 5005, 5428, 5914, 3408, 5925, 8597, 9463, 4627, 3304, 8220, 4288, 119, 1588, 6502, 3452, 6877, 1721, 3057, 639, 9937, 7735, 8239, 2825, 1112, 4957, 1024, 6250, 4368, 9732, 3478, 8843, 9860, 2525, 4876, 9403, 8898, 5066, 2616, 1, 3498, 1507, 2, 1246, 4369, 1894, 3477, 3348, 1755, 8032, 3890, 4774, 3714, 810, 7067, 5493, 2368, 6940, 1867, 4013, 1589, 9270, 3765, 9643, 5965, 4722, 3524, 7735, 8529, 7666, 9010, 8806, 5437, 8997, 1531, 4388, 836, 3399, 9215, 7492, 9620, 1898, 6470, 5668, 7012, 4641, 7862, 4287, 7846, 6132, 3291, 941, 7136, 4359, 4709, 142, 8664, 5485, 1186, 7017, 6757, 5897, 8301, 7563, 2814, 5448, 5508, 698, 5085, 6988, 9388, 2033, 3911, 8837, 3608, 2908, 2103, 8851, 9582, 6369, 7132, 326, 1061, 4633, 1739, 5679, 5876, 6356, 7394, 5910, 804, 5349, 575, 7918, 5804, 65, 4668, 9099, 5003, 5957, 9626, 761, 2837, 7288, 6258, 4854, 8360, 5084, 8773, 8879, 2318, 3168, 4932, 5274, 6312, 6834, 256, 9478, 7590, 2747, 8585, 3219, 9630, 5897, 6385, 6989, 2246, 2552, 7128, 7975, 3991, 2962, 7402, 5735, 4484, 3763, 8068, 8614, 4108, 7146, 6075, 7233, 7140, 7300, 5866, 6497, 341, 4744, 6153, 7338, 1788, 8912, 4988, 4212, 2221, 6232, 9301, 8115, 8048, 7562, 4730, 1560, 4669, 3697, 1353, 1697, 6919, 5776, 4093, 5222, 8147, 2241, 7766, 8529, 1532, 2400, 4278, 3187, 123, 7039, 3357, 454, 3491, 7879, 9108, 8897, 6414, 2195, 9971, 1202, 6678, 6488, 7559, 4355, 9347, 2359, 8001, 4163, 3878, 408, 6514, 6902, 8099, 8666, 2666, 4075, 122, 338, 3471, 1619, 5330, 2815, 5648, 8929, 1002, 4328, 7383, 5209, 695, 2256, 242, 8531, 709, 761, 1550, 5334, 8624, 3742, 6286, 8813, 9655, 3895, 1559, 4083, 6519, 6285, 8891, 9564, 6820, 2710, 1928, 6615, 4025, 9482, 2100, 9309, 8499, 6615, 583, 349, 3071, 8030, 3131, 7431, 7561, 5962, 8156, 1199, 1466, 5649, 6918, 940, 8931, 6372, 2530, 4198, 787, 8092, 8042, 1406, 4640, 4835, 9456, 9158, 4938, 172, 1850, 360, 7703, 6512, 1157, 5613, 8497, 7652, 1541, 5665, 3527, 4640, 3662, 9840, 196, 1697, 2897, 2038, 4230, 7143, 3072, 7280, 7314, 6361, 9225, 5339, 8884, 3041, 2670, 2158, 4887, 7654, 7786, 526, 4724, 4539, 3005, 5753, 9183, 6207, 1098, 922, 9592, 2590, 2444, 4533, 5603, 4997, 2167, 4669, 3962, 913, 3814, 8715, 3801, 7950, 5787, 8476, 597, 8196, 8868, 8348, 1769, 9164, 331, 3221, 8949, 2104, 6752, 3404, 6781, 9761, 7692, 4521, 1590, 654, 8116, 4083, 5822, 6883, 7052, 3638, 5310, 3158, 5622, 569, 4835, 54, 3038, 6453, 4846, 8925, 6792, 4180, 6400, 5188, 1870, 3456, 2568, 1172, 2258, 5309, 8030, 944, 4393, 5791, 3336, 5518, 8690, 4028, 6080, 9971, 9850, 7049, 5129, 4267, 3369, 8966, 5359, 9844, 2581, 9037, 366, 3188, 3267, 2829, 8760, 5014, 3951, 7811, 4564, 8971, 4236, 5017, 738, 9716, 4169, 2363, 707, 7264, 339, 6420, 1265, 2330, 8365, 381, 6695, 1801, 7980, 8162, 9545, 7687, 6244, 1257, 6119, 9204, 9723, 9391, 7633, 6858, 7529, 8769, 3394, 4797, 7732, 7485, 4719, 9308, 1702, 4788, 1872, 1372, 5976, 5950, 7882, 9265, 2908, 8326, 5984, 2255, 29, 7296, 313, 4648, 1613, 9696, 6867, 1518, 5899, 4701, 9032, 8104, 5909, 2703, 7343, 8519, 8963, 6693, 7728, 539, 5946, 4117, 9420, 8245, 8834, 566, 6583, 190, 4436, 5879, 2293, 750, 4070, 6625, 2339, 2838, 907, 1588, 5761, 8653, 9021, 1000, 9614, 2014, 5605, 703, 7963, 6808, 7098, 3005, 2132, 7775, 5984, 2344, 8653, 2615, 1251, 7921, 2306, 1700, 2300, 1494, 7299, 6494, 9099, 7501, 8189, 99, 1691, 8782, 3530, 2993, 1531, 3211, 430, 100, 8945, 230, 9691, 4993, 4207, 1510, 9480, 847, 131, 6934, 5374, 8923, 5548, 2186, 8926, 4294, 7577, 1721, 764, 471, 3627, 7853, 5752, 9351, 6368, 1038, 7061, 7024, 8990, 2713, 7510, 7865, 9691, 3959, 6688, 9279, 4220, 9908, 5802, 9673, 1668, 112, 813, 4324, 2146, 9226, 1899, 7898, 1189, 7213, 956, 3375, 5204, 9123, 759, 9180, 5783, 2384, 8268, 4187, 1972, 1615, 1970, 9267, 4558, 8069, 2923, 2570, 3741, 4676, 346, 2885, 1316, 4162, 4013, 6199, 7990, 1410, 8163, 967, 4912, 5235, 6604, 7787, 5672, 2064, 8581, 3952, 4390, 3753, 7404, 4114, 6547, 1638, 5503, 2180, 1006, 3557, 2752, 2951, 2936, 9899, 7422, 3805, 2543, 3647, 4865, 2131, 4050, 3956, 1009, 7915, 8923, 6597, 9030, 3506, 3953, 4077, 6528, 6921, 2520, 8683, 6000, 2126, 9359, 2322, 5082, 368, 3434, 3205, 2052, 3330, 5409, 8099, 9274, 7088, 5159, 924, 2227, 9744, 7491, 9692, 2206, 959, 8977, 9877, 7647, 198, 4370, 5163, 581, 9972, 825, 307, 5531, 1635, 6113, 4, 867, 98, 5523, 7812, 3760, 1572, 3769, 6595, 9693, 8628, 5796, 6882, 7443, 7540, 3437, 5737, 1470, 6693, 8082, 3024, 314, 4314, 8498, 592, 6928, 5024, 1942, 9443, 8161, 9286, 4660, 8899, 7700, 9331, 6843, 3195, 4606, 949, 7663, 3323, 7361, 6824, 801, 323, 8127, 2452, 1305, 4316, 9914, 3650, 2452, 8033, 5146, 1939, 4348, 7422, 1440, 4641, 2785, 2070, 716, 7821, 6621, 6009, 375, 8900, 1648, 2104, 7362, 4702, 6658, 8064, 7839, 7255, 1814, 4418, 3849, 5182, 1749, 7765, 1443, 4530, 8474, 6550, 7524, 4465, 128, 2691, 6409, 4847, 7642, 2817, 2220, 3074, 7747, 3931, 9626, 5012, 9205, 3244, 5345, 2349, 2703, 2765, 3072, 4177, 4754, 4048, 9395, 64, 3059, 54, 9409, 9743, 199, 6334, 1380, 965, 6489, 6084, 4009, 1917, 1106, 9551, 6442, 3091, 1492, 833, 8224, 8679, 6430, 6547, 2974, 4313, 4163, 7276, 9782, 9063, 831, 5508, 644, 6318, 8674, 5436, 6590, 7092, 5606, 4259, 3332, 4734, 2499, 6595, 4972, 1199, 4380, 8008, 4918, 3146, 7601, 2630, 3251, 8327, 4398, 6702, 8009, 2985, 3456, 2392, 3814, 6492, 4119, 6308, 5358, 9821, 2264, 7652, 1080, 7503, 7853, 8840, 9580, 8546, 8923, 1425, 7035, 9354, 4064, 2006, 7930, 5402, 916, 1565, 883, 6263, 5490, 5512, 5828, 3974, 1369, 3671, 7625, 9942, 5206, 4649, 7929, 6988, 9514, 2309, 5142, 5344, 2431, 2257, 6579, 373, 5782, 3681, 4422, 1793, 7109, 7422, 5315, 130, 1779, 5047, 827, 6806, 4666, 6809, 5082, 6760, 5450, 6672, 8995, 546, 9237, 8209, 3479, 4078, 4135, 1237, 3566, 9067, 5110, 437, 6415, 3932, 9759, 4673, 9038, 2464, 4287, 7076, 3547, 909, 958, 993, 8834, 5503, 3418, 5556, 8168, 2878, 2305, 9158, 2238, 9584, 1701, 9837, 1935, 1136, 6629, 1515, 479, 1685, 5159, 8170, 8773, 8777, 3071, 7399, 372, 3656, 6590, 7468, 1483, 9731, 9289, 3724, 1712, 42, 8827, 6669, 1561, 8417, 2438, 5264, 9209, 283, 2414, 5688, 1014, 5622, 2919, 2364, 1854, 3402, 8117, 6429, 2192, 4329, 3506, 5878, 8960, 8483, 1228, 6433, 8187, 2665, 7341, 9075, 9712, 7060, 1156, 7702, 78, 924, 7788, 1486, 2054, 7548, 3849, 8820, 6432, 305, 418, 1227, 9411, 8304, 4011, 6385, 3923, 2016, 8127, 8773, 9961, 4759, 7059, 2601, 6976, 8390, 5575, 1180, 9770, 1324, 6294, 4178, 6047, 7570, 2331, 6754, 2943, 4493, 7556, 9836, 3058, 4530, 7661, 8685, 2182, 926, 5252, 7073, 299, 5522, 5613, 9943, 8529, 9596, 1436, 5321, 280, 477, 8559, 2852, 5589, 7183, 2778, 9113, 3167, 3137, 675, 3246, 5028, 1220, 2679, 8156, 7044, 2360, 3210, 8656, 9078, 1586, 3942, 4148, 4135, 8571, 2290, 6228, 8940, 2494, 9798, 7574, 3641, 9583, 9932, 5228, 2786, 6062, 2159, 4786, 1690, 1560, 9146, 4634, 6222, 7276, 8966, 2898, 953, 1641, 5803, 7757, 2447, 4725, 8642, 5224, 949, 9032, 4288, 1512, 3246, 7066, 1802, 3631, 9522, 9257, 6191, 9595, 4995, 6746, 1411, 8053, 2381, 9020, 8137, 4366, 7878, 7601, 5944, 6088, 3566, 6476, 1239, 4812, 2188, 2780, 8398, 3364, 6886, 1699, 2129, 3205, 9561, 1467, 3322, 9531, 3606, 9931, 6189, 3616, 4802, 6016, 9592, 356, 9307, 4283, 2131, 1321, 366, 9666, 9590, 1069, 2614, 6813, 3650, 6427, 3206, 9813, 5814, 1446, 6043, 3118, 1805, 3572, 1060, 6299, 3793, 5804, 4430, 9716, 8593, 2942, 4597, 9487, 9450, 4675, 1381, 8019, 2481, 9333, 1213, 9449, 1981, 4869, 3206, 8820, 6934, 8077, 6982, 3207, 5843, 1676, 4973, 9874, 8048, 1662, 2694, 7977, 8442, 5125, 5765, 8676, 7723, 8458, 8264, 7566, 2298, 6547, 2710, 4015, 5196, 4943, 8546, 7957, 7750, 152, 8772, 8644, 6208, 7637, 9058, 1551, 6019, 8655, 8960, 2656, 3243, 9916, 1380, 8834, 2629, 2678, 9474, 9330, 9911, 6793, 6038, 182, 7242, 5343, 7450, 1182, 893, 2915, 1958, 633, 3588, 6578, 7870, 549, 2478, 6641, 4759, 7726, 1806, 3423, 5055, 6572, 8848, 3684, 4743, 7431, 1724, 6167, 7312, 7364, 7251, 7109, 382, 7101, 1074, 1699, 7976, 6022, 1333, 7256, 6895, 1038, 5622, 3193, 4813, 3328, 9049, 3592, 4559, 4026, 5330, 3117, 2386, 6935, 9641, 1488, 8013, 5392, 4907, 2691, 4725, 211, 8067, 7032, 3736, 9169, 4957, 4951, 2503, 2410, 7217, 4040, 1781, 7369, 9448, 9577, 9165, 931, 3488, 6337, 5224, 5001, 2684, 1892, 9431, 3973, 2356, 3923, 9188, 2410, 2153, 5089, 9343, 961, 7581, 5667, 6896, 4927, 1844, 8176, 4859, 6628, 5294, 4911, 7637, 8337, 3911, 9778, 1066, 7824, 4405, 2218, 2114, 9967, 1660, 1243, 6713, 9149, 1088, 9772, 3765, 7592, 8568, 6046, 2759, 9602, 6522, 8107, 9640, 2935, 1982, 791, 8522, 7085, 9607, 5793, 4559, 8926, 1436, 6865, 9956, 2810, 5737, 4733, 2689, 2577, 4114, 4505, 6245, 8274, 8984, 4446, 9, 5009, 466, 4401, 3755, 8067, 4437, 8608, 9224, 5930, 3651, 8570, 8744, 5365, 3523, 4580, 3602, 3303, 6842, 359, 3953, 1594, 3882, 1200, 8044, 7764, 1815, 5359, 7037, 6934, 4865, 5146, 368, 6581, 6265, 7754, 5707, 1340, 5411, 8402, 5761, 7251, 5111, 3991, 5803, 4213, 8611, 6078, 9451, 5222, 5474, 5288, 9980, 9685, 7424, 6079, 7245, 40, 156, 3782, 3609, 7163, 1984, 7840, 3079, 9911, 167, 6372, 7758, 3370, 6000, 1398, 1110, 2746, 1198, 8362, 8168, 1791, 1790, 8671, 7573, 8773, 4733, 2541, 2737, 1779, 3105, 2576, 4946, 9750, 1440, 436, 2058, 5034, 5957, 8772, 3605, 5491, 8972, 9985, 5018, 8464, 2359, 7474, 3184, 9424, 7883, 887, 3609, 4401, 2316, 946, 2808, 7290, 3496, 280, 7705, 2921, 4855, 7143, 4156, 9018, 6651, 256, 2358, 8369, 3259, 6106, 2572, 4976, 5409, 5252, 9913, 4143, 7416, 5198, 2418, 6273, 6583, 5833, 6596, 1885, 4366, 2672, 9147, 5224, 758, 4596, 5668, 2162, 2924, 2394, 3165, 3158, 1134, 2775, 161, 2512, 3238, 7008, 9722, 3561, 2968, 3169, 8373, 2210, 5820, 6247, 7991, 5258, 5218, 8962, 5224, 4505, 4661, 9711, 4652, 7721, 181, 9676, 1762, 5691, 3622, 7841, 5138, 4445, 6355, 2008, 2832, 5031, 7044, 4630, 2350, 3458, 9744, 2768, 3356, 8852, 3755, 8039, 4422, 5173, 2033, 7597, 9170, 2754, 8219, 4408, 6920, 3364, 5628, 7278, 5264, 5744, 5960, 1281, 3546, 8616, 6263, 3570, 4423, 821, 266, 9472, 6162, 1917, 8034, 8512, 4079, 5789, 2176, 4275, 9992, 4528, 6359, 3744, 9282, 9106, 7403, 7692, 6292, 9707, 564, 3723, 1375, 5395, 3136, 1500, 4640, 6657, 6901, 1169, 2476, 4923, 5565, 8812, 8139, 3900, 6232, 3352, 9790, 8690, 3079, 6412, 8007, 5562, 7759, 8694, 1769, 7016, 1557, 2275, 1713, 9876, 6659, 3336, 7795, 4898, 862, 8353, 4692, 7159, 5653, 5440, 3142, 668, 820, 5598, 1300, 9297, 3187, 8420, 3008, 9296, 2835, 8131, 8809, 8767, 4349, 3371, 5356, 2733, 5086, 7518, 499, 5903, 3235, 4684, 6878, 1448, 7442, 5733, 5717, 2814, 8267, 7964, 6576, 7919, 1295, 3242, 2990, 9050, 4119, 3630, 407, 9528, 6745, 2745, 468, 7454, 2646, 5270, 8053, 6372, 5608, 7201, 1850, 7346, 9686, 9575, 5773, 574, 1174, 20, 2741, 4891, 4514, 1621, 9868, 5716, 3760, 8590, 6879, 932, 1226, 9180, 8497, 9937, 5666, 6889, 7704, 8229, 2063, 2464, 5312, 9642, 1222, 8620, 8184, 6163, 136, 6071, 4359, 8459, 8696, 9176, 1978, 5017, 1647, 3306, 5595, 394, 1774, 1110, 7778, 7099, 879, 2883, 635, 3388, 4712, 4914, 3791, 6987, 7826, 8713, 7803, 8853, 9297, 5846, 4946, 4283, 3684, 258, 9546, 2488, 737, 2438, 7447, 7852, 8384, 7762, 8038, 6393, 8250, 304, 5565, 2539, 5507, 3406, 7933, 3393, 5212, 380, 1512, 5863, 7736, 9801, 3952, 728, 8270, 8178, 5498, 9339, 9298, 7369, 2747, 6732, 2145, 4559, 7084, 8263, 2789, 7585, 7206, 777, 9102, 1532, 818, 6121, 2134, 9492, 3178, 1965, 3258, 7273, 8495, 6924, 7995, 4323, 3451, 1733, 8885, 1156, 4975, 657, 7185, 8231, 3255, 5844, 3926, 3450, 2449, 3195, 1077, 2058, 8767, 2246, 9658, 9313, 1343, 1933, 2986, 956, 4308, 579, 9436, 510, 8720, 8025, 5938, 3808, 5912, 5027, 9853, 3318, 5425, 3045, 9716, 5357, 2561, 5715, 2587, 5048, 9010, 4494, 8188, 6068, 4753, 2775, 692, 3273, 8365, 783, 9724, 1888, 4350, 6514, 9639, 9025, 9016, 4938, 5685, 714, 5234, 884, 5942, 2238, 9774, 8735, 6726, 8882, 6406, 4617, 8483, 6479, 6948, 7719, 1710, 5666, 1501, 9895, 7009, 1197, 5158, 5027, 1706, 6676, 3452, 7287, 3074, 5757, 7041, 847, 6644, 9859, 1893, 5597, 6173, 2711, 4873, 5843, 9097, 5697, 9780, 6764, 4140, 194, 8631, 3616, 1484, 9764, 849, 2360, 6947, 1950, 5828, 2516, 2446, 7060, 7808, 7846, 408, 7879, 4531, 8396, 2789, 1729, 5354, 1926, 7522, 4423, 6636, 8810, 4424, 4972, 4741, 8253, 4369, 8118, 5188, 8834, 2039, 3943, 1619, 4243, 6889, 2, 2144, 6699, 9363, 7250, 8922, 4069, 1823, 8434, 6104, 501, 7537, 463, 6065, 1993, 6550, 5724, 1964, 3102, 193, 5954, 7934, 829, 1164, 9875, 4891, 7217, 3588, 365, 2598, 5825, 9340, 8390, 6117, 6829, 8518, 5499, 1397, 221, 5010, 8294, 3117, 7541, 5413, 2360, 1817, 1506, 2432, 4957, 1052, 8637, 2831, 6826, 8099, 3605, 3475, 1624, 5203, 2428, 8387, 7116, 9763, 5319, 7497, 3411, 5549, 4844, 5325, 5094, 9635, 9715, 7348, 2462, 1996, 921, 3826, 1164, 7974, 1386, 6578, 9464, 3454, 9803, 954, 2545, 8159, 3571, 5896, 2481, 413, 3256, 2680, 2921, 2223, 5873, 1563, 817, 653, 6012, 5106, 1001, 4236, 3403, 7400, 5146, 6550, 3291, 7688, 8386, 4356, 592, 336, 6896, 2585, 3230, 2869, 7815, 4330, 5964, 7637, 6822, 1943, 8438, 9955, 3286, 4553, 9870, 147, 4003, 5306, 9885, 4795, 1169, 6104, 6062, 7274, 1327, 7454, 5841, 1402, 5866, 2231, 5502, 3060, 9357, 4268, 1898, 4501, 6507, 5913, 5282, 8119, 7879, 3200, 769, 3264, 6018, 225, 9991, 7367, 9310, 3718, 9856, 8286, 9009, 3036, 7641, 2099, 9909, 6256, 7420, 4512, 1253, 1693, 9036, 7579, 4752, 2857, 8715, 2091, 3155, 5513, 9760, 4905, 8233, 9179, 3822, 921, 436, 3729, 6697, 8227, 5210, 5198, 5105, 5722, 4540, 5269, 8342, 9448, 7855, 7870, 8857, 1696, 1475, 3276, 8179, 7253, 8320, 3431, 2361, 7984, 7941, 8976, 7067, 5080, 8430, 2659, 7695, 9896, 8130, 3522, 7758, 525, 850, 659, 440, 7725, 3018, 2643, 3329, 9067, 3695, 8648, 547, 8729, 5507, 7560, 5979, 5084, 9006, 9442, 5547, 3738, 7363, 8754, 3066, 9848, 8499, 131, 331, 4525, 332, 737, 248, 1947, 7791, 7555, 8390, 1828, 8137, 1370, 7917, 6990, 8010, 1736, 7441, 6128, 9617, 5248, 8208, 384, 6047, 9470, 790, 1241, 5187, 2172, 5131, 1674, 8579, 520, 74, 4321, 7622, 8496, 9978, 6647, 7346, 8154, 7799, 2415, 6737, 7984, 8673, 3145, 9600, 1069, 6520, 6144, 4893, 992, 8980, 7196, 9433, 4533, 9425, 6929, 6028, 2675, 4904, 1768, 2154, 9426, 4344, 918, 6718, 9774, 9300, 5677, 5136, 3960, 1271, 4180, 8731, 5923, 6328, 8646, 486, 2835, 6811, 4105, 3214, 7750, 1879, 6537, 6807, 3495, 8199, 5038, 5589, 8083, 9452, 3837, 1639, 6002, 4532, 9353, 1876, 4808, 2641, 2395, 5791, 2172, 1075, 2245, 5329, 9112, 6597, 9506, 2276, 5793, 9053, 6813, 3240, 2155, 2696, 2851, 460, 9803, 7464, 1822, 8396, 6117, 2622, 9613, 7454, 2530, 8698, 363, 5684, 579, 8630, 5725, 2672, 3326, 6962, 8875, 2484, 3162, 3484, 5176, 3212, 1740, 5484, 8793, 5726, 5456, 6720, 6716, 9074, 2258, 8243, 9317, 8579, 6600, 7890, 5177, 4358, 3884, 5255, 8590, 6046, 4895, 8964, 9047, 7737, 7345, 8395, 4706, 4130, 2330, 2426, 3507, 5112, 8830, 9537, 7990, 1741, 5319, 4754, 366, 1865, 1148, 8157, 9747, 958, 5396, 4174, 3464, 3794, 597, 7959, 8329, 4887, 7164, 4144, 9890, 8515, 1812, 8449, 5788, 9764, 7714, 5543, 9676, 4901, 1079, 9519, 4702, 5164, 3149, 9319, 174, 6473, 6172, 7733, 4891, 2420, 5748, 6570, 1054, 2309, 4721, 2502, 5948, 2724, 877, 1216, 6878, 4283, 7290, 4671, 4058, 2640, 1925, 46, 6231, 3523, 3801, 3376, 2023, 1558, 8807, 2186, 3562, 7429, 1920, 9848, 8271, 5583, 8961, 878, 6474, 7594, 6500, 5671, 1133, 8097, 7321, 3295, 686, 9752, 7890, 9629, 1861, 1435, 7367, 714, 5088, 1787, 3486, 9506, 9370, 6925, 2861, 3915, 6065, 7466, 4092, 2406, 8067, 5834, 8949, 8562, 7893, 6698, 6192, 1301, 7006, 2161, 882, 4649, 5384, 3799, 2654, 5232, 405, 8620, 8467, 3812, 4330, 8034, 2548, 3781, 6128, 6198, 3849, 7655, 6722, 1402, 2326, 8814, 9058, 9889, 1939, 1746, 2236, 4374, 6005, 532, 5375, 1946, 6077, 5233, 8111, 179, 3667, 7687, 6763, 4947, 5677, 9722, 407, 747, 8654, 6473, 6035, 3383, 1740, 8226, 3556, 1110, 9995, 6204, 1285, 607, 5456, 1813, 2789, 7303, 5985, 6644, 4964, 9677, 6859, 8923, 6105, 4531, 7330, 262, 4323, 5116, 5488, 1859, 6767, 6702, 7993, 2195, 6414, 1124, 3931, 8778, 5605, 3957, 9819, 3260, 2589, 8916, 1197, 2100, 3088, 8545, 745, 7763, 2182, 9923, 2778, 8564, 3580, 1231, 4174, 6548, 1940, 446, 4673, 19, 4566, 4544, 5203, 4759, 2752, 3528, 3026, 7249, 4068, 8540, 668, 2764, 9224, 7466, 9899, 4775, 5740, 2704, 3278, 9439, 4296, 6320, 5774, 5961, 9291, 5329, 4061, 3343, 1550, 6160, 3479, 6591, 8815, 5157, 6527, 6726, 6408, 4697, 6601, 8162, 4727, 2995, 7591, 7438, 7456, 7605, 957, 8874, 6458, 5524, 6421, 1182, 6527, 1944, 5684, 3837, 9979, 2511, 4599, 80, 2089, 5114, 9968, 7368, 8504, 4960, 1087, 2948, 1458, 710, 4626, 5433, 556, 7221, 8964, 5283, 8421, 5818, 6949, 357, 2717, 5106, 6023, 1482, 8089, 4904, 414, 9028, 1943, 11, 8372, 8680, 8339, 4535, 7591, 2057, 9926, 7543, 776, 9619, 9620, 8049, 4396, 4752, 3283, 779, 9441, 1448, 3067, 8974, 5231, 5451, 1297, 3767, 5538, 7690, 1373, 7096, 211, 9707, 2204, 826, 6215, 1246, 8842, 3114, 1052, 2650, 4995, 5760, 5317, 2184, 7157, 8121, 1950, 5482, 6472, 3966, 5295, 8725, 9817, 7764, 2082, 7443, 4791, 5175, 8452, 5447, 6599, 1172, 860, 2594, 554, 9625, 6750, 4825, 1123, 4851, 7655, 7313, 5004, 5992, 7772, 2473, 8581, 1381, 8578, 8538, 9142, 4151, 8621, 7616, 4456, 4031, 1282, 2186, 1801, 2145, 5100, 1571, 5539, 2403, 8782, 499, 2128, 7531, 3872, 3156, 771, 6717, 865, 6661, 1152, 387, 2187, 5537, 5420, 3495, 1266, 8563, 6401, 7044, 6084, 6686, 9926, 293, 6785, 9275, 9273, 2060, 144, 6390, 3802, 8477, 4502, 8732, 3933, 3711, 885, 3413, 3209, 1021, 687, 6957, 6011, 8367, 5451, 3158, 9465, 8945, 2505, 8740, 5874, 5674, 1176, 4650, 5462, 658, 1131, 4329, 5494, 1579, 2336, 4786, 5204, 1364, 4646, 2809, 1712, 6785, 5248, 3111, 7790, 8712, 1443, 1062, 8457, 4869, 4245, 7178, 3225, 8885, 5211, 5577, 694, 4711, 1465, 8785, 5984, 9360, 8791, 3463, 645, 912, 5437, 5018, 9658, 6321, 7956, 5597, 5841, 5255, 2399, 4435, 4172, 1772, 7127, 232, 4339, 5741, 831, 4097, 8299, 7904, 6988, 5672, 287, 9841, 7818, 6487, 9567, 4382, 5943, 2677, 8598, 7743, 9045, 6612, 4514, 7667, 3664, 1590, 5075, 8436, 2959, 5998, 3231, 4647, 103, 522, 5160, 7573, 9579, 1956, 7485, 4773, 4496, 8248, 9260, 5523, 6711, 6072, 8359, 7026, 6165, 2551, 8264, 5693, 4051, 8834, 1074, 1849, 5920, 3927, 2830, 7218, 5702, 4419, 581, 8731, 4673, 6987, 1819, 9818, 6091, 370, 8254, 3467, 4388, 1371, 859, 4571, 2981, 7694, 1115, 8204, 7006, 1654, 8628, 736, 2413, 7780, 6226, 6203, 3850, 5797, 6980, 8351, 3048, 8189, 9966, 3210, 6268, 2864, 1637, 6414, 1098, 3071, 4691, 3537, 5021, 8702, 5015, 7, 9397, 153, 6526, 2148, 5503, 8155, 5906, 4747, 5340, 629, 3972, 4933, 137, 9090, 3072, 8983, 902, 8731, 5474, 3239, 2299, 9455, 3349, 791, 7839, 2502, 8498, 3726, 7955, 9327, 2005, 7934, 4128, 2777, 4919, 9418, 2892, 4397, 9206, 373, 4085, 8990, 9522, 944, 1600, 7245, 9025, 6501, 2821, 2218, 5051, 6824, 4673, 1972, 7724, 9426, 4490, 6676, 8697, 9527, 8272, 707, 9583, 28, 8382, 5526, 2515, 9344, 5569, 5356, 1474, 3308, 1674, 6150, 4133, 9830, 3214, 9538, 5333, 1715, 1923, 2751, 7183, 2513, 6275, 7641, 645, 9451, 1561, 5865, 5234, 3831, 2832, 5665, 8406, 4835, 8509, 7430, 3754, 6496, 9336, 7221, 1322, 3073, 7314, 2389, 8017, 7836, 6680, 7860, 5700, 869, 7539, 1195, 3185, 8606, 6961, 8528, 9879, 593, 1929, 4516, 8566, 5041, 9771, 6583, 4390, 2355, 8852, 7874, 6052, 2685, 6106, 1045, 99, 7132, 8314, 7348, 4874, 3299, 6295, 1446, 3058, 9685, 163, 2236, 9202, 6629, 5801, 9740, 8637, 5519, 2672, 803, 8679, 9144, 9947, 5844, 8510, 6718, 2301, 9474, 3031, 9824, 6765, 524, 4788, 9185, 5057, 2175, 16, 1103, 9849, 4220, 1127, 8909, 3222, 529, 2865, 7767, 8947, 7186, 6794, 5124, 1183, 9245, 7344, 2101, 4151, 6706, 804, 5037, 574, 1894, 9545, 6820, 6975, 2556, 2404, 1683, 6319, 2912, 8107, 6781, 2918, 4218, 1114, 8973, 5419, 6819, 7564, 1288, 1962, 6109, 9055, 703, 1976, 3179, 3525, 6844, 6761, 8601, 4000, 5686, 723, 5315, 3609, 7608, 4969, 1242, 1994, 2862, 9117, 5314, 5665, 1300, 8549, 5985, 4710, 1135, 8690, 4731, 8163, 1912, 6383, 7589, 782, 5830, 9679, 7900, 895, 2418, 2591, 8238, 9350, 5652, 7573, 5763, 8914, 235, 6611, 6628, 2870, 1821, 7988, 5599, 1935, 2524, 1492, 3248, 8281, 6419, 8516, 6587, 3338, 2645, 647, 653, 6972, 5179, 283, 9106, 67, 1082, 4496, 1078, 447, 664, 7469, 3041, 5098, 6291, 5298, 5749, 7931, 9405, 4280, 2596, 3648, 9411, 8480, 8192, 3846, 400, 7621, 2082, 429, 7471, 7070, 3180, 9375, 4103, 3651, 8273, 6696, 5074, 3931, 454, 2296, 3953, 7891, 1554, 4853, 6394, 4536, 2552, 4197, 9709, 9757, 8438, 9270, 1418, 7163, 3091, 6285, 4135, 7084, 9682, 2713, 1211, 8846, 5224, 8570, 7438, 5151, 7098, 8865, 3041, 3133, 1191, 715, 7103, 5027, 5598, 4296, 1231, 12, 9215, 1857, 4192, 7918, 1008, 6854, 2465, 8435, 8697, 8741, 7012, 9818, 9168, 9340, 2779, 2942, 4707, 2890, 5748, 4562, 7281, 6101, 6295, 7575, 7344, 4385, 9625, 4637, 7349, 870, 5871, 7097, 8255, 4325, 9025, 294, 4875, 1792, 9325, 9976, 5313, 8427, 1808, 8947, 3538, 1163, 14, 3876, 6939, 5975, 473, 5560, 3329, 8371, 5209, 2630, 632, 2923, 5163, 9242, 4348, 6208, 7788, 7327, 3383, 1303, 872, 1298, 443, 8552, 8704, 3908, 4408, 8758, 3483, 317, 9576, 1279, 4270, 9498, 4065, 3747, 128, 1188, 1210, 9532, 8709, 3875, 5819, 8148, 3204, 6074, 110, 7357, 5229, 848, 5063, 5345, 7475, 3467, 3005, 2225, 9314, 9140, 1999, 9136, 3818, 5555, 1702, 6751, 995, 1133, 1219, 3332, 5380, 1373, 3455, 7694, 1847, 5547, 7583, 3835, 6627, 9383, 4391, 5080, 7684, 9935, 3201, 6151, 5875, 6834, 6727, 4486, 4071, 446, 6072, 4321, 7264, 7668, 9819, 6448, 1448, 6660, 427, 9978, 2749, 6066, 9259, 2934, 9891, 3329, 230, 288, 1445, 5434, 728, 6653, 7050, 8122, 8266, 3163, 5280, 9328, 2192, 1038, 9734, 4466, 6754, 92, 323, 9244, 431, 4013, 5843, 9830, 9726, 9946, 413, 831, 4580, 978, 1895, 1018, 3737, 2923, 1568, 5913, 8346, 1264, 4382, 904, 6098, 1163, 527, 4023, 4751, 6896, 5683, 172, 4848, 4308, 1296, 8291, 2637, 6422, 5228, 3548, 846, 2177, 3075, 7748, 6728, 2572, 2315, 3119, 2153, 1200, 5757, 405, 7157, 2272, 6486, 5415, 7547, 8705, 6356, 8430, 9218, 7589, 7057, 5409, 9644, 1488, 3392, 7953, 2782, 4978, 615, 7668, 7026, 5236, 2710, 9934, 620, 9026, 1389, 6362, 1590, 7360, 1084, 2552, 7472, 2646, 1088, 5566, 4092, 103, 9941, 8331, 5130, 7615, 3457, 7606, 2796, 3871, 6264, 9229, 7342, 670, 1311, 6896, 9372, 8575, 6378, 4798, 5001, 3370, 5405, 5105, 3574, 1495, 6529, 2781, 9262, 3387, 1246, 1409, 8124, 1720, 9399, 8214, 8604, 8872, 5900, 8724, 8907, 8328, 3280, 3544, 9442, 8777, 3904, 8457, 8251, 9516, 2927, 4511, 5924, 2933, 3744, 7682, 5790, 1496, 7957, 7685, 7555, 4426, 6007, 916, 9322, 1250, 7408, 1639, 6774, 4903, 3933, 616, 1879, 8749, 2093, 4164, 6823, 1051, 3318, 5229, 5609, 6727, 3764, 1777, 9066, 9407, 1471, 5737, 6772, 8408, 16, 2714, 7538, 8260, 2920, 3314, 6397, 1035, 3425, 8585, 5433, 7392, 8641, 3983, 386, 1274, 4919, 3794, 7840, 2499, 8756, 2951, 138, 279, 5985, 2418, 3302, 7358, 6566, 7394, 2565, 614, 6846, 9406, 8500, 9494, 9092, 3355, 6083, 9211, 56, 196, 4076, 4590, 9971, 4377, 7511, 9602, 4543, 6978, 6991, 6437, 7018, 2550, 9554, 9425, 2735, 4741, 7138, 4418, 8366, 5862, 5769, 4832, 6864, 528, 9755, 7669, 8148, 6615, 718, 5197, 9681, 4209, 6170, 4546, 4650, 5373, 7898, 4786, 9698, 9776, 516, 152, 5530, 4082, 5571, 402, 9879, 7885, 7468, 7593, 743, 3503, 7621, 4341, 2718, 4229, 5213, 6113, 4174, 8618, 8126, 7327, 7604, 50, 7997, 4657, 211, 9742, 3002, 2277, 2399, 6489, 9591, 9626, 5571, 4223, 7253, 1640, 6636, 7994, 4738, 2040, 7419, 7331, 3222, 9114, 884, 404, 3151, 1413, 5681, 5284, 3966, 4844, 1922, 5279, 106, 2962, 6678, 7796, 5089, 9891, 6957, 3537, 5673, 9105, 410, 6054, 6938, 9027, 510, 8461, 4678, 3853, 2516, 5153, 4647, 445, 1144, 6410, 4859, 3450, 6418, 4533, 622, 741, 6059, 3824, 1991, 5317, 9261, 9420, 6808, 7842, 6029, 5028, 7554, 9808, 2996, 7571, 1230, 6890, 6527, 440, 1383, 9287, 4669, 5738, 7808, 8014, 8648, 8600, 9527, 7163, 3987, 489, 3335, 9839, 9930, 4489, 3330, 3064, 7972, 1667, 266, 5738, 3692, 7810, 8904, 7283, 2017, 7552, 9561, 4801, 9864, 5366, 4827, 9669, 7760, 9165, 6680, 5585, 772, 708, 8056, 3959, 9385, 5991, 5056, 2506, 437, 1199, 613, 9540, 3928, 9756, 7496, 9595, 3626, 8316, 8174, 6970, 2491, 3694, 8190, 8621, 4283, 89, 5366, 9392, 5561, 3233, 4725, 5300, 3172, 7559, 6948, 9034, 2003, 15, 3497, 6120, 8064, 9119, 7179, 5977, 5632, 1408, 4649, 8439, 2077, 7174, 9308, 1046, 5714, 858, 7749, 6592, 2990, 3779, 7309, 4755, 2634, 1004, 141, 3854, 7449, 9358, 6598, 6044, 5043, 7265, 8371, 4696, 906, 6602, 1078, 2490, 6539, 1199, 7900, 3045, 624, 8905, 3516, 6355, 8748, 8209, 2101, 4611, 4028, 4698, 7045, 3300, 7985, 206, 1191, 5234, 6801, 1533, 4412, 8076, 596, 7809, 2916, 5808, 6823, 3180, 1889, 8537, 5801, 6510, 6603, 2256, 2071, 4659, 3217, 170, 4507, 9345, 8007, 4261, 7971, 3116, 9059, 4990, 1986, 5914, 4524, 8976, 6502, 3013, 3482, 7232, 4596, 3111, 2970, 4022, 7593, 3364, 1535, 5072, 9164, 1784, 7828, 3163, 3144, 7393, 5517, 800, 3450, 8626, 7583, 8890, 6981, 5233, 3010, 9768, 1692, 2438, 3801, 5909, 1456, 6349, 4499, 1753, 6538, 2035, 8268, 3936, 1627, 9635, 5601, 4081, 8199, 9974, 598, 7451, 6845, 3897, 4171, 4584, 9867, 6785, 5522, 1682, 1963, 2216, 4851, 6569, 1923, 9145, 9159, 3512, 8824, 5853, 8496, 724, 3427, 5590, 4433, 1823, 2489, 5840, 9032, 7732, 8003, 2203, 8699, 9819, 5053, 8694, 7286, 8372, 4050, 5281, 694, 4420, 4492, 8725, 8994, 9592, 4594, 2650, 9914, 7609, 9863, 5381, 9200, 5917, 4249, 72, 5280, 7197, 5309, 1580, 3244, 6758, 2332, 8908, 355, 7757, 7818, 2877, 4870, 7662, 3736, 970, 7865, 8472, 1480, 4055, 443, 6939, 388, 5629, 3232, 6618, 2514, 6356, 3445, 472, 6850, 4966, 1712, 7790, 8795, 7332, 6523, 8697, 3475, 2438, 5328, 5132, 5587, 8457, 5958, 5415, 546, 1093, 6301, 1881, 6806, 2419, 467, 6650, 3138, 1198, 4962, 7924, 610, 2940, 6088, 8729, 72, 8357, 6293, 7493, 680, 6698, 3386, 4141, 1224, 7112, 594, 2286, 3944, 8788, 5122, 7772, 3119, 9763, 332, 9834, 3955, 6167, 7836, 3782, 5601, 7090, 3753, 7132, 9718, 6960, 7715, 4600, 304, 4640, 1010, 4202, 6726, 7353, 2553, 1950, 7258, 7640, 1310, 2342, 3864, 1896, 4527, 9229, 7276, 8329, 2598, 8540, 5910, 3576, 1538, 3329, 2515, 7304, 4660, 2411, 9023, 1500, 5953, 809, 40, 9599, 2515, 1948, 1575, 7415, 8656, 8370, 3621, 372, 1656, 1929, 9074, 4161, 4221, 8769, 8082, 8056, 4615, 412, 1664, 8428, 5788, 907, 4830, 9839, 4700, 5303, 4330, 4113, 676, 1096, 6986, 1251, 8183, 3897, 9870, 6938, 8293, 130, 4373, 2554, 8788, 4931, 9583, 7812, 6754, 3045, 6517, 2279, 7649, 6180, 1546, 9236, 5536, 4351, 6715, 7861, 688, 4787, 2847, 3294, 7418, 6245, 5433, 9130, 5444, 8196, 8964, 1102, 9851, 5646, 1464, 993, 9251, 1161, 4705, 6929, 3298, 5436, 9800, 2620, 8458, 1209, 4228, 9239, 8271, 5539, 897, 1994, 8022, 656, 8733, 4175, 3589, 6953, 6393, 5665, 2189, 5169, 4967, 7223, 7106, 8068, 2559, 886, 5223, 9173, 2321, 45, 8057, 859, 7462, 7026, 438, 228, 9409, 4261, 2310, 1741, 9795, 2809, 9683, 9026, 1005, 9976, 6111, 9277, 7157, 9607, 1264, 8947, 1302, 5752, 5798, 600, 2896, 4030, 1776, 9745, 7479, 7129, 5526, 4932, 8397, 5223, 3132, 9109, 7932, 9137, 8629, 4996, 20, 9199, 7617, 9428, 6111, 4558, 97, 3722, 2845, 3541, 456, 9044, 4290, 6784, 2526, 5682, 2556, 6661, 6226, 5575, 2327, 1356, 3852, 5161, 2709, 430, 4233, 5927, 4453, 2876, 5757, 4393, 4994, 4783, 4668, 4011, 1174, 8525, 1814, 4999, 5502, 3398, 1902, 4471, 8060, 419, 8434, 2963, 4339, 4580, 399, 2840, 2895, 5207, 1660, 5672, 176, 6278, 1072, 6833, 1461, 7030, 8439, 8251, 5015, 4423, 3128, 4103, 6224, 8761, 6675, 1357, 9174, 2916, 4354, 7190, 4513, 9092, 7397, 5, 3429, 3841, 5817, 6150, 4575, 5079, 4996, 4794, 4962, 4926, 9249, 4850, 6092, 2973, 9459, 4937, 3536, 4617, 9492, 9571, 3539, 9661, 9666, 6252, 5305, 3959, 9247, 911, 4374, 6041, 4865, 2169, 617, 1834, 5243, 8441, 1143, 6515, 2153, 3980, 468, 4330, 9713, 556, 5859, 1930, 7289, 8945, 7566, 7802, 7976, 1767, 6561, 7601, 1075, 5636, 3192, 6257, 794, 5093, 6834, 8081, 9525, 255, 7608, 9084, 5466, 3718, 2430, 3657, 1405, 5124, 2056, 1177, 2897, 633, 4965, 2337, 6893, 1932, 3305, 4447, 3359, 1162, 2258, 5720, 1631, 4438, 322, 7613, 2852, 4905, 4670, 9776, 9892, 8657, 4241, 401, 1335, 3941, 181, 2857, 8589, 5347, 5072, 7891, 9377, 886, 7622, 4210, 207, 7034, 9335, 4547, 6864, 4624, 3124, 7154, 1631, 2396, 7004, 6616, 9091, 7986, 5276, 1547, 8948, 4953, 8612, 5559, 9194, 9504, 1789, 7039, 6439, 3607, 4855, 6573, 9360, 7629, 4830, 4438, 8687, 4262, 5541, 4339, 7661, 7493, 2480, 9738, 8044, 6612, 8119, 4380, 6113, 566, 5016, 1930, 8700, 8674, 3792, 9239, 7274, 3651, 3421, 7127, 9801, 1438, 3258, 3187, 2752, 2679, 3387, 5534, 3021, 8794, 3838, 2310, 4928, 8941, 8041, 5058, 7614, 9675, 3283, 79, 7922, 9141, 2051, 3916, 3648, 2634, 458, 5284, 9076, 7219, 9025, 149, 7793, 634, 3366, 8223, 6612, 1186, 6119, 5813, 8899, 834, 7309, 7463, 2389, 9832, 4008, 2128, 8395, 3347, 3322, 8185, 9561, 2726, 1826, 9944, 9903, 4994, 1420, 9149, 6776, 1781, 7350, 7053, 9040, 9618, 812, 6411, 8421, 5078, 1143, 9499, 9619, 4195, 8874, 534, 7908, 5752, 2380, 9281, 2381, 2245, 7708, 682, 6888, 6326, 6094, 7684, 5023, 8537, 7389, 102, 3526, 8277, 849, 7720, 2573, 5737, 3329, 6064, 6640, 1703, 4091, 3295, 6834, 3000, 2557, 4042, 8532, 8104, 2057, 7445, 3821, 8984, 2275, 1225, 7039, 566, 189, 1644, 2184, 3591, 5030, 1193, 5656, 1463, 8004, 9370, 4054, 2507, 3061, 4324, 8485, 456, 4599, 7772, 9717, 9486, 6359, 550, 8601, 5998, 5500, 4907, 6666, 4247, 6165, 1951, 3323, 3527, 2552, 8749, 580, 7269, 9150, 2420, 211, 7995, 5713, 6870, 8549, 9274, 2572, 8367, 3918, 1290, 5313, 3870, 7766, 913, 4930, 6112, 2109, 7785, 6614, 1560, 2799, 2628, 1862, 1025, 5155, 6368, 7186, 8838, 3988, 384, 8515, 3289, 7024, 2109, 5156, 5529, 8994, 5878, 5674, 2634, 7630, 3330, 8825, 1281, 2481, 1841, 689, 544, 6516, 2553, 1273, 8709, 4781, 6353, 7108, 8120, 7237, 6992, 7792, 8826, 8594, 7548, 2351, 1644, 166, 8079, 5153, 4427, 8674, 8772, 5297, 4530, 8650, 3140, 7412, 6051, 3471, 7391, 4688, 2979, 5393, 8653, 1870, 8360, 3745, 8011, 5047, 9390, 368, 7800, 5344, 3807, 702, 4619, 7916, 5722, 1829, 8628, 3786, 1744, 9157, 1252, 6664, 762, 1382, 5254, 6860, 3217, 2620, 1536, 8297, 7074, 310, 3670, 908, 7816, 82, 1516, 4856, 7464, 1284, 1752, 5398, 1014, 5835, 8422, 7592, 4559, 9467, 6929, 491, 8707, 95, 2258, 7813, 2110, 5316, 4601, 2364, 5106, 4469, 984, 4331, 1879, 8624, 7202, 8472, 6565, 6264, 9054, 2455, 8732, 694, 8740, 6833, 4854, 9546, 705, 9883, 5856, 7342, 1473, 4869, 9822, 33, 1387, 9199, 8810, 2192, 4652, 2120, 9715, 2922, 1804, 9013, 5398, 4718, 6714, 5610, 3801, 4186, 6692, 7885, 9143, 4087, 7970, 2906, 5268, 5913, 8274, 3646, 9877, 6363, 958, 2505, 929, 5407, 5361, 1287, 6848, 7822, 5842, 9991, 201, 3355, 2617, 8094, 2990, 2577, 4949, 5872, 575, 4426, 3919, 7849, 2832, 5399, 4300, 542, 1202, 2115, 1096, 66, 7777, 2022, 2415, 1850, 8858, 6856, 9826, 4752, 1969, 4685, 2491, 8881, 5796, 8402, 9188, 4067, 5642, 6510, 1474, 7294, 8626, 6330, 5509, 6741, 100, 9678, 8976, 4776, 5579, 3795, 7881, 102, 7835, 4365, 3044, 923, 4681, 20, 7559, 3225, 4005, 670, 5869, 9517, 4016, 7680, 4416, 2004, 6037, 3212, 4571, 2783, 9684, 3850, 6953, 6789, 916, 4681, 9646, 7219, 3201, 9427, 5346, 198, 3336, 8710, 6503, 7370, 2558, 1582, 2323, 649, 2545, 2588, 7293, 2920, 3888, 6395, 1379, 4197, 1793, 7659, 2355, 9946, 8997, 5870, 8098, 6678, 5203, 7704, 1524, 6358, 5500, 1210, 2845, 1894, 4117, 33, 7478, 1155, 8963, 8268, 1322, 4753, 1903, 315, 1166, 6507, 7649, 4368, 7501, 4883, 39, 1981, 9972, 2337, 468, 2733, 5332, 4441, 300, 8471, 3985, 2103, 3962, 9555, 9557, 2614, 8834, 7785, 61, 9454, 3770, 1032, 4023, 2699, 1847, 5289, 1685, 9159, 9680, 6472, 607, 4513, 8198, 7668, 9469, 2595, 8602, 3930, 223, 3175, 5930, 9995, 9161, 3990, 379, 185, 224, 2739, 3147, 7, 2188, 276, 7688, 1776, 571, 1001, 8665, 9414, 2676, 2635, 9233, 9582, 9534, 6420, 3831, 664, 7829, 4684, 5205, 2718, 4088, 8229, 3940, 138, 8660, 4336, 1892, 1767, 1002, 7096, 552, 8901, 8412, 6808, 2164, 7110, 3829, 4311, 1951, 1194, 1402, 943, 6645, 4536, 3841, 6884, 7311, 6990, 3057, 2748, 8347, 4147, 9937, 3263, 9522, 3811, 4034, 8289, 5928, 6458, 6548, 4311, 3651, 6469, 3563, 6717, 93, 1555, 8049, 7696, 6467, 1931, 7562, 4049, 6530, 2690, 4855, 1771, 3021, 209, 9854, 9272, 7963, 2903, 8094, 9552, 795, 9692, 5832, 3940, 3241, 9054, 877, 8076, 2418, 4098, 3239, 1402, 3757, 3388, 8, 9043, 3047, 892, 872, 8749, 1645, 8586, 3743, 7688, 8738, 4185, 1497, 264, 2068, 7769, 9225, 5558, 89, 4740, 7327, 8011, 7871, 3771, 1271, 331, 6355, 6338, 6101, 7308, 5137, 7097, 3870, 8605, 4697, 9904, 9292, 9561, 2741, 4212, 8531, 8395, 7374, 7804, 1893, 7162, 4604, 5475, 2289, 6854, 9352, 2961, 607, 3158, 84, 5674, 3737, 872, 5510, 5070, 426, 6999, 2370, 981, 7208, 2246, 6231, 5051, 8115, 9221, 4152, 633, 6782, 4647, 8883, 3561, 9891, 7885, 336, 9356, 9764, 2163, 5402, 9587, 7360, 2589, 2077, 7913, 2490, 2294, 6349, 5940, 3564, 4185, 3132, 7320, 1449, 6229, 2378, 9618, 1149, 5002, 255, 612, 2346, 607, 7493, 64, 3509, 9422, 8696, 5589, 9598, 6710, 721, 3035, 6304, 5207, 7246, 2326, 2971, 4832, 7598, 1744, 2221, 8267, 7316, 373, 9583, 7127, 7699, 2526, 2115, 4778, 7877, 8116, 7982, 3073, 9501, 2633, 7852, 3037, 8193, 8957, 137, 2128, 7897, 3596, 2402, 2564, 8385, 4510, 9450, 8948, 9720, 4055, 1852, 9164, 2636, 2308, 9610, 6563, 9762, 2143, 8811, 1376, 4520, 994, 3363, 9057, 9698, 7079, 1368, 8479, 5465, 4793, 1634, 1553, 4572, 5217, 4748, 6424, 6219, 3814, 3826, 6079, 9589, 6589, 882, 8455, 6469, 9781, 9612, 3124, 6941, 9653, 909, 8405, 2717, 6008, 840, 7255, 9713, 376, 3503, 1008, 8023, 3664, 753, 5369, 3480, 3699, 5174, 1453, 8631, 9783, 139, 3610, 764, 8279, 9036, 2406, 4163, 9283, 4314, 3264, 9328, 3540, 7942, 9356, 5960, 2029, 8010, 8860, 9710, 3181, 9252, 4902, 7673, 8160, 3873, 4350, 3272, 3896, 4918, 9359, 1947, 7832, 9912, 8385, 7809, 9649, 8348, 8328, 6475, 2879, 9986, 7540, 348, 8226, 3452, 3138, 6875, 3986, 4637, 8518, 8527, 7868, 3876, 920, 8304, 6452, 7176, 5706, 193, 7079, 7429, 9219, 5602, 4423, 5485, 4311, 800, 4512, 5090, 4958, 9468, 9624, 7, 4718, 7801, 7723]
List Size: 10000
Insertion Sort Time: 6189.782300 milliseconds
Merge Sort Time: 54.498000 milliseconds
Built-in Sort Time: 2.122400 milliseconds

