Original List: [7556, 549, 99, 4864, 8006, 8595, 9119, 2666, 202, 5617, 7073, 4478, 588, 2115, 3126, 2205, 2431, 4703, 1930, 7931, 7352, 6239, 413, 519, 3780, 9684, 1067, 3246, 4506, 5279, 625, 9130, 5030, 54, 3275, 8721, 11, 936, 3305, 5245, 4395, 1222, 7310, 4327, 7089, 4834, 4724, 6000, 9480, 3402, 2239, 3689, 2563, 7695, 6312, 77, 5906, 728, 890, 2756, 6877, 1839, 2853, 5635, 9406, 6754, 1600, 9015, 1238, 9465, 986, 314, 1425, 3912, 182, 5474, 1805, 5722, 5655, 8093, 2829, 5232, 396, 6190, 637, 3932, 1484, 5974, 1045, 5391, 9250, 9540, 3574, 7891, 4683, 4068, 9571, 7008, 1113, 7027, 8347, 7237, 8796, 271, 3092, 7286, 5162, 7690, 304, 832, 4968, 2466, 7739, 5610, 3628, 7135, 1037, 2853, 5093, 6418, 1733, 7100, 5093, 6001, 7312, 3033, 6195, 1841, 1050, 1019, 4865, 1229, 6147, 7432, 7895, 4655, 4562, 531, 3139, 1527, 627, 5154, 4057, 386, 1519, 5760, 6168, 7493, 3549, 5985, 5161, 6933, 5876, 618, 1967, 7534, 9748, 7884, 2843, 8199, 4457, 9104, 3342, 5491, 1537, 2759, 5921, 4038, 2964, 3127, 8675, 3856, 9083, 5185, 8144, 9257, 4632, 4253, 949, 406, 389, 6584, 5194, 8248, 5839, 8847, 7885, 3602, 848, 3726, 7167, 4088, 3683, 4730, 2843, 6417, 2837, 8447, 7088, 408, 4109, 134, 2746, 5348, 8575, 6198, 5999, 4180, 5889, 7886, 1563, 6918, 2305, 6311, 4199, 7635, 4418, 5305, 120, 5350, 6381, 1918, 8616, 5004, 3406, 790, 9715, 1738, 2032, 2090, 8704, 4514, 6725, 336, 6124, 9486, 5162, 8591, 6770, 7790, 4306, 9261, 9543, 6924, 1554, 3711, 3358, 896, 1592, 1366, 793, 9073, 3346, 9796, 1398, 62, 6908, 6066, 6617, 2633, 1903, 4066, 5888, 7959, 6370, 6054, 1366, 4417, 1037, 2849, 9778, 2411, 9076, 4705, 9685, 377, 4167, 187, 7962, 66, 5405, 156, 9772, 5632, 2310, 2397, 4183, 3086, 435, 4500, 7996, 5880, 5364, 5739, 4414, 8694, 4828, 3991, 2579, 1070, 8513, 9694, 3114, 4270, 3506, 3357, 5204, 1445, 1442, 8742, 1118, 3353, 5646, 1759, 7256, 2203, 3273, 6201, 1328, 5753, 3314, 5796, 194, 6217, 3186, 3903, 1658, 8349, 6346, 5807, 5259, 8448, 4605, 3919, 1597, 3402, 3190, 2042, 8399, 1484, 7282, 8782, 4208, 7754, 1635, 2134, 9831, 4620, 6880, 9706, 2273, 9644, 9956, 9228, 6674, 9916, 7246, 9494, 846, 8455, 2846, 4567, 5162, 6951, 7836, 251, 4019, 3217, 6677, 9903, 3514, 8170, 5335, 3324, 6404, 1549, 3523, 4640, 3207, 5545, 2598, 1558, 6410, 8571, 2854, 7415, 3670, 2294, 2560, 678, 9064, 444, 5490, 8574, 4930, 6054, 6603, 4011, 3543, 7318, 2119, 4058, 9092, 1846, 5621, 2832, 7944, 5232, 2772, 7968, 8773, 5028, 1846, 5025, 8395, 9117, 4172, 7882, 393, 8183, 9680, 2761, 587, 349, 6230, 2846, 2546, 4345, 7096, 5589, 8321, 3629, 8249, 6381, 1614, 6013, 8034, 5639, 484, 4410, 9658, 5783, 9659, 5549, 7638, 5542, 6349, 9402, 2373, 2060, 6065, 1293, 7955, 3273, 4220, 3778, 6541, 4755, 3953, 8756, 3610, 1275, 6719, 4835, 9493, 3764, 8904, 4577, 5076, 9822, 7932, 6327, 6342, 8814, 7222, 3836, 2564, 8766, 4366, 1183, 3796, 7597, 6459, 6337, 4027, 7717, 2323, 8287, 5789, 9163, 1910, 1583, 4034, 6160, 5380, 945, 3751, 8186, 242, 44, 6804, 7188, 4374, 9030, 9947, 8620, 3267, 821, 4420, 5549, 7237, 3395, 7204, 7037, 2915, 6148, 4099, 1243, 9682, 3493, 44, 3187, 5124, 9688, 3817, 5671, 1345, 4196, 3902, 5504, 4044, 5801, 4131, 1088, 7336, 5515, 174, 3588, 627, 6190, 3574, 4893, 4112, 5024, 7333, 7023, 4224, 3394, 7984, 1386, 2394, 4377, 5314, 9132, 3681, 73, 8066, 3546, 3071, 2356, 4901, 9658, 6422, 87, 3402, 8116, 2285, 4684, 8567, 1526, 1941, 7550, 806, 6989, 6236, 7768, 8577, 4305, 9110, 861, 1887, 8842, 2351, 658, 4220, 3020, 2457, 7931, 4588, 3042, 8153, 6218, 3170, 220, 1988, 832, 308, 3395, 1312, 7641, 7754, 8080, 1157, 7782, 2100, 1497, 2510, 7128, 8360, 4236, 6405, 503, 6145, 6267, 4805, 9880, 9908, 8345, 6303, 5496, 5997, 3738, 7394, 5608, 2162, 3796, 3612, 292, 3539, 3972, 9257, 7589, 3421, 1695, 1353, 487, 894, 3766, 2083, 123, 7581, 445, 14, 2653, 4321, 3995, 8584, 6403, 7968, 9127, 4436, 7286, 9823, 6986, 9345, 9001, 9005, 1428, 6064, 5406, 5506, 6258, 81, 3344, 3890, 9699, 5372, 6814, 5479, 6379, 5686, 3028, 4264, 1772, 8322, 4078, 7231, 6528, 208, 9202, 2705, 4572, 1653, 6686, 7489, 2042, 4090, 7683, 8497, 5769, 6206, 6193, 1135, 1154, 9292, 3495, 1535, 4809, 2553, 8094, 8720, 8424, 6440, 4039, 7899, 3387, 7534, 4997, 8780, 7051, 7876, 6331, 521, 6531, 2650, 2589, 2961, 8089, 6112, 8599, 3422, 3157, 7771, 5028, 1400, 1073, 2308, 5576, 1464, 2133, 1700, 7248, 8306, 2645, 8419, 8565, 976, 196, 1024, 352, 844, 2349, 4544, 4864, 7166, 7729, 8066, 3155, 1314, 7395, 3770, 890, 4760, 8597, 3305, 4342, 49, 5894, 3385, 1009, 240, 3029, 1735, 9065, 8148, 2298, 7469, 9123, 4563, 3533, 8961, 3665, 6673, 6767, 6043, 3565, 1496, 2352, 9445, 8162, 7652, 4486, 1466, 8986, 8922, 9298, 8866, 1503, 7324, 3473, 3485, 6595, 190, 8867, 4073, 5581, 4266, 3278, 579, 6676, 5040, 4305, 6455, 9634, 7052, 4919, 8805, 6591, 5344, 3914, 9561, 2970, 482, 1369, 9690, 2118, 5702, 1508, 9434, 2987, 8453, 6424, 3088, 315, 5357, 9372, 9236, 5834, 236, 1008, 9211, 5271, 1390, 9204, 4805, 4759, 2745, 6540, 4712, 1196, 1622, 690, 8262, 905, 7896, 9263, 7268, 5799, 3335, 266, 7698, 3962, 3754, 2653, 2067, 8778, 8412, 9415, 7487, 1258, 9646, 5719, 5482, 9125, 5948, 523, 4463, 7571, 4339, 8547, 4607, 2594, 7371, 7092, 2623, 3367, 2239, 5367, 9191, 1053, 8426, 3966, 9336, 8113, 6388, 5776, 5509, 8436, 626, 3712, 2370, 2364, 809, 7455, 5386, 4977, 5824, 6858, 5680, 5992, 236, 6714, 2032, 4916, 49, 3680, 451, 9920, 4984, 1018, 9406, 1044, 5630, 3015, 2799, 4354, 2267, 893, 8751, 113, 2265, 5478, 8507, 7320, 8968, 7009, 8200, 9985, 1847, 4126, 6419, 110, 1794, 6643, 1758, 6083, 1518, 8521, 1991, 5805, 5490, 5745, 521, 4750, 1599, 9929, 9680, 3384, 355, 5038, 4073, 7886, 3648, 8031, 6926, 326, 9841, 4231, 4661, 7448, 4037, 1314, 2172, 7939, 3991, 4766, 460, 2787, 1421, 2573, 1901, 544, 7485, 3849, 9890, 9036, 6766, 138, 5995, 4398, 4777, 5130, 9654, 2129, 5088, 3298, 9097, 9023, 6100, 673, 151, 5721, 5477, 383, 2007, 9034, 3765, 3510, 4646, 9661]
List Size: 1000
Insertion Sort Time: 57.777600 milliseconds
Merge Sort Time: 3.750000 milliseconds
Built-in Sort Time: 0.123800 milliseconds

Original List: [2088, 4968, 5087, 5218, 8874, 921, 1210, 2183, 1329, 8358, 9442, 4513, 9604, 700, 5745, 6928, 7011, 6728, 1864, 2603, 8817, 9044, 2545, 1358, 9517, 1310, 5052, 1780, 8058, 6865, 945, 3261, 7257, 7310, 7233, 5415, 3673, 2599, 9880, 4731, 6131, 389, 3194, 6314, 4569, 4721, 3944, 4730, 4039, 7527, 6285, 6437, 1829, 3691, 1596, 7399, 4387, 546, 2037, 2109, 5953, 7452, 5635, 3086, 7392, 6604, 1629, 2561, 8527, 254, 6036, 713, 610, 1653, 8761, 3201, 6649, 5681, 5511, 5305, 8956, 6288, 319, 6437, 215, 1808, 1341, 555, 7635, 1998, 939, 4929, 721, 1629, 4578, 4203, 5748, 4823, 6435, 7955, 1952, 3960, 4515, 6841, 2850, 3439, 4486, 8914, 5355, 9436, 5847, 6587, 665, 3728, 8676, 2771, 7352, 3437, 8571, 4285, 6366, 5955, 3764, 6626, 2948, 5400, 2533, 4169, 9537, 8464, 9382, 7721, 4913, 1298, 8697, 9757, 4166, 6362, 1351, 7259, 8924, 9889, 1749, 7491, 6114, 7186, 1996, 6036, 8779, 6224, 6306, 8083, 9387, 3079, 488, 5089, 1594, 9813, 7731, 2810, 9213, 5843, 1050, 3704, 9589, 288, 2888, 9863, 4720, 2961, 6592, 3492, 8007, 5000, 3767, 8604, 1160, 1151, 3841, 5745, 341, 4207, 3399, 9872, 93, 3558, 4195, 8590, 5431, 1405, 7383, 7953, 6109, 8285, 8381, 9431, 5478, 3488, 2567, 2863, 3899, 9659, 5555, 8616, 4189, 9292, 4103, 2555, 299, 294, 3307, 4582, 9235, 1918, 9536, 5545, 9461, 5993, 9429, 169, 5219, 907, 2683, 5075, 404, 334, 8572, 8488, 8199, 3437, 2658, 5913, 7968, 9364, 2026, 1156, 1504, 9701, 7584, 3523, 6502, 6125, 4396, 1365, 5756, 3868, 6399, 5343, 2676, 2887, 4827, 11, 4367, 3505, 7955, 814, 6210, 2883, 5534, 6553, 5419, 5484, 6154, 4106, 5438, 5837, 3861, 6462, 3364, 2714, 8263, 5523, 5828, 3584, 4350, 5792, 5538, 6377, 9610, 581, 1050, 5345, 802, 4590, 4945, 2654, 5428, 3805, 6772, 2262, 5214, 1128, 1455, 8010, 272, 9040, 2146, 5349, 1049, 8714, 152, 4658, 6461, 837, 474, 1817, 512, 2297, 2554, 8428, 6768, 989, 4715, 277, 9683, 9184, 5817, 8308, 8758, 8975, 6774, 8795, 8723, 917, 2472, 3961, 5584, 3936, 6212, 1414, 5634, 3318, 6286, 8012, 2393, 6323, 8143, 167, 8204, 790, 1446, 5607, 3379, 1186, 1057, 1866, 5690, 8104, 6958, 247, 1668, 9900, 7604, 717, 9854, 221, 7855, 3471, 6102, 7043, 9998, 6304, 902, 6143, 1872, 3303, 9188, 5222, 6391, 9298, 832, 3699, 1562, 3143, 2151, 1155, 1316, 1624, 9149, 9788, 2673, 780, 2185, 6643, 3949, 1793, 8973, 5191, 1519, 8559, 9776, 9293, 192, 9375, 1181, 7726, 8505, 6868, 8680, 8661, 4460, 4549, 587, 9188, 2873, 2120, 9825, 6322, 6775, 6353, 8739, 7413, 4057, 1898, 8526, 866, 9018, 3183, 5060, 7331, 3100, 7122, 4132, 9564, 3715, 7700, 4812, 5880, 965, 4662, 5887, 8329, 9962, 5460, 7708, 8660, 1255, 8737, 1245, 6203, 1278, 1970, 2181, 310, 819, 3363, 8715, 1530, 1984, 2216, 9629, 9079, 8639, 3412, 2271, 2406, 9881, 851, 5056, 3601, 7921, 2923, 7348, 1123, 2718, 3804, 9341, 9657, 4301, 9348, 7092, 2423, 4355, 2556, 5464, 5771, 8482, 7406, 5889, 7601, 8985, 5698, 5889, 325, 1473, 1314, 9358, 6871, 2765, 6197, 4583, 8385, 1745, 9735, 9621, 2242, 9276, 2558, 6328, 5726, 9308, 5450, 7471, 8439, 1147, 2000, 5199, 1663, 9220, 3919, 5476, 42, 5677, 6441, 1789, 9699, 651, 2233, 7884, 8272, 5241, 6088, 2705, 2802, 5831, 7598, 3481, 401, 1603, 848, 7949, 752, 8925, 77, 3843, 2697, 8626, 9231, 1156, 3959, 8089, 2188, 4742, 8566, 5039, 8658, 2997, 9055, 3749, 7359, 6980, 4427, 198, 8086, 3641, 8870, 7482, 1502, 6814, 2998, 7387, 1866, 1823, 1699, 4440, 4221, 938, 3838, 723, 6141, 2155, 7913, 6701, 507, 7806, 1141, 6304, 7864, 5898, 4149, 872, 9831, 9653, 379, 3567, 6274, 1895, 6890, 4238, 8460, 2400, 8551, 1465, 704, 2463, 2674, 4720, 2217, 5335, 6358, 5735, 2170, 5999, 3030, 7639, 673, 1162, 6851, 1413, 5715, 5773, 4547, 9612, 256, 1692, 9166, 7963, 5255, 989, 9621, 1522, 8809, 70, 2294, 3595, 8614, 6263, 1605, 493, 5098, 7848, 9321, 7570, 5827, 4694, 2880, 3417, 7491, 51, 3147, 5321, 8704, 8166, 5414, 6251, 3196, 224, 2667, 3774, 8159, 8806, 1650, 7337, 5971, 2345, 4351, 5404, 7970, 8104, 2575, 2629, 3324, 8596, 5417, 2460, 7282, 7601, 6578, 8496, 7811, 3457, 8405, 8107, 5727, 3149, 1978, 2737, 5127, 1579, 1092, 7173, 8766, 4601, 9880, 3771, 933, 1721, 7118, 6611, 9304, 2764, 5108, 8778, 4396, 6062, 7363, 1254, 5213, 816, 1024, 2149, 2133, 1325, 551, 4237, 4564, 4510, 2125, 6317, 1764, 5178, 2656, 276, 5233, 7826, 8496, 4879, 9755, 8164, 7490, 8982, 5132, 7437, 2777, 3468, 8445, 129, 8236, 9304, 5460, 6382, 5662, 1686, 9222, 8796, 9254, 5862, 5428, 7037, 1250, 8187, 1308, 580, 8578, 6100, 11, 5604, 6198, 8018, 2755, 3276, 2055, 5125, 4997, 9353, 3471, 3080, 4664, 8030, 730, 1770, 7140, 7882, 6646, 5375, 2226, 9355, 1453, 1560, 55, 2345, 5844, 1583, 2378, 594, 414, 909, 815, 9142, 2426, 6138, 3903, 3461, 9919, 3854, 6335, 6183, 1320, 4748, 5622, 6914, 3845, 3101, 551, 1516, 5015, 7682, 2060, 3380, 8991, 1434, 2564, 6229, 180, 1102, 8313, 8634, 4082, 5063, 6498, 7069, 1012, 3098, 6910, 2881, 3673, 3592, 5923, 2294, 6335, 9172, 483, 2040, 6374, 2214, 1296, 5642, 1117, 2334, 2803, 147, 8335, 2056, 7343, 8603, 2032, 5117, 8917, 4210, 886, 1851, 8591, 4967, 4954, 5907, 3906, 4470, 6719, 1364, 1800, 2758, 9783, 6689, 7965, 4648, 8624, 1471, 3335, 5727, 6841, 5194, 2038, 2668, 8261, 9782, 8054, 6849, 8562, 256, 9626, 9192, 452, 8284, 8333, 9126, 7967, 5995, 8009, 7942, 6773, 8933, 6408, 533, 5234, 572, 2782, 6342, 7271, 7131, 6017, 1622, 8287, 7842, 1909, 6032, 3231, 6342, 9721, 6573, 5367, 4510, 1178, 1567, 4495, 5468, 9297, 4444, 1147, 372, 3328, 6060, 6905, 5313, 4670, 7439, 6229, 5992, 5513, 8635, 7790, 90, 8611, 8761, 3608, 2717, 2002, 1932, 4830, 5175, 4582, 9730, 8525, 5746, 5522, 2703, 9574, 9879, 6949, 8947, 2436, 9274, 8763, 1544, 2136, 4431, 9957, 2914, 8869, 2287, 9307, 8174, 385, 3687, 1464, 2247, 905, 9354, 685, 1589, 5552, 5773, 8791, 2052, 4620, 9557, 6625, 7915, 3131, 6818, 5824, 5472, 5202, 2938, 3329, 6191, 7676, 1368, 496, 1938, 2298, 7836, 7468, 9228, 3197, 9923, 2694, 5060, 7880, 6325, 7375, 2648, 9369, 7764, 6393, 2283, 3933, 8181, 6383, 9563, 958, 2586, 1308, 3669, 6468, 5735, 3671, 6670, 1354, 4610, 6810, 2209, 3660, 8036, 5035, 8596, 6875, 1375, 1766, 3176, 5583, 6074, 3315, 8735, 9512, 7892, 9991, 6524, 6785, 3555, 8075, 5783, 6707, 8920, 8427, 5291, 8126, 205, 7493, 2226, 8142, 4310, 7849, 5724, 2068, 8792, 734, 782, 3294, 2167, 2049, 1887, 369, 147, 4024, 3610, 6170, 6130, 3792, 4857, 1349, 7644, 4163, 7874, 387, 798, 2525, 8063, 9920, 6795, 7064, 456, 998, 8165, 4953, 9831, 8368, 8843, 1821, 4195, 5987, 6793, 5490, 7223, 7550, 7922, 2390, 5870, 575, 2034, 9585, 9199, 8828, 9368, 6920, 8234, 7004, 3338, 500, 4253, 7176, 530, 965, 7778, 8106, 7699, 5595, 6834, 1097, 404, 4165, 6578, 5180, 3254, 993, 2667, 4359, 2819, 6622, 2436, 3602, 4773, 7669, 2810, 6764, 4773, 1994, 8992, 1652, 3349, 6605, 2858, 2934, 5648, 5511, 1659, 7563, 937, 1561, 7259, 7576, 8249, 3693, 4050, 6356, 1070, 3335, 6024, 6313, 8898, 7712, 7188, 209, 7516, 2232, 9841, 5225, 155, 1340, 8908, 8987, 2752, 6689, 1431, 3241, 5505, 2165, 6553, 7311, 8776, 505, 9405, 5773, 7489, 3721, 8197, 2144, 6438, 6857, 8859, 1735, 1900, 7516, 32, 295, 5730, 6829, 3502, 1161, 2818, 9605, 4706, 1351, 6326, 1473, 2863, 8561, 2255, 2389, 3413, 7489, 2596, 7570, 6739, 3977, 9462, 6647, 6709, 6855, 8554, 8959, 6200, 5188, 3430, 8446, 114, 1827, 7885, 3009, 7055, 5455, 925, 3220, 4571, 4574, 1557, 3419, 1435, 2599, 5060, 1327, 4317, 4215, 1691, 1659, 30, 4409, 1687, 1557, 1011, 3841, 5058, 5239, 9960, 8948, 3275, 225, 4632, 6135, 3448, 1093, 4479, 1424, 5456, 9842, 9459, 9465, 4655, 7483, 7615, 9300, 8056, 1075, 3971, 5634, 1161, 1611, 5112, 3099, 2766, 6877, 7911, 3259, 563, 5703, 708, 4673, 1521, 3601, 2939, 9807, 2366, 303, 1849, 221, 6541, 4682, 1042, 790, 1282, 3741, 6768, 6262, 3054, 307, 5049, 8977, 3718, 6817, 4294, 2841, 149, 4210, 2969, 5541, 5591, 6067, 5188, 58, 7769, 2708, 706, 6866, 3018, 8095, 3272, 9591, 870, 3476, 4482, 2878, 9397, 6056, 1957, 9106, 9175, 6261, 7098, 2695, 7566, 1369, 9934, 3979, 5021, 5266, 3596, 3236, 5539, 2378, 3628, 5875, 6375, 1995, 4791, 8403, 1248, 3991, 1535, 3742, 3193, 4646, 7905, 693, 9433, 7256, 3614, 2206, 2605, 6675, 4474, 1598, 8845, 9517, 7951, 3785, 4384, 5252, 427, 8719, 639, 5642, 1837, 6601, 453, 9040, 1816, 249, 2431, 8739, 9513, 1238, 7205, 3151, 4110, 7707, 4633, 8044, 9957, 8050, 7173, 4812, 9304, 6454, 2625, 2722, 2885, 4722, 2304, 241, 4165, 8442, 9819, 6783, 4023, 7011, 3223, 1417, 4887, 4920, 1492, 9475, 4107, 1852, 4162, 1742, 8326, 5375, 8950, 8859, 9478, 3742, 4480, 1383, 4485, 6774, 2306, 6351, 9254, 9387, 2177, 4936, 5810, 9814, 7367, 1633, 3199, 5098, 5767, 1147, 6027, 3160, 6299, 3911, 316, 4465, 4253, 5859, 3723, 661, 6985, 9770, 2582, 1341, 9778, 7345, 2971, 3101, 4332, 9428, 1274, 6438, 8441, 4525, 4520, 7357, 3681, 8411, 4507, 1178, 7144, 5293, 9388, 5716, 8779, 1864, 7696, 881, 3088, 3864, 6448, 5338, 6991, 6434, 2608, 425, 4250, 2027, 9821, 713, 7380, 2646, 8936, 4310, 6971, 573, 987, 9732, 5073, 6704, 1620, 5205, 255, 4044, 6007, 6460, 9492, 8008, 9846, 4362, 9022, 6865, 610, 7873, 6341, 9767, 3795, 2843, 7726, 1034, 1772, 6092, 9251, 1379, 4831, 3445, 6893, 9750, 2328, 2714, 5808, 5323, 5843, 2848, 8667, 8687, 7044, 5929, 3893, 3023, 835, 9885, 9981, 1032, 2534, 8253, 5334, 9380, 4544, 1150, 8281, 4885, 7403, 8068, 5164, 164, 3539, 6167, 3648, 2792, 1406, 5221, 3585, 3122, 8273, 5361, 7069, 5505, 2507, 5783, 2255, 7557, 101, 8811, 9612, 6167, 6805, 9212, 6371, 7404, 2501, 2642, 5252, 3412, 6407, 1582, 1544, 8584, 1999, 8866, 1085, 7463, 5785, 329, 7681, 3680, 7126, 6015, 6245, 9431, 8965, 8101, 9501, 7306, 9441, 6936, 5910, 3063, 3691, 3351, 9604, 4769, 8036, 3272, 7046, 4647, 3876, 1040, 1751, 1772, 6998, 6882, 2625, 5772, 9274, 2404, 3720, 463, 6685, 629, 9673, 9744, 1095, 2770, 6186, 955, 5014, 3543, 8083, 8310, 4825, 9159, 8246, 2206, 5661, 4634, 8673, 968, 2999, 6587, 850, 6529, 1773, 8312, 2431, 5036, 2835, 5761, 5572, 9682, 2232, 4215, 7869, 2715, 8281, 8523, 7227, 2599, 9067, 202, 2649, 8527, 6929, 3870, 764, 3835, 3670, 1227, 127, 1889, 8600, 9572, 538, 118, 1809, 3450, 6797, 5635, 1574, 470, 7081, 4635, 2445, 519, 5576, 7984, 153, 4262, 8211, 5690, 3023, 2465, 527, 2519, 3296, 1002, 6801, 437, 9560, 4597, 1803, 4173, 2271, 6026, 1416, 8402, 366, 7659, 6266, 8147, 2679, 5178, 2443, 1522, 4167, 9967, 7023, 3661, 1093, 1454, 5090, 2596, 373, 3196, 1484, 8801, 5757, 4736, 8945, 2433, 9144, 2046, 7144, 4505, 5563, 9649, 178, 1699, 2379, 2187, 2610, 8605, 2094, 6364, 7645, 3024, 1643, 2747, 7161, 9797, 3542, 145, 6399, 85, 6321, 9609, 6875, 8177, 8970, 8745, 5269, 6493, 1034, 7684, 1913, 6220, 2179, 2607, 335, 8249, 3883, 9219, 7257, 7493, 4600, 8975, 9754, 1759, 8300, 755, 6448, 8396, 3005, 5991, 5507, 2340, 3196, 7278, 3034, 5434, 6200, 4085, 9524, 7749, 527, 27, 6473, 3861, 1093, 1459, 8765, 9640, 4797, 903, 4305, 3654, 424, 7936, 5312, 941, 6646, 2013, 9138, 7927, 9890, 7628, 453, 684, 1146, 7900, 4175, 9499, 1213, 5651, 2234, 6567, 7526, 9647, 2495, 1622, 8147, 9411, 7869, 3009, 7924, 5299, 9495, 9354, 3091, 2455, 5009, 289, 1735, 6323, 2691, 9211, 2899, 7963, 6986, 5087, 4154, 4781, 4265, 8986, 563, 5904, 1047, 3847, 1613, 676, 1555, 2655, 2089, 4571, 4456, 8372, 8406, 9582, 9925, 9116, 715, 1579, 2632, 6451, 5113, 7701, 8259, 5898, 1186, 339, 8916, 2270, 2875, 6470, 347, 7607, 6019, 3767, 5647, 8218, 6312, 7936, 9362, 9588, 4445, 5528, 5792, 2700, 3845, 5349, 2765, 226, 1217, 3709, 568, 4784, 7812, 7911, 9642, 5154, 1680, 3671, 1447, 428, 8663, 8923, 8823, 1384, 5146, 5518, 7790, 567, 9280, 7785, 1947, 9261, 8512, 7392, 4791, 1623, 8502, 1074, 2360, 6655, 1835, 6837, 241, 9662, 7029, 444, 8061, 614, 310, 8216, 363, 486, 3089, 9568, 1036, 7567, 4421, 1484, 5806, 8240, 8469, 6463, 1453, 9965, 4107, 121, 445, 4905, 8755, 5982, 6403, 8182, 4779, 3519, 7474, 9467, 6697, 2179, 8197, 3134, 1263, 8054, 300, 9674, 8990, 1447, 4807, 697, 1266, 8714, 4454, 8344, 5027, 4370, 1004, 4092, 14, 2290]
List Size: 2000
Insertion Sort Time: 305.514200 milliseconds
Merge Sort Time: 6.352600 milliseconds
Built-in Sort Time: 0.313800 milliseconds

Original List: [5866, 8229, 6105, 1482, 884, 9139, 2716, 1669, 2558, 3579, 2328, 545, 3002, 3411, 9160, 6421, 6659, 3267, 2951, 3786, 2883, 656, 8087, 574, 3515, 8870, 5346, 3818, 8176, 6962, 7897, 4061, 7331, 281, 931, 6459, 4625, 9001, 9593, 7043, 5925, 8471, 6775, 1766, 8912, 5368, 6143, 7311, 6963, 4174, 784, 9098, 8420, 1459, 0, 589, 2332, 7492, 3237, 5452, 1583, 7792, 1619, 1266, 9508, 4544, 9406, 8169, 2018, 1603, 4578, 6941, 3679, 3703, 2215, 3195, 2329, 2333, 2275, 2707, 7537, 6494, 382, 9833, 3846, 3057, 8250, 294, 7257, 5962, 5651, 2710, 8919, 4555, 6277, 7029, 7178, 6929, 9903, 81, 2074, 3649, 8020, 1972, 8386, 5881, 8952, 9216, 3943, 7137, 579, 820, 2200, 9896, 4010, 8367, 4193, 6972, 146, 6759, 7359, 1357, 6910, 7361, 3624, 1951, 4160, 7759, 2382, 3536, 6907, 6820, 6751, 491, 6455, 7611, 6047, 8044, 4694, 8654, 7054, 1371, 462, 3914, 5152, 8455, 7875, 1607, 4157, 8965, 5308, 9592, 8091, 466, 8661, 212, 1126, 2135, 2783, 2091, 1899, 7137, 9875, 1755, 882, 4069, 9113, 5527, 8730, 3994, 2112, 6511, 1876, 8399, 7411, 3150, 9678, 4520, 370, 4474, 7893, 9881, 6865, 8365, 791, 4471, 3756, 6956, 5429, 1345, 493, 114, 5368, 5161, 471, 5572, 2389, 1277, 969, 9294, 1099, 4891, 7039, 5587, 9366, 4818, 374, 5614, 2596, 4733, 6908, 2197, 5345, 5905, 748, 2382, 4108, 9069, 6646, 7579, 4244, 1697, 3070, 937, 2426, 6162, 8519, 2642, 7881, 684, 6526, 8658, 5728, 9089, 3025, 5527, 1551, 5031, 3694, 2039, 9349, 9170, 7917, 2517, 3692, 5862, 356, 3116, 2810, 2565, 254, 3083, 7121, 9110, 9195, 5441, 3934, 2180, 1617, 6235, 799, 1476, 3759, 808, 7573, 4090, 6083, 155, 9234, 4862, 8193, 9751, 9661, 7357, 5761, 5112, 4485, 3392, 2395, 1006, 8217, 9740, 7405, 4244, 4888, 2388, 7716, 5442, 8874, 7359, 7559, 3874, 9626, 1479, 6119, 9802, 5478, 5221, 1063, 6593, 6616, 341, 6496, 7696, 1387, 7381, 1212, 751, 9091, 3442, 100, 1809, 113, 6099, 5666, 6278, 4816, 8662, 4340, 8558, 4699, 6506, 1661, 4150, 1430, 9804, 1465, 7152, 3599, 8765, 2943, 9277, 7112, 2609, 7615, 4720, 1907, 6990, 7701, 9992, 9096, 3681, 3629, 3962, 7, 8444, 7823, 3899, 3551, 716, 1960, 5317, 7582, 2437, 1304, 1265, 5577, 8245, 39, 4753, 7669, 508, 3892, 7605, 3723, 8952, 2927, 4193, 2455, 757, 6662, 9594, 7531, 2355, 8431, 1855, 5847, 1367, 7150, 3606, 3766, 5437, 5422, 9109, 6556, 1262, 6018, 7658, 6114, 6755, 2173, 4626, 9958, 5003, 7444, 3514, 9159, 7192, 5424, 7960, 1879, 5801, 4371, 3219, 3278, 4903, 6480, 4186, 1698, 3249, 7492, 3643, 5642, 8958, 8977, 7199, 8499, 6450, 8032, 337, 437, 8295, 6010, 2432, 4835, 775, 8075, 483, 3464, 163, 1231, 5615, 5038, 4018, 8556, 130, 8659, 622, 9662, 8633, 3648, 7467, 3311, 1378, 2529, 2624, 8038, 5750, 393, 2330, 9620, 2659, 9887, 9858, 4846, 2752, 5128, 7947, 8342, 6639, 6434, 1863, 8738, 2333, 5106, 3003, 2311, 1901, 1051, 4123, 4560, 5512, 6136, 1655, 1562, 2329, 8527, 5547, 2021, 3894, 7693, 288, 7676, 2205, 9221, 7326, 2140, 7873, 2358, 483, 2634, 7403, 1289, 726, 2562, 5438, 3752, 2570, 3058, 7085, 2112, 1854, 3397, 2913, 5077, 2229, 7434, 3892, 3173, 1497, 592, 6219, 258, 9665, 6355, 9297, 9999, 8274, 7761, 895, 1493, 3841, 5199, 6035, 6438, 3767, 3332, 4823, 4320, 5717, 8403, 6713, 1479, 191, 8931, 8947, 3367, 1425, 2392, 4826, 7416, 7440, 9124, 9563, 4124, 959, 1074, 9970, 7936, 3753, 7606, 3153, 8621, 8137, 2843, 7833, 991, 8454, 1644, 8099, 4761, 6745, 5774, 6015, 1027, 703, 3049, 815, 1830, 8950, 7850, 946, 8028, 6499, 3193, 5461, 1913, 9991, 8066, 7151, 8173, 5801, 2265, 4611, 8836, 5380, 2132, 8964, 7339, 2562, 6137, 3085, 3570, 2096, 8301, 1210, 2517, 855, 2965, 8665, 4529, 5930, 8599, 8828, 9805, 2362, 429, 9809, 8743, 4189, 637, 5186, 3246, 2913, 7246, 2381, 1450, 7004, 4736, 1703, 7476, 2696, 7088, 2353, 244, 5705, 2814, 8367, 6013, 5245, 2879, 9619, 3505, 9814, 4678, 1290, 2886, 1668, 2069, 4069, 7880, 6608, 6555, 3103, 7090, 9965, 3627, 2626, 4770, 7642, 6546, 7635, 4442, 6282, 4189, 3906, 8391, 8860, 5130, 2976, 4594, 7638, 8107, 5712, 4540, 5460, 2526, 1823, 941, 9926, 2362, 9591, 5079, 2139, 7945, 983, 6223, 4008, 2396, 3495, 2040, 4503, 9735, 3847, 7679, 4441, 4800, 1191, 276, 1750, 7156, 6683, 13, 9608, 5093, 4354, 3616, 992, 3588, 9545, 504, 8178, 7655, 9797, 6230, 4134, 6816, 699, 1978, 3833, 6749, 2111, 3111, 868, 5872, 2444, 3724, 3784, 2491, 8063, 3355, 1781, 9686, 8503, 5933, 5679, 8978, 8543, 6777, 5275, 1766, 2116, 4425, 5786, 7175, 8428, 7367, 4904, 5625, 5925, 6001, 6464, 5391, 6711, 4478, 3613, 4017, 898, 9109, 3871, 2945, 8074, 1028, 1331, 9000, 7309, 7701, 3498, 2548, 6142, 3031, 3280, 80, 2903, 5188, 7165, 8946, 4210, 2449, 910, 7687, 2952, 1740, 4336, 1458, 822, 6321, 4327, 1874, 6971, 8113, 9977, 2652, 1455, 1915, 6200, 9830, 5800, 6509, 9628, 5462, 9925, 7621, 2852, 5857, 4987, 4584, 5223, 3154, 3178, 256, 4686, 5709, 7855, 3968, 5084, 2967, 9443, 7885, 245, 8036, 379, 7587, 7311, 5586, 9541, 4050, 552, 498, 2057, 2606, 4461, 5930, 1006, 8526, 7012, 9090, 1956, 2194, 7241, 4831, 5163, 1277, 3346, 3021, 3277, 7172, 7592, 7809, 6560, 1521, 1569, 7322, 8636, 8932, 2193, 2525, 9733, 7671, 9440, 5088, 8603, 1841, 4349, 4281, 8178, 5396, 1649, 8845, 3726, 5307, 4046, 7048, 1231, 6266, 5733, 5292, 3749, 331, 120, 2522, 8014, 3857, 6549, 2100, 4563, 1319, 9898, 8879, 2120, 8735, 8283, 5591, 6275, 5201, 4379, 9276, 9720, 5936, 8153, 3145, 5301, 188, 9911, 2311, 6478, 7047, 593, 7143, 1763, 2095, 9673, 9014, 7354, 2096, 8828, 6511, 5361, 5491, 4648, 3491, 790, 2588, 4964, 2470, 5098, 7785, 7497, 4990, 1226, 8873, 8021, 2328, 2400, 1258, 2484, 6220, 5734, 5867, 9878, 3389, 1006, 9215, 6570, 71, 7387, 8694, 8754, 8172, 217, 8561, 4700, 4105, 2103, 7284, 1507, 1954, 8494, 6325, 4500, 2040, 5998, 4936, 8806, 2292, 6691, 5287, 3445, 7518, 3491, 1782, 42, 7527, 9559, 1158, 2656, 517, 9656, 5545, 5035, 3499, 7703, 1171, 3913, 6732, 6877, 1888, 7149, 8817, 16, 2359, 3916, 8024, 5091, 4878, 2330, 2221, 726, 5320, 9598, 5568, 1157, 1673, 7998, 675, 2482, 1457, 8592, 7946, 9571, 1317, 3783, 2656, 4872, 3185, 9067, 7184, 3522, 3937, 5614, 3704, 3314, 8585, 5200, 727, 7780, 5115, 7761, 5939, 4599, 765, 6986, 1106, 7050, 2671, 1814, 3773, 4470, 1958, 6393, 3104, 9911, 5360, 5052, 4998, 9767, 8711, 2264, 8075, 1222, 2053, 7418, 2975, 3320, 7913, 4411, 1703, 4474, 9420, 1203, 4486, 78, 3877, 3011, 5043, 3357, 5095, 3779, 2215, 4310, 1737, 160, 3685, 9017, 5797, 4096, 3232, 2887, 9479, 8891, 9827, 2023, 4261, 2627, 4499, 9931, 3714, 6669, 7569, 5983, 2432, 9835, 3605, 251, 1030, 584, 1972, 9726, 7310, 6623, 618, 6570, 7796, 5138, 4313, 387, 7636, 661, 793, 3310, 6718, 9804, 2440, 9744, 6708, 368, 7713, 2535, 7344, 6145, 368, 3435, 2390, 8341, 3411, 3693, 2236, 4852, 3035, 2539, 7517, 380, 716, 7284, 7587, 479, 3443, 459, 8176, 304, 3615, 99, 9662, 1205, 1955, 5732, 3659, 7886, 5237, 3071, 1878, 7683, 2207, 5745, 7974, 6437, 8028, 9412, 5436, 7772, 437, 7765, 6909, 1973, 9863, 5015, 2451, 5586, 1402, 5413, 2063, 9704, 7642, 4721, 6494, 2272, 9756, 155, 6968, 8355, 1899, 2607, 5373, 6174, 6177, 278, 9810, 8202, 2665, 1626, 6471, 9740, 9508, 1725, 3553, 7924, 2421, 3477, 8207, 4094, 1161, 94, 4061, 4881, 2583, 4645, 2926, 4655, 1199, 5962, 6317, 1394, 6700, 2998, 2758, 4465, 3837, 2830, 9124, 799, 2536, 9450, 2093, 325, 9682, 4197, 2371, 8261, 3104, 8965, 6186, 4159, 9807, 6925, 751, 8099, 5473, 7733, 1783, 9835, 1639, 3145, 3815, 204, 5063, 4539, 5464, 7686, 7526, 2532, 767, 8962, 2450, 7638, 9152, 579, 1053, 5668, 5393, 9982, 4725, 5159, 2391, 5472, 7256, 7546, 9541, 9854, 117, 874, 7328, 5586, 4620, 6974, 6918, 2080, 4640, 7961, 6026, 5887, 921, 1340, 6032, 8006, 1484, 870, 4055, 2009, 7308, 1348, 7930, 2099, 4884, 1051, 445, 5276, 6321, 2268, 516, 258, 6677, 3978, 8785, 3504, 3081, 2335, 9858, 6072, 8640, 6448, 9555, 5639, 9640, 4830, 6359, 1917, 3536, 720, 5040, 8658, 3801, 898, 4140, 969, 1901, 7893, 7379, 2466, 4000, 1181, 9950, 3581, 3077, 8594, 9701, 7981, 6307, 1037, 6340, 1411, 7325, 8694, 4968, 9255, 5924, 3382, 1993, 6323, 743, 8497, 3145, 4220, 9675, 4932, 2984, 7649, 2214, 7235, 3431, 4082, 3158, 9418, 3768, 7300, 283, 162, 2856, 9294, 3415, 7804, 3420, 58, 3671, 4971, 2952, 3837, 2683, 9834, 7761, 3662, 9568, 4357, 8062, 4112, 2011, 1655, 8781, 6134, 5357, 5193, 9613, 8266, 1230, 6744, 6284, 9970, 8582, 140, 7828, 9981, 479, 4152, 2717, 1529, 6380, 1003, 5534, 3566, 2449, 785, 8802, 8540, 4444, 1941, 2150, 3227, 7623, 9752, 6260, 1013, 5441, 4343, 7292, 8564, 4570, 6945, 2672, 7230, 3326, 3688, 2939, 5795, 5261, 9446, 9792, 7309, 9243, 4711, 3757, 694, 9863, 7703, 6067, 5552, 5216, 2802, 6694, 6364, 8959, 7235, 5739, 3417, 2025, 2453, 514, 8147, 253, 9982, 1442, 4786, 1774, 6360, 1111, 6984, 4230, 7344, 1414, 1296, 7637, 6026, 1700, 222, 4244, 5922, 1731, 1027, 9809, 6155, 1145, 9574, 9264, 1215, 4855, 2036, 23, 886, 6908, 5368, 708, 6219, 2464, 6951, 7029, 2642, 8938, 8907, 793, 5477, 9672, 1044, 8874, 2420, 8927, 5841, 2467, 9364, 3306, 8899, 6426, 8787, 8757, 9068, 5320, 183, 1780, 1158, 7907, 4892, 9669, 6818, 3791, 9973, 9219, 8519, 2818, 6027, 8176, 7153, 7464, 7512, 237, 709, 7475, 7857, 8317, 7435, 200, 105, 4396, 7753, 8732, 1612, 6979, 718, 7778, 2202, 52, 2252, 7101, 2491, 2732, 4927, 9856, 1940, 4544, 4665, 733, 6120, 8121, 6692, 5923, 967, 394, 8366, 4986, 8963, 1073, 1419, 5206, 3476, 4929, 8285, 5212, 7605, 4112, 2413, 4199, 4371, 3890, 7746, 6745, 6269, 6901, 8087, 7058, 4442, 7775, 9392, 1392, 2293, 927, 1708, 3117, 4923, 4755, 2027, 8436, 6379, 7564, 9924, 1668, 4558, 670, 3093, 8398, 1404, 7296, 4144, 1363, 7260, 9794, 9934, 6183, 730, 1971, 7419, 5700, 4527, 5315, 720, 4745, 8598, 1243, 9241, 9737, 1772, 9235, 9500, 7232, 6121, 4571, 2794, 8741, 6973, 1245, 2178, 6303, 1206, 2656, 4654, 1995, 3859, 9738, 731, 2166, 3689, 3901, 3475, 660, 3358, 6356, 2314, 2846, 3744, 3997, 9260, 5548, 9495, 8614, 7344, 7202, 3528, 8095, 8860, 1480, 7289, 5538, 9814, 7315, 8792, 5232, 350, 1919, 4461, 7894, 7390, 3338, 4487, 9446, 1499, 9380, 6782, 3677, 3671, 724, 888, 2227, 2530, 6801, 7994, 3839, 8819, 9040, 1324, 3218, 5902, 9058, 536, 5916, 3775, 1198, 7047, 731, 4674, 8508, 1373, 832, 9347, 1535, 3668, 9543, 1011, 3225, 9143, 1800, 5596, 9781, 6443, 2428, 4102, 3104, 1684, 897, 4959, 9363, 3441, 8521, 3089, 1408, 34, 1611, 5987, 6677, 3378, 7627, 2112, 9683, 1284, 1612, 8256, 2173, 2681, 3907, 7475, 428, 3938, 1903, 2595, 915, 6377, 1168, 1709, 4763, 9957, 3425, 8478, 3458, 2186, 5454, 6353, 8267, 4077, 3163, 1765, 7716, 5651, 5993, 8022, 9730, 2396, 543, 530, 5277, 9113, 2810, 5559, 1971, 2199, 3415, 6907, 7532, 3911, 675, 3893, 9042, 4218, 8445, 2701, 5616, 7623, 7534, 3323, 2573, 6152, 7692, 2013, 1943, 286, 482, 8216, 9811, 1014, 9613, 6461, 7472, 9835, 3040, 7164, 3643, 6266, 5664, 5643, 7494, 2634, 1355, 3799, 856, 780, 1536, 2716, 1895, 7646, 9560, 5477, 4577, 7128, 3348, 3945, 9993, 9238, 6408, 3892, 4357, 1008, 7377, 1216, 2554, 1557, 883, 4382, 2732, 7165, 7066, 3590, 329, 1625, 1017, 1479, 6981, 6437, 1771, 5827, 6470, 3323, 5007, 8260, 7024, 2860, 762, 1454, 51, 2853, 9223, 8495, 7569, 6499, 8540, 214, 676, 925, 7829, 6951, 712, 2560, 1434, 3390, 3814, 2246, 8111, 6261, 8026, 9926, 1963, 6920, 7566, 2721, 248, 6374, 3725, 8429, 7584, 4157, 1913, 3519, 8693, 1853, 7844, 9766, 7272, 5846, 2740, 9781, 3603, 7650, 4589, 2761, 2570, 3618, 3512, 7856, 7049, 5012, 3263, 3180, 1611, 2238, 758, 3901, 2348, 2009, 9537, 3521, 800, 114, 5721, 9736, 4601, 3523, 5078, 9748, 1098, 4711, 8544, 3006, 7352, 4247, 2914, 4739, 7006, 1591, 8622, 124, 8707, 9416, 8741, 1286, 46, 8077, 8492, 8740, 6060, 1501, 6603, 4774, 1916, 3454, 2469, 4889, 1240, 7783, 9820, 7121, 4129, 9281, 1620, 3330, 4459, 4545, 2778, 4248, 1023, 5076, 774, 2898, 6497, 8090, 2547, 637, 4746, 612, 9831, 9750, 382, 8580, 3413, 6844, 2826, 4781, 5302, 3823, 9670, 2010, 5691, 723, 2366, 7116, 671, 7198, 3028, 8464, 5968, 1741, 9649, 1593, 8131, 9770, 5828, 3130, 9911, 2690, 1138, 3303, 3219, 1860, 3802, 7757, 1945, 4818, 4753, 7057, 9093, 3304, 5470, 5738, 6457, 9038, 4963, 6415, 8382, 1539, 7878, 9124, 4332, 5585, 6155, 361, 8723, 1401, 6198, 1203, 1036, 7339, 7, 277, 9377, 5595, 4193, 6863, 4563, 5799, 35, 8165, 9624, 8361, 5601, 2991, 6070, 9265, 9793, 6857, 3527, 661, 8232, 2976, 2042, 7587, 403, 859, 966, 4338, 3220, 3574, 3046, 8732, 5891, 4235, 9294, 4346, 8747, 6593, 667, 347, 58, 600, 5754, 533, 3545, 8193, 6771, 4728, 4959, 3120, 5780, 2349, 7931, 7866, 7826, 780, 1581, 1161, 6684, 7174, 3641, 9509, 9276, 8221, 7201, 2542, 1559, 9375, 8393, 7395, 2572, 7265, 5132, 1888, 3083, 4551, 3321, 5122, 8263, 6256, 2097, 9918, 2357, 7276, 3200, 7219, 1773, 7992, 5934, 2302, 5200, 2902, 4701, 8719, 4361, 6152, 8543, 8878, 4292, 7565, 2634, 1427, 1316, 2307, 8894, 355, 8470, 391, 8656, 8687, 3514, 1497, 6149, 1617, 8896, 2453, 9888, 2668, 9963, 3520, 1503, 8551, 4462, 7137, 7403, 3821, 7587, 1343, 2565, 6968, 1924, 3209, 9597, 8743, 5011, 1346, 193, 9375, 7104, 4663, 8491, 972, 6008, 7412, 8508, 2691, 2396, 9828, 5153, 3936, 3259, 2574, 4682, 3146, 5560, 9962, 7219, 119, 2549, 6301, 4004, 5026, 4434, 8989, 2521, 9914, 2833, 7387, 9891, 4547, 5893, 9196, 4886, 330, 163, 9448, 9964, 9417, 3094, 150, 4055, 9975, 3554, 1580, 3712, 5722, 6039, 3897, 6316, 5767, 4559, 5817, 3124, 8999, 3491, 9015, 667, 1449, 7818, 1481, 2565, 7241, 5860, 7066, 1018, 8242, 356, 4063, 8163, 9836, 7702, 6075, 2236, 5186, 2648, 5710, 9358, 3657, 4904, 9449, 4442, 3471, 789, 2516, 5772, 9391, 8543, 8421, 5960, 54, 5321, 3298, 5655, 5681, 3226, 7881, 5789, 8967, 3455, 8511, 2315, 203, 6214, 4491, 9681, 5682, 5971, 5437, 7645, 8498, 820, 5356, 7480, 7019, 2317, 9673, 7491, 8293, 9899, 840, 3141, 360, 3966, 6489, 3338, 4893, 6613, 1977, 7217, 9060, 868, 2738, 549, 5616, 1029, 616, 2450, 3191, 5393, 1590, 4487, 5891, 3089, 5805, 5921, 1510, 6746, 5215, 9578, 546, 1149, 1005, 4170, 8973, 1945, 1178, 1835, 3602, 3598, 6039, 7967, 2118, 5154, 7530, 4369, 4821, 8308, 3970, 3742, 8300, 864, 444, 9598, 5741, 8891, 2620, 1682, 7575, 3, 2553, 7142, 3772, 865, 4588, 7062, 6037, 5950, 2785, 9296, 3725, 3775, 7421, 3222, 6964, 7212, 2729, 1373, 5515, 5511, 6599, 7347, 4157, 938, 1796, 2233, 1055, 9389, 205, 639, 3951, 4927, 3175, 7116, 9767, 7845, 7960, 9082, 3991, 6046, 5316, 1704, 1571, 777, 7047, 1950, 8718, 2818, 5891, 6245, 6350, 3719, 3252, 844, 6408, 8577, 1967, 2099, 6831, 3736, 3276, 9628, 7178, 9093, 8294, 2133, 8411, 4101, 3071, 2853, 5393, 2207, 2848, 7599, 871, 9137, 1797, 7702, 578, 9213, 7152, 2350, 5300, 6097, 5630, 7050, 3717, 584, 4017, 2234, 8656, 3540, 6283, 3983, 3984, 48, 2053, 9675, 5344, 7045, 7073, 4604, 9392, 8269, 7607, 7591, 81, 592, 3903, 2353, 6502, 5729, 5706, 3347, 1146, 646, 4185, 8885, 8272, 8763, 2888, 3260, 1853, 5263, 5180, 6609, 5124, 5096, 2662, 1852, 5716, 5422, 7284, 2442, 8275, 5268, 7496, 1308, 1767, 8136, 7084, 7172, 8532, 8208, 2231, 4693, 4355, 933, 1518, 6503, 4042, 364, 3852, 8184, 8672, 3261, 4328, 6542, 7310, 1893, 697, 9709, 9808, 4598, 9878, 8251, 531, 3264, 4956, 3892, 8722, 9248, 1229, 7268, 2402, 8168, 2241, 4050, 5668, 8583, 5109, 2542, 7479, 2499, 4884, 8673, 8493, 7657, 3586, 7949, 5438, 4917, 8900, 2838, 9696, 732, 8510, 4921, 3281, 1102, 4632, 6124, 5068, 1600, 613, 9845, 3367, 8368, 4928, 989, 6718, 7231, 8575, 5947, 4082, 7315, 8106, 8245, 4946, 8071, 3585, 3603, 1314, 8510, 4491, 1610, 513, 2927, 3147, 2940, 6639, 1295, 1928, 2429, 7526, 3480, 9174, 380, 8383, 9369, 6620, 5200, 9759, 179, 9445, 3432, 8022, 5309, 7753, 2324, 8740, 3011, 3928, 7527, 4403, 3629, 2438, 668, 9950, 4701, 6441, 5237, 5635, 608, 3280, 7518, 3630, 9832, 4224, 8439, 4016, 254, 5500, 7536, 4594, 8166, 3551, 1411, 8925, 413, 9632, 6284, 2933, 7644, 2219, 7207, 8026, 7466, 8244, 6492, 7315, 960, 5739, 4664, 8740, 1788, 3770, 238, 38, 8401, 9683, 5879, 7086, 8807, 6499, 2602, 7148, 8925, 6827, 2772, 5833, 2056, 1936, 6083, 4047, 2691, 6230, 8702, 8496, 6433, 6826, 3540, 8070, 4383, 7906, 6030, 3824, 3939, 6257, 9693, 9149, 5332, 4135, 3809, 7218, 2681, 2013, 6510, 9670, 4755, 4290, 319, 8537, 1227, 8406, 7057, 5519, 5608, 7706, 4555, 8438, 7110, 9763, 4262, 542, 4643, 8008, 3931, 83, 4506, 7002, 4054, 7283, 4834, 2773, 7314, 7235, 7828, 3876, 4498, 1477, 9523, 2121, 1343, 9787, 2296, 7090, 6653, 7924, 1036, 9078, 3455, 9345, 3387, 2309, 1847, 9417, 2410, 6449, 215, 9168, 2833, 8244, 2814, 6134, 8426, 4256, 6682, 1385, 5457, 4222, 7873, 2393, 4373, 5464, 7941, 8073, 6330, 8889, 7952, 2012, 9200, 8005, 8403, 951, 529, 5527, 6855, 9677, 622, 6908, 5314, 2871, 4397, 9590, 3843, 5580, 4205, 6564, 6539, 9812, 328, 1551, 1700, 5464, 4911, 4809, 5704, 667, 2451, 4669, 3961, 9616, 8453, 1710, 1810, 2394, 5936, 1211, 8879, 6580, 115, 8486, 5337, 8313, 6299, 7821, 2552, 1714, 362, 1737, 9355, 7385, 9778, 9741, 9193, 3079, 910, 7892, 2256, 2953, 8144, 2623, 6602, 822, 4315, 6022, 9743, 2993, 2882, 7017, 9677, 7609, 699, 8949, 6428, 6349, 5353, 5604, 803, 6152, 6391, 9151, 2584, 3137, 8686, 3964, 3794, 7278, 6804, 8841, 492, 2920, 5948, 6518, 2732, 4045, 4383, 6625, 1423, 3697, 6692, 9033, 1392, 2166, 4053, 6512, 4554, 7043, 346, 1823, 6799, 597, 770, 658, 1214, 4044, 1422, 6993, 8842, 9801, 8099, 8437, 6997, 3522, 9735, 6673, 8651, 7357, 4327, 8103, 5019, 9767, 5916, 6059, 646, 9603, 7152, 575, 6440, 3831, 3175, 3501, 6688, 5016, 2847, 8327, 5786, 6869, 9652, 1490, 3130, 5156, 9936, 6653, 5889, 1713, 9944, 7530, 4330, 915, 7113, 8915, 8328, 380, 3549, 4260, 7864, 1963, 1038, 2442, 3620, 6110, 9039, 1536, 2565, 8010, 706, 5167, 9476, 1751, 2389, 6160, 2707, 9663, 7076, 8123, 5847, 8172, 1144, 5317, 3090, 7515, 3942, 7012, 2937, 6911, 7484, 1499, 4317, 3436, 1825, 1207, 7014, 6596, 1155, 6607, 5694, 7941, 6416, 9074, 5015, 1052, 9135, 2463, 5570, 4494, 6560, 7925, 5322, 5395, 4883, 1399, 9132, 2399, 1837, 1118, 1039, 8757, 1768, 1196, 4313, 6146, 8749, 7483, 6072, 8913, 9434, 2065]
List Size: 3000
Insertion Sort Time: 407.057900 milliseconds
Merge Sort Time: 33.166500 milliseconds
Built-in Sort Time: 2.754600 milliseconds

Original List: [7070, 6496, 6460, 2051, 9057, 4909, 7034, 9484, 7908, 5973, 4153, 6958, 8536, 5646, 8371, 7342, 8027, 2245, 321, 2921, 9603, 9708, 4104, 4375, 4083, 7207, 516, 4705, 3224, 82, 5688, 7290, 8969, 7445, 5667, 859, 7750, 7171, 6164, 5530, 8243, 4269, 6353, 1798, 9713, 1844, 6928, 710, 136, 6024, 4054, 8898, 5876, 1590, 1190, 4761, 5598, 9693, 3108, 9161, 9366, 6374, 2785, 4001, 4827, 1861, 9199, 1021, 1527, 2182, 9189, 7235, 217, 3060, 4282, 5926, 5246, 9856, 4089, 3686, 8631, 7647, 6601, 4894, 2692, 7765, 6491, 9530, 6451, 4493, 2492, 8102, 7475, 1234, 5438, 7791, 8257, 6928, 1520, 8174, 5924, 318, 8915, 1225, 7276, 2835, 7540, 3684, 6660, 7851, 7248, 4780, 4806, 4137, 7082, 483, 4443, 8398, 3628, 6894, 2082, 3672, 9321, 9164, 6594, 6112, 9318, 5062, 9507, 6121, 7913, 9106, 5988, 2775, 4191, 6343, 5518, 6768, 8266, 5867, 3978, 5645, 9677, 206, 6616, 9688, 3010, 4309, 9854, 243, 870, 4218, 7187, 7750, 8307, 8415, 4036, 1931, 2185, 7056, 7448, 5620, 934, 6900, 1480, 2467, 5029, 3045, 8240, 9424, 8938, 8281, 5378, 8124, 225, 8886, 2852, 6897, 2505, 7663, 3200, 2071, 450, 3829, 1177, 7306, 2025, 6107, 14, 7031, 878, 3824, 6019, 6969, 7530, 7386, 5456, 6079, 8362, 6527, 3826, 9952, 1265, 934, 5003, 9790, 5157, 9457, 9432, 8576, 6805, 9824, 6312, 3984, 7476, 1774, 4303, 6754, 6438, 2853, 5554, 8161, 6235, 3427, 3046, 6145, 4449, 3146, 375, 3177, 2655, 1036, 9701, 3676, 8466, 7554, 5634, 2024, 1647, 9715, 8547, 2241, 5808, 425, 4644, 4960, 6943, 4529, 9019, 8960, 5861, 3974, 5435, 3721, 1583, 3551, 1915, 8164, 8493, 640, 1875, 4786, 4372, 5703, 6088, 5466, 3720, 9238, 5861, 7802, 2099, 3945, 4467, 9456, 3814, 8753, 2126, 4545, 6591, 2642, 8568, 5698, 3016, 3211, 8625, 7770, 4766, 7397, 8164, 9886, 1611, 800, 2288, 6716, 7160, 9493, 983, 2033, 3669, 701, 7547, 5289, 1200, 4744, 3527, 9343, 5173, 4661, 192, 8947, 8913, 1404, 871, 2650, 4833, 8686, 3271, 5521, 8375, 4686, 9077, 5066, 730, 3103, 8524, 4291, 8522, 7497, 4049, 315, 6938, 8754, 317, 2523, 4804, 5420, 5209, 8744, 8639, 4312, 4871, 4104, 5617, 1519, 2422, 2631, 3480, 6254, 5231, 6825, 8751, 8643, 4596, 1586, 7181, 4366, 8779, 417, 6868, 5034, 2848, 9554, 2165, 2779, 4478, 3114, 5777, 9571, 93, 8044, 5406, 9618, 5695, 5945, 8000, 22, 5102, 6434, 5536, 2821, 4490, 6112, 7023, 7438, 4555, 3214, 922, 8387, 1702, 6404, 1500, 3582, 7950, 3149, 9467, 3858, 6102, 331, 8547, 4388, 7509, 6252, 1347, 9117, 5396, 1035, 2803, 9345, 1655, 1766, 3116, 4908, 3935, 106, 7552, 4378, 4827, 6855, 284, 8561, 6811, 4823, 6733, 7780, 2608, 7431, 5981, 3714, 4917, 679, 1174, 5829, 4386, 1412, 2727, 8891, 9951, 6326, 3119, 1758, 7868, 2288, 6530, 5052, 5374, 9657, 2919, 4441, 6175, 1531, 8277, 6110, 1038, 7007, 1404, 8674, 3491, 9726, 8794, 6542, 5568, 919, 9667, 6116, 1713, 9029, 8275, 7791, 4364, 8626, 5478, 300, 8200, 5116, 7505, 583, 1479, 965, 3893, 4770, 3716, 4201, 2840, 6306, 1606, 4133, 927, 8038, 5376, 9420, 8433, 9566, 5712, 2569, 7721, 3689, 3457, 2992, 2348, 808, 2152, 2054, 1357, 7816, 32, 8655, 6480, 954, 7939, 6448, 9553, 9425, 8213, 3150, 4819, 3556, 9801, 1315, 5658, 2214, 8062, 4366, 8964, 214, 1234, 8950, 8705, 3139, 3417, 7054, 9375, 7573, 260, 1109, 4195, 2802, 663, 7651, 7772, 5317, 5059, 3999, 9664, 8350, 30, 5264, 278, 4521, 7637, 3914, 7970, 9653, 8114, 3405, 9877, 2197, 3208, 7317, 2075, 4515, 7208, 5236, 7693, 3165, 6269, 3507, 4708, 4574, 5661, 2553, 9794, 3189, 3134, 7310, 6332, 3867, 9596, 6995, 5726, 70, 4652, 7549, 22, 190, 9473, 8433, 7970, 1133, 4515, 9904, 4986, 5521, 12, 4914, 7323, 1267, 5822, 9826, 5841, 2469, 1728, 6638, 6239, 1689, 8634, 3096, 6237, 1450, 2413, 1679, 3171, 7210, 2359, 877, 9445, 6037, 4144, 8605, 912, 3259, 25, 7832, 5666, 157, 5846, 4575, 929, 9947, 2661, 5378, 7916, 1955, 9954, 3719, 4563, 562, 916, 5351, 3998, 5210, 8326, 7540, 1686, 5718, 2683, 3974, 9761, 7113, 7056, 4443, 917, 9591, 9531, 8385, 6333, 2435, 2449, 7630, 1121, 3185, 7412, 9531, 9927, 543, 6334, 6581, 6201, 2457, 8161, 7473, 413, 9966, 4606, 8250, 8157, 4709, 9749, 1621, 4772, 643, 9074, 9035, 4337, 3538, 8357, 1905, 3088, 8947, 9467, 6969, 2662, 386, 512, 7090, 8138, 7718, 5244, 4475, 3353, 3001, 428, 7709, 6946, 9392, 2376, 5618, 363, 2749, 2791, 5504, 1198, 661, 1544, 7669, 5007, 8965, 3976, 4678, 7827, 9693, 4935, 2386, 8434, 6775, 2408, 5628, 7584, 7723, 7050, 93, 4849, 3371, 2586, 7103, 260, 33, 9752, 990, 5649, 3315, 6090, 9473, 6610, 9693, 4438, 4241, 1902, 6996, 8998, 9762, 2256, 8256, 9067, 3772, 8776, 9297, 685, 3321, 2719, 9232, 6233, 590, 6480, 471, 2711, 8169, 6518, 6800, 8957, 5029, 5500, 9801, 6760, 5069, 1086, 6307, 8831, 2365, 4021, 9333, 8321, 8725, 7728, 6391, 4127, 2605, 6185, 9573, 6190, 1358, 8596, 9519, 5420, 2344, 7047, 2474, 5325, 6558, 3509, 4360, 4807, 3735, 2974, 7010, 8335, 7770, 3932, 8011, 6621, 5149, 6173, 4026, 5705, 7707, 6858, 7937, 7786, 1924, 324, 7102, 8592, 6478, 4210, 6428, 53, 312, 4884, 8026, 2701, 2449, 5649, 7392, 7983, 2879, 9152, 2663, 5143, 4968, 5943, 2731, 2470, 9963, 7328, 2992, 1553, 8610, 7012, 1463, 2740, 5098, 2136, 1556, 9324, 9283, 5900, 5116, 6194, 6091, 1971, 256, 2938, 3103, 2966, 7691, 3815, 7854, 989, 8672, 3937, 6517, 120, 3146, 5943, 2599, 6128, 2386, 4534, 7536, 4022, 7355, 2891, 577, 3013, 4530, 8629, 314, 3247, 1813, 2939, 8025, 9649, 9431, 3353, 1424, 9984, 6464, 8562, 9128, 6047, 6747, 4179, 7719, 3400, 4426, 2249, 7859, 2465, 9129, 8714, 3252, 3168, 6910, 3876, 3385, 5809, 1315, 1036, 9097, 2604, 4576, 5790, 7710, 6550, 2633, 4294, 5618, 1738, 8866, 7148, 5587, 4689, 9657, 2220, 6705, 9289, 7301, 9271, 2382, 4476, 8787, 2406, 9453, 7205, 6269, 8702, 7261, 4921, 1692, 541, 613, 6739, 5284, 8444, 9365, 6330, 1569, 7213, 7768, 3527, 8838, 2064, 3708, 3627, 8956, 3061, 3794, 4264, 1942, 4346, 7040, 7676, 2080, 3099, 3668, 9538, 5487, 9796, 9643, 8576, 1189, 6898, 5019, 3661, 3528, 9448, 2083, 4254, 7945, 5988, 6577, 3307, 3445, 7674, 7247, 5026, 4638, 9833, 9740, 9970, 9380, 2702, 6161, 2990, 3974, 8801, 5268, 3336, 6694, 4685, 7927, 4386, 6762, 5223, 2239, 6103, 5627, 3165, 2512, 3016, 6045, 9370, 1369, 8599, 493, 8463, 8015, 5041, 2449, 9839, 1244, 8569, 9881, 9848, 3446, 4118, 9532, 9504, 3278, 1706, 2587, 9189, 2374, 9988, 5859, 7071, 1103, 9297, 4791, 511, 61, 3474, 5166, 572, 7975, 1659, 327, 2949, 1216, 8571, 210, 4808, 8725, 4741, 1159, 8769, 4956, 8499, 3954, 6577, 8609, 233, 1091, 7520, 458, 7140, 7551, 2473, 9638, 9382, 2871, 2362, 9890, 3067, 8564, 5879, 9737, 2631, 7606, 5161, 7319, 7659, 395, 5589, 1446, 2014, 2831, 5218, 7912, 7652, 4594, 2662, 66, 1214, 1642, 6775, 6837, 6783, 2475, 9041, 5933, 27, 813, 2807, 1275, 9804, 1218, 7117, 4467, 9575, 5089, 6175, 9346, 5359, 2507, 7094, 4018, 9064, 9684, 3135, 3017, 208, 141, 9345, 9839, 7825, 7132, 6938, 8783, 4885, 4727, 1635, 6580, 3818, 655, 6917, 6669, 6748, 908, 2061, 3421, 5947, 8002, 7703, 2779, 7539, 4637, 6143, 6075, 9229, 367, 2296, 2804, 4726, 8534, 5247, 741, 6381, 617, 2134, 8975, 5197, 9329, 4350, 6727, 8153, 6112, 9077, 9703, 6782, 995, 5205, 2322, 9158, 1083, 1969, 3041, 9630, 8370, 4423, 9644, 4688, 4000, 6536, 6539, 2434, 5254, 6522, 7405, 8114, 5733, 5552, 4024, 1048, 7283, 6146, 6484, 9733, 5613, 6137, 3326, 765, 3333, 2880, 5988, 5365, 2288, 178, 1444, 5629, 6181, 1495, 6877, 468, 4100, 2408, 653, 8862, 3897, 4943, 9479, 7857, 1703, 6653, 6172, 6558, 5107, 9613, 3547, 6621, 4661, 3680, 7150, 1901, 9984, 8226, 1090, 398, 4067, 947, 7214, 2536, 1836, 7099, 4799, 5450, 2399, 7391, 5412, 2513, 1829, 843, 4750, 1719, 7345, 3322, 6127, 9655, 1191, 8400, 9545, 3075, 69, 4054, 7877, 699, 7698, 5900, 4539, 9759, 450, 6756, 7015, 3474, 7076, 3260, 5677, 350, 6853, 1816, 2110, 1584, 1240, 2305, 2023, 69, 5600, 827, 8194, 4067, 6290, 3698, 1785, 606, 9728, 8495, 1913, 5598, 6548, 7868, 3907, 5903, 1216, 6116, 8149, 5432, 7439, 5923, 4529, 5759, 6202, 5221, 8817, 6937, 7537, 1824, 5035, 1923, 2203, 1064, 8059, 9887, 8557, 4297, 988, 9802, 8338, 5219, 8459, 6189, 2585, 7714, 6583, 8347, 344, 6090, 5390, 1780, 1108, 5855, 3640, 4647, 2935, 684, 5456, 7607, 5101, 1327, 9132, 4245, 2523, 533, 493, 9799, 8593, 5064, 9397, 6826, 8445, 3668, 319, 7949, 553, 1310, 4195, 1199, 8896, 7105, 6378, 202, 4679, 4278, 2063, 8979, 2488, 8643, 4393, 8278, 6675, 3171, 3969, 1488, 8519, 5737, 7836, 7843, 7709, 6234, 1768, 1684, 5396, 1306, 8945, 7271, 8216, 5768, 46, 139, 9459, 1205, 7294, 9929, 5283, 2920, 2797, 774, 108, 7160, 4734, 4977, 1225, 9875, 9820, 3849, 36, 66, 9008, 6549, 2354, 9469, 8857, 9869, 9080, 3323, 9666, 2730, 1517, 8540, 9844, 2856, 327, 6198, 3521, 6031, 7751, 403, 599, 3078, 3377, 2073, 7594, 6611, 8633, 6456, 5871, 3084, 7904, 4113, 3054, 7136, 4613, 2397, 1287, 1628, 592, 9509, 9357, 1049, 8806, 9737, 3674, 1437, 7139, 5049, 3333, 401, 220, 226, 2518, 2703, 5064, 4184, 7452, 1751, 525, 1298, 6662, 4702, 9040, 9437, 4015, 8368, 5088, 6747, 2484, 4024, 3480, 1932, 6312, 6082, 8815, 4210, 506, 8351, 5824, 7875, 1287, 4443, 2287, 4273, 555, 8717, 4519, 7418, 1630, 3767, 9430, 6907, 6879, 5663, 8438, 7828, 4705, 752, 3751, 5813, 6836, 8923, 2980, 1861, 5204, 1264, 4677, 4378, 1603, 9448, 7409, 3359, 4540, 4888, 1047, 4227, 2271, 7566, 4096, 9579, 3473, 3244, 7151, 1500, 1076, 4896, 4535, 4440, 1438, 6654, 702, 237, 7368, 4515, 7119, 4642, 2617, 4917, 6349, 5301, 9722, 522, 5375, 9490, 383, 425, 572, 7444, 4849, 8603, 5933, 2339, 8403, 8956, 4127, 8991, 3919, 5430, 6506, 9528, 4310, 1584, 5117, 3326, 4818, 3882, 5736, 5462, 4737, 3065, 9161, 1242, 9153, 1657, 8892, 6911, 9597, 5701, 6490, 3147, 9378, 217, 7342, 6413, 8746, 4235, 5174, 7194, 1142, 817, 8425, 4996, 8646, 3468, 2961, 6833, 6418, 6052, 6012, 1948, 8507, 1266, 578, 217, 4764, 9774, 7942, 388, 6460, 4, 5513, 7067, 490, 347, 7069, 7341, 8618, 1988, 211, 8090, 6135, 5320, 6073, 9412, 3027, 9997, 2811, 3702, 1440, 9523, 6377, 2301, 8602, 9953, 1907, 8303, 748, 858, 3139, 3951, 3496, 4371, 2572, 2412, 4935, 4906, 2627, 5820, 1874, 759, 5296, 3977, 998, 479, 5512, 6422, 9406, 8693, 537, 1271, 9616, 9031, 4307, 4492, 2512, 2662, 3794, 3777, 4538, 1785, 7883, 3617, 8635, 8674, 8407, 658, 5577, 3537, 248, 555, 3668, 361, 6629, 4533, 1319, 2110, 3108, 6610, 7208, 1647, 4135, 7141, 6429, 7302, 8409, 7387, 9085, 7465, 6500, 1808, 7603, 9808, 979, 481, 3052, 5059, 3001, 5134, 2102, 6029, 6109, 6466, 7870, 7470, 4984, 250, 1756, 6862, 3363, 5114, 8520, 5050, 2563, 1801, 9298, 2874, 828, 7691, 6272, 5066, 7990, 4189, 9894, 390, 2381, 591, 7903, 9509, 6521, 6696, 9091, 7673, 3583, 153, 4038, 6845, 7212, 1549, 4837, 5555, 2474, 6898, 5458, 7477, 2232, 7284, 387, 3730, 2304, 5712, 6502, 426, 4036, 5080, 5289, 3363, 5063, 2439, 6838, 3232, 976, 4590, 3579, 411, 6989, 8064, 5819, 9796, 9354, 1753, 4218, 9661, 302, 6979, 9220, 2193, 5860, 5399, 2305, 1761, 1706, 9002, 1468, 1924, 2122, 7296, 8809, 5716, 6200, 2634, 3048, 5069, 9993, 2917, 3535, 5727, 1398, 7963, 8790, 2251, 401, 4289, 6942, 6396, 3327, 6467, 5323, 6895, 3603, 7573, 8625, 7041, 1749, 1568, 178, 45, 3771, 9723, 9272, 3331, 3597, 2789, 4641, 8786, 3330, 567, 2586, 2513, 6829, 9070, 8217, 7411, 502, 7097, 6336, 3164, 6661, 4970, 7919, 3192, 8511, 9642, 4440, 896, 7374, 3734, 3623, 6905, 8504, 4352, 5652, 1680, 6691, 4496, 8774, 6799, 7919, 7337, 8733, 2966, 3277, 1241, 9902, 6701, 7499, 2730, 2933, 1718, 2471, 8240, 6112, 7808, 7591, 2842, 1198, 9966, 6755, 645, 6844, 7928, 3276, 7409, 7030, 5877, 5799, 3164, 8542, 514, 4873, 9909, 1947, 4393, 1691, 6967, 8369, 7258, 2754, 7396, 9546, 156, 7924, 7752, 8951, 8899, 1819, 2270, 8993, 4441, 7467, 4218, 810, 7200, 5246, 6823, 263, 6472, 5713, 8573, 2355, 9060, 2324, 5565, 2660, 792, 3304, 7832, 5591, 7167, 2608, 1622, 8518, 9658, 5188, 7982, 9973, 8222, 3518, 971, 4618, 2861, 6659, 6262, 6731, 8381, 6128, 1672, 4749, 3610, 6260, 5683, 9217, 2833, 1573, 5376, 2066, 6490, 324, 3112, 3716, 6529, 2578, 530, 6056, 7529, 3544, 6341, 103, 8438, 4459, 7620, 171, 8488, 8764, 9165, 2060, 3234, 7774, 3466, 346, 2919, 9210, 5983, 3129, 9366, 9188, 6999, 744, 837, 1591, 5088, 9944, 3325, 9676, 7580, 9211, 5936, 9245, 2619, 845, 6456, 2705, 8479, 3115, 2235, 9474, 2618, 7358, 283, 5399, 2269, 2649, 4594, 2410, 9369, 6487, 3136, 7364, 696, 9391, 73, 7070, 1221, 9188, 4846, 3890, 5092, 9302, 1312, 7384, 1031, 6913, 8539, 1041, 6600, 8427, 603, 249, 7388, 5182, 3948, 2966, 6779, 5579, 9307, 4124, 9128, 5964, 1768, 7678, 3419, 4905, 2716, 3912, 3068, 4248, 3267, 8826, 8093, 1534, 698, 1764, 9074, 5634, 6508, 1343, 2367, 977, 3807, 2718, 4892, 5246, 9262, 5950, 2464, 8834, 1439, 6301, 6073, 7203, 4233, 6169, 5223, 1818, 6868, 3030, 3715, 1466, 4001, 7225, 8095, 1710, 1586, 8382, 5492, 6891, 5365, 3428, 5974, 7201, 3587, 4040, 8464, 6263, 6352, 9359, 3891, 1997, 8059, 6680, 1846, 4307, 3624, 5569, 573, 2209, 5635, 6424, 2985, 8376, 5854, 5027, 7635, 1044, 361, 2118, 4714, 9819, 2732, 2376, 6737, 5048, 1001, 1362, 6289, 6514, 8130, 8206, 2714, 415, 2961, 4174, 2929, 2399, 8171, 34, 7756, 6314, 42, 2512, 6733, 4790, 1313, 4915, 7133, 5445, 8430, 9889, 8707, 4979, 9928, 6946, 3178, 4073, 7627, 7456, 5369, 8162, 7098, 7364, 1237, 9927, 6712, 3514, 8301, 1764, 6317, 4022, 7630, 2580, 1508, 15, 2501, 8562, 4758, 4854, 1303, 7678, 5102, 2893, 1241, 5847, 6579, 5544, 3642, 3288, 3473, 2539, 5597, 7040, 7769, 8339, 9263, 4890, 6995, 427, 2117, 4263, 4501, 6659, 1363, 2026, 4620, 133, 6737, 2655, 5349, 4472, 2715, 2949, 3047, 341, 7320, 5734, 2397, 7891, 6053, 6751, 8441, 2746, 6132, 7115, 4017, 1813, 3160, 6288, 1257, 3648, 6020, 3808, 1046, 9708, 4898, 7182, 7519, 7161, 4774, 243, 1583, 9770, 2830, 7684, 5344, 1966, 6200, 9639, 1816, 8364, 1216, 7590, 3901, 5138, 7110, 143, 5259, 6867, 4809, 1550, 4126, 8030, 2177, 4043, 3427, 7383, 4074, 6376, 6630, 2950, 3748, 3079, 7570, 4178, 4540, 7334, 1672, 5236, 974, 5522, 7374, 8019, 4934, 47, 8144, 8310, 2882, 5043, 9299, 512, 295, 687, 3498, 2140, 7560, 6787, 7295, 9737, 3441, 9427, 6941, 8009, 7678, 5428, 8165, 9480, 6700, 8517, 3234, 8847, 2367, 240, 4331, 5083, 3123, 8368, 4701, 4280, 8143, 3431, 560, 8112, 5958, 2102, 203, 1230, 1345, 5243, 5214, 1645, 3883, 5123, 85, 5615, 1492, 1823, 3349, 2715, 8608, 1330, 1124, 575, 5735, 6797, 8414, 6747, 3668, 2171, 6147, 7183, 6544, 922, 9389, 3888, 2788, 6856, 8342, 4480, 4786, 8493, 8677, 943, 485, 2428, 8043, 5617, 4649, 4215, 7841, 3404, 3712, 9094, 4215, 7082, 1297, 8070, 8913, 8723, 847, 4135, 1241, 4004, 4671, 6507, 7435, 5868, 498, 1881, 5561, 4407, 8160, 208, 4223, 4472, 1695, 7667, 7750, 367, 8471, 2708, 3610, 9530, 3829, 860, 4385, 8223, 2316, 8024, 7672, 6561, 1202, 2709, 9235, 9820, 8207, 6486, 5580, 8764, 8828, 9884, 3973, 4795, 648, 9585, 5837, 137, 1362, 6094, 4099, 2627, 4569, 2820, 5123, 5904, 4787, 4351, 2242, 9561, 3715, 8383, 8310, 4053, 542, 5013, 5318, 4989, 4273, 8217, 2065, 3946, 1979, 4025, 2345, 619, 4386, 4001, 417, 5142, 8212, 1987, 6863, 333, 6505, 2286, 4016, 8002, 524, 8395, 6665, 1350, 1746, 3536, 4064, 8070, 6050, 3345, 1224, 8272, 6123, 4265, 3406, 5853, 4646, 3811, 9006, 7397, 7569, 4320, 3849, 2873, 8478, 6380, 2415, 6606, 5729, 81, 6159, 9674, 9939, 6398, 9632, 5287, 5134, 9582, 2722, 6817, 6156, 9156, 7031, 8210, 8448, 3742, 9535, 3276, 9485, 6831, 53, 1755, 5677, 5298, 871, 8948, 7095, 7674, 1568, 9613, 5151, 3583, 7838, 613, 360, 1337, 4001, 620, 3684, 9741, 6437, 4376, 9146, 8104, 7926, 8490, 4539, 1573, 8186, 5446, 1202, 9906, 198, 9603, 4969, 9649, 357, 3045, 708, 4306, 3059, 9884, 1263, 4353, 1485, 8873, 1436, 1932, 995, 6399, 4730, 6415, 2521, 9135, 8485, 9443, 5753, 3486, 1490, 1303, 7272, 2751, 477, 9667, 2505, 6347, 110, 9176, 2816, 431, 624, 8442, 5608, 2723, 8047, 9217, 3933, 4385, 945, 3696, 9290, 8979, 9979, 6355, 9550, 8028, 470, 4828, 2571, 8332, 7273, 547, 8600, 1271, 7678, 318, 2945, 8417, 4261, 4953, 9021, 105, 2569, 4199, 320, 841, 863, 2096, 6898, 3465, 5077, 7122, 170, 153, 8256, 6263, 9924, 6221, 6670, 2044, 6288, 9469, 9194, 3105, 8766, 5174, 3009, 4198, 5041, 9246, 6309, 2697, 1666, 1916, 619, 7129, 5408, 1016, 9532, 5112, 5731, 8588, 7665, 8746, 2538, 8461, 5149, 6004, 5545, 7931, 5224, 5324, 957, 1850, 7283, 2322, 5374, 6528, 8840, 8830, 4617, 4150, 4503, 8149, 6994, 1147, 6862, 8306, 6352, 3621, 7644, 2510, 315, 4901, 3152, 2393, 7559, 6878, 7425, 9331, 9130, 8530, 2943, 9396, 2879, 7451, 7742, 9143, 2782, 6368, 1302, 6853, 2738, 2060, 5497, 8008, 1765, 2418, 1161, 7923, 4875, 1759, 4894, 9250, 496, 3091, 7625, 8049, 8057, 6410, 3125, 3455, 6529, 976, 7795, 6862, 538, 1512, 7932, 9305, 5840, 7196, 7145, 1504, 6426, 7656, 1905, 8997, 2833, 911, 2495, 2506, 6563, 1149, 4913, 5989, 3035, 4435, 8208, 5455, 1357, 3417, 5606, 1493, 3104, 3183, 5067, 2228, 8111, 9021, 8661, 749, 2671, 6317, 8852, 6116, 7921, 6483, 8461, 7476, 3734, 5842, 1365, 1375, 235, 7012, 3792, 8060, 9231, 9197, 5537, 8895, 5427, 7460, 350, 7741, 2309, 8657, 2496, 1548, 3438, 4893, 5407, 1174, 5382, 6021, 2805, 8857, 8588, 8427, 2853, 4391, 4035, 5626, 6943, 1058, 556, 7489, 5269, 7128, 7414, 9802, 4054, 3323, 9707, 672, 6558, 1076, 4085, 3754, 5249, 1149, 2614, 2710, 280, 1899, 4268, 9743, 9755, 8837, 493, 9619, 2265, 5843, 8387, 8763, 2078, 3997, 5338, 3989, 9681, 26, 2786, 2913, 8436, 3358, 340, 5332, 3580, 7526, 5442, 6981, 9505, 6915, 3472, 6740, 8752, 6121, 6316, 1965, 2342, 133, 6044, 2505, 5724, 7294, 3525, 4378, 8097, 5365, 6265, 8894, 3219, 102, 5114, 4967, 168, 166, 7274, 8060, 2220, 6962, 7310, 3076, 2245, 7449, 7460, 6844, 3844, 5277, 5258, 7045, 9071, 9488, 2116, 4610, 2527, 1428, 8836, 4054, 9656, 6487, 9147, 3611, 5902, 1962, 1032, 5496, 2185, 1075, 4534, 2744, 9724, 7360, 6342, 9925, 5118, 3772, 1749, 9272, 4416, 9887, 7596, 8719, 7569, 6096, 6239, 4018, 608, 689, 1304, 3153, 9650, 5621, 3371, 8066, 7323, 5093, 4616, 6526, 657, 170, 9147, 1295, 4260, 6930, 8177, 1439, 3853, 2549, 4355, 7215, 896, 8916, 5532, 8892, 5683, 356, 2750, 376, 1994, 3762, 1890, 5892, 8566, 7156, 7465, 5177, 6456, 3589, 605, 9935, 8041, 5302, 4408, 720, 7299, 2949, 8600, 841, 6664, 4642, 3789, 4003, 3121, 8449, 7889, 7263, 3134, 4762, 7319, 1592, 7558, 2564, 1785, 478, 5020, 1156, 5499, 1307, 3944, 7822, 172, 6912, 480, 3936, 948, 5878, 9832, 1244, 2495, 899, 5872, 6835, 2513, 6228, 4274, 7690, 8977, 5779, 3736, 9326, 9737, 9606, 7875, 34, 1761, 1593, 963, 3068, 4189, 6232, 5344, 9310, 4378, 9268, 1528, 777, 885, 630, 6936, 2230, 8746, 5601, 8464, 7725, 4815, 815, 1303, 6144, 4177, 7212, 8490, 480, 3858, 5688, 3765, 9062, 7647, 35, 8970, 4525, 4342, 2763, 5594, 5525, 4582, 2726, 297, 5423, 7418, 428, 2957, 6210, 7065, 6187, 3453, 8619, 4051, 8677, 609, 4728, 9222, 4784, 9095, 3393, 6360, 1628, 3625, 7417, 1743, 5234, 8336, 1426, 4657, 6603, 8458, 3111, 7184, 5, 2108, 7312, 8790, 5147, 9715, 6788, 5552, 9139, 9584, 354, 9541, 6684, 8193, 1871, 5965, 5300, 859, 7297, 1231, 9475, 5859, 6468, 3467, 2491, 6118, 1253, 3691, 7507, 338, 3544, 9362, 2799, 1832, 8032, 5403, 1714, 945, 4811, 2395, 2256, 8606, 783, 3796, 9468, 4770, 5844, 886, 273, 6229, 6999, 4966, 6359, 5884, 1247, 7297, 9883, 2212, 7089, 9295, 7588, 739, 8676, 9004, 4771, 6214, 5425, 5270, 2414, 4435, 1716, 8770, 1703, 7230, 511, 6180, 3812, 2161, 3468, 9219, 5797, 3506, 8235, 9521, 9990, 9563, 829, 2187, 1255, 5970, 7704, 2296, 1360, 1473, 5942, 5314, 8024, 1597, 7357, 4253, 9309, 3894, 8534, 364, 7241, 1135, 7197, 1321, 8554, 4811, 7189, 7752, 9853, 4781, 6190, 6772, 8721, 5610, 8922, 7109, 5926, 4110, 4029, 8359, 9007, 1181, 5881, 7209, 251, 1008, 4359, 5489, 5216, 7958, 4125, 8186, 2108, 7161, 9618, 8421, 9675, 6935, 8970, 351, 9354, 6801, 4770, 9271, 7608, 3467, 2061, 5911, 645, 5012, 544, 5454, 3677, 9599, 4650, 5300, 4546, 6875, 8108, 3357, 6296, 110, 6895, 7151, 3944, 8593, 1007, 2471, 4731, 7226, 899, 2281, 3062, 4323, 4431, 2727, 4857, 7902, 1029, 9038, 2085, 2049, 6825, 272, 3519, 6391, 9704, 5313, 5545, 3373, 3109, 7242, 4974, 3386, 2137, 4350, 9838, 920, 3451, 5996, 4329, 1845, 5748, 1565, 8762, 2890, 8777, 7857, 488, 5287, 4770, 258, 8568, 5914, 1534, 5222, 2048, 5850, 832, 5937, 2578, 9597, 638, 3960, 3605, 2733, 8716, 2042, 1448, 1897, 374, 8741, 2788, 7075, 46, 5083, 9391, 3362, 6385, 9856, 7173, 9014, 2893, 9753, 1773, 1088, 7884, 3024, 9458, 2447, 16, 3661, 3091, 4040, 2351, 7398, 8626, 5225, 4119, 3015, 379, 1335, 4015, 5861, 8326, 8526, 4747, 3754, 3542, 734, 768, 6025, 4155, 9614, 7908, 9857, 9823, 6205, 3564, 5343, 8088, 4306, 6848, 7445, 1356, 2509, 3468, 7725, 4653, 8759, 4701, 815, 1073, 9078, 1580, 3608, 80, 11, 4243, 3193, 517, 4818, 6094, 4489, 7680, 4827, 6331, 2360, 6693, 7616, 9178, 8571, 4180, 6903, 8924, 5252, 3471, 8487, 2451, 4033, 2773, 2777, 2420, 1443, 3472, 7808, 5570, 328, 604, 5663, 8166, 9864, 4391, 7741, 994, 1782, 9486, 9812, 6231, 5231, 8614, 5171, 9518, 7284, 1259, 6760, 6711, 3005, 6205, 8629, 9944, 6748, 6262, 1130, 3974, 1408, 601, 857, 5907, 2253, 486, 4559, 1491, 2243, 5525, 3064, 689, 6141, 9254, 2288, 4513, 8748, 5434, 1215, 316, 449, 8514, 9769, 6149, 8751, 5802, 9570, 394, 6570, 3205, 9866, 4690, 5553, 467, 9918, 147, 4735, 7481, 5063, 9535, 7113, 7640, 1435, 8385, 8855, 934, 2409, 5524, 7587, 2147, 664, 4257, 7750, 2047, 657, 5177, 3480, 3690, 9614, 7928, 7696, 1936, 6218, 5453, 2174, 4908, 2203, 9819, 2595, 9744, 9219, 9411, 1685, 5323, 4700, 216, 8859, 4467, 9936, 2168, 2332, 7754, 7824, 4672, 5576, 1769, 1734, 3605, 706, 7413, 7318, 3013, 126, 8750, 3841, 5897, 1205, 8065, 8596, 1190, 4525, 9804, 6088, 5456, 7566, 3743, 5686, 9486, 7345, 2483, 9619, 455, 1043, 375, 5112, 5995, 1495, 4679, 2909, 8352, 2771, 3476, 9618, 7611, 3742, 6547, 6063, 9534, 6729, 7370, 2279, 4212, 994, 543, 3609, 294, 4380, 7661, 84, 8913, 3249, 4353, 6294, 7168, 1456, 2994, 4387, 589, 1348, 7704, 2654, 3644, 9855, 8715, 3873, 5180, 9548, 992, 582, 5621, 920, 6214, 2215, 9007, 1467, 4718, 3221, 9774, 1287, 8909, 3061, 9142, 4656, 9713, 8857, 6482, 5349, 341, 536, 92, 1745, 9908, 594, 2852, 7538, 7047, 1658, 4049, 3109, 9366, 9934, 8690, 8132, 9677, 1197, 2096, 4261, 5501, 6634, 2290, 377, 5488, 9927, 4578, 9880, 2967, 8405, 6664, 598, 9551, 4887, 8863, 4643, 6312, 5099, 5870, 1251, 1369, 7037, 3568, 8355, 7474, 4858, 9812, 6500, 2259, 6937, 9185, 7061, 616, 5878, 185, 1095, 5975, 6230, 4164, 5422, 4162, 9441, 6459, 7924, 4901, 6020, 9793, 5750, 4860, 1929, 9411, 4295, 3350, 3541, 9848, 5558, 7081, 7369, 8440, 8408, 8338, 1761, 9556, 5019, 8493, 4530, 7196, 8119, 1137, 5953, 2456, 4644, 6529, 880, 6822, 9838, 3542, 3558, 3759, 7039, 173, 5431, 1106, 5308, 1478, 9616, 772, 7296, 5594, 9229, 4384, 3391, 2123, 3874, 132, 9179, 2711, 6735, 7390, 3792, 3595, 8855, 7060, 7462, 3538, 6532, 6065, 4285, 8821, 6659, 800, 1439, 4132, 7737, 1663, 5805, 3196, 144, 5402, 4445, 2648, 8625, 6006, 3762, 5057, 5794, 6325, 1978, 491, 7266, 401, 3785, 2116, 423, 5403, 4405, 9032, 5003, 4370, 3499, 6836, 372, 8450, 4543, 1101, 4202, 7369, 9749, 3156, 1555, 6816, 2141, 6329, 85, 3991, 431, 2297, 997, 8003, 6417, 4299, 1932, 1494, 2286, 1607, 943, 9803, 664, 4704, 1665, 2890, 7735, 4322, 3485, 5314, 8842, 323, 2183, 3477, 6751, 818, 5582, 2694, 6058, 3828, 3142, 4927, 5059, 2793, 5991, 3785, 3678, 4166, 9411, 1122, 5712, 8158, 7903, 502, 6623, 2196, 7083, 8241, 6777, 4814, 1265, 8029, 3560, 3937, 593, 5880, 4330, 4287, 6719, 4087, 6548, 8191, 1792, 4347, 3780, 8498, 8809, 5435, 2768, 2522, 2233, 5960, 1999, 5977, 3114, 2207, 4850, 9556, 6975, 3114, 7137, 6336, 3412, 4545, 7315, 3913, 2993, 2554, 5929, 8592, 9872, 4101, 6737, 9078, 9921, 3496, 2264, 6478, 2989, 3359, 298, 4481, 2841, 9217, 848, 7396, 1369, 7679, 2621, 8242, 9343, 1514, 9522, 3065, 3162, 5580, 472, 988, 3523, 4551, 2426, 2889, 67, 2176, 5028, 6215, 5820, 7836, 7748, 5787, 7189, 728, 7751, 182, 2603, 3506, 5202, 7112, 5047, 8306, 7436, 404]
List Size: 4000
Insertion Sort Time: 874.627200 milliseconds
Merge Sort Time: 20.798600 milliseconds
Built-in Sort Time: 0.535100 milliseconds

Original List: [500, 716, 1182, 3446, 7726, 5619, 2152, 5213, 5822, 8131, 8570, 2926, 9049, 7341, 5056, 9456, 360, 262, 9764, 3994, 7195, 8649, 1504, 3737, 5873, 8704, 5585, 7600, 2637, 3986, 4710, 2015, 9805, 3271, 7933, 3974, 2807, 5936, 9235, 7049, 3672, 6733, 7833, 9689, 4769, 1221, 1525, 3381, 9105, 9859, 7510, 7272, 9257, 2305, 9553, 8380, 4271, 1035, 8380, 5685, 5926, 3344, 105, 5635, 9130, 7154, 142, 8253, 7414, 2098, 7219, 4170, 4312, 5562, 4241, 242, 1058, 7337, 6091, 3530, 3185, 49, 6676, 5121, 4709, 6237, 8822, 8365, 2236, 3167, 3462, 6170, 3064, 3051, 616, 6459, 1131, 9154, 7958, 9662, 2005, 810, 2997, 288, 4917, 3578, 2783, 2225, 8771, 6089, 7987, 5875, 176, 4211, 4716, 662, 9094, 8297, 2107, 9946, 7209, 8423, 3288, 8838, 299, 6223, 7780, 2768, 8521, 7874, 5960, 8754, 1475, 7853, 3530, 8496, 4555, 7961, 8019, 7998, 6413, 1029, 7124, 7316, 6290, 7177, 9196, 9496, 2626, 3976, 3911, 6122, 8654, 6326, 5601, 3906, 3471, 7547, 4761, 9113, 6953, 7908, 5233, 8384, 9413, 3962, 7935, 9037, 7925, 4320, 560, 5127, 1208, 2166, 6799, 684, 7743, 547, 41, 4292, 5563, 7547, 1677, 4338, 3234, 5763, 4101, 5638, 2121, 7105, 7669, 8563, 3340, 5523, 526, 1823, 5301, 5305, 256, 2322, 4688, 3718, 5466, 3953, 1657, 7389, 2626, 2590, 4031, 1142, 5316, 789, 4638, 8546, 6525, 8439, 8498, 4001, 8175, 9664, 78, 5194, 4771, 1915, 8081, 4258, 9924, 5818, 3653, 3763, 3792, 3185, 7084, 5864, 8627, 7213, 8073, 1997, 5994, 4805, 4387, 3109, 3097, 9958, 2959, 3551, 5204, 7790, 9475, 7898, 456, 8519, 4430, 5987, 7823, 4563, 8660, 355, 9354, 9374, 5262, 1667, 1213, 3307, 3683, 4195, 6797, 3974, 5396, 9508, 3760, 7191, 1517, 1029, 9420, 2876, 2476, 3230, 4828, 8541, 6177, 9256, 1918, 1505, 6780, 2405, 2815, 5216, 3348, 8110, 2305, 8350, 9762, 1042, 1004, 323, 9899, 9126, 6742, 3977, 6370, 4483, 2644, 3919, 2079, 9220, 4037, 9401, 1412, 271, 9145, 8448, 6492, 480, 7430, 3113, 2681, 4144, 5095, 4676, 7439, 2393, 2415, 8369, 8750, 159, 6292, 5354, 2238, 616, 8283, 3469, 967, 7565, 3408, 6610, 8088, 9216, 6032, 4535, 1211, 2639, 8143, 3086, 8014, 4458, 8350, 4294, 2547, 5688, 8821, 8428, 6977, 9448, 2318, 6630, 9390, 2096, 4671, 4065, 631, 4404, 6140, 5583, 7217, 3522, 4515, 4576, 9, 7971, 2306, 6991, 6961, 4186, 2071, 1547, 3167, 4086, 3481, 6334, 4238, 1611, 121, 8081, 1145, 5182, 1798, 5020, 9075, 9648, 9966, 1521, 7631, 2972, 1175, 6311, 8816, 2545, 6315, 6229, 2551, 8005, 4386, 7843, 9251, 5227, 7023, 3386, 6349, 1241, 6744, 448, 355, 2369, 4650, 9610, 7744, 5522, 4362, 3966, 5822, 7983, 8550, 7279, 5090, 2219, 6282, 4759, 4887, 5544, 364, 9252, 3683, 6045, 5871, 5418, 5388, 7223, 7879, 4871, 5740, 5432, 8524, 6020, 6674, 8338, 6102, 1185, 5012, 3551, 4981, 3621, 2762, 9994, 3286, 452, 7907, 4685, 7611, 6182, 1424, 8472, 1704, 7841, 2329, 8848, 7769, 2026, 2206, 9108, 4347, 7266, 4625, 4496, 5402, 6257, 6479, 5255, 3286, 2563, 3230, 1943, 7303, 9265, 4217, 2092, 3815, 4198, 8347, 9333, 3818, 8366, 9338, 7525, 4810, 5941, 4844, 5319, 1269, 3336, 2649, 3333, 1261, 8048, 9593, 600, 8940, 8780, 8755, 221, 4997, 9482, 8082, 8407, 7159, 304, 6559, 1902, 104, 8420, 7626, 4200, 1001, 2537, 3388, 8939, 4150, 1199, 1770, 3889, 7195, 4376, 9387, 2092, 2828, 2566, 9981, 8983, 5511, 6834, 4088, 5400, 6822, 4643, 2176, 7038, 3214, 9677, 908, 3949, 2523, 9057, 7288, 2033, 7840, 842, 9343, 4972, 8144, 7817, 2907, 5513, 2904, 6071, 8750, 6630, 4908, 1165, 9440, 5198, 8843, 429, 7645, 940, 5601, 9011, 5370, 6070, 7450, 9898, 4135, 406, 9754, 6675, 88, 6354, 5022, 7033, 2210, 5288, 8214, 4622, 480, 5884, 5194, 2539, 2806, 1676, 7524, 4490, 7484, 4425, 3004, 2157, 4910, 7544, 9582, 6388, 9012, 7393, 3346, 1032, 9511, 8586, 6207, 5478, 9686, 6966, 2132, 1785, 3636, 3807, 2674, 1048, 9710, 9124, 9732, 5704, 5304, 4069, 2367, 2862, 5607, 6099, 8760, 2397, 4119, 3541, 1015, 1216, 2103, 8212, 5162, 9854, 4389, 632, 5347, 9443, 4738, 6545, 8210, 2092, 6248, 9011, 7100, 3703, 688, 3160, 4029, 5047, 2782, 6504, 1898, 2473, 6116, 7504, 1826, 5210, 2736, 1517, 623, 8682, 4685, 9377, 581, 3983, 1004, 6294, 2817, 4177, 8773, 3064, 8587, 3559, 838, 4258, 3587, 148, 5289, 7576, 1755, 1679, 8613, 1269, 7524, 4126, 9586, 5649, 1497, 1802, 8108, 2662, 9527, 9549, 8800, 2602, 3424, 6994, 7638, 3710, 2934, 5249, 3179, 9692, 9072, 5413, 7869, 9388, 1520, 6289, 881, 7977, 8618, 4906, 2119, 4053, 4506, 190, 5746, 3531, 1596, 7180, 6359, 6801, 4712, 7822, 5383, 5961, 8789, 22, 9122, 7153, 3269, 4326, 4232, 8311, 5802, 8757, 4532, 9006, 8069, 4187, 1971, 4298, 9022, 9987, 3348, 1540, 4326, 3555, 7121, 3507, 5484, 452, 3568, 6573, 2069, 4684, 8149, 1275, 1563, 3960, 1828, 1537, 1606, 2595, 6893, 1599, 1771, 31, 3702, 2356, 391, 2627, 4210, 5424, 3502, 7063, 8082, 9017, 8907, 6468, 4845, 6029, 9360, 7207, 5951, 4834, 282, 2816, 3190, 9545, 6473, 2107, 2344, 997, 7167, 2211, 5411, 9231, 6177, 5564, 87, 2671, 8495, 798, 863, 2752, 8952, 9663, 1254, 7426, 2165, 2054, 9388, 5997, 32, 8894, 4087, 3103, 7045, 4190, 4453, 5445, 5295, 6134, 2117, 3046, 9745, 598, 3381, 7763, 6377, 3819, 8619, 910, 1489, 2230, 4968, 8458, 9241, 1425, 5665, 9987, 7527, 9386, 9783, 3371, 7691, 601, 542, 2957, 2707, 156, 7284, 8300, 8374, 6959, 8085, 3191, 7880, 1204, 6941, 9361, 2476, 7545, 2392, 1578, 7798, 1833, 9225, 3573, 5625, 4844, 8547, 2788, 5806, 2164, 5528, 6888, 5279, 5764, 915, 7497, 3128, 3461, 6927, 5704, 6319, 5044, 6766, 591, 2356, 4422, 7955, 1721, 9456, 3232, 5113, 9664, 7167, 8704, 2781, 1606, 5645, 6159, 5837, 7016, 2457, 9668, 1141, 8580, 5007, 7212, 7084, 2824, 5278, 7519, 9313, 8882, 8644, 1965, 3224, 6840, 3276, 2472, 6840, 3950, 4327, 9975, 411, 6577, 8462, 3129, 8507, 6974, 1508, 3510, 21, 7897, 7308, 1453, 1835, 2563, 9309, 241, 1764, 4694, 5132, 7877, 4527, 2578, 577, 5786, 4460, 2457, 8617, 5956, 2655, 5288, 3716, 5385, 803, 2236, 8348, 2055, 8900, 7392, 7333, 9365, 5835, 7160, 9293, 8882, 9925, 7696, 8360, 2513, 7949, 7647, 3310, 569, 1184, 3064, 3096, 5321, 6059, 436, 8202, 4415, 8151, 9140, 8428, 5874, 2599, 2479, 3030, 6904, 3819, 4433, 5000, 1268, 5128, 3823, 2831, 2688, 4495, 1656, 858, 2879, 880, 5917, 9698, 2648, 8469, 662, 2053, 9791, 5535, 9397, 6008, 1392, 6404, 3971, 676, 8829, 9827, 1301, 7636, 9349, 7623, 1081, 3404, 1102, 2110, 7557, 756, 174, 8759, 3235, 9131, 4100, 2839, 7973, 346, 7581, 8490, 6861, 4453, 2189, 3223, 1397, 6871, 3068, 4173, 7593, 3637, 4237, 1127, 2823, 1893, 811, 7940, 4457, 1308, 4041, 9127, 6545, 8829, 5630, 7014, 816, 4291, 5176, 5495, 7508, 9510, 8876, 5249, 5424, 7857, 371, 4897, 4155, 3573, 7841, 9871, 1444, 7967, 3714, 7822, 2559, 1885, 256, 9828, 14, 5558, 1338, 3113, 1865, 9132, 682, 6707, 9417, 9889, 8855, 1601, 5094, 3048, 6205, 4086, 9211, 7602, 398, 954, 7466, 4314, 2842, 3172, 6223, 6916, 8780, 6477, 6954, 5394, 4330, 1228, 5107, 7527, 911, 6782, 7368, 2976, 210, 6060, 2065, 1717, 1199, 8774, 4666, 6690, 3292, 6422, 3608, 897, 3882, 502, 5825, 1193, 6463, 1178, 4600, 5678, 9741, 1597, 3722, 3399, 4850, 9340, 4344, 8069, 1284, 3469, 8715, 4430, 8277, 8750, 4817, 346, 3748, 7497, 6671, 2046, 3090, 1025, 9757, 2139, 8687, 6130, 8244, 5816, 2742, 5706, 4853, 4012, 5473, 6397, 1974, 5939, 7193, 4445, 3926, 8344, 7358, 9934, 1751, 5624, 9768, 731, 8645, 641, 8472, 4299, 7995, 1280, 3380, 6833, 624, 8484, 413, 1986, 8274, 3170, 767, 9304, 301, 3662, 4851, 7849, 9561, 1362, 307, 6349, 2553, 3984, 7199, 2842, 9991, 7221, 810, 8006, 898, 1621, 6198, 9082, 9920, 2638, 8964, 2593, 2545, 6645, 194, 4098, 1251, 1109, 9263, 9986, 2523, 6476, 1226, 8246, 9080, 6817, 3824, 6800, 345, 2493, 4178, 5930, 4876, 706, 7608, 2851, 1689, 9817, 1276, 431, 3330, 6357, 3192, 8961, 839, 1002, 9154, 6470, 4061, 2817, 3587, 8191, 91, 6473, 165, 8653, 7312, 14, 1234, 5029, 3377, 7772, 6223, 2877, 3133, 6172, 9471, 7829, 2647, 4310, 8368, 7573, 2576, 8149, 5150, 9491, 6242, 4248, 587, 9834, 5199, 6643, 6657, 972, 537, 410, 8216, 5911, 3592, 4791, 2092, 9671, 5939, 3309, 2099, 3811, 7914, 9542, 1780, 4255, 1818, 673, 2834, 2399, 2257, 4136, 7955, 2898, 8624, 8616, 4322, 2386, 1075, 7118, 2476, 9991, 6624, 6957, 5080, 5246, 2846, 549, 5145, 3387, 3662, 1916, 4290, 3927, 1490, 5121, 2057, 2827, 3758, 8119, 6277, 6643, 828, 7141, 441, 6898, 2488, 2937, 5086, 7085, 7693, 894, 847, 9187, 9872, 4857, 2535, 4413, 2450, 9077, 3504, 560, 3996, 7566, 1188, 7894, 607, 1709, 5759, 1283, 5469, 5205, 8913, 6183, 2303, 9345, 22, 7507, 1101, 4607, 6150, 1952, 6825, 8507, 450, 6822, 8006, 6546, 188, 5309, 4583, 7069, 1710, 7424, 7884, 1090, 3862, 2148, 9640, 7669, 4506, 9844, 8402, 350, 332, 9546, 6727, 1272, 9226, 8472, 1551, 2834, 2975, 7908, 7157, 5740, 833, 2104, 1435, 5922, 9742, 5013, 3788, 904, 7254, 3226, 3294, 5193, 6546, 1039, 1389, 4917, 2931, 5757, 4591, 4265, 553, 6410, 7590, 9298, 3960, 7593, 1403, 6917, 4752, 3745, 5711, 6804, 5977, 9193, 8288, 9485, 6748, 8709, 5076, 7624, 8113, 5535, 9031, 6098, 1737, 2154, 6659, 8067, 2391, 1972, 3635, 6169, 7734, 6523, 1089, 8964, 5923, 5984, 3789, 7250, 700, 1965, 9638, 6869, 1956, 8156, 3539, 3470, 5843, 1265, 6889, 7439, 276, 6034, 3342, 4232, 6306, 8775, 2556, 1608, 4795, 5868, 724, 8665, 800, 5757, 1063, 2430, 4167, 795, 7807, 3371, 7959, 4713, 9899, 4056, 1467, 8504, 2018, 9757, 8305, 3334, 5035, 8711, 571, 1855, 6969, 7593, 1720, 3790, 8367, 3673, 6637, 7867, 6779, 536, 1730, 7217, 1537, 1999, 3008, 3129, 9308, 690, 1708, 1304, 937, 5887, 5022, 3834, 6308, 8967, 3567, 138, 7120, 518, 8122, 6638, 7847, 5803, 4869, 7846, 8895, 3260, 9122, 1386, 1486, 6121, 1001, 1167, 3897, 1754, 4411, 8291, 4752, 874, 9487, 9654, 4093, 2157, 5350, 8287, 1303, 3837, 8056, 2555, 1956, 9125, 4286, 9151, 6521, 4722, 7892, 1767, 6799, 1619, 6788, 6315, 3445, 2819, 7713, 4876, 7786, 6163, 6219, 599, 5106, 5458, 783, 170, 9721, 1940, 6773, 3731, 4000, 8125, 3866, 8586, 9450, 4687, 6417, 7696, 27, 4667, 8541, 2562, 3782, 9292, 1380, 2991, 1788, 4215, 1344, 5293, 979, 4432, 9308, 8927, 8295, 3357, 7870, 2942, 4686, 9107, 8283, 5681, 600, 3387, 5858, 5582, 7867, 8486, 6091, 4541, 7117, 4713, 8676, 2952, 8730, 6494, 7074, 2000, 7313, 4718, 6498, 9417, 4145, 5401, 3499, 2275, 1286, 5711, 391, 1616, 3722, 9680, 82, 7092, 4678, 6123, 6399, 4584, 4330, 5267, 7927, 4661, 1901, 7656, 4538, 9834, 6844, 5901, 1563, 4168, 5226, 5495, 2739, 249, 3476, 4636, 6900, 4220, 8884, 7383, 7400, 4278, 8818, 4222, 93, 640, 9894, 7225, 9462, 4384, 9496, 9803, 924, 6297, 5975, 4764, 3445, 9667, 7734, 5220, 7816, 8633, 2849, 6587, 7538, 6308, 3802, 8462, 8437, 4140, 8903, 3542, 6084, 8866, 3345, 3151, 5405, 2972, 9203, 305, 36, 4629, 2486, 2566, 2865, 1657, 8699, 783, 3480, 1358, 6730, 404, 6999, 6931, 4989, 1458, 8612, 3402, 3226, 1878, 6868, 543, 7362, 419, 1520, 7618, 9646, 1114, 5366, 4618, 4761, 2741, 4375, 424, 4990, 5852, 8459, 5325, 7954, 9497, 2074, 5497, 5755, 8381, 812, 2565, 7904, 126, 2283, 1671, 3070, 6108, 669, 8157, 9915, 9192, 105, 2229, 158, 504, 6848, 5906, 9491, 7342, 9535, 9346, 8100, 9591, 6664, 9606, 4865, 6266, 8633, 3319, 7054, 6511, 1164, 2624, 1495, 3088, 7483, 5479, 4947, 3454, 1067, 7179, 5510, 1658, 3513, 4564, 2913, 7783, 27, 2213, 1359, 7078, 886, 2361, 4127, 5350, 2106, 300, 5215, 8460, 2910, 6617, 6278, 2070, 6870, 9706, 2693, 4766, 5059, 6238, 6276, 2688, 3091, 2644, 5774, 9091, 8249, 767, 9238, 9629, 3710, 1142, 5272, 1460, 7376, 8554, 3737, 7599, 5899, 9681, 5808, 4441, 9488, 3830, 7264, 8724, 2684, 6843, 2567, 7225, 3160, 7980, 64, 1960, 260, 2362, 2972, 7816, 4878, 505, 6158, 5466, 7354, 6373, 4094, 8490, 1004, 9966, 3763, 2737, 5045, 8080, 3908, 4212, 7194, 3137, 1418, 9748, 2856, 6040, 4557, 1862, 1864, 3888, 9689, 1493, 5630, 4178, 6510, 91, 9243, 5905, 1098, 5597, 9529, 1111, 2257, 1613, 889, 233, 2939, 354, 3414, 5255, 4304, 6724, 2673, 1140, 2582, 1542, 8293, 784, 5018, 7407, 111, 7589, 3505, 7181, 8126, 9319, 6298, 3434, 1641, 3688, 7284, 98, 6852, 9450, 6505, 6968, 2788, 8603, 6967, 9345, 7742, 6068, 5627, 6496, 5314, 7675, 9555, 218, 1582, 5113, 3258, 2366, 8372, 7243, 5437, 2042, 6329, 5082, 1785, 6238, 6069, 8162, 8963, 3946, 1811, 859, 3354, 1902, 7307, 9774, 1281, 4224, 8775, 5313, 8683, 6145, 9912, 3306, 4215, 7777, 5970, 7327, 8720, 6428, 4676, 1731, 29, 1374, 2041, 4107, 3282, 4190, 975, 3454, 2258, 3149, 6033, 658, 5138, 4753, 5380, 2395, 8344, 2003, 1223, 6419, 1528, 9076, 4429, 119, 20, 2054, 629, 9638, 7918, 8744, 3858, 4374, 6734, 6898, 3963, 4979, 1651, 2763, 9287, 1438, 8150, 6217, 975, 723, 6133, 9802, 280, 5782, 9002, 7363, 1003, 4590, 2038, 9332, 6286, 8581, 1793, 8679, 1080, 6670, 2650, 8775, 2699, 4608, 6469, 1272, 4026, 8318, 8500, 3037, 1215, 2146, 8161, 7670, 8572, 8878, 3097, 190, 4387, 4872, 6026, 9011, 3258, 4650, 3290, 5016, 7582, 8331, 4519, 9038, 6052, 837, 416, 2763, 8467, 743, 767, 4250, 1510, 26, 8558, 8473, 57, 9380, 5900, 8900, 1123, 8375, 327, 3091, 4956, 1682, 7999, 4837, 8844, 5852, 5252, 1717, 6163, 2456, 8002, 8990, 7925, 9578, 8079, 1476, 9647, 9300, 3135, 4233, 7795, 7218, 4212, 7139, 1967, 7786, 6741, 3764, 5874, 5870, 6546, 3165, 8968, 5584, 1904, 1381, 3634, 6898, 9999, 1673, 9775, 4994, 6108, 4426, 759, 7062, 347, 1576, 1253, 8461, 2844, 1674, 721, 4799, 8806, 8933, 5387, 5215, 3246, 6796, 3651, 3383, 423, 4013, 7173, 4060, 4707, 7806, 281, 6455, 764, 6482, 8865, 8028, 4262, 2446, 8831, 5914, 5784, 48, 5311, 6196, 8624, 506, 4800, 6097, 5768, 5366, 7896, 8805, 7324, 7791, 2990, 5020, 1286, 637, 4841, 9374, 7481, 3252, 2504, 115, 119, 3067, 4864, 6257, 7614, 7753, 8300, 58, 6453, 6311, 5288, 967, 2740, 130, 4628, 7996, 3434, 3875, 3992, 707, 5642, 7928, 3834, 7865, 1108, 9104, 7670, 428, 8740, 6164, 3934, 3771, 7162, 757, 4517, 4397, 9541, 1169, 8008, 2899, 2663, 8186, 3394, 9753, 9416, 8597, 5891, 7731, 2228, 430, 6353, 9927, 6217, 6997, 2969, 3177, 1821, 2109, 7048, 3820, 1390, 1600, 8013, 9231, 6954, 2520, 1271, 4441, 9287, 2207, 6326, 3551, 942, 1132, 1873, 9390, 597, 7479, 7416, 9803, 3342, 4365, 3861, 8380, 3467, 5530, 7389, 377, 9468, 164, 1975, 2641, 8814, 4773, 5977, 2402, 9126, 8323, 791, 4934, 6482, 7313, 8185, 1490, 2472, 8953, 6441, 5344, 8602, 5122, 9290, 3754, 3916, 8696, 3219, 8576, 4276, 5030, 3619, 5270, 5692, 9977, 9456, 803, 868, 5026, 3342, 2142, 1389, 8555, 6726, 850, 6825, 8269, 4472, 9011, 4436, 4830, 6937, 9850, 7712, 6125, 5490, 7409, 9802, 2065, 3945, 2421, 7221, 6658, 7787, 8402, 3857, 3892, 7042, 8928, 6924, 4284, 1756, 9513, 3846, 3301, 5120, 909, 768, 4232, 9208, 5683, 2788, 4543, 2266, 2184, 3689, 2868, 2655, 433, 3080, 4760, 6548, 1464, 6297, 8342, 243, 7945, 6843, 660, 7365, 1348, 524, 3873, 7565, 5348, 5619, 1507, 8672, 215, 1040, 7039, 5626, 7732, 6903, 8701, 1984, 5772, 6686, 5029, 2544, 1958, 8376, 2878, 5496, 4359, 5208, 3226, 2447, 4305, 8684, 9344, 3808, 1510, 708, 2105, 7214, 2841, 5388, 2270, 282, 2631, 1291, 1262, 2599, 2415, 2172, 8472, 2000, 6392, 2582, 8208, 6622, 6437, 6391, 9046, 1555, 9540, 1949, 2945, 4788, 1760, 4589, 5794, 1784, 4290, 5318, 3005, 4747, 4235, 6383, 7417, 9862, 1467, 1305, 3953, 4433, 3542, 3492, 9395, 7764, 4689, 1260, 4968, 298, 8161, 5410, 7153, 307, 9108, 9815, 4033, 3571, 2494, 1438, 8218, 6961, 1508, 4507, 4672, 4262, 2224, 4975, 6368, 6437, 918, 5323, 8687, 8640, 2665, 8230, 362, 152, 7311, 9144, 1282, 3358, 5003, 9553, 5113, 5889, 4333, 9047, 2331, 1694, 6389, 4755, 8527, 2501, 1854, 9, 7334, 3503, 2941, 2650, 4216, 8098, 2108, 9697, 8462, 7864, 7925, 7955, 6673, 9021, 836, 736, 4570, 7061, 1328, 1008, 7364, 3242, 5760, 6904, 8660, 759, 3887, 6523, 7096, 717, 3782, 5577, 3025, 1348, 6892, 827, 9495, 8936, 873, 113, 7700, 8681, 7348, 6288, 1825, 6610, 2559, 3211, 5490, 9121, 6043, 7962, 5169, 3807, 421, 6431, 3892, 4781, 3015, 8782, 5502, 6403, 5981, 9253, 2522, 8013, 4280, 7051, 6322, 892, 1198, 555, 550, 1164, 4252, 6367, 6607, 4278, 1015, 1264, 7622, 8789, 7248, 6597, 8123, 8622, 4916, 7317, 5859, 6353, 7299, 5644, 8261, 1892, 5487, 724, 5920, 6729, 8948, 5714, 4751, 7506, 8842, 1339, 2891, 3618, 1111, 7178, 8651, 3593, 2343, 9627, 6289, 7165, 9566, 7041, 9968, 1218, 1122, 3921, 6159, 6481, 9119, 2843, 1610, 9168, 2016, 5048, 9372, 1047, 7918, 2244, 1332, 1368, 7165, 980, 6861, 5543, 2624, 198, 5974, 3072, 5560, 5998, 469, 9996, 6507, 3786, 2493, 2462, 923, 2593, 9529, 7592, 2747, 1674, 510, 7821, 5802, 9182, 6263, 9576, 3154, 9593, 9660, 1103, 9921, 2339, 6324, 8609, 1753, 5611, 9489, 5847, 7120, 5153, 52, 3004, 8292, 8361, 5285, 3491, 8086, 7874, 1598, 4558, 3684, 137, 1603, 8096, 7304, 2169, 5582, 968, 1971, 974, 830, 5548, 9207, 2010, 5865, 3442, 6500, 8345, 2719, 6904, 8343, 3582, 1945, 8416, 2650, 3128, 7285, 354, 5137, 5405, 9484, 8486, 7798, 6480, 4204, 6794, 4438, 1219, 2889, 9183, 5867, 2262, 6630, 4215, 9879, 3412, 1763, 1877, 9846, 4447, 4294, 6790, 5886, 9608, 6643, 5235, 7542, 2074, 4263, 7286, 5922, 1610, 6208, 3644, 4748, 2257, 6535, 7086, 4134, 8162, 7158, 646, 1704, 5214, 5311, 886, 6572, 6967, 4684, 9032, 9009, 5289, 9064, 7020, 4172, 6247, 5892, 7977, 2489, 5636, 4926, 2108, 6378, 8845, 6568, 5001, 44, 9469, 104, 5935, 8312, 2960, 6932, 2129, 3591, 8116, 9176, 7553, 5970, 6797, 2838, 7065, 8113, 5291, 7461, 7885, 5685, 3298, 6171, 211, 616, 79, 114, 7011, 352, 1561, 6118, 8957, 9073, 2036, 3196, 3256, 627, 3353, 7308, 8628, 2214, 5824, 5536, 2575, 5215, 1968, 5416, 1213, 1744, 5554, 3071, 7472, 7683, 490, 3012, 2624, 6974, 7107, 7103, 1139, 4325, 2915, 7500, 42, 5139, 6077, 8525, 5770, 5917, 805, 1346, 6687, 6388, 3712, 3535, 9846, 6884, 8543, 849, 7587, 4477, 5488, 3217, 1775, 2577, 9817, 1638, 5128, 1256, 4180, 7700, 4949, 4881, 4065, 9812, 9213, 4588, 3886, 5602, 4424, 8375, 7345, 2739, 2371, 2094, 5947, 4627, 732, 6216, 3374, 8967, 3329, 715, 2440, 6841, 5682, 4758, 2570, 4691, 243, 1148, 8631, 715, 9961, 1370, 6318, 2386, 2080, 328, 7422, 3938, 7148, 9965, 7067, 5597, 3192, 4882, 8528, 6323, 2914, 7503, 1796, 3049, 6296, 824, 7718, 4988, 6660, 8469, 382, 3963, 9835, 7136, 9243, 1380, 2795, 3455, 1414, 6816, 7484, 4838, 5139, 2864, 7530, 7694, 892, 2717, 2039, 5631, 4502, 1115, 6002, 9159, 5782, 3605, 4957, 8225, 6096, 5876, 2946, 270, 7285, 7182, 7061, 9513, 4296, 4021, 6520, 2533, 8714, 5886, 2462, 6710, 3555, 963, 3146, 1698, 956, 429, 9857, 3933, 2841, 3010, 8221, 8224, 6997, 1181, 7087, 6457, 9570, 1189, 8850, 7611, 7421, 6736, 6130, 6526, 5810, 7048, 6259, 8982, 1749, 3147, 5587, 2934, 3244, 4830, 5696, 4438, 6603, 2834, 8642, 81, 573, 5076, 7722, 2554, 5759, 3913, 5430, 6957, 7020, 4239, 1777, 4952, 8861, 3243, 3531, 4919, 5820, 2867, 3111, 9523, 3612, 7298, 8341, 2401, 4569, 924, 7069, 3503, 1210, 3856, 3145, 7774, 1018, 1353, 3455, 5528, 6815, 8091, 9422, 5287, 2855, 8114, 2890, 4359, 4113, 2702, 5402, 2686, 1716, 2563, 5489, 7044, 2221, 4440, 7139, 2780, 6807, 8206, 3467, 3068, 5122, 5605, 9873, 9399, 2326, 1549, 4148, 3392, 639, 9716, 7256, 5397, 8002, 9111, 8955, 972, 2631, 2210, 1269, 2788, 7133, 3832, 2737, 5865, 4722, 4962, 7641, 5223, 6537, 3798, 3622, 1375, 8341, 2089, 5258, 9639, 2768, 3461, 7914, 3035, 7189, 6509, 4538, 3777, 7585, 1447, 7188, 8638, 2241, 9368, 9687, 4910, 1915, 8440, 1141, 8751, 7165, 2183, 955, 8505, 9198, 2646, 6642, 598, 3194, 6663, 6979, 3087, 0, 502, 8020, 1926, 3543, 9162, 6882, 4016, 7442, 3151, 9601, 9461, 2632, 6325, 1628, 1821, 5812, 7100, 5696, 6259, 210, 4502, 6281, 5189, 9290, 2169, 6377, 771, 1695, 9768, 9627, 1491, 3122, 6703, 5658, 1752, 5922, 5965, 1427, 6987, 9463, 1754, 3343, 3083, 2432, 4807, 1802, 1332, 563, 7629, 7560, 5521, 2955, 7418, 227, 6086, 6784, 8872, 3480, 940, 2675, 5953, 9939, 7380, 6042, 3301, 3001, 2327, 8151, 3259, 9070, 1778, 1117, 3287, 789, 7356, 3484, 9098, 99, 1036, 6201, 2241, 8575, 9848, 6695, 9144, 8763, 2704, 8178, 4503, 1281, 6689, 200, 7330, 1329, 9569, 8814, 2231, 4034, 2947, 2435, 8272, 7561, 6660, 356, 3492, 5112, 9020, 6743, 7829, 9352, 8531, 6640, 4896, 1256, 4065, 8477, 163, 7856, 8887, 8439, 6377, 7403, 2556, 386, 712, 9870, 1707, 3566, 7246, 9019, 5309, 8308, 8624, 5516, 2175, 9458, 7619, 6610, 1739, 4320, 8437, 3031, 7138, 6174, 8063, 9212, 9620, 2969, 1590, 96, 8932, 7334, 2045, 8979, 2205, 8048, 972, 3396, 9580, 8328, 6309, 3954, 6353, 5772, 6501, 2066, 4169, 7210, 2207, 8052, 769, 9314, 3157, 169, 7091, 6795, 3013, 1092, 9565, 884, 6313, 8323, 6168, 5298, 7473, 5367, 3594, 2685, 1950, 3476, 7484, 8044, 6324, 8962, 1837, 1898, 2347, 887, 3390, 9814, 6866, 1733, 1484, 9604, 3026, 1601, 8137, 1037, 8593, 8983, 3918, 6718, 3135, 6932, 1181, 8537, 2435, 5715, 7751, 161, 6196, 2249, 2024, 4912, 6812, 2624, 1981, 5716, 1736, 1417, 3965, 4911, 6162, 7998, 8947, 6347, 5502, 9868, 8319, 6169, 8991, 2748, 9671, 1941, 3735, 6573, 6225, 4682, 8580, 1951, 9362, 3836, 6559, 7313, 6475, 7155, 8644, 5955, 8806, 9240, 4726, 6420, 1806, 52, 2918, 8155, 6277, 6465, 6794, 1269, 5091, 1011, 8551, 7528, 7474, 702, 7510, 2525, 3295, 3314, 8201, 6451, 2205, 8037, 833, 8348, 4302, 5168, 9179, 1029, 2377, 6603, 7135, 8191, 5141, 2724, 8568, 1553, 6444, 9256, 1578, 7021, 7248, 4704, 8821, 7690, 922, 9186, 7192, 2405, 7770, 4539, 1262, 8789, 3320, 4178, 5648, 5687, 437, 9204, 2909, 2463, 2013, 7677, 5974, 7197, 5209, 6046, 7938, 2376, 8416, 801, 1355, 5616, 7113, 9340, 3963, 7308, 7505, 3122, 1272, 6411, 2682, 2148, 7230, 6546, 5151, 6467, 1011, 2004, 1177, 8154, 5986, 8279, 4074, 7015, 1333, 987, 597, 9549, 6897, 3994, 6333, 7464, 9662, 6958, 3139, 661, 4818, 306, 7163, 6854, 4199, 2178, 2132, 6901, 1687, 9074, 6693, 3534, 8857, 3017, 4282, 7703, 4697, 1914, 5220, 9074, 4979, 7702, 1165, 5400, 7674, 9243, 8084, 6120, 3116, 9703, 7843, 937, 5283, 2876, 6236, 3551, 4610, 4353, 6632, 1993, 6739, 5087, 6552, 8460, 491, 8534, 5518, 9375, 9746, 9888, 8357, 6937, 4468, 1531, 7684, 2305, 2174, 4061, 4076, 6963, 8276, 5428, 9800, 4115, 8841, 707, 4246, 3496, 6834, 4768, 4949, 2194, 8250, 1260, 7704, 163, 5994, 1960, 5249, 5523, 8634, 296, 3660, 6981, 5347, 7157, 9040, 8830, 4336, 1302, 7822, 188, 9202, 3746, 2872, 5639, 807, 8563, 7161, 1177, 8824, 774, 3944, 6014, 7959, 722, 54, 4192, 8922, 9455, 7101, 8858, 2359, 1973, 4964, 9678, 3426, 908, 1726, 5801, 4450, 8388, 8489, 883, 8770, 4744, 2626, 8062, 2892, 3711, 9930, 4356, 303, 5322, 4179, 8218, 5350, 9114, 9279, 8634, 2726, 6149, 6082, 8434, 8331, 7786, 7346, 8207, 9062, 7154, 9532, 6946, 4759, 5224, 3000, 8269, 2907, 9159, 9033, 2295, 8234, 6644, 9885, 6246, 3331, 5158, 2204, 2080, 1578, 9429, 7089, 883, 58, 3713, 4458, 1909, 1826, 1373, 6321, 3333, 5294, 1005, 2448, 6873, 4331, 2645, 4949, 1247, 4844, 6211, 258, 8063, 4576, 4563, 792, 6226, 8178, 8420, 338, 839, 9724, 9825, 425, 4946, 7385, 8128, 3565, 6895, 4679, 1041, 2751, 5263, 4362, 3815, 6998, 4365, 718, 7316, 8366, 353, 1131, 2032, 3108, 8341, 1969, 1760, 159, 3703, 9564, 1892, 9906, 6649, 6546, 9612, 1623, 8219, 4748, 3576, 8741, 725, 8112, 4636, 8293, 604, 7136, 7163, 2761, 8730, 3166, 9745, 1149, 2223, 7715, 5535, 9479, 7003, 5339, 2454, 270, 1439, 2014, 5287, 546, 4263, 7345, 4370, 1617, 3052, 4454, 2696, 6850, 6457, 9417, 4381, 2730, 23, 1141, 3522, 2422, 8552, 5067, 707, 1862, 3020, 4321, 3266, 6183, 1980, 9087, 1125, 3188, 4233, 3878, 8624, 8321, 9543, 8522, 3039, 7552, 1843, 5595, 599, 3156, 6391, 5258, 3948, 2302, 3806, 2433, 7195, 9486, 6425, 7566, 7644, 8292, 558, 9358, 1195, 6837, 7531, 9358, 4931, 2250, 8786, 4669, 9082, 4613, 6529, 8607, 132, 3244, 514, 1876, 2461, 1087, 3746, 9622, 5512, 9928, 9477, 7964, 1293, 6700, 4858, 3331, 3644, 8657, 1400, 4384, 5664, 9024, 3244, 9759, 5492, 828, 9389, 9934, 866, 5214, 742, 4424, 7803, 8254, 3804, 3249, 2186, 9444, 6470, 6457, 7824, 4656, 6903, 3830, 5601, 9198, 1817, 9706, 5907, 4864, 9680, 2099, 1575, 5849, 7883, 866, 5677, 6330, 3320, 7778, 456, 4173, 5987, 3583, 1252, 2725, 6679, 533, 7990, 3890, 5159, 1270, 1850, 5624, 8307, 6652, 5095, 2967, 8640, 1997, 2595, 6109, 8723, 786, 4720, 8133, 5484, 2783, 993, 7636, 4114, 7877, 2415, 7296, 7984, 4668, 5710, 3763, 5416, 2630, 8491, 799, 2020, 7417, 6251, 8187, 5814, 1027, 6579, 3281, 4154, 7695, 5992, 447, 5390, 6582, 3849, 9749, 1555, 1438, 2685, 1802, 1170, 1329, 7716, 1856, 1095, 8812, 6638, 744, 4676, 5299, 4363, 4274, 3845, 7411, 2525, 5193, 4998, 1924, 4886, 4455, 1677, 597, 3175, 5865, 5539, 2769, 1770, 9446, 4191, 5698, 2885, 2867, 7265, 7893, 3052, 1708, 203, 4542, 2026, 1831, 7691, 8597, 6411, 1675, 2931, 3557, 2281, 9330, 9762, 9797, 4979, 2877, 4734, 7112, 1944, 1005, 9512, 3400, 7213, 4169, 4112, 4369, 3656, 2004, 3589, 443, 9677, 8986, 4660, 7289, 3759, 9764, 4858, 5084, 7349, 995, 8190, 9633, 9134, 2049, 1340, 4107, 3647, 4369, 2358, 4612, 4493, 8355, 7392, 5924, 656, 7757, 1457, 6108, 3772, 5257, 7638, 7170, 2517, 6161, 7481, 5375, 8522, 8587, 6005, 1616, 7851, 7605, 4749, 2969, 5920, 7810, 5531, 3575, 4730, 971, 1098, 9193, 7384, 2039, 9801, 8922, 4005, 9559, 4772, 1835, 5727, 6704, 8514, 5562, 3240, 79, 7162, 9913, 5140, 3054, 4503, 3467, 1654, 8230, 5143, 4223, 7648, 7171, 2784, 2284, 3799, 9679, 9100, 9116, 6003, 6144, 2661, 7686, 5441, 7774, 6709, 6128, 3912, 3827, 7571, 538, 8573, 9872, 6646, 4103, 1357, 5429, 3585, 9690, 4587, 3547, 9892, 8197, 4628, 1629, 8236, 5384, 2450, 5181, 5952, 6457, 8382, 3795, 5348, 5092, 9186, 428, 706, 2525, 6364, 6265, 5800, 9452, 8276, 8966, 3843, 4369, 3002, 5601, 5266, 1565, 9548, 3540, 1841, 6114, 8937, 9146, 1835, 7151, 5290, 9540, 3979, 8563, 6436, 2776, 6557, 3107, 1290, 6732, 7312, 1091, 5504, 8046, 8024, 9222, 3181, 4521, 1793, 904, 7345, 61, 3180, 1711, 8340, 1895, 5938, 7015, 7922, 6051, 6085, 1856, 9738, 8494, 1786, 9961, 3377, 9786, 5329, 827, 9434, 1778, 6374, 1040, 3271, 5129, 1256, 5966, 8249, 1768, 7790, 963, 5883, 3555, 1846, 399, 5151, 3552, 8128, 6036, 124, 4251, 4047, 8064, 44, 4072, 1889, 3064, 8245, 4576, 1722, 2373, 8870, 5412, 1599, 1375, 2206, 4536, 3854, 5075, 7321, 7836, 3842, 8049, 5052, 2901, 7450, 3296, 8472, 6667, 9165, 4601, 5994, 1671, 2321, 9131, 4952, 5078, 4818, 6955, 9022, 9330, 6614, 2911, 2288, 1492, 9568, 225, 6171, 227, 2684, 3059, 9821, 4337, 2248, 3085, 688, 9553, 7531, 7107, 6740, 8471, 3390, 6199, 6217, 8578, 5457, 8733, 9263, 3233, 5360, 2709, 9500, 9113, 1535, 8370, 698, 4319, 8145, 9459, 7294, 5034, 867, 992, 4298, 2354, 3136, 4688, 4632, 5806, 6494, 9386, 3312, 8824, 514, 8620, 5446, 3459, 6881, 2662, 9365, 9859, 4468, 504, 1106, 5070, 1189, 4920, 6384, 9700, 2671, 5572, 895, 1716, 2527, 8410, 3743, 8833, 4726, 6937, 5062, 4683, 5664, 4695, 3888, 5239, 1115, 5023, 7795, 8613, 5527, 5414, 610, 9076, 9870, 3736, 1565, 1581, 7912, 3107, 224, 5257, 515, 8540, 5997, 3299, 8545, 6829, 6176, 572, 3617, 7296, 9539, 3559, 9819, 2514, 7317, 1731, 6910, 9003, 8661, 1788, 9851, 7768, 1801, 8868, 6072, 5254, 5044, 8525, 990, 7517, 8729, 3169, 2057, 5916, 8937, 1241, 8373, 3472, 775, 6276, 8343, 78, 7048, 5869, 7766, 3325, 3536, 113, 3013, 2868, 8642, 2424, 7358, 5851, 5108, 9116, 5917, 241, 1712, 5886, 5571, 1258, 8146, 2266, 4977, 9814, 5644, 7739, 1277, 5923, 4012, 5374, 9231, 6555, 7883, 8827, 7141, 2482, 2686, 7464, 3352, 2639, 4194, 9660, 7787, 1248, 3833, 7475, 6844, 2609, 8662, 1653, 5818, 4249, 5358, 9670, 2313, 1157, 2215, 920, 1352, 7377, 5039, 4641, 3864, 8661, 2228, 1844, 1267, 7190, 6960, 97, 1845, 9687, 8501, 1080, 4558, 974, 5374, 5337, 1086, 6709, 2920, 9227, 8978, 2026, 4358, 4855, 8744, 5400, 2080, 5235, 1731, 159, 7626, 6644, 6839, 5806, 5737, 9609, 3215, 3629, 4055, 6481, 1239, 4804, 6592, 5812, 8621, 2297, 3211, 8336, 6416, 8216, 7685, 3640, 5451, 1444, 6713, 4921, 7988, 4924, 5317, 5214, 5472, 9597, 4849, 5289, 1936, 7337, 812, 3976, 8690, 319, 3992, 4947, 2818, 4526, 3738, 6053, 9219, 4189, 3059, 3669, 9754, 6388, 6043, 4460, 9118, 850, 7989, 2757, 8711, 3256, 4179, 5492, 9370, 3428, 7067, 9338, 8228, 1648, 9327, 3910, 6401, 5849, 3689, 4482, 5838, 5186, 2402, 1817, 1437, 4626, 5953, 3893, 9722, 5214, 2891, 4123, 7758, 9833, 8564, 8885, 9911, 6161, 7990, 8912, 1012, 9398, 2305, 268, 1187, 3363, 6966, 8985, 1621, 7105, 4525, 4906, 86, 9173, 622, 888, 2878, 3344, 1551, 4772, 5994, 4005, 6798, 7367, 2348, 5780, 9698, 3397, 4539, 7456, 3757, 5085, 7087, 9397, 4998, 3271, 6700, 5533, 9145, 4178, 5297, 606, 1950, 1493, 8791, 2985, 2139, 403, 1039, 8078, 620, 7245, 2396, 9438, 9947, 8455, 9475, 5476, 6686, 4586, 3764, 8183, 8988, 5854, 9578, 3135, 794, 7728, 7335, 9767, 2336, 7881, 1536, 8509, 7542, 4871, 5160, 1221, 7476, 7539, 2756, 2711, 4613, 4106, 4480, 4195, 4037, 2538, 1779, 8763, 7908, 7299, 92, 7544, 1003, 8463, 3746, 3881, 6286, 3021, 2763, 5068, 2462, 155, 8381, 9815, 9981, 9912, 954, 4911, 7446, 2106, 1273, 4170, 3040, 2507, 1901, 1581, 8440, 5733, 7092, 1018, 435, 4896, 9027, 2236, 9138, 1438, 6981, 9648, 8389, 1171, 7765, 6794, 8809, 7383, 2788, 572, 2627, 9207, 5196, 7724, 2120, 3728, 2316, 3277, 6314, 5867, 1966, 5521, 2916, 2934, 3173, 6560, 4007, 8469, 8366, 1560, 706, 7205, 9112, 1116, 1846, 2302, 1868, 1955, 6719, 5851, 9836, 7503, 2957, 8378, 3124, 9993, 6440, 9571, 7345, 7170, 4741, 609, 5695, 247, 8306, 8530, 3430, 845, 7536, 9342, 7448, 3970, 5078, 8308, 4712, 3901, 7916, 499, 7056, 6856, 179, 3475, 3239, 148, 9444, 8176, 1514, 3996, 9232, 7443, 1562, 1544, 1792, 2854, 8263, 7628, 8446, 4119, 7765, 1525, 5555, 4088, 8588, 5627, 8789, 934, 9897, 9464, 349, 9205, 8666, 3277, 3849, 27, 1566, 3794, 2956, 9063, 5239, 8900, 7132, 4942, 5325, 1099, 9789, 3743, 9644, 9041, 5902, 2577, 5464, 9305, 3763, 6670, 4433, 6759, 4455, 8673, 6308, 6660, 2365, 8192, 7818, 2561, 5720, 7931, 8743, 340, 4370, 3134, 3436, 9961, 767, 6597, 5800, 3398, 781, 2087, 9182, 3342, 8243, 2199, 7064, 1150, 4334, 1379, 9282, 1575, 9924, 3619, 383, 9868, 4297, 1720, 1665, 7856, 4312, 8786, 7133, 4989, 1422, 4651, 8624, 253, 1337, 2528, 3539, 4709, 1853, 3894, 5483, 1752, 337, 7644, 1016, 3013, 984, 5976, 5259, 6691, 4828, 9972, 7383, 9914, 8395]
List Size: 5000
Insertion Sort Time: 1344.767700 milliseconds
Merge Sort Time: 45.105800 milliseconds
Built-in Sort Time: 0.653300 milliseconds

Original List: [8838, 8726, 4344, 8779, 7634, 1085, 7162, 2213, 6688, 1956, 5144, 1378, 4288, 2601, 2316, 2874, 8884, 5681, 3713, 4981, 1377, 9505, 3601, 6367, 8018, 5857, 145, 559, 6383, 4731, 5377, 3054, 7446, 9761, 594, 28, 8042, 5920, 4555, 7483, 6423, 6293, 8012, 1812, 77, 3750, 78, 4394, 500, 2534, 3624, 2552, 4964, 7975, 2232, 1932, 3076, 2797, 8202, 4391, 8242, 7767, 8545, 8419, 1653, 5050, 3443, 2138, 5934, 9091, 6217, 2092, 6659, 3420, 2579, 155, 173, 2691, 1321, 6851, 8046, 8660, 5450, 2521, 9607, 6943, 645, 9241, 9295, 3777, 6159, 5222, 3904, 2618, 2863, 7608, 4328, 7892, 5417, 6167, 7149, 9911, 4052, 8970, 8589, 8682, 5237, 6109, 9308, 2615, 1232, 8020, 3450, 3776, 6994, 7363, 6122, 4534, 4274, 4235, 2250, 9696, 5017, 2520, 1899, 7485, 1535, 8801, 1854, 2476, 3033, 251, 5929, 9063, 8149, 962, 7123, 3977, 9526, 1053, 4870, 2965, 8721, 3993, 9719, 2836, 9935, 8484, 9533, 8689, 8236, 1468, 8625, 2632, 42, 4460, 1729, 3937, 7419, 4235, 1643, 4138, 1239, 7718, 371, 2433, 50, 3170, 2774, 480, 5991, 2902, 4992, 7900, 8073, 1010, 2500, 3356, 1399, 9763, 7023, 4507, 6283, 4035, 2042, 9567, 6034, 4057, 3466, 7876, 884, 4339, 2997, 976, 9779, 1708, 7824, 9408, 1179, 4574, 2009, 1304, 5054, 1091, 1505, 4033, 2642, 691, 321, 4503, 8885, 2509, 4054, 3105, 1324, 3986, 2535, 6973, 7156, 5249, 8205, 5075, 9697, 330, 788, 4018, 3236, 4088, 6672, 4537, 5031, 4654, 5168, 927, 3548, 7536, 5403, 403, 9767, 8176, 9622, 6440, 391, 7467, 2345, 213, 4049, 2637, 2165, 7834, 4190, 2645, 9419, 2320, 526, 7935, 6109, 5603, 1821, 6275, 5417, 5633, 1670, 1259, 4164, 6835, 2962, 6994, 7088, 7798, 6129, 3128, 4315, 4396, 4234, 849, 9426, 8789, 2646, 1541, 4323, 1764, 4041, 3752, 4146, 4796, 1260, 7032, 3608, 5517, 989, 2521, 2887, 609, 785, 9015, 3188, 3188, 5195, 3981, 7164, 5509, 3155, 3792, 8785, 9338, 8571, 3798, 4187, 8345, 5842, 3760, 4325, 3370, 7748, 6561, 1046, 6717, 8839, 9379, 5159, 1578, 7185, 8776, 2174, 9162, 5876, 4448, 7787, 2979, 6768, 4851, 5801, 1602, 9281, 7077, 8039, 3929, 6239, 3266, 4753, 5846, 4002, 6207, 1459, 0, 5429, 8979, 9709, 5749, 92, 9984, 8773, 3390, 7463, 1018, 6572, 3209, 571, 3086, 7671, 4289, 8190, 2822, 768, 3364, 9530, 2719, 5762, 6993, 3683, 8174, 1015, 8497, 7538, 6595, 5374, 1833, 803, 6993, 4789, 2356, 7155, 9526, 8155, 1057, 4016, 8936, 6867, 4107, 1618, 4139, 6371, 9760, 4659, 5040, 735, 8515, 115, 7233, 6223, 4723, 1068, 8851, 4944, 4469, 14, 336, 5915, 8023, 8446, 4419, 9690, 1417, 6024, 6577, 642, 6491, 1125, 3407, 8504, 7414, 6789, 6, 9620, 2999, 1287, 2879, 8178, 910, 4438, 8029, 5772, 2679, 4241, 6674, 61, 581, 3615, 7424, 6532, 1287, 5591, 2076, 4091, 3149, 2467, 5612, 6748, 362, 7075, 6980, 2844, 1250, 4855, 9441, 5641, 9137, 6744, 2704, 8722, 3724, 912, 6322, 2041, 5832, 2335, 979, 3640, 2105, 3551, 7791, 2433, 523, 7130, 6565, 442, 40, 4011, 2993, 6419, 3382, 4250, 4457, 6735, 9726, 4386, 1268, 4333, 940, 2652, 7656, 8602, 4544, 5882, 7394, 6730, 5613, 2607, 326, 5683, 2967, 4604, 176, 684, 4718, 4081, 1998, 6017, 6221, 5601, 6481, 1, 3041, 6073, 1231, 4689, 2113, 9876, 3454, 9542, 5057, 656, 2423, 536, 2287, 1466, 5099, 8991, 1512, 1781, 2631, 839, 7786, 2212, 9246, 6462, 3316, 1187, 2940, 7730, 5238, 5868, 7387, 4189, 8769, 163, 6965, 7300, 3676, 694, 7973, 1323, 6182, 5669, 94, 4671, 392, 3696, 1125, 9655, 3917, 8370, 5578, 563, 4444, 1069, 5364, 8008, 5687, 1883, 1505, 8970, 2456, 3227, 1948, 9288, 2921, 3067, 823, 8474, 6143, 4689, 905, 9151, 4940, 9793, 2724, 3555, 1718, 5534, 1762, 6152, 2291, 1391, 2531, 8738, 4523, 8897, 1740, 4934, 9616, 8130, 9559, 4771, 9723, 4121, 7686, 1033, 8978, 5587, 9892, 6448, 4111, 8132, 4682, 3156, 2943, 1313, 6751, 5568, 6229, 8315, 718, 9265, 3878, 9436, 3617, 8773, 5635, 8146, 6728, 7745, 1763, 2894, 2010, 1912, 6917, 3425, 7072, 461, 8152, 162, 4464, 1783, 2651, 7661, 9964, 286, 6543, 9633, 2025, 981, 125, 4566, 3383, 9908, 6936, 7825, 1685, 8242, 6381, 7625, 5938, 5316, 4644, 3978, 7504, 4394, 7629, 6433, 762, 561, 3791, 6359, 775, 6264, 4348, 5716, 5922, 5847, 4000, 7526, 6171, 5720, 9831, 4604, 1265, 9523, 295, 3484, 6204, 571, 8414, 7766, 4919, 441, 8339, 2138, 4620, 521, 8077, 1638, 9849, 8890, 3836, 5421, 4836, 3285, 8474, 6764, 2383, 335, 8952, 486, 1505, 9822, 2723, 6022, 8585, 1076, 5938, 9804, 7261, 9871, 8703, 8441, 2604, 7828, 2692, 1098, 2591, 931, 4106, 8020, 9250, 8777, 5960, 9889, 9957, 3110, 2308, 9078, 7668, 309, 9890, 6118, 6918, 2462, 8387, 684, 3631, 4494, 383, 721, 9734, 2591, 1723, 8450, 7130, 8797, 9222, 2354, 5327, 2085, 8415, 1532, 155, 1461, 9526, 6302, 2495, 576, 1048, 5889, 390, 9916, 6512, 3958, 8205, 6099, 7741, 3860, 4171, 2292, 7789, 8130, 7266, 607, 6045, 3587, 362, 2827, 4770, 1475, 6439, 3383, 4447, 7089, 6184, 9366, 1774, 9941, 2247, 7237, 1447, 1495, 9090, 4301, 5028, 1361, 1287, 774, 4966, 7448, 5464, 7103, 5765, 3113, 5640, 3927, 760, 7224, 3304, 5153, 5318, 5721, 9332, 1217, 7790, 4437, 3853, 5968, 7279, 7326, 2935, 214, 6919, 8874, 5000, 6485, 4329, 487, 5050, 2132, 1342, 6614, 8517, 4478, 6565, 5308, 7336, 4299, 3649, 9082, 1953, 6293, 6394, 2184, 5813, 2426, 8463, 9038, 246, 5661, 835, 4890, 744, 9271, 5922, 7291, 1670, 4221, 806, 4961, 2533, 3561, 6788, 4293, 1418, 3326, 9538, 3123, 2682, 7219, 1864, 3712, 1615, 1356, 1263, 7805, 2099, 4160, 6132, 5352, 129, 4089, 7067, 153, 8312, 4238, 9735, 6209, 2996, 6690, 5168, 5358, 5881, 572, 8576, 7383, 9993, 5735, 2283, 8907, 9741, 8007, 8162, 2716, 5671, 1293, 2013, 7439, 9121, 7620, 6633, 631, 4854, 1242, 3652, 7547, 3124, 4906, 6567, 8327, 6813, 1170, 6592, 9752, 9152, 4768, 2611, 8567, 5680, 6206, 7825, 1224, 4491, 5399, 4855, 8347, 7967, 9536, 5152, 4143, 8453, 731, 6802, 3188, 5045, 9022, 590, 5785, 2710, 1189, 1284, 3205, 532, 5114, 5829, 8842, 6061, 2727, 1902, 3258, 6038, 8228, 6961, 9914, 5208, 2034, 393, 5896, 2958, 659, 4892, 9671, 3064, 7128, 3109, 9996, 3518, 2401, 8841, 2065, 6749, 6458, 1546, 4579, 1863, 6661, 6255, 6287, 2679, 3157, 6471, 6892, 8043, 4514, 9133, 9518, 2300, 3142, 9918, 9849, 3240, 2568, 9339, 1954, 9507, 9496, 1280, 8754, 7045, 4162, 2040, 1175, 9959, 6175, 213, 5050, 8983, 1366, 3480, 6725, 2829, 4425, 690, 3492, 9057, 7014, 9227, 7143, 6633, 7852, 5609, 5438, 369, 888, 8233, 2437, 3530, 1366, 9406, 6508, 6126, 6353, 5952, 1893, 2906, 6515, 5875, 3454, 8239, 1543, 8497, 2284, 811, 2211, 5079, 9446, 2954, 8345, 4046, 7357, 8906, 1914, 2306, 1425, 6150, 9039, 8668, 9962, 436, 2129, 6918, 8491, 4831, 3384, 1808, 7564, 8787, 6694, 6728, 1836, 849, 9216, 5896, 5042, 7736, 1105, 4067, 677, 7462, 9735, 7571, 8854, 1030, 3977, 67, 7382, 2097, 5050, 3078, 3146, 3912, 4503, 5519, 2327, 3002, 2629, 6166, 7110, 5091, 9514, 6725, 8439, 4766, 5644, 2071, 3143, 4925, 3341, 7676, 4721, 3445, 5996, 4369, 2590, 788, 2184, 468, 5079, 7641, 8228, 9809, 4683, 2461, 4746, 8096, 7035, 3411, 8120, 1948, 5418, 2032, 851, 8691, 5457, 4459, 9198, 7162, 8125, 706, 957, 7722, 9656, 8171, 4829, 6296, 6750, 761, 3802, 6571, 6914, 9576, 3364, 1047, 516, 4166, 176, 7652, 2767, 7581, 6293, 7727, 5982, 8698, 7094, 5004, 8641, 5653, 6336, 9978, 392, 7117, 9705, 1521, 2259, 4790, 679, 2445, 1086, 5362, 4106, 555, 8034, 966, 3138, 4810, 1984, 8310, 1894, 8230, 6981, 1051, 8120, 7853, 9681, 2918, 4638, 1466, 5586, 2366, 3806, 9289, 7262, 2396, 9688, 883, 5595, 2828, 942, 4146, 9243, 7966, 4364, 2239, 1134, 1932, 7130, 7963, 3966, 4046, 8440, 4336, 7039, 1040, 8569, 5934, 8610, 8703, 1627, 3388, 8731, 4396, 7006, 3938, 6314, 6237, 5169, 9334, 5554, 4900, 2601, 8608, 3426, 2338, 3012, 918, 8210, 9745, 3783, 9979, 234, 6153, 8000, 3291, 6199, 5790, 3212, 2696, 1372, 9499, 3324, 2696, 9867, 2906, 8264, 1147, 1685, 8529, 1817, 2199, 1634, 8115, 3140, 1855, 4088, 91, 6587, 2917, 2942, 3779, 8440, 4335, 4254, 9626, 557, 10000, 9257, 2631, 9804, 1753, 9460, 848, 214, 4441, 5702, 6955, 4671, 9609, 8903, 1116, 4658, 6608, 5780, 7065, 8873, 7469, 4424, 10, 1142, 2862, 3289, 1381, 6592, 2120, 5971, 9969, 789, 6284, 5420, 6645, 7995, 1289, 6751, 5476, 4083, 3082, 8370, 1839, 7256, 1597, 3016, 3049, 1130, 5626, 6488, 8282, 5056, 7704, 2946, 1597, 13, 4762, 6156, 2375, 1088, 8781, 4743, 7504, 6533, 1478, 9602, 8678, 4973, 4343, 9607, 4208, 5302, 8391, 348, 5361, 5041, 5523, 1062, 3578, 3661, 5202, 8644, 4347, 9532, 53, 5607, 2597, 9449, 3100, 6569, 3711, 327, 5559, 4905, 4923, 6834, 8269, 3932, 114, 2041, 6692, 5743, 8733, 7512, 9905, 7613, 5084, 6559, 512, 2018, 3292, 7110, 8048, 8909, 4509, 2501, 7285, 248, 1987, 9410, 4290, 8559, 6263, 342, 8406, 826, 8472, 3001, 548, 3228, 2124, 4773, 194, 8316, 957, 534, 9460, 9712, 3305, 7785, 9460, 6369, 896, 3661, 1174, 5549, 221, 3815, 797, 747, 3739, 2080, 9597, 4544, 8654, 7452, 3844, 8666, 5690, 2368, 1512, 3913, 35, 5144, 5202, 3128, 6716, 4042, 6533, 6505, 5583, 2996, 7321, 3302, 2182, 138, 9602, 6098, 6404, 6114, 2462, 285, 9910, 281, 6586, 5069, 5224, 9943, 7803, 8210, 9948, 7214, 476, 5114, 1034, 1676, 7614, 8415, 7161, 3301, 4897, 8748, 6225, 4227, 9238, 9434, 9338, 3564, 8049, 1164, 2720, 3063, 9831, 3687, 3756, 9719, 8792, 4457, 6958, 4437, 8223, 2521, 9621, 9086, 6998, 7011, 8799, 127, 7374, 1733, 7996, 1210, 7611, 8651, 6919, 4176, 8127, 832, 9760, 3571, 5386, 3060, 8669, 2805, 9961, 2817, 5814, 6511, 943, 562, 5317, 5572, 1568, 1922, 8233, 3610, 9378, 9272, 1302, 264, 4524, 5174, 5955, 5472, 1992, 2317, 5252, 798, 2433, 75, 1845, 6377, 3632, 423, 7871, 8223, 2807, 9022, 9327, 7226, 1572, 7506, 2136, 6326, 4575, 5736, 2741, 4780, 5331, 5453, 8898, 7920, 3857, 8592, 9208, 7160, 9429, 8929, 9869, 1272, 9058, 2778, 8857, 6624, 5293, 8253, 6029, 3218, 6451, 261, 8815, 5202, 1806, 9180, 6465, 3072, 1445, 6415, 2488, 5865, 5134, 2349, 5980, 729, 8247, 2201, 818, 9913, 7205, 782, 8008, 4218, 8209, 2517, 6293, 1044, 9083, 9368, 6036, 4998, 4394, 1751, 1077, 1901, 9380, 3600, 5854, 9941, 1045, 7677, 4827, 924, 1179, 7940, 1751, 8726, 6479, 2426, 6115, 4276, 432, 733, 3577, 1337, 1664, 6686, 2733, 7137, 7163, 5697, 3636, 1919, 2215, 2955, 8122, 3760, 2708, 7576, 5963, 3886, 2284, 8622, 6307, 7816, 1186, 8495, 2217, 8418, 2141, 3716, 1334, 2294, 3219, 5565, 7413, 4116, 852, 7471, 3717, 2844, 9286, 8559, 7899, 7230, 3392, 2040, 4182, 9932, 1031, 5361, 1255, 3793, 7847, 2351, 6359, 6271, 4220, 342, 3830, 8393, 6761, 7971, 6960, 2158, 8298, 5321, 3155, 5918, 3106, 7618, 3211, 6366, 4235, 5099, 6402, 2091, 9445, 3554, 5672, 8578, 1181, 6989, 5796, 2262, 5729, 3220, 5262, 8890, 2755, 6244, 6672, 5155, 8800, 5519, 9042, 351, 8517, 3965, 7535, 1374, 5335, 907, 498, 1614, 1910, 3116, 2561, 5676, 3811, 3707, 7788, 7893, 7198, 7035, 3288, 1564, 6803, 818, 10, 9014, 3264, 9662, 8689, 2777, 3274, 2911, 7146, 9235, 7164, 8512, 8904, 8595, 7748, 8811, 8400, 2408, 7288, 5763, 8335, 8782, 5584, 9629, 2530, 6444, 5436, 1363, 857, 3115, 2466, 3082, 7431, 5764, 8174, 1047, 7103, 3549, 886, 9220, 7039, 8310, 5400, 5572, 505, 6808, 7219, 8263, 774, 5086, 8959, 700, 5619, 3043, 7350, 8261, 8612, 779, 2389, 6890, 5842, 4131, 4670, 1159, 8118, 1144, 9119, 3320, 6280, 4150, 5749, 8516, 6963, 7384, 2137, 2887, 5768, 2770, 8034, 7926, 6432, 6365, 4242, 2413, 2620, 6028, 9611, 1344, 891, 2596, 2774, 3200, 3329, 8131, 3869, 4226, 3441, 8108, 8233, 4070, 8115, 9454, 3377, 3119, 4826, 2791, 9566, 3397, 1494, 8402, 2731, 2777, 2908, 6764, 2619, 7177, 2112, 2769, 3364, 4722, 2199, 239, 8703, 615, 6413, 4437, 5692, 7659, 3533, 6701, 3682, 7649, 9611, 5105, 9978, 4200, 7380, 9202, 9682, 9748, 7773, 7848, 197, 4225, 2352, 8190, 8734, 3893, 8233, 2238, 1711, 6487, 3434, 4316, 9178, 618, 6557, 9010, 3804, 7272, 5107, 6331, 7022, 5351, 7679, 5254, 9459, 659, 2059, 7809, 5706, 9146, 5865, 8499, 9614, 3708, 4775, 8272, 915, 2387, 8901, 1774, 9872, 1901, 8822, 9252, 6387, 763, 4265, 7917, 815, 144, 1776, 231, 8337, 3249, 894, 8843, 2096, 2128, 5484, 9731, 6266, 2934, 6083, 8807, 2158, 7862, 7308, 4800, 5077, 9394, 2651, 4186, 1624, 9022, 8003, 5129, 550, 4100, 7562, 8813, 3026, 262, 5983, 9741, 7002, 627, 3219, 1221, 8120, 32, 375, 3817, 504, 8805, 7172, 3804, 2079, 7151, 3990, 2104, 3648, 8397, 4296, 1131, 6568, 9758, 7957, 1373, 6528, 7233, 3969, 9155, 7689, 338, 6267, 3988, 4034, 1957, 532, 7632, 9603, 1604, 6413, 2257, 791, 7403, 691, 5785, 7412, 939, 5638, 4778, 8995, 8924, 5639, 6335, 250, 9666, 4027, 7531, 7953, 2107, 3149, 8367, 6542, 1176, 5254, 80, 9677, 76, 7739, 5076, 5852, 6581, 6896, 7572, 5595, 82, 7831, 7685, 288, 1056, 1047, 9741, 1076, 1302, 9294, 8686, 9747, 914, 9093, 1545, 7602, 2977, 1131, 4381, 759, 494, 7976, 4941, 8963, 7937, 3845, 6852, 4861, 677, 7427, 3562, 3962, 9432, 1742, 925, 2312, 9887, 7242, 1792, 3239, 807, 1557, 3603, 6342, 6817, 370, 5854, 1616, 1947, 9952, 1694, 9857, 9776, 5309, 6772, 5445, 9556, 7997, 1622, 1633, 2049, 2027, 3292, 2376, 9428, 733, 1467, 5302, 1144, 2830, 6916, 7047, 430, 7623, 4598, 805, 7488, 5346, 3667, 2151, 3947, 1150, 2041, 4112, 562, 2227, 6501, 7394, 8252, 8448, 4984, 2100, 2623, 4064, 6019, 5559, 7717, 7117, 279, 4234, 7586, 8387, 168, 4814, 3073, 3988, 2995, 5018, 1819, 1154, 5359, 9384, 2655, 5194, 6912, 9110, 9239, 563, 7219, 6408, 9032, 8358, 9303, 6750, 1340, 3395, 7069, 7537, 1232, 5062, 2648, 7416, 6801, 1611, 2457, 2391, 4502, 5640, 6807, 5693, 3265, 9261, 9039, 8250, 2118, 8915, 7292, 6054, 6640, 4136, 6283, 6955, 8483, 1079, 2430, 6941, 9664, 2371, 1268, 6782, 7991, 3142, 8731, 8261, 1482, 5097, 6173, 4589, 2002, 237, 3328, 3231, 5525, 9341, 6914, 1551, 2847, 8804, 2034, 9567, 7870, 1822, 9207, 8598, 5623, 4671, 2227, 977, 6900, 9374, 4327, 1639, 8719, 6108, 1894, 611, 9820, 1478, 8266, 5902, 2770, 653, 3731, 6084, 531, 5265, 3970, 8802, 2886, 9549, 6847, 360, 3778, 9747, 8030, 9366, 94, 5077, 2609, 4711, 861, 6164, 780, 1786, 4461, 7418, 7176, 1289, 5429, 674, 7554, 3245, 2859, 2659, 9040, 1273, 7972, 1160, 6093, 5707, 5855, 3914, 9412, 8244, 7576, 2837, 8105, 7208, 3465, 2686, 8343, 4457, 2821, 2955, 1450, 5290, 9850, 7508, 669, 9904, 171, 5336, 6993, 4781, 7482, 5139, 9081, 9896, 1140, 6393, 4154, 2283, 8720, 5452, 2951, 434, 1298, 7492, 2109, 2180, 4479, 3287, 7475, 9210, 1089, 3936, 6117, 7516, 9833, 223, 2830, 9917, 5749, 4796, 766, 2782, 5151, 3353, 6936, 125, 2163, 7143, 4583, 4499, 7903, 5561, 3972, 119, 8745, 1923, 9158, 9015, 6148, 9728, 549, 3051, 4737, 6142, 6953, 3565, 2105, 7973, 2311, 6594, 8895, 9374, 8130, 2950, 7878, 7846, 6492, 5031, 6632, 7805, 9067, 5062, 4897, 2973, 1979, 5044, 2271, 5773, 8265, 6546, 2162, 7787, 5835, 5318, 9254, 5176, 9958, 4518, 6824, 1324, 6942, 3052, 6348, 8356, 1453, 732, 9260, 3087, 2556, 9407, 9967, 2773, 6391, 8053, 5012, 7852, 5656, 5759, 5198, 8548, 8079, 3601, 3392, 9055, 310, 2269, 2890, 226, 6976, 2312, 5036, 6402, 5679, 7904, 1806, 991, 9993, 8085, 1894, 415, 1221, 1708, 15, 5871, 3118, 6360, 8231, 574, 7864, 3266, 9594, 9619, 8807, 8691, 362, 2526, 2410, 1566, 726, 8353, 8262, 3444, 3680, 9333, 1794, 6588, 7239, 1074, 3615, 4777, 1795, 5063, 3436, 8099, 1845, 517, 6000, 5385, 9586, 8426, 6564, 630, 9460, 3882, 8585, 3736, 2278, 8632, 3125, 5599, 515, 3659, 1429, 4560, 3141, 3456, 5846, 2825, 8363, 8817, 3359, 7306, 5254, 1083, 6874, 3835, 1004, 743, 715, 8658, 3741, 2101, 5334, 1780, 7545, 5491, 7199, 5900, 3190, 7708, 5009, 7942, 4529, 6557, 2460, 2695, 5542, 6089, 6831, 49, 8419, 312, 8024, 2527, 4307, 6470, 2284, 1861, 4554, 7588, 7041, 2657, 7041, 4483, 6195, 3945, 5932, 6236, 9541, 5091, 6967, 6722, 7029, 2526, 1844, 5181, 5701, 5554, 2568, 8608, 2065, 914, 8726, 3908, 6192, 7255, 4613, 1458, 9289, 7176, 3233, 5226, 1470, 718, 8135, 4854, 7194, 3892, 1195, 734, 3810, 8326, 7422, 1758, 3311, 4370, 4855, 1547, 6123, 1561, 5620, 1304, 255, 5910, 5708, 8449, 9488, 1141, 582, 2065, 7983, 8199, 2767, 120, 5756, 2888, 3154, 434, 3458, 5630, 7759, 9109, 138, 4386, 6718, 991, 2065, 685, 2427, 2032, 3896, 5062, 9671, 5753, 6485, 6984, 6216, 6186, 5147, 7310, 345, 596, 4805, 3213, 6464, 4752, 9632, 2009, 8043, 7878, 1954, 4068, 6658, 9342, 7932, 5708, 5424, 9309, 5206, 1092, 7403, 8206, 7695, 3258, 3760, 561, 8696, 8017, 2507, 6012, 2190, 172, 7465, 6888, 8370, 2624, 4678, 6359, 9045, 6339, 838, 9687, 9535, 1771, 2141, 8375, 8641, 7310, 3481, 7474, 4368, 2058, 2580, 7385, 6634, 3395, 8958, 1064, 1960, 8556, 7087, 721, 1620, 5609, 9099, 9290, 5262, 9039, 5697, 1076, 6132, 7715, 6416, 6176, 9044, 5755, 9387, 5527, 9085, 5158, 2092, 9779, 3433, 111, 1964, 9567, 1064, 374, 1318, 6250, 2813, 1860, 8395, 1523, 975, 6727, 6875, 5618, 4629, 8634, 7594, 7628, 6083, 5840, 8839, 7525, 4651, 5655, 5907, 1111, 2254, 4883, 5160, 876, 4695, 5771, 7410, 3472, 3412, 2590, 9575, 228, 9265, 8692, 2665, 2869, 1710, 1322, 1897, 7719, 9208, 670, 8175, 7181, 6804, 1004, 7396, 1628, 4097, 6144, 4942, 2047, 6720, 6139, 1123, 4458, 7621, 2868, 8482, 9607, 9180, 8121, 2779, 6563, 2458, 6825, 8285, 822, 8266, 4700, 6676, 5861, 1187, 5874, 2142, 3964, 4735, 1567, 2431, 3251, 3039, 6978, 3824, 2560, 2400, 2119, 9003, 7259, 1647, 411, 5283, 6467, 3387, 3978, 8669, 795, 9381, 5853, 8695, 9137, 1589, 8489, 2943, 5237, 4504, 9362, 2608, 4425, 9954, 2554, 6417, 4813, 8132, 930, 2113, 1589, 9994, 6047, 2909, 5468, 2820, 6706, 4436, 6493, 5135, 5171, 963, 6692, 6816, 520, 8375, 8822, 2492, 7576, 2139, 4713, 9606, 8109, 7395, 7355, 5370, 710, 9738, 6402, 5554, 4712, 2278, 1298, 3815, 6134, 6628, 8070, 5688, 9616, 7562, 9716, 4637, 2697, 4220, 6713, 3223, 8309, 2760, 231, 5099, 2590, 6136, 5254, 9127, 7018, 9560, 6611, 7640, 6250, 663, 1784, 5989, 2710, 320, 1743, 5656, 6543, 2923, 7930, 7904, 3827, 9125, 2006, 1032, 7217, 3896, 9446, 296, 6541, 1771, 3658, 6533, 7902, 5103, 5870, 9524, 7335, 5357, 1249, 4194, 8343, 5548, 3887, 4600, 6165, 5894, 7730, 2340, 1098, 6622, 9588, 3856, 724, 2460, 3317, 9791, 6950, 8553, 5343, 4263, 9991, 8294, 5853, 432, 6316, 7773, 4073, 6252, 1090, 8604, 6464, 4894, 8336, 3326, 9862, 5363, 5524, 5816, 8751, 5204, 9812, 1104, 2563, 5952, 2119, 5802, 8999, 6530, 7481, 5195, 1828, 2197, 7711, 183, 981, 3613, 5140, 7892, 1097, 4106, 4144, 6353, 1078, 111, 6576, 2260, 3236, 6158, 3300, 8472, 9990, 4703, 1471, 9434, 4089, 4806, 1146, 2911, 1960, 9234, 6733, 1668, 4788, 3345, 8425, 5518, 2754, 3176, 3832, 5322, 6779, 6839, 4442, 2118, 1894, 9410, 35, 5404, 3544, 2821, 992, 6468, 1140, 7706, 5789, 7539, 6414, 9403, 2799, 4934, 234, 1010, 4361, 2644, 7064, 5930, 7416, 6902, 6744, 2794, 3460, 6787, 3969, 4056, 8182, 942, 9615, 9667, 8918, 6962, 8472, 7347, 2462, 250, 1040, 6094, 2140, 2856, 8250, 986, 3143, 199, 1060, 6411, 4434, 3726, 9160, 2956, 6962, 2818, 7751, 9974, 8426, 474, 1930, 5472, 8189, 3160, 9958, 3390, 8915, 4164, 9088, 3693, 5766, 9617, 7863, 1643, 1348, 4788, 8438, 8817, 5908, 6789, 5720, 7790, 3179, 4277, 6333, 8879, 4640, 8085, 4437, 1319, 309, 2410, 3706, 3304, 6823, 79, 1422, 6558, 3286, 9741, 9317, 8605, 4343, 574, 8331, 6461, 8823, 1365, 6703, 8298, 314, 7555, 932, 3779, 4721, 4396, 7855, 2231, 748, 3905, 9772, 1898, 9911, 1698, 6684, 346, 1148, 9929, 122, 3866, 5155, 8799, 9221, 6795, 3354, 2640, 2262, 7387, 9929, 5397, 9513, 4835, 6838, 7316, 5433, 1650, 2039, 330, 4186, 1803, 9123, 641, 755, 270, 9667, 8773, 295, 400, 1961, 4695, 4021, 1660, 9089, 7174, 7967, 8592, 9147, 2990, 2077, 6355, 7950, 2633, 5523, 4616, 8224, 6162, 5881, 6133, 7544, 3892, 9252, 5627, 2516, 8808, 2579, 1297, 1199, 8962, 6545, 2375, 1286, 5389, 153, 9939, 3445, 2438, 6680, 726, 212, 8106, 7546, 6806, 9858, 2194, 1257, 8686, 9047, 1471, 7391, 3599, 5825, 7188, 4795, 5138, 4162, 6681, 751, 9512, 9853, 6480, 3765, 9997, 683, 809, 1799, 1627, 3515, 676, 9027, 4869, 4532, 8924, 4974, 3781, 8177, 8490, 8048, 901, 353, 3865, 2592, 5028, 6470, 4567, 6115, 8216, 1737, 4871, 3699, 2498, 664, 3638, 7102, 7480, 2679, 7268, 8684, 3549, 307, 5357, 7736, 9049, 4657, 9786, 3250, 1161, 5458, 7166, 1056, 7763, 483, 5135, 8838, 3722, 4549, 6770, 1507, 1510, 2621, 5719, 6791, 1416, 782, 9460, 4327, 3903, 7851, 5573, 6696, 871, 6941, 1277, 4145, 5469, 3094, 9332, 6705, 3012, 8336, 6394, 4905, 6933, 8308, 9412, 7662, 5587, 9656, 6907, 294, 7817, 747, 599, 6181, 5632, 9472, 7452, 7172, 497, 3344, 7462, 3931, 5650, 5532, 2573, 3106, 9507, 6168, 699, 7886, 4491, 4657, 3246, 4040, 7704, 7963, 9569, 3485, 2553, 7191, 1065, 3146, 4635, 8850, 683, 331, 8797, 151, 2897, 7978, 8195, 3310, 2936, 1535, 3143, 5396, 2519, 3352, 4651, 6469, 2827, 3021, 5048, 1216, 7820, 6757, 7280, 4989, 1662, 2001, 6030, 5485, 4418, 2389, 2889, 5114, 8292, 5361, 3526, 2869, 8364, 3884, 4036, 2686, 7878, 3931, 7539, 9369, 2238, 9, 8535, 5717, 8930, 3539, 2517, 7688, 9281, 7187, 1166, 6931, 5818, 71, 5053, 6905, 7857, 8699, 9627, 9014, 6388, 8895, 9660, 3701, 307, 7836, 193, 159, 5833, 4595, 8520, 5709, 6515, 2980, 53, 5339, 8079, 477, 7898, 5361, 4318, 8264, 3979, 7239, 5436, 9962, 2291, 4502, 5191, 3011, 9123, 4409, 2489, 2418, 9019, 4922, 4989, 1943, 7498, 1195, 307, 4056, 7177, 3614, 5570, 3544, 416, 9636, 6786, 2579, 7020, 3885, 5390, 7847, 4766, 7758, 9169, 7582, 1133, 4272, 978, 1036, 5117, 8934, 3172, 3070, 3511, 3732, 867, 1469, 6358, 6579, 5140, 1433, 9631, 3502, 6430, 5043, 9795, 6656, 6628, 365, 4422, 4352, 7889, 4281, 7442, 8826, 3779, 8381, 1015, 6140, 5968, 1839, 9499, 1784, 9413, 5040, 4224, 3667, 4179, 6519, 6846, 6047, 43, 4188, 2317, 5420, 7814, 4032, 3967, 9896, 1555, 8230, 9829, 7701, 5728, 3537, 2490, 7608, 5262, 6488, 7085, 4283, 7825, 7220, 9035, 3476, 2862, 607, 3662, 2246, 2175, 9333, 5193, 3229, 7052, 5343, 6457, 9285, 1921, 3741, 9894, 6354, 5661, 3220, 7394, 7453, 9735, 2146, 7329, 4856, 8110, 9914, 202, 7063, 5708, 966, 7299, 9231, 1508, 1390, 9495, 3609, 4316, 6605, 8009, 8150, 2490, 9561, 7514, 6096, 924, 3853, 6174, 5788, 4456, 6203, 4376, 3620, 2476, 8519, 6900, 4023, 7407, 5126, 2596, 1724, 3609, 3158, 5136, 4842, 2920, 2423, 6666, 5939, 1663, 7559, 3576, 2606, 6584, 1160, 367, 5502, 6327, 6306, 7679, 4609, 816, 7909, 3147, 4794, 7719, 4028, 9403, 5782, 4472, 1946, 1815, 3481, 9097, 5332, 2787, 1802, 6198, 792, 1839, 2627, 7839, 9901, 8842, 8379, 1740, 788, 3501, 8504, 7594, 7538, 1770, 2158, 3747, 8363, 5731, 3847, 2731, 9163, 8019, 9184, 9530, 8890, 3774, 5033, 3638, 9983, 3781, 1351, 2026, 2912, 6188, 2824, 3807, 1471, 6195, 8806, 1277, 2224, 407, 4610, 910, 8573, 4958, 4438, 3244, 2820, 645, 8528, 1500, 5605, 6796, 4684, 8693, 2782, 6624, 2549, 2079, 9957, 172, 4961, 9442, 4195, 6199, 7939, 2080, 2138, 7006, 649, 6869, 5997, 7400, 9661, 1745, 7389, 2916, 4681, 6136, 8868, 4993, 8135, 3454, 3445, 6090, 5122, 9923, 7646, 8773, 1460, 2264, 7779, 8806, 1295, 9170, 3799, 3545, 6421, 2695, 5572, 5833, 7926, 6194, 7967, 9427, 2063, 2949, 429, 3939, 3219, 9376, 2057, 2405, 1826, 5157, 7019, 47, 9541, 6157, 7438, 6838, 5425, 7762, 7910, 8108, 5865, 3491, 7444, 964, 3928, 8692, 5592, 8925, 8473, 9046, 3075, 2012, 7847, 8891, 1702, 7905, 7399, 7317, 890, 5627, 3878, 9505, 7868, 4790, 487, 5591, 9365, 5826, 2753, 7047, 6761, 9465, 3564, 9963, 3486, 3047, 4292, 307, 6336, 8528, 6928, 8578, 5485, 3154, 2244, 2544, 5696, 4645, 263, 254, 458, 3625, 8762, 971, 7854, 3371, 4144, 5209, 7384, 5739, 6133, 9185, 8644, 3716, 2942, 1199, 4385, 9646, 5876, 8946, 7046, 5993, 3435, 8589, 9642, 9311, 5900, 9451, 8299, 6004, 1343, 2799, 6900, 307, 8892, 7487, 933, 2129, 7686, 3412, 5093, 7892, 5562, 9311, 8164, 7155, 5033, 1584, 8038, 9079, 8207, 6066, 7399, 9551, 1919, 607, 5714, 526, 4469, 4564, 4983, 2477, 5441, 2202, 6298, 5948, 4456, 1501, 4151, 9694, 4446, 767, 3011, 9639, 4511, 3062, 6488, 9207, 6026, 3413, 5469, 5193, 4343, 6870, 2455, 198, 3617, 2761, 369, 9737, 655, 9907, 1143, 1016, 7174, 8035, 9360, 4498, 2587, 5803, 1092, 6367, 1746, 6789, 9931, 2238, 9196, 9717, 4723, 8454, 166, 8622, 6818, 8465, 1288, 1367, 2141, 5058, 4290, 1013, 1793, 9426, 2975, 3675, 8895, 3708, 2829, 8374, 1115, 5406, 5876, 8522, 2330, 3194, 3385, 1383, 2981, 5198, 1219, 439, 3836, 4727, 3168, 6269, 3637, 1867, 702, 8459, 1501, 5977, 7107, 6406, 4741, 3075, 2873, 1907, 3815, 9906, 9402, 435, 4317, 1698, 3610, 348, 949, 4294, 6038, 7146, 9435, 5398, 7748, 5414, 5759, 7669, 1048, 157, 7712, 6784, 218, 9664, 8020, 9180, 6010, 3999, 2039, 4159, 1915, 2549, 5831, 2084, 5197, 8203, 1007, 2130, 5553, 5912, 4732, 1535, 1953, 4841, 5810, 2470, 6767, 9485, 8143, 2627, 8487, 9424, 6876, 7382, 8433, 8100, 747, 7906, 6312, 8977, 5581, 5307, 9175, 5060, 8991, 2596, 3589, 8737, 8429, 7439, 7094, 648, 6959, 6291, 8694, 571, 7050, 2135, 2424, 3902, 5098, 9809, 233, 9743, 7321, 7703, 7066, 8403, 2641, 7535, 3174, 2847, 3819, 1142, 1413, 1216, 7370, 6893, 9806, 2421, 8701, 5655, 3765, 8941, 4686, 5980, 1370, 6573, 1416, 470, 6743, 5518, 4205, 3495, 7111, 7674, 2673, 637, 3822, 2488, 6443, 573, 9477, 7706, 7895, 6411, 5864, 1277, 944, 4567, 7498, 4802, 8013, 5149, 3558, 7031, 2150, 8581, 8622, 2046, 1453, 1457, 9628, 1239, 762, 7613, 5068, 8945, 9192, 9451, 1722, 9059, 2960, 1811, 9435, 3458, 3193, 633, 1345, 2514, 9868, 2255, 7645, 894, 3615, 9810, 7819, 9320, 6633, 6793, 5559, 4764, 8445, 2422, 2899, 8044, 9723, 6837, 2531, 5803, 8891, 1566, 6524, 592, 4967, 9483, 5671, 4382, 3007, 1163, 8650, 5421, 5999, 3570, 6959, 8105, 6364, 8019, 382, 6377, 2942, 8348, 6287, 3900, 7378, 9000, 3075, 3653, 5943, 4671, 5995, 2388, 7932, 6147, 6763, 8000, 6521, 627, 8762, 5775, 300, 7477, 4323, 9764, 7282, 8206, 4136, 7322, 3148, 6450, 1635, 7457, 3126, 246, 3766, 1785, 2881, 7070, 8525, 7629, 9587, 7136, 5456, 9854, 6705, 9390, 5598, 7188, 3134, 8341, 6386, 1717, 7575, 4649, 7319, 3160, 7962, 1220, 564, 5478, 5239, 9188, 2757, 375, 8432, 3154, 6958, 326, 2984, 1607, 4545, 7753, 2558, 4755, 1642, 3340, 8958, 7556, 9229, 9618, 8920, 8455, 4290, 4710, 3283, 2262, 4964, 6174, 5104, 1230, 8909, 3437, 7458, 2554, 6923, 4986, 4168, 756, 1396, 6027, 4465, 5358, 4518, 2599, 6766, 6572, 1501, 5045, 6915, 1346, 8130, 224, 6688, 8272, 105, 8108, 2707, 2022, 9212, 4924, 5772, 4903, 6586, 6271, 3482, 2823, 2069, 5941, 542, 9149, 4933, 444, 7932, 6089, 5740, 9136, 8903, 3830, 3177, 5094, 7328, 5757, 2354, 467, 2487, 230, 4511, 7567, 9919, 5584, 1636, 3778, 6807, 6449, 6235, 1027, 2952, 5770, 6667, 777, 867, 6961, 4148, 407, 2968, 8612, 6723, 290, 6824, 8626, 7230, 4314, 3821, 3994, 2038, 7225, 4399, 542, 6987, 8656, 1176, 9040, 6472, 7382, 7446, 5768, 2752, 3946, 9397, 3866, 3067, 7102, 179, 4986, 3714, 5367, 7679, 1020, 8776, 7208, 8575, 4740, 4929, 2668, 5102, 1169, 6738, 7674, 8777, 3452, 2952, 6421, 734, 8623, 8333, 7231, 7208, 5910, 6208, 1405, 7896, 8559, 2692, 7196, 4073, 125, 7669, 8337, 9356, 8309, 7064, 7163, 6091, 4667, 362, 623, 450, 5768, 6214, 1077, 6047, 5819, 1945, 1028, 9789, 1363, 9224, 1943, 8001, 7360, 2392, 3428, 3538, 7099, 6042, 9025, 8330, 3671, 8125, 1020, 380, 6513, 6288, 9411, 6451, 8563, 6892, 4702, 3243, 3264, 4236, 656, 7284, 5433, 7043, 4798, 4846, 4952, 4871, 754, 7936, 4256, 2863, 8632, 9996, 800, 2035, 8273, 9113, 1555, 2618, 1547, 1872, 8134, 158, 3312, 2436, 7594, 1576, 2346, 8938, 1530, 8338, 5953, 5890, 6664, 7046, 9321, 2585, 1506, 6646, 3149, 2633, 2460, 9893, 2404, 5884, 4467, 1891, 9143, 6345, 6070, 3172, 2272, 2963, 2727, 9595, 1491, 8619, 5168, 4798, 8601, 1077, 2253, 757, 4678, 5340, 2068, 8909, 6758, 441, 1805, 6711, 6511, 2192, 9828, 6180, 8927, 575, 9771, 4774, 353, 5337, 7496, 8226, 1605, 7696, 9520, 7742, 9115, 620, 3806, 453, 7932, 6772, 8075, 766, 9976, 4599, 7025, 2413, 2069, 1177, 740, 5057, 475, 1027, 3464, 5391, 1393, 8854, 649, 9920, 2312, 2938, 8853, 6649, 881, 3071, 7482, 5136, 276, 9069, 2662, 4403, 6740, 4780, 6703, 4866, 2244, 8695, 8841, 7263, 2371, 4756, 6579, 8779, 7316, 5406, 8873, 1807, 3246, 7408, 2650, 1818, 1316, 6396, 1170, 176, 3143, 3545, 9168, 4866, 2558, 9077, 461, 3360, 597, 2588, 6543, 5188, 1416, 4807, 2684, 9237, 3132, 3735, 977, 2075, 9787, 9440, 2634, 4275, 8223, 7661, 6026, 7674, 8760, 5995, 2509, 4872, 1022, 7379, 9543, 863, 3211, 2688, 9787, 7331, 1457, 1149, 5375, 8999, 5785, 1277, 3445, 3253, 8968, 177, 8074, 2573, 7893, 6363, 6825, 8793, 2071, 9541, 7762, 1837, 3338, 476, 8666, 6188, 3977, 8904, 1880, 5529, 9174, 4134, 2410, 524, 2434, 8248, 7604, 8410, 3129, 3767, 4115, 3670, 1307, 9771, 9496, 3710, 8155, 1150, 2565, 6672, 7648, 2840, 2701, 706, 4444, 5698, 4349, 9782, 5718, 1335, 3127, 889, 548, 3590, 1782, 6442, 4428, 3569, 2768, 2074, 4186, 3721, 725, 7272, 7624, 8677, 4495, 9390, 6720, 2954, 1605, 2355, 3869, 6505, 3571, 7926, 3412, 1838, 2040, 1669, 9688, 9209, 544, 589, 3391, 2592, 8603, 4714, 504, 3409, 461, 2994, 6484, 2589, 7018, 6553, 5728, 6895, 9009, 6594, 9024, 115, 8631, 196, 8206, 8164, 4657, 940, 3800, 8419, 2172, 3906, 8087, 3025, 1670, 2181, 2871, 3483, 52, 4514, 4791, 5606, 547, 4606, 7809, 2740, 9896, 3005, 8436, 3491, 9605, 5576, 3110, 7791, 1949, 3903, 1034, 6880, 164, 8929, 8105, 927, 97, 4201, 956, 4699, 1537, 7256, 7118, 8368, 395, 4185, 9867, 9403, 9343, 5505, 1551, 3011, 7916, 3325, 5755, 7068, 3640, 3188, 6268, 1140, 1092, 7195, 7656, 4027, 5366, 5882, 5573, 695, 8483, 9183, 2061, 165, 520, 6807, 9208, 6261, 4556, 1969, 7695, 2771, 8179, 5628, 7208, 8322, 7142, 784, 1656, 1061, 4359, 573, 9136, 3430, 4381, 4789, 81, 7522, 3024, 9636, 9270, 6947, 9700, 6696, 7010, 8012, 9867, 256, 4393, 4308, 1140, 1271, 4546, 6331, 4619, 3603, 4400, 1907, 9687, 5030, 8583, 3726, 5487, 6084, 5825, 3690, 9861, 5933, 895, 8319, 3448, 8305, 8099, 7557, 8650, 868, 8998, 6029, 9788, 6696, 3727, 5445, 7716, 6539, 4545, 2527, 4263, 1246, 9082, 7125, 2741, 7489, 3912, 5749, 2570, 3766, 4373, 6514, 7121, 5188, 7192, 9966, 9811, 115, 4163, 5485, 6781, 9634, 1679, 8937, 2063, 631, 4030, 6337, 4338, 527, 1306, 8780, 8663, 8743, 1138, 6635, 7101, 9723, 5121, 7429, 7368, 104, 3574, 2134, 3778, 7736, 6309, 2559, 9079, 3511, 4775, 6092, 1358, 4387, 1136, 1633, 5598, 6054, 6229, 7510, 5884, 8115, 918, 657, 3945, 5343, 5514, 9759, 7103, 351, 8895, 2044, 5205, 2967, 5554, 9133, 2597, 888, 9326, 2303, 4737, 6605, 5355, 7252, 4624, 1188, 9988, 9620, 8812, 1216, 8229, 6184, 2585, 5758, 6014, 3673, 3531, 6740, 5740, 1664, 3343, 1139, 380, 9694, 2402, 2514, 9377, 3422, 5857, 2350, 6262, 426, 4021, 3418, 6012, 1401, 4377, 3594, 7558, 2946, 7773, 3015, 6441, 8465, 2082, 1692, 6705, 7132, 3123, 5662, 6728, 2786, 8242, 4223, 6827, 9292, 696, 7086, 4817, 9993, 8899, 230, 2708, 898, 8139, 9466, 4978, 5457, 48, 369, 7776, 3707, 6132, 1576, 8930, 8713, 5476, 8964, 2884, 8239, 6305, 9517, 7901, 6549, 2599, 8746, 8385, 6432, 3782, 8869, 6474, 6870, 1069, 382, 6549, 9552, 3557, 4860, 8928, 2527, 7390, 1702, 939, 7918, 5204, 7398, 9936, 2483, 8891, 7454, 2627, 7175, 8717, 6676, 4219, 5276, 1355, 5113, 9270, 3598, 519, 9675, 9132, 5676, 1559, 9965, 5683, 6893, 2283, 333, 9968, 6503, 1219, 2767, 4427, 1951, 9064, 4586, 5693, 6594, 25, 6002, 4483, 8861, 9044, 2079, 1929, 4675, 9879, 3834, 5331, 6498, 4310, 9248, 6880, 1090, 5789, 1666, 3267, 9154, 9891, 8483, 2931, 3861, 8009, 4206, 7828, 9412, 3908, 8933, 5215, 7842, 7908, 7776, 6427, 4757, 5209, 6290, 2870, 6998, 1877, 5408, 3568, 8286, 3929, 3336, 6237, 4415, 9908, 7242, 2354, 9421, 5157, 7791, 808, 6003, 4898, 8008, 3263, 7618, 381, 7519, 9917, 8455, 9123, 130, 394, 4969, 3660, 4393, 7112, 9338, 951, 8685, 7953, 4127, 7436, 4760, 7260, 5935, 7485, 511, 2804, 2686, 1041, 8183, 9716, 5476, 8806, 9769, 4385, 1998, 4763, 5989, 2037, 8004, 6031, 8247, 3834, 9575, 1244, 124, 1052, 199, 1961, 4661, 5699, 7009, 9364, 797, 3238, 3486, 2096, 9335, 1225, 6676, 5636, 4237, 4316, 9791, 4355, 7152, 1159, 6596, 4389, 4315, 7694, 3667, 9719, 2280, 5656, 9642, 936, 6614, 8639, 564, 8183, 1571, 2992, 4082, 4461, 5111, 2814, 9193, 5911, 8312, 7079, 1755, 9958, 3070, 3042, 584, 1290, 8150, 6185, 2177, 8184, 4245, 2484, 9421, 4280, 6202, 1308, 999, 8494, 8022, 4379, 5501, 856, 1713, 2878, 4763, 400, 5962, 3121, 2540, 6427, 3842, 9814, 9826, 7778, 4284, 7866, 8968, 7571, 9892, 6182, 753, 1477, 693, 7208, 4197, 9401, 6288, 9992, 2798, 9112, 4749, 8369, 2944, 7554, 9384, 846, 9080, 3091, 1105, 652, 1426, 6796, 3787, 7630, 8085, 6863, 5396, 5795, 4085, 1097, 190, 9941, 1426, 2363, 7944, 8740, 5759, 6814, 2312, 1355, 7975, 5491, 2436, 1853, 8807, 3410, 70, 4569, 998, 3276, 1095, 3735, 4444, 6465, 7365, 4878, 466, 1057, 6273, 5623, 1331, 3098, 932, 4034, 89, 4291, 1381, 4145, 4675, 4625, 6520, 4599, 9487, 5105, 3304, 4082, 205, 260, 772, 1818, 7963, 6973, 8282, 5954, 7973, 7545, 9389, 9749, 5488, 1450, 6953, 7520, 8686, 6136, 542, 7878, 6364, 4291, 8540, 6537, 4591, 2718, 6532, 411, 5898, 6856, 7798, 4356, 296, 919, 2222, 3474, 260, 5892, 2312, 1649, 1825, 4534, 403, 147, 2704, 344, 3189, 8009, 169, 6762, 566, 751, 2699, 184, 8992, 5448, 3555, 4195, 2741, 460, 8959, 3947, 4739, 1709, 8985, 5980, 3254, 5455, 5957, 1557, 6119, 1129, 8130, 7256, 4004, 9259, 4717, 7636, 9092, 4255, 4129, 3816, 6991, 3670, 3832, 8921, 5873, 9017, 6277, 2912, 4759, 2671, 1149, 4828, 9431, 6554, 3057, 1227, 1843, 3438, 2373, 8406, 431, 3265, 9101, 8501, 2780, 8221, 5159, 3067, 4757, 3973, 8183, 2531, 454, 699, 5945, 5045, 8074, 9850, 583, 4528, 1073, 4930, 2776, 4055, 9220, 4528, 2906, 8305, 1910, 1732, 762, 4058, 390, 5901, 9485, 2563, 4793, 5318, 3587, 46, 733, 4153, 7762, 9748, 2303, 572, 1508, 1888, 8764, 4491, 8945, 5803, 4362, 6923, 3010, 1643, 6884, 6537, 1935, 9440, 377, 4010, 1373, 3878, 3743, 7380, 326, 1992, 4147, 1025, 4673, 886, 9795, 1797, 3453, 4679, 4772, 9912, 8940, 1368, 758, 7855, 4289, 6825, 4319, 5118, 6096, 4751, 3583, 3802, 7719, 1832, 5575, 3323, 5654, 6178, 8745, 8103, 3015, 6612, 9912, 711, 5343, 6725, 5866, 4917, 9418, 5797, 847, 2195, 6157, 106, 5178, 7021, 5969, 7978, 293, 6577, 1952, 2909, 1756, 4211, 795, 7705, 7021, 2602, 9362, 6436, 128, 3420, 3646, 4857, 3347, 1892, 5762, 5944, 9464, 3756, 7345, 3526, 5952, 9530, 1357, 4658, 5626, 7902, 6225, 2157, 6411, 7928, 7044, 203, 8546, 9069, 7630, 8655, 4723, 8550, 3734, 8535, 6558, 1751, 976, 8049, 2034, 2077, 5078, 1305, 3076, 2064, 1414, 8725, 4394, 5089, 3577, 4048, 7014, 7682, 1663, 2981, 2319, 8885, 9462, 1620, 9499, 8308, 984, 835, 560, 1349, 5119, 1829, 1635, 3471, 2171, 1197, 1048, 4286, 6270, 401, 4850, 2931, 836, 2776, 183, 3372, 2608, 4099, 9884, 5502, 1257, 1084, 7430, 3450, 6939, 2890, 9931, 9614, 1767, 7524, 1562, 9704, 2477, 3924, 7803, 4594, 6725, 9789, 7843, 5706, 9624, 62, 5735, 2928, 393, 2349, 5910, 7843, 784, 1899, 471, 7984, 713, 2657, 9063, 3506, 99, 9772, 996, 7650, 4910, 4769, 783, 2208, 48, 5879, 9421, 4045, 4694, 8998, 6781, 9759, 4535, 6838, 3153, 340, 8798, 1942, 4004, 1999, 7689, 9486, 7825, 6835, 3964, 6854, 2471, 6726, 4700, 7692, 9127, 8379, 7794, 4338, 6552, 1060, 4107, 9457, 8683, 790, 5495, 2230, 3965, 911, 758, 2688, 7524, 109, 2119, 4575, 5105, 9630, 3539, 9339, 2115, 9476, 9603, 5481, 1802, 993, 624, 1812, 2793, 5936, 7514, 4717, 5800, 6395, 8822, 1363, 2785, 7668, 7468, 7032, 6645, 2490, 4948, 9351, 9402, 2194, 6864, 3603, 7521, 6800, 3338, 5002, 7058, 3191, 5093, 3312, 8196, 2284, 4681, 9492, 9662, 5314, 583, 1690, 3228, 8119, 6568, 7704, 7092, 7380, 3451, 378, 8235, 2878, 366, 5347, 8866, 5670, 4189, 3902, 1445, 7602, 8201, 6310, 5290, 8055, 5237, 9261, 801, 4486, 3287, 3880, 6200, 8380, 4652, 9990, 5805, 2461, 8912, 9184, 2280, 7598, 4585, 392, 3913, 2886, 1170, 7526, 1784, 437, 918, 7335, 4620, 7710, 5834, 8817, 3285, 8244, 5282, 3801, 368, 4825, 149, 6659, 7922, 4381, 2924, 4087, 2900, 1496, 4156, 8935, 6298, 3164, 552, 2083, 9957, 1307, 132, 6838, 4985, 504, 1493, 1947, 5973, 3766, 3573, 6372, 1371, 7394, 5108, 9106, 7849, 3126, 279, 2396, 2400, 1604, 8830, 6447, 9225, 1284, 5286, 6683, 8939, 5206, 9746, 5652, 280, 7712, 4004, 2410, 3466, 2030, 18, 4716, 6785, 9826, 8805, 6223, 5171, 1206, 1479, 6889, 6712, 2232, 5984, 9319, 9346, 5763, 9788]
List Size: 6000
Insertion Sort Time: 1872.491400 milliseconds
Merge Sort Time: 25.782300 milliseconds
Built-in Sort Time: 0.801400 milliseconds

Original List: [3247, 8778, 9432, 8058, 4283, 2444, 5881, 5107, 3914, 1059, 2086, 2856, 1168, 5519, 2876, 6986, 7677, 9413, 8350, 506, 5299, 9627, 7203, 2107, 1556, 2399, 2630, 2009, 9721, 8803, 4128, 3110, 6071, 2177, 6100, 6177, 8381, 1230, 5319, 7853, 9369, 9720, 5864, 2680, 2215, 5283, 4279, 5888, 2292, 1600, 2886, 6151, 4373, 129, 7430, 6738, 1758, 6098, 6679, 9455, 9909, 2581, 4300, 1989, 4696, 8341, 1382, 2106, 8041, 2741, 9297, 3305, 3900, 1747, 5014, 1540, 7573, 9537, 794, 1215, 3248, 3441, 1050, 5080, 7837, 2913, 137, 9216, 4667, 3368, 4548, 409, 1381, 2003, 9938, 2433, 8099, 5833, 7303, 1116, 8977, 6466, 2832, 6254, 6166, 3086, 6035, 5693, 5193, 1809, 5666, 9259, 5909, 8594, 6347, 7833, 1699, 4491, 9753, 326, 8284, 7204, 7584, 7057, 8222, 5408, 8733, 6179, 4724, 6364, 7614, 7269, 3671, 5304, 5116, 6929, 9972, 9589, 6721, 3077, 806, 575, 3666, 1823, 5050, 3914, 1818, 8461, 3950, 2259, 6946, 9011, 9438, 3984, 7089, 6903, 8227, 1436, 3974, 778, 7985, 1491, 2031, 2293, 5610, 6250, 4071, 9647, 6307, 2867, 2729, 2378, 4053, 7353, 9515, 7049, 3253, 5321, 392, 1372, 6973, 7951, 5093, 1726, 8966, 304, 6752, 9115, 5565, 2292, 820, 5961, 8896, 3050, 3852, 4750, 9924, 5448, 9214, 3922, 4453, 7835, 4463, 7937, 6599, 8221, 5973, 2218, 6279, 9804, 6377, 7880, 778, 6051, 6931, 9222, 7105, 3330, 4156, 4452, 3033, 4074, 1627, 9551, 7902, 5802, 6620, 5482, 8663, 3192, 8885, 5169, 2840, 8815, 484, 8409, 1481, 3944, 8235, 5656, 624, 8960, 566, 9360, 1382, 3315, 9226, 4962, 1841, 2858, 1235, 3460, 7594, 1960, 9363, 2306, 3378, 9316, 8630, 1148, 2488, 8390, 7786, 1925, 8077, 3689, 1342, 6063, 67, 6798, 1643, 5302, 4715, 5424, 638, 1455, 6110, 5060, 7421, 2023, 8492, 5605, 3140, 8602, 7606, 5510, 4731, 4456, 9989, 1166, 5254, 8099, 8586, 8945, 6781, 5371, 85, 4495, 1364, 7770, 8254, 7019, 467, 7528, 2401, 7518, 5511, 303, 9608, 9242, 3960, 9600, 7620, 7704, 450, 273, 3534, 173, 8643, 650, 8734, 9233, 5113, 627, 8950, 819, 1161, 1877, 9735, 9788, 4822, 1581, 2025, 5548, 7064, 1928, 0, 1012, 3381, 2329, 7331, 528, 1299, 7698, 1754, 9339, 6027, 2666, 1240, 8547, 7103, 4930, 3132, 9140, 3679, 5420, 9406, 5197, 3412, 4292, 5353, 1319, 2044, 7425, 8785, 403, 1917, 6196, 3475, 555, 1729, 5167, 2775, 2401, 8275, 691, 8557, 7573, 2820, 195, 8897, 9379, 6596, 3792, 5264, 1294, 5116, 2099, 6306, 7163, 5882, 2963, 1938, 5327, 894, 4430, 2672, 2950, 9930, 2727, 1450, 4386, 3753, 1434, 1449, 3977, 9884, 3280, 5940, 818, 477, 6150, 5936, 6549, 8302, 2842, 744, 8978, 179, 9560, 2939, 6836, 2956, 450, 8930, 6950, 9442, 4815, 5187, 307, 7716, 135, 4010, 9954, 4655, 5513, 311, 9681, 6341, 4095, 8844, 6097, 5325, 6168, 8862, 2289, 2461, 3640, 3587, 3121, 5830, 5310, 6946, 9996, 5943, 776, 8590, 2235, 2620, 1615, 6987, 5592, 3034, 6246, 2000, 1462, 4236, 127, 4618, 8637, 4528, 8843, 6131, 1326, 2574, 4757, 7043, 7475, 7341, 2776, 785, 4305, 4555, 7440, 3344, 6217, 5187, 6805, 3167, 7241, 3106, 445, 4831, 2521, 6184, 2043, 2361, 7091, 811, 7130, 4043, 6464, 9733, 3863, 169, 4167, 6368, 1036, 2129, 9480, 1176, 7019, 8508, 7565, 6209, 4996, 7567, 1603, 398, 4671, 3899, 7975, 147, 7814, 5322, 899, 3028, 1763, 4910, 5249, 8735, 1199, 6023, 2755, 7953, 4869, 8184, 9537, 4960, 2610, 5825, 899, 2677, 8829, 2126, 1653, 3063, 2851, 958, 6217, 9832, 4908, 4326, 1155, 8989, 6618, 9591, 6669, 8184, 9998, 762, 2297, 4731, 2285, 3008, 2665, 8528, 1373, 6667, 9541, 1456, 1958, 8677, 5985, 4799, 1386, 3522, 7772, 7392, 3836, 9758, 9137, 2892, 6261, 1758, 5393, 2358, 702, 9367, 1871, 9800, 1796, 1195, 8462, 2239, 5177, 6267, 8102, 7651, 7182, 9840, 259, 6151, 3201, 1480, 9491, 7801, 2002, 3968, 1902, 4040, 5680, 8107, 1153, 9273, 1862, 2754, 4656, 957, 508, 4674, 3796, 5506, 3273, 4027, 5723, 7056, 2665, 2645, 2087, 1715, 2472, 2058, 532, 5057, 4962, 8855, 9268, 3841, 8360, 67, 2957, 1753, 7967, 3033, 6771, 3818, 9824, 5945, 9017, 8276, 1522, 365, 1694, 8928, 4858, 7953, 9829, 3166, 1144, 3797, 2839, 6046, 3378, 2223, 7869, 9401, 5276, 9094, 689, 2250, 3591, 7153, 7315, 7124, 1535, 6847, 7005, 7967, 772, 4743, 7620, 5786, 776, 8761, 5606, 642, 844, 843, 1495, 6324, 7703, 2679, 9844, 9263, 1418, 2245, 5198, 8947, 5829, 5243, 3719, 3481, 3675, 4100, 71, 2598, 1866, 6597, 2219, 3386, 2576, 1277, 1840, 3846, 4221, 8123, 1567, 5998, 2994, 2192, 9053, 1087, 9383, 6161, 7178, 2733, 9030, 9462, 8660, 345, 7098, 5997, 1097, 4375, 9342, 7277, 558, 8054, 4971, 2152, 1145, 1334, 8054, 2072, 5409, 2375, 8865, 5306, 9349, 3001, 7875, 1029, 1131, 5882, 4002, 8823, 776, 9454, 1097, 7326, 3098, 7748, 1725, 4283, 5344, 2438, 8005, 8303, 3152, 6825, 4333, 1828, 716, 9404, 4897, 9986, 9122, 938, 4622, 1738, 355, 4391, 3239, 633, 4586, 6440, 5632, 5877, 8513, 6715, 3657, 3886, 1216, 9802, 125, 8183, 1175, 7792, 2996, 4916, 3380, 8697, 1445, 6653, 6110, 1223, 7885, 2155, 5986, 6027, 4509, 1894, 6521, 1389, 8262, 1556, 222, 1525, 91, 1196, 4455, 5855, 791, 1912, 4519, 2394, 6838, 8363, 6880, 4904, 9478, 7085, 8957, 5272, 6136, 8678, 4517, 9004, 1437, 3155, 9389, 1142, 7609, 242, 8076, 9806, 3187, 6298, 4630, 7284, 3806, 1306, 3168, 206, 1640, 5243, 4340, 2222, 9575, 4507, 9438, 2203, 9391, 3224, 4622, 3473, 7943, 6095, 8067, 7846, 6783, 3105, 1343, 6097, 3801, 5984, 6255, 5980, 6488, 1103, 7023, 4279, 8578, 3633, 3554, 7214, 1418, 7038, 110, 572, 387, 7110, 2448, 1829, 9387, 8824, 1516, 1190, 647, 4679, 2440, 180, 8512, 6223, 1362, 902, 8198, 6066, 6179, 9578, 1173, 748, 8372, 8393, 1894, 2346, 2989, 1055, 9705, 1816, 5298, 6235, 22, 5874, 5633, 7710, 5647, 1030, 6338, 9257, 2996, 1810, 3312, 9123, 5728, 7956, 9413, 7006, 1446, 4413, 1525, 3259, 7777, 3393, 8811, 4476, 1426, 694, 1572, 4559, 55, 3837, 5029, 7443, 721, 8525, 8042, 3191, 1289, 67, 7302, 888, 864, 2364, 6409, 7010, 6012, 8706, 3312, 3672, 6826, 1385, 310, 9919, 9812, 8239, 1733, 5158, 3235, 4670, 3658, 5847, 8960, 1891, 4335, 7, 8833, 1380, 7778, 2165, 3341, 5833, 1552, 1315, 2197, 160, 9131, 1062, 2678, 3226, 8074, 9931, 3023, 144, 958, 3115, 1832, 4626, 6667, 4735, 4712, 9563, 9059, 2649, 4794, 626, 9444, 7394, 8258, 9007, 4376, 5397, 3234, 2905, 9536, 6227, 1904, 443, 2559, 8223, 5737, 8690, 1139, 3459, 3589, 1692, 6119, 6689, 4533, 173, 370, 8187, 6002, 6518, 7613, 8171, 5196, 4585, 4678, 3928, 4414, 4307, 4860, 8425, 9370, 3622, 8103, 3582, 9046, 600, 1302, 3861, 2037, 7796, 219, 1709, 5896, 3975, 771, 2456, 6269, 3514, 6253, 4106, 8372, 2565, 235, 3378, 9429, 9542, 2765, 221, 737, 711, 3430, 6768, 9563, 5686, 407, 8643, 2636, 2959, 6228, 3836, 6860, 7544, 8657, 3623, 2588, 1020, 1556, 3828, 4368, 794, 6560, 3176, 2628, 7989, 5081, 9527, 6444, 633, 9316, 4626, 8312, 5202, 3003, 1633, 5341, 3026, 7549, 2070, 9942, 7969, 4849, 6784, 3066, 3994, 3066, 5719, 2061, 9344, 3930, 9452, 2590, 6974, 6664, 2609, 1792, 7282, 3291, 9602, 7710, 8305, 2891, 7495, 8802, 7021, 9212, 4793, 7315, 1255, 9232, 678, 9177, 2027, 6202, 4545, 8784, 3141, 3587, 8698, 6116, 8885, 7630, 7491, 8726, 8900, 1134, 7244, 9849, 5082, 9990, 1741, 1727, 706, 7526, 694, 4283, 2505, 4548, 6019, 7777, 9094, 5856, 628, 3840, 2698, 6324, 6351, 3068, 1586, 9065, 82, 9728, 5015, 7974, 4173, 9454, 3948, 486, 3879, 6291, 8383, 6643, 3366, 8089, 5254, 6679, 1946, 6369, 9790, 7335, 1265, 6400, 1493, 7491, 5353, 8476, 1987, 224, 8792, 2142, 4482, 8111, 2424, 5834, 5158, 1884, 2189, 3804, 3814, 4982, 8227, 5773, 7987, 9019, 1409, 7166, 1516, 9157, 6322, 4281, 2919, 1283, 2265, 3980, 6995, 7534, 3095, 7487, 3974, 7278, 9509, 1029, 7751, 7431, 5190, 8191, 2945, 9600, 7405, 911, 3783, 7135, 5605, 580, 1995, 4218, 1058, 4352, 6037, 6101, 7790, 67, 9738, 8776, 9719, 192, 631, 4124, 8803, 9315, 5137, 6931, 7582, 7935, 8983, 4898, 2244, 896, 2665, 8199, 253, 5009, 1259, 9347, 2534, 7215, 6188, 2176, 1361, 9426, 318, 8807, 5791, 9807, 9768, 7595, 5331, 6952, 874, 5415, 5241, 4065, 2194, 6153, 776, 8824, 5451, 1181, 3078, 4532, 1382, 3275, 9936, 2436, 2490, 5932, 241, 7857, 4863, 1977, 7285, 4888, 6979, 7723, 8893, 764, 4847, 5598, 9554, 7002, 3168, 1303, 2726, 7272, 91, 7890, 5730, 8331, 2773, 7517, 1516, 54, 9991, 5704, 7796, 6127, 8620, 5023, 5307, 806, 8101, 3091, 13, 5105, 2178, 7682, 9846, 7530, 6821, 4577, 6763, 1098, 391, 5861, 6792, 3457, 9403, 3682, 5686, 2075, 7963, 7276, 9432, 1999, 8470, 832, 2768, 7678, 2723, 4862, 5718, 3743, 7230, 1607, 2122, 8200, 5291, 577, 9944, 2868, 419, 7068, 8495, 2990, 7757, 8089, 3814, 2786, 5508, 5227, 4033, 1406, 3961, 3846, 6566, 6251, 3444, 8353, 6985, 8755, 8852, 9437, 6208, 7422, 7578, 7396, 6447, 9487, 7498, 5882, 3463, 4935, 4239, 7739, 3881, 626, 5091, 117, 4706, 2733, 9791, 2840, 6031, 576, 9195, 8599, 8804, 8500, 4153, 7770, 2055, 4537, 143, 8940, 4155, 1724, 1790, 4523, 3400, 8121, 7100, 2171, 4122, 8842, 3504, 4099, 9766, 4925, 3778, 6469, 5740, 8963, 3891, 671, 6004, 8913, 6386, 6071, 2042, 2775, 5198, 4337, 2055, 8507, 3241, 9371, 1654, 6060, 3199, 760, 1719, 855, 3636, 9051, 5861, 9352, 8880, 8587, 6982, 9723, 4316, 2993, 3210, 4518, 4217, 382, 2940, 7875, 874, 4598, 5110, 8017, 2554, 8567, 4006, 4424, 8345, 7813, 5323, 1014, 34, 6247, 814, 2207, 2949, 4320, 6176, 1404, 2596, 1266, 8175, 2988, 8652, 4751, 7039, 3955, 6313, 7312, 9786, 8951, 3815, 486, 7681, 9195, 7805, 6089, 3088, 8120, 9182, 6791, 5150, 5592, 4623, 723, 4254, 7747, 2274, 1956, 3218, 7739, 7115, 9486, 2417, 7206, 4639, 9928, 5714, 5910, 4641, 1582, 5420, 6559, 4933, 755, 1616, 2238, 8536, 6267, 7737, 7811, 2511, 4342, 8629, 4286, 8480, 9553, 866, 6223, 8972, 1722, 8753, 6725, 7397, 1223, 891, 1792, 5441, 1558, 3674, 2697, 6027, 4681, 1331, 2259, 1244, 3279, 9281, 2198, 3185, 8888, 8951, 898, 9894, 1068, 6796, 3986, 3796, 3436, 32, 3293, 2981, 6037, 5795, 8219, 3873, 6605, 381, 6563, 8886, 8351, 615, 8671, 5126, 4466, 9374, 3035, 8282, 234, 3904, 7024, 1088, 6698, 4676, 2115, 9517, 9152, 1861, 9525, 6762, 9499, 9356, 9489, 335, 778, 510, 7057, 854, 2872, 334, 8376, 4592, 154, 3222, 1224, 9714, 4694, 5030, 3833, 5322, 9046, 6441, 7638, 4806, 8782, 2955, 4189, 7871, 4232, 8404, 5832, 5431, 2965, 5373, 550, 2675, 8178, 7365, 7603, 3119, 6580, 6839, 5298, 2968, 2595, 5998, 5045, 9049, 622, 1464, 9190, 505, 1788, 8701, 2025, 4427, 7296, 2165, 3750, 7518, 744, 1359, 2899, 5767, 4794, 226, 1959, 9065, 4404, 4185, 8637, 3428, 6179, 5578, 5382, 9311, 9331, 2310, 5795, 8257, 6032, 956, 8120, 6372, 6164, 5642, 8481, 460, 2156, 2940, 5778, 1208, 5106, 1089, 7193, 7054, 1659, 576, 9195, 3195, 2339, 6736, 1316, 3158, 9315, 5708, 2425, 7993, 6877, 9307, 3312, 3210, 2591, 8799, 6114, 8903, 4319, 800, 959, 7850, 129, 9856, 6592, 7585, 3227, 6276, 6039, 2676, 8342, 299, 3925, 3334, 5485, 2703, 3033, 3176, 1608, 119, 5972, 9959, 3025, 9372, 73, 8111, 885, 2708, 4225, 5796, 605, 4272, 1688, 2098, 9258, 1646, 7166, 2008, 855, 4822, 4680, 3668, 7192, 9876, 939, 5473, 5145, 6108, 3938, 9502, 5320, 9339, 4739, 600, 208, 3180, 7170, 7872, 6340, 8686, 434, 2643, 6185, 9433, 203, 4999, 1429, 4383, 204, 815, 7059, 9127, 1809, 3509, 2883, 3506, 8196, 5615, 2906, 3649, 803, 7484, 1712, 8662, 8843, 487, 6247, 3720, 2499, 4068, 6723, 7439, 299, 5551, 6752, 8442, 4027, 7879, 184, 2867, 764, 2293, 8984, 1935, 6520, 8798, 5854, 1174, 4879, 1020, 4414, 4060, 3412, 8825, 8678, 1354, 352, 9507, 2062, 5280, 2203, 7060, 9922, 6209, 7224, 4975, 6173, 8451, 6413, 1789, 1892, 4481, 7686, 8671, 4343, 8276, 6915, 1236, 1625, 738, 1701, 6592, 8228, 6994, 8814, 162, 5910, 5742, 3926, 1157, 2330, 7417, 9464, 6304, 4249, 4282, 4539, 7895, 6379, 8482, 8650, 2233, 1585, 4939, 2364, 946, 9090, 5076, 7905, 6526, 5738, 6278, 7679, 5430, 4486, 4630, 9855, 6067, 5126, 4505, 3236, 4933, 7554, 7416, 3358, 6064, 7268, 830, 3331, 2034, 715, 9638, 9432, 9392, 2024, 1511, 3492, 7573, 8484, 2095, 8663, 7291, 7128, 3269, 6908, 1663, 4779, 2312, 9942, 190, 2966, 6067, 3345, 5544, 1342, 5201, 4062, 162, 7823, 5986, 9712, 6, 7995, 3485, 3820, 1235, 491, 8482, 8216, 2355, 5922, 6600, 3895, 4216, 3573, 1908, 9653, 4601, 6443, 7005, 650, 5791, 2734, 2923, 534, 9090, 8297, 8203, 5564, 969, 9134, 50, 4619, 4531, 9780, 3825, 5421, 9812, 506, 5988, 3840, 6125, 8118, 7821, 6080, 5217, 4874, 1221, 2336, 2942, 242, 2087, 9410, 9789, 5099, 8967, 9559, 6915, 6825, 7594, 9874, 7275, 8977, 403, 5013, 1957, 405, 1739, 1649, 6692, 2268, 1481, 7654, 707, 8105, 7134, 5108, 4413, 6015, 6138, 1342, 8247, 393, 6224, 4521, 217, 936, 1050, 4999, 638, 5006, 6713, 9487, 4945, 5638, 1688, 2611, 5161, 5883, 2190, 7151, 4209, 804, 8624, 8094, 4423, 2297, 4426, 3780, 9720, 9593, 2708, 1775, 9291, 8431, 3660, 7625, 3978, 5097, 8972, 6059, 8080, 9954, 970, 5578, 8800, 7488, 9802, 140, 878, 3734, 5446, 9184, 1269, 7610, 8429, 6502, 3376, 4127, 6418, 933, 9317, 6826, 3593, 8621, 4396, 6153, 6920, 6431, 2438, 6443, 1289, 6797, 4987, 3762, 647, 3269, 5178, 1151, 40, 9644, 9311, 9907, 5121, 1529, 7089, 8704, 2705, 9369, 4892, 4380, 8311, 2440, 6113, 2879, 1888, 8176, 2237, 6190, 5721, 5555, 3462, 8963, 9040, 4814, 2624, 7911, 3366, 2204, 9753, 7615, 260, 6328, 6284, 9036, 7825, 4129, 7084, 279, 7527, 5849, 9103, 1063, 8350, 9213, 4242, 749, 1397, 8409, 4897, 4947, 7119, 9375, 5598, 9095, 4357, 9856, 2893, 304, 1180, 7700, 3413, 3257, 7115, 2633, 3302, 2388, 9756, 3635, 7657, 3691, 8537, 1353, 1481, 2231, 9954, 1844, 3950, 4779, 4444, 3490, 7208, 8818, 7574, 8055, 4682, 6246, 8422, 4621, 9360, 153, 6674, 3631, 2916, 5177, 5105, 742, 9322, 2263, 5098, 8986, 7306, 6165, 3777, 3279, 582, 7659, 395, 9040, 6447, 9473, 3838, 6091, 9270, 1044, 8840, 6168, 8308, 3411, 112, 1690, 7168, 4322, 29, 432, 9981, 2021, 6821, 950, 5676, 3645, 6452, 6716, 315, 4588, 2624, 3837, 6563, 1854, 9385, 6518, 3464, 25, 3030, 4918, 1069, 821, 5350, 7984, 9839, 8447, 4745, 2282, 2, 8134, 8864, 7857, 542, 7052, 7004, 3289, 8365, 4026, 7052, 8563, 100, 4494, 1899, 8941, 1886, 5820, 3396, 8305, 1151, 5143, 2116, 8836, 1473, 7231, 3415, 1374, 8409, 7875, 1806, 7123, 1858, 489, 1113, 6804, 6495, 1582, 4030, 3716, 2807, 705, 8074, 5319, 7261, 4722, 3341, 1284, 3971, 3457, 9892, 6917, 5229, 8093, 6215, 917, 8330, 2265, 8177, 7077, 6289, 134, 9153, 2837, 3753, 8842, 2761, 8452, 2844, 316, 5761, 7871, 8114, 7168, 8833, 9595, 6520, 6095, 1542, 7604, 2149, 2475, 7371, 1369, 9327, 8736, 7930, 9706, 6190, 2499, 3617, 944, 8534, 6903, 6139, 9303, 2084, 3110, 7887, 6747, 5534, 9651, 9300, 3704, 7332, 8250, 3809, 3950, 6210, 5291, 1954, 7350, 4923, 5157, 6754, 2725, 1035, 5793, 3989, 9078, 9509, 7337, 4758, 8416, 7267, 1560, 7373, 3801, 2150, 3190, 9619, 267, 6401, 9249, 3522, 388, 3753, 436, 2668, 47, 2295, 9200, 349, 7912, 4487, 7886, 3563, 2097, 4207, 2691, 9967, 625, 546, 8843, 7928, 4719, 3548, 9941, 4488, 3243, 3147, 4180, 7027, 5367, 671, 633, 9563, 3373, 2563, 8970, 9761, 5764, 5455, 3576, 4123, 4826, 9181, 2050, 3599, 4094, 7213, 2385, 1031, 7482, 1037, 1378, 3250, 1149, 2005, 587, 6096, 4591, 5068, 2481, 402, 2960, 6890, 5028, 4225, 2580, 7653, 7886, 5567, 315, 2764, 9439, 1438, 2949, 8708, 9366, 6157, 1507, 4133, 953, 6422, 3360, 8631, 5984, 7184, 5815, 3052, 7214, 9626, 9776, 1093, 1136, 3786, 8427, 2980, 1150, 9874, 2855, 5117, 3505, 5331, 899, 8740, 21, 4314, 8725, 1510, 5649, 536, 4424, 8833, 8862, 3379, 7379, 1309, 9746, 8665, 283, 9340, 2668, 3873, 7555, 8170, 2816, 5969, 5051, 1187, 6420, 8952, 6436, 5401, 1269, 5031, 801, 3330, 5823, 2904, 7159, 7080, 2171, 7566, 1026, 8699, 1007, 7980, 8066, 3475, 5874, 1121, 7400, 7387, 5575, 1541, 5325, 80, 8488, 6455, 3998, 5515, 7895, 1661, 838, 8872, 5572, 553, 6246, 6583, 2463, 7068, 965, 1537, 6755, 9143, 2915, 6296, 5243, 3714, 139, 1268, 4953, 3946, 6928, 6279, 4537, 8899, 6532, 4487, 7606, 110, 884, 3523, 1264, 7259, 8908, 4092, 8497, 779, 9237, 4014, 301, 5647, 8885, 6309, 7700, 6509, 1325, 8251, 6499, 7666, 1611, 9659, 3143, 4429, 5245, 1475, 7700, 7604, 3451, 8337, 3430, 5284, 5487, 6150, 5081, 285, 4024, 1192, 1625, 2797, 5619, 1213, 9476, 5580, 2374, 3393, 1319, 1842, 5224, 8603, 5323, 5605, 4623, 6681, 495, 4912, 1827, 9178, 6290, 13, 8872, 5750, 5244, 5918, 9648, 5277, 3469, 2435, 5736, 4950, 5471, 9516, 391, 9513, 9929, 7165, 6253, 3756, 3403, 1702, 6960, 9028, 6504, 7324, 9762, 2914, 1924, 9905, 8749, 3448, 2347, 6358, 9075, 8803, 5489, 6084, 6839, 5213, 6391, 5053, 3532, 6019, 9784, 478, 3993, 9896, 7342, 8548, 3023, 6528, 229, 7587, 1061, 9793, 3526, 2003, 1032, 8766, 9896, 3550, 2799, 5508, 5557, 5272, 8538, 9212, 3064, 6328, 2034, 4333, 614, 2289, 9198, 4907, 6779, 5584, 4348, 8578, 3030, 7842, 4696, 1029, 4530, 9780, 3771, 1386, 6981, 682, 4986, 1513, 9797, 4914, 6898, 6019, 6466, 1573, 4815, 1714, 6327, 9128, 7097, 4906, 5962, 8939, 7296, 8679, 7826, 1811, 8092, 8206, 2461, 9923, 7459, 3575, 5766, 9026, 2924, 2870, 4969, 2396, 6466, 604, 7023, 1372, 8288, 4268, 1464, 9394, 9014, 9016, 7885, 9284, 9107, 6412, 926, 3511, 2348, 298, 8188, 7744, 1327, 6838, 2447, 3575, 4374, 4541, 4925, 8786, 3256, 2167, 7223, 2814, 4109, 701, 2244, 9371, 155, 4454, 7913, 3585, 7106, 2632, 424, 9670, 2625, 5370, 2500, 5561, 1962, 9501, 9977, 3615, 8191, 5357, 4775, 2628, 3452, 2131, 2682, 1859, 4399, 2072, 267, 4820, 6908, 2445, 6505, 755, 5126, 6029, 6016, 2795, 4547, 1215, 3184, 8980, 9574, 7337, 270, 7065, 6638, 1899, 4767, 7777, 5827, 5187, 6384, 9936, 5445, 8621, 5089, 1209, 9110, 4586, 9223, 4825, 4038, 4204, 445, 5807, 6970, 7011, 2434, 5617, 9047, 1362, 2224, 1183, 3336, 1652, 3247, 5692, 1061, 7877, 2012, 9346, 7309, 6064, 3122, 8022, 8842, 5663, 4880, 8821, 1314, 3101, 8203, 3625, 1692, 948, 897, 5145, 9882, 1877, 5716, 6371, 1022, 4151, 5937, 5283, 580, 9201, 4669, 7559, 5744, 6487, 8620, 9709, 5300, 4673, 2153, 4521, 1511, 5918, 1649, 9707, 8838, 2036, 2138, 8064, 439, 4632, 311, 8201, 6833, 6694, 9726, 677, 6174, 8492, 7907, 1535, 8274, 4741, 7076, 1669, 1201, 9747, 7041, 3127, 5226, 3085, 8324, 199, 6953, 5822, 8997, 5329, 1979, 1743, 8505, 7209, 7170, 5751, 3067, 1238, 2202, 6142, 9057, 9050, 8379, 6559, 8003, 3029, 2541, 2033, 289, 7518, 6845, 7508, 5988, 2673, 9418, 2308, 6640, 9312, 4822, 4146, 5641, 6423, 4188, 5145, 2235, 7572, 413, 9697, 8553, 1075, 9442, 4706, 1902, 3002, 6777, 4828, 8903, 5007, 2999, 5497, 9023, 5224, 272, 9767, 3256, 8055, 6199, 6155, 4454, 3407, 6360, 6887, 284, 4970, 4706, 7802, 1233, 2466, 2551, 3467, 6675, 1823, 8082, 1176, 4727, 5762, 8232, 1870, 7393, 4277, 4924, 9543, 1013, 4589, 7595, 6395, 8081, 6005, 366, 4309, 4779, 7420, 4666, 4534, 3815, 1600, 7141, 1236, 3211, 2099, 3208, 3717, 3918, 9102, 3243, 4327, 5307, 9839, 2249, 1097, 5899, 9063, 5851, 5411, 2267, 8745, 9061, 2678, 5834, 7497, 2637, 4486, 576, 1115, 9041, 9395, 3865, 2251, 2463, 6272, 8826, 7474, 3784, 4912, 6013, 7754, 1914, 1659, 65, 9806, 1630, 4825, 6145, 983, 5132, 491, 9420, 9958, 5371, 1240, 5038, 7375, 2059, 4569, 3500, 2436, 3918, 2031, 8220, 5368, 2759, 5843, 1808, 4591, 2846, 2891, 6375, 8011, 5871, 1518, 386, 2887, 3867, 136, 608, 4030, 9844, 2548, 4522, 9121, 4072, 9138, 1465, 3694, 3545, 2454, 961, 9870, 5382, 9764, 6085, 9309, 2062, 1574, 833, 9028, 6077, 3802, 5907, 4375, 7207, 4931, 7794, 2364, 5371, 896, 8541, 505, 1433, 6095, 4211, 5770, 9480, 2379, 6208, 5150, 5295, 447, 9072, 3050, 5531, 165, 9447, 6530, 8183, 5819, 8167, 69, 1314, 1449, 4610, 8979, 3462, 6152, 2826, 5184, 4680, 2754, 4425, 5146, 567, 7737, 9772, 6331, 7968, 1589, 2684, 1606, 9308, 8472, 3040, 9016, 9402, 8770, 2008, 6977, 3311, 6115, 5242, 3716, 6361, 220, 9371, 5628, 6942, 9570, 3644, 3993, 4751, 4774, 5865, 3831, 4077, 4403, 5661, 1392, 1642, 7659, 5839, 5777, 5947, 605, 3739, 626, 4851, 8496, 1735, 9884, 8131, 4065, 4896, 9637, 6873, 8537, 1699, 5604, 6316, 3898, 7480, 7138, 2981, 5073, 2427, 4794, 3945, 6933, 6926, 2935, 8212, 1671, 9319, 3054, 860, 6801, 3022, 648, 2162, 9346, 3877, 5344, 1364, 8493, 5841, 2609, 5336, 4927, 4786, 8865, 3811, 9052, 2342, 57, 6641, 6721, 9975, 1058, 2478, 2981, 1807, 6360, 2011, 9492, 709, 7254, 6195, 4915, 3153, 2696, 6422, 4549, 6679, 2770, 1606, 4572, 7965, 5359, 6713, 6246, 1412, 3852, 8802, 4985, 2224, 8621, 2638, 9455, 8359, 5784, 9833, 1033, 3298, 4338, 9370, 4654, 8743, 1638, 8989, 9514, 96, 7901, 3837, 9470, 969, 9824, 8402, 8499, 8485, 5808, 1746, 765, 1406, 5789, 3367, 7933, 6298, 4510, 4427, 3065, 3101, 1929, 6605, 48, 9753, 249, 7244, 5743, 2964, 1572, 3728, 1291, 3409, 8487, 5239, 5350, 6773, 1840, 4709, 7003, 8238, 739, 1186, 3663, 4407, 4501, 3606, 3848, 9921, 6787, 5254, 5475, 6323, 9164, 1952, 9708, 7, 1427, 6524, 3358, 176, 453, 7025, 306, 5975, 8113, 2210, 8778, 4903, 1004, 3233, 5940, 6925, 2596, 5480, 5573, 7425, 1029, 934, 5893, 8325, 6835, 8247, 8686, 9391, 2710, 4067, 4702, 4781, 7430, 7554, 5974, 650, 277, 8674, 2221, 9996, 3192, 4300, 13, 8694, 9811, 6238, 7940, 3364, 6569, 275, 7468, 2155, 9301, 6639, 5085, 4479, 7199, 6883, 1058, 1773, 436, 8288, 4051, 5476, 8451, 440, 648, 1302, 1206, 467, 7977, 9132, 7738, 7799, 7945, 1971, 3296, 5356, 39, 7997, 5286, 3537, 1990, 266, 1112, 5072, 6414, 8453, 7176, 1012, 7085, 4783, 8040, 1496, 9539, 4734, 9721, 2118, 8371, 3599, 7390, 7435, 9356, 3639, 8374, 9698, 7097, 4177, 9169, 1401, 9827, 4975, 9916, 1518, 3695, 3327, 8920, 4411, 3736, 5643, 9212, 1688, 28, 7664, 5518, 6959, 4479, 5046, 1030, 5673, 467, 7522, 9174, 3221, 2399, 5576, 2819, 558, 113, 2247, 2929, 9703, 1994, 4773, 915, 3255, 7661, 3897, 1563, 6787, 9455, 4420, 9845, 5184, 2050, 6715, 6213, 1197, 9894, 5916, 9524, 2040, 7285, 6107, 9586, 8469, 7906, 1444, 1881, 1991, 2834, 99, 6706, 8021, 9065, 9286, 5286, 6050, 1302, 2813, 584, 44, 7287, 362, 2105, 3035, 7057, 1144, 1700, 7266, 4098, 7987, 5379, 4055, 6034, 9761, 7775, 2809, 4084, 8376, 7527, 7315, 2790, 6077, 7974, 6624, 4846, 1308, 2208, 6270, 8917, 5236, 2352, 8829, 5973, 3169, 9793, 177, 9684, 8336, 9653, 7334, 6415, 9464, 6001, 2149, 517, 6099, 6469, 8803, 2852, 635, 3756, 2809, 7329, 4601, 1117, 6157, 8877, 3354, 4278, 7249, 8492, 9852, 7301, 7555, 891, 7260, 5796, 7397, 466, 6459, 8828, 7615, 6995, 7516, 8869, 2666, 4937, 7881, 8727, 4809, 6279, 5066, 1842, 70, 1958, 1386, 6594, 686, 6859, 4630, 8876, 8618, 7339, 8915, 5193, 5247, 7302, 2100, 1691, 1089, 3978, 6453, 1757, 7892, 8944, 7633, 4853, 881, 7908, 2548, 1801, 6745, 770, 1908, 3563, 5104, 3776, 9396, 6558, 1794, 2502, 6824, 8192, 1622, 2785, 7418, 5423, 5960, 5592, 3358, 8265, 9153, 2357, 3586, 6243, 7528, 4637, 7849, 5266, 7960, 6472, 1844, 2180, 8213, 7624, 3046, 9645, 46, 6674, 5485, 973, 13, 6631, 1718, 6207, 5921, 4106, 9019, 555, 7171, 8453, 5885, 3532, 6003, 7866, 3348, 6711, 9582, 7393, 9846, 5815, 8539, 8202, 3423, 6256, 6270, 3734, 6873, 7430, 8747, 1553, 3260, 2705, 6848, 716, 4975, 6201, 5811, 1853, 4657, 4343, 6720, 4402, 9946, 293, 8424, 9268, 5142, 6060, 197, 2992, 2908, 3887, 1755, 6626, 2738, 7432, 8179, 493, 1941, 540, 9155, 7015, 2178, 2359, 7066, 1286, 6387, 3527, 5022, 6301, 4972, 7560, 9202, 9425, 9085, 2608, 3919, 6975, 8836, 4822, 2344, 5596, 5451, 2820, 6414, 3477, 1870, 2959, 7776, 4323, 8703, 8773, 2618, 5787, 841, 6936, 4714, 9846, 4362, 7669, 3477, 9, 2029, 3128, 5249, 1032, 4798, 1400, 727, 4118, 4492, 7974, 1126, 7646, 2509, 6123, 6693, 3458, 5788, 269, 9436, 9442, 9140, 1360, 6120, 7724, 8359, 229, 8258, 6408, 2957, 3254, 2332, 5344, 9156, 98, 5831, 8648, 4775, 545, 412, 6885, 4541, 4147, 5933, 2147, 4052, 3491, 371, 8554, 2414, 7409, 3572, 4309, 4363, 4812, 5339, 4131, 1642, 4970, 6708, 9852, 4730, 4032, 2189, 635, 3147, 6881, 6576, 583, 1532, 8872, 1474, 852, 7033, 5018, 9250, 4567, 3846, 6949, 4846, 5880, 8972, 181, 6842, 8160, 3666, 7265, 62, 522, 6159, 2033, 3532, 3968, 3704, 2279, 2615, 1054, 2488, 8918, 4983, 7711, 7138, 3401, 7908, 824, 1382, 4168, 4600, 836, 6351, 568, 7232, 9894, 4798, 883, 7799, 3508, 7898, 239, 2914, 8900, 7701, 7757, 2250, 7285, 9589, 1968, 8425, 4098, 9926, 807, 7967, 517, 1419, 63, 2118, 4058, 5954, 2642, 10000, 3808, 6649, 4920, 2587, 1402, 1196, 2851, 4870, 6450, 9907, 3184, 7231, 5163, 8638, 5601, 6533, 2112, 1923, 8816, 6880, 8762, 2185, 9930, 759, 62, 5301, 173, 6572, 9486, 9136, 8101, 7844, 1449, 2470, 6917, 6681, 7535, 5761, 3314, 7113, 3016, 6100, 8595, 9491, 4168, 9638, 8929, 2270, 4716, 5630, 3688, 9493, 8021, 41, 3051, 8231, 4396, 4364, 5722, 2961, 9532, 7892, 9679, 9685, 5218, 6773, 1115, 2899, 2525, 2404, 3014, 5807, 8156, 9952, 6542, 320, 7981, 673, 358, 1246, 9568, 518, 6401, 9462, 6595, 7265, 9364, 1272, 2022, 1324, 8417, 7380, 5935, 9154, 9526, 1266, 3997, 8095, 3217, 9939, 9322, 9101, 6910, 2059, 9571, 2366, 2819, 9209, 5738, 6232, 9763, 6645, 9037, 2239, 2435, 4402, 5257, 9804, 4263, 6361, 1263, 2964, 6687, 7645, 9580, 852, 9610, 9734, 5825, 999, 6748, 5713, 7951, 372, 6612, 449, 750, 102, 8701, 259, 7195, 773, 7744, 8060, 1974, 1942, 3371, 9771, 3225, 8079, 7651, 6596, 3764, 6384, 7036, 8374, 7244, 4818, 705, 1551, 2976, 2183, 8260, 3581, 1914, 2481, 2021, 7430, 3734, 1818, 8244, 3532, 2803, 1194, 6997, 9181, 4738, 8036, 9327, 9480, 2947, 9958, 3265, 9279, 1390, 8633, 1360, 544, 2767, 4943, 1583, 6943, 9238, 5355, 4242, 363, 6821, 2515, 2237, 3720, 7981, 2752, 1200, 4200, 5663, 2589, 6885, 5368, 9879, 8237, 1653, 5821, 8700, 1176, 9953, 2167, 3270, 2560, 8170, 956, 1976, 2811, 138, 9842, 4431, 5120, 5829, 4645, 5195, 4862, 1745, 4933, 4733, 4864, 8667, 223, 4707, 5967, 2372, 5864, 6913, 9731, 6927, 9502, 1799, 5972, 49, 2077, 3885, 4107, 5711, 742, 3528, 436, 7636, 9349, 5485, 2564, 2821, 7710, 8650, 5740, 1361, 1075, 3435, 7035, 6179, 52, 407, 8724, 3978, 7264, 2003, 9705, 8761, 3624, 7884, 7583, 1171, 7582, 4107, 5493, 6115, 7394, 2760, 820, 6098, 1386, 9027, 6660, 6184, 8976, 7582, 6801, 6413, 2245, 7374, 9146, 3010, 2552, 2682, 7008, 7085, 6549, 7898, 7570, 5156, 6438, 1869, 7068, 4495, 3126, 2483, 2126, 3816, 576, 4498, 9223, 6875, 1650, 7441, 6373, 6003, 1833, 7122, 8753, 6350, 8071, 2186, 1990, 3985, 7412, 6604, 6249, 6623, 9591, 109, 2439, 131, 1537, 5894, 5266, 0, 165, 4935, 4420, 2839, 6882, 1289, 2441, 7182, 815, 5773, 6923, 7815, 8786, 4489, 8837, 5555, 4246, 4477, 6204, 4737, 5087, 3960, 3136, 2054, 9036, 4207, 6120, 9169, 2813, 2797, 777, 5365, 4359, 6407, 9901, 3923, 5351, 4343, 3314, 6244, 1338, 3418, 4717, 1170, 904, 4913, 5403, 3002, 6414, 7794, 5574, 7659, 8869, 7559, 6266, 1295, 2935, 1140, 1424, 6273, 2269, 1485, 2812, 1667, 8174, 4566, 3432, 3383, 6985, 7645, 1548, 1165, 7752, 8877, 3252, 9827, 8521, 346, 4643, 5901, 888, 2731, 5444, 2523, 7845, 7950, 6917, 7222, 9177, 9238, 4014, 4547, 653, 7401, 305, 4376, 3651, 6760, 8738, 5957, 2275, 9860, 5876, 2594, 5518, 2969, 9144, 407, 3604, 9484, 6559, 1103, 5455, 8254, 7114, 5219, 2068, 1873, 7400, 9768, 5425, 743, 5628, 1012, 441, 4010, 4431, 7287, 6006, 2528, 7345, 7979, 3320, 6422, 5655, 4389, 3574, 9905, 3458, 2195, 7962, 1352, 9558, 263, 6097, 1468, 4499, 9846, 7702, 7347, 757, 7798, 6315, 3186, 3518, 2874, 2733, 6546, 9490, 750, 7867, 6312, 6580, 7243, 496, 6754, 2627, 9447, 1416, 3321, 1762, 2712, 1555, 9460, 7124, 5881, 2912, 1564, 5015, 9980, 1701, 3133, 9471, 6486, 672, 3326, 2257, 2204, 4708, 6585, 4302, 9021, 9460, 5885, 6763, 4940, 5028, 644, 6013, 4510, 2463, 5428, 7752, 4156, 632, 2148, 1350, 6684, 3268, 1444, 205, 431, 9809, 8848, 9638, 9868, 4363, 6521, 1324, 9184, 7710, 5528, 613, 2925, 9030, 9725, 6898, 7016, 1660, 3471, 7550, 6009, 3221, 1733, 9726, 8694, 8851, 9288, 6693, 91, 4445, 2051, 5914, 8187, 5918, 8182, 7908, 4703, 9392, 3055, 1278, 3177, 7359, 4606, 3830, 5450, 3455, 5319, 3328, 527, 3097, 3452, 7818, 5683, 329, 7791, 1614, 5651, 7751, 5149, 3251, 7783, 3529, 2410, 1728, 4139, 7126, 1109, 2543, 601, 3616, 3747, 4652, 5429, 4739, 1696, 4704, 7323, 8635, 3653, 3945, 5808, 8310, 8951, 798, 4746, 9464, 1765, 2880, 33, 5436, 2123, 522, 5197, 836, 9564, 7464, 3422, 9586, 5196, 7652, 5727, 6329, 1829, 5433, 4528, 2816, 1752, 5568, 4185, 6731, 7765, 5561, 3966, 1494, 8730, 4006, 3025, 7768, 7667, 6097, 1753, 1521, 6673, 2336, 7369, 1323, 5093, 7779, 1507, 8873, 7528, 7050, 7132, 821, 9179, 301, 3391, 5502, 3153, 1288, 4361, 4715, 4677, 9532, 3566, 1962, 5877, 3687, 2844, 8428, 5294, 5522, 3328, 6202, 8882, 4932, 531, 4107, 9610, 6763, 5057, 2085, 2289, 1302, 7, 3199, 6992, 2850, 7998, 4612, 9141, 8683, 6977, 3398, 3576, 5573, 2105, 4731, 9048, 3191, 9393, 4931, 9537, 5409, 2878, 7064, 4635, 1899, 4409, 2746, 7907, 9746, 7964, 8406, 5156, 4693, 8044, 7011, 2080, 717, 5379, 3111, 7044, 2653, 4360, 7107, 3059, 1783, 7832, 5243, 2147, 5948, 1783, 7932, 3248, 7477, 2624, 2286, 9863, 6319, 8537, 7548, 9163, 388, 9444, 2965, 2096, 8134, 4215, 7426, 9915, 5927, 5578, 2008, 3457, 9306, 6721, 4404, 2990, 3849, 6947, 9714, 9769, 7618, 9885, 4918, 8010, 157, 4323, 9459, 8223, 1048, 9668, 2863, 9528, 5675, 10, 6054, 6269, 3761, 2037, 6523, 6646, 145, 4566, 5028, 7331, 3957, 735, 6817, 6006, 9067, 5361, 7576, 7485, 3462, 5653, 5269, 5608, 6794, 8485, 5244, 5812, 8685, 8150, 975, 8109, 3874, 9949, 1044, 2332, 7525, 13, 3684, 7414, 2968, 2620, 1377, 4421, 5402, 2561, 9549, 971, 238, 5923, 6597, 3198, 9559, 3684, 3989, 4864, 5949, 6064, 9150, 8335, 2534, 5833, 2889, 2681, 4061, 4106, 6405, 6534, 2357, 961, 9904, 5247, 1329, 316, 9535, 2082, 9260, 6609, 753, 8658, 503, 4693, 1397, 4045, 3410, 344, 6286, 9509, 6122, 8902, 2193, 6907, 701, 9013, 7848, 3565, 798, 4906, 9884, 7868, 7556, 1421, 9772, 6271, 6057, 4325, 4835, 4764, 924, 8304, 8145, 922, 5343, 654, 457, 7910, 8972, 256, 5630, 3196, 5712, 7056, 6985, 3889, 1438, 5147, 2630, 1494, 8034, 3886, 1907, 3988, 5533, 918, 658, 6957, 9214, 3687, 8576, 3604, 8903, 2672, 4881, 233, 3925, 1437, 558, 4896, 4235, 8588, 7105, 1148, 3463, 5527, 8548, 9049, 2057, 2825, 3625, 4516, 8330, 1933, 9736, 3351, 3539, 9412, 6902, 1855, 271, 7486, 6321, 2581, 3378, 6973, 8107, 7500, 8019, 5642, 8745, 2207, 8351, 5764, 1739, 8578, 1387, 4908, 5249, 7795, 3419, 3894, 5057, 2731, 4817, 9804, 3357, 349, 7042, 8020, 551, 1327, 4307, 3274, 6554, 7464, 5407, 154, 6398, 9660, 9865, 7056, 6877, 4617, 568, 1813, 2873, 6167, 96, 7540, 8772, 7331, 2072, 2976, 4282, 9396, 9754, 9709, 1383, 2754, 9715, 5431, 8404, 3513, 2016, 501, 6493, 2827, 4974, 9553, 6421, 4672, 4350, 7072, 6172, 8452, 6303, 7913, 1452, 2891, 3235, 8812, 3655, 8887, 3663, 4568, 9480, 4745, 2206, 9529, 9273, 6295, 5763, 527, 7722, 2065, 9772, 1185, 9092, 6731, 933, 9381, 3032, 5667, 1686, 6548, 8973, 4381, 2679, 5015, 1782, 6446, 1801, 8669, 1335, 9368, 2670, 436, 6591, 6926, 4139, 7681, 1310, 2324, 8056, 7050, 4824, 5223, 3786, 9891, 8732, 4631, 7581, 1292, 7787, 7955, 9430, 7823, 1689, 4011, 7723, 2359, 2846, 2549, 96, 6185, 7990, 7531, 307, 2000, 2638, 5437, 2497, 1039, 9850, 9875, 1626, 8138, 6970, 6426, 4320, 1155, 3984, 9800, 5504, 7006, 8392, 3520, 3269, 5304, 1635, 5710, 3441, 4263, 8053, 4159, 5822, 4960, 1835, 1445, 4580, 275, 133, 5280, 5610, 4450, 7375, 6442, 3723, 9774, 6221, 5963, 8386, 6044, 621, 1109, 2670, 1948, 4796, 6290, 8520, 6690, 189, 9242, 2399, 6372, 5981, 4492, 2700, 4473, 2638, 4481, 4925, 9438, 2097, 8941, 3038, 7570, 3984, 6995, 2451, 4288, 8898, 3066, 9820, 544, 9295, 8581, 3448, 3805, 4174, 2590, 7325, 533, 9115, 6383, 5274, 8333, 9631, 1504, 5853, 8814, 3184, 4315, 9673, 9008, 1448, 1823, 1293, 5719, 8264, 8109, 3261, 9798, 6388, 8446, 7060, 1302, 5015, 7245, 6336, 8341, 49, 849, 4990, 3551, 942, 3285, 7029, 7042, 4251, 4564, 464, 2773, 162, 6378, 5022, 8629, 1060, 857, 4045, 1398, 7196, 6235, 9551, 9166, 1860, 9006, 4947, 1430, 6365, 8014, 5523, 4624, 810, 6256, 165, 1277, 7616, 3243, 5244, 1771, 2005, 95, 5601, 3804, 2589, 4429, 2930, 9314, 2748, 7451, 5111, 5514, 8057, 4794, 4127, 3601, 9085, 1625, 7220, 5552, 3783, 3584, 3709, 2276, 4857, 1504, 8211, 9382, 4023, 1530, 2403, 1302, 9936, 7799, 6837, 1993, 1149, 926, 1145, 3818, 8513, 551, 9014, 9600, 898, 1616, 5852, 315, 7214, 2349, 950, 3791, 8352, 1457, 9651, 2237, 7986, 9872, 9817, 7117, 7897, 7395, 6494, 8922, 8575, 657, 5320, 5763, 9212, 9988, 3155, 8131, 7501, 2806, 5840, 34, 9499, 3267, 9491, 2056, 4301, 1313, 9231, 3230, 8576, 7119, 7847, 7811, 1940, 431, 4986, 9100, 5274, 5399, 6788, 6, 8320, 3761, 2863, 888, 4038, 5707, 758, 1748, 3176, 398, 5788, 4097, 833, 8638, 668, 5112, 8079, 7971, 3776, 3331, 156, 5623, 8903, 5857, 3924, 6624, 7548, 5895, 9227, 538, 1562, 4050, 4697, 3010, 4968, 7248, 1623, 6516, 9350, 7982, 4024, 3470, 3980, 3351, 2970, 3452, 5783, 1812, 2002, 4937, 2127, 7274, 2038, 7148, 4839, 6143, 4724, 613, 6388, 5852, 9157, 1462, 6973, 6078, 1288, 1091, 9827, 1644, 7582, 7906, 1250, 7809, 4124, 3837, 9383, 7607, 535, 4017, 5830, 7313, 8019, 5835, 9337, 7133, 6572, 5603, 525, 9525, 7799, 7453, 8532, 2290, 6859, 6375, 1832, 5543, 7066, 1857, 5478, 4323, 4724, 173, 9596, 8890, 736, 7145, 9617, 8584, 1046, 3569, 2246, 2583, 7684, 2691, 5950, 4023, 1462, 6228, 9024, 6283, 98, 2603, 4754, 7376, 3915, 4298, 3007, 4341, 7960, 7628, 1208, 2025, 4151, 1849, 228, 9206, 4067, 7777, 5457, 3809, 9567, 2862, 8528, 6351, 4709, 1866, 4068, 3475, 8504, 6155, 9041, 6729, 8870, 6263, 2909, 2217, 8057, 201, 44, 6605, 7297, 2289, 2562, 6884, 7174, 356, 3249, 9358, 9923, 2156, 9035, 2895, 64, 8167, 8565, 4950, 562, 9729, 3221, 9503, 4000, 7571, 7599, 9113, 1902, 5404, 2791, 8342, 8430, 9480, 5441, 599, 9606, 4978, 6446, 868, 1474, 3512, 9907, 6242, 6060, 1591, 2615, 7476, 3477, 183, 7393, 9168, 8718, 8478, 6576, 4848, 7383, 8433, 1495, 8924, 9604, 1381, 1503, 5926, 2637, 4027, 6060, 735, 3828, 8734, 17, 9756, 9821, 7938, 7165, 7262, 1751, 9761, 7844, 1087, 2650, 8109, 706, 3499, 7054, 7206, 3733, 4983, 9246, 271, 3466, 2734, 5519, 4995, 3433, 1963, 6524, 9006, 2653, 3726, 8030, 4154, 7415, 7699, 9484, 5818, 2659, 8097, 3796, 143, 1434, 2052, 4389, 5503, 7684, 8927, 8184, 6724, 9909, 801, 1171, 483, 2744, 3024, 8749, 3571, 109, 1530, 227, 2094, 8127, 4019, 3311, 7409, 516, 4958, 8468, 6190, 3267, 637, 7844, 7339, 3525, 8059, 1096, 3970, 2322, 1486, 7666, 1673, 1454, 4584, 6132, 9603, 30, 6740, 3678, 9516, 6960, 2214, 7032, 3169, 7260, 2202, 4418, 446, 2523, 6275, 7841, 711, 7594, 9400, 2771, 3731, 4906, 2510, 7021, 8724, 6194, 5465, 4239, 7470, 9582, 8127, 5229, 4971, 7662, 9482, 5886, 3377, 3345, 6389, 6729, 5833, 605, 6342, 7711, 3025, 5420, 2858, 9236, 6297, 7343, 3875, 6145, 8429, 3482, 9850, 8399, 1641, 6244, 4920, 2575, 7733, 3475, 5524, 6296, 9458, 5069, 2618, 6114, 584, 748, 228, 5847, 5235, 5442, 1400, 4152, 3323, 5597, 8674, 8174, 6137, 4458, 5913, 7226, 4066, 4996, 3683, 2304, 8012, 2275, 4226, 470, 2003, 4034, 6872, 6787, 9917, 5375, 9659, 9384, 7980, 2059, 9040, 5931, 5938, 6389, 5560, 9500, 981, 7730, 1094, 6558, 5303, 9218, 8288, 1141, 251, 6949, 4397, 7366, 6815, 9566, 6944, 3010, 7612, 1593, 3060, 6706, 1001, 4057, 1217, 8432, 5733, 1319, 8683, 1553, 325, 4534, 1977, 8068, 3382, 5218, 3406, 4331, 1384, 9652, 2329, 1682, 8348, 2473, 3941, 6828, 1174, 4435, 5259, 5124, 6938, 1411, 9063, 8965, 3810, 1024, 7122, 7271, 9413, 7583, 241, 7750, 7548, 5331, 3048, 1009, 9442, 7435, 5726, 254, 5884, 4866, 6301, 9941, 2570, 5710, 6942, 9600, 8213, 5849, 716, 6751, 4606, 2195, 4091, 982, 1752, 949, 4242, 2841, 657, 3746, 3009, 1747, 7995, 9866, 9574, 5847, 1651, 1737, 8810, 651, 9168, 1191, 7412, 8302, 776, 946, 4573, 3683, 9090, 2032, 4755, 4651, 5143, 2249, 4550, 3326, 3533, 1632, 443, 879, 219, 9879, 1224, 4314, 5321, 8344, 3592, 8514, 4335, 3006, 7100, 6980, 6961, 5878, 4346, 8452, 6511, 9632, 4783, 5223, 9721, 4020, 9963, 7729, 5195, 201, 857, 6749, 7936, 5815, 5205, 9512, 4169, 3601, 8208, 4057, 4067, 6519, 2658, 7133, 4164, 5612, 1979, 7346, 2482, 6975, 8297, 5512, 8296, 2025, 4285, 1057, 6013, 5700, 6593, 5239, 5688, 7422, 6444, 2931, 5783, 2008, 939, 5140, 3603, 1951, 4415, 4079, 5941, 256, 1104, 3804, 4869, 8604, 8611, 4191, 4869, 6666, 551, 2995, 5143, 2776, 8395, 9657, 7455, 1230, 8422, 4411, 6214, 3636, 7337, 8542, 3685, 9087, 2729, 5294, 7394, 3174, 5185, 6077, 244, 6087, 9646, 6422, 4176, 644, 4194, 8631, 4327, 3771, 467, 9750, 4319, 940, 4710, 3769, 4823, 6432, 1027, 3396, 3701, 7074, 6115, 8697, 7453, 8530, 7696, 3865, 5941, 6859, 4562, 9010, 1482, 2886, 6809, 5473, 9567, 7766, 3324, 7883, 4522, 9031, 5439, 3942, 4915, 6047, 132, 4077, 5439, 8906, 5350, 6426, 6027, 3593, 9845, 3814, 3617, 5375, 3391, 1235, 6014, 4738, 976, 8062, 2727, 6324, 3530, 1791, 8795, 3356, 6157, 6781, 9415, 4701, 6664, 1455, 8099, 192, 5130, 7361, 9152, 4215, 1561, 9199, 9452, 2166, 7855, 9326, 1457, 4095, 3350, 4457, 2479, 1382, 7833, 5352, 7442, 4471, 3346, 7483, 6865, 7386, 5340, 1990, 7201, 7696, 2226, 6533, 3861, 8870, 490, 6904, 2329, 1157, 7025, 7767, 988, 7505, 4721, 8513, 4159, 4576, 6627, 5314, 6085, 8641, 4827, 7656, 2743, 9153, 7990, 8571, 5729, 8761, 3279, 8097, 7415, 8117, 9719, 4672, 5101, 403, 5679, 5060, 2321, 9749, 5791, 6199, 1615, 4828, 9812, 440, 6248, 5600, 943, 9549, 6270, 1406, 7518, 9508, 4862, 2227, 5186, 6995, 4171, 278, 6509, 834, 3356, 6836, 7642, 6962, 2345, 6784, 8422, 7043, 310, 4476, 9749, 9670, 4630, 3150, 7037, 2068, 6340, 2009, 7653, 2548, 5502, 3111, 2990, 2710, 5905, 6204, 3757, 8852, 6826, 4646, 6504, 4810, 3557, 4252, 222, 3473, 9927, 7620, 9551, 7416, 6214, 1370, 7532, 1249, 1733, 5231, 5264, 6765, 7264, 545, 1592, 1020, 8626, 5971, 2782, 6751, 5273, 6095, 4727, 2989, 6644, 3745, 5625, 9693, 7876, 6236, 287, 1861, 5064, 6126, 5991, 2319, 2564, 1480, 9636, 855, 6229, 5056, 9055, 5977, 8097, 1812, 1949, 970, 8908, 8005, 8405, 6198, 4141, 6101, 2327, 1840, 8844, 1943, 4680, 5440, 9064, 773, 4838, 6732, 8029, 364, 3454, 9983, 7047, 1537, 9590, 5270, 7296, 5979, 6423, 6124, 8489, 8730, 228, 2174, 2592, 5983, 9022, 2184, 6164, 1777, 8690, 8559, 5610, 8138, 4427, 5007, 2112, 8818, 1992, 5424, 6310, 9397, 335, 4175, 5990, 5865, 2346, 158, 9590, 8451, 3256, 2110, 1858, 1839, 7744, 1793, 2173, 2762, 7903, 2335, 4227, 5505, 6816, 8477, 2692, 7908, 9960, 6416, 1436, 2411, 5479, 3873, 881, 7497, 1702, 1864, 3208, 8940, 1143, 8749, 5419, 4296, 1879, 4715, 1147, 6309, 6924, 8145, 9660, 20, 8108, 7414, 8317, 1545, 5390, 8826, 5540, 7391, 3837, 3345, 3128, 1081, 8085, 9242, 3204, 3544, 1034, 7397, 2479, 6690, 4680, 8902, 4379, 953, 6433, 8628, 8694, 7329, 5700, 1932, 2320, 999, 9955, 9736, 2661, 145, 5875, 3689, 3041, 6864, 6536, 4389, 2502, 7011, 3436, 162, 1050, 1507, 3176, 8355, 1598, 1137, 2737, 9720, 9487, 5638, 9868, 4925, 8588, 4946, 4729, 8644, 2390, 5630, 4916, 878, 7620, 5887, 2355, 2210, 9704, 4749, 5758, 6107, 7732, 8217, 8216, 2525, 6708, 9875, 761, 9877, 926, 3318, 8569, 2889, 303, 7137, 5414, 3442, 9781, 4042, 7907, 6659, 9207, 728, 5239, 4502, 9858, 1681, 6952, 5815, 8485, 2590, 4513, 785, 4792, 2239, 5448, 4188, 569, 7379, 6580, 6956, 5972, 3924, 1846, 20, 1979, 675, 4496, 5757, 8493, 360, 4994, 4170, 8865, 2105, 9807, 1252, 1282, 6798, 3483, 9490, 8489, 2221, 9826, 8616, 8479, 3557, 4453, 3853, 995, 5484, 116, 1680, 6280, 6491, 5665, 9842, 9174, 4736, 2232, 2176, 2887, 3423, 7342, 3349, 7276, 1540, 2267, 1191, 6206, 6075, 3153, 9347, 2381, 101, 632, 2113, 9427, 5248, 6778, 6073, 7099, 8076, 955, 866, 4243, 6208, 7495, 7387, 2783, 8739, 4291, 3549, 9247, 9966, 7235, 6230, 4393, 2479, 7497, 1701, 8867, 9749, 7246, 595, 8596, 5459, 1514, 6894, 5999, 1153, 9776, 9414, 6005, 7531, 3802, 7913, 7381, 5628, 6250, 1265, 9849, 2234, 2370, 5580, 3705, 5091, 598, 1286, 6245, 9078, 4240, 384, 1060, 4329, 9751, 1325, 1065, 3950, 8788, 5355, 3782, 3361, 7229, 5506, 3651, 2548, 1875, 5645, 7190, 7748, 6287, 1643, 9039, 546, 1281, 6233, 2929, 8313, 856, 4119, 3907, 9790, 8094, 2360, 528, 9675, 4351, 9898, 6300, 5026, 270, 2742, 1525, 6276, 6473, 1917, 5105, 2415, 2383, 7152, 2409, 393, 3494, 5855, 5542, 5490, 9891, 8072, 4236, 6102, 8896, 8690, 4833, 9365, 8915, 2836, 9254, 1039, 5645, 8093, 2834, 8436, 7780, 2003, 2330, 5304, 6552, 7942, 751, 29, 8827, 7411, 4396, 943, 9983, 1930, 9004, 7328, 8977, 5334, 4045, 4254, 9799, 6337, 6065, 9282, 6854, 906, 2347, 1826, 7849, 7221, 2617, 4336, 9451, 3234, 241, 8055, 1493, 8975, 5232, 2782, 6229, 9587, 9255, 4785, 3709, 252, 7375, 2235, 5975, 2546, 9062, 1879, 7540, 1467, 1528, 8455, 841, 428, 5855, 2290, 3720, 3796, 3693, 3614, 432, 8222, 7824, 6425, 4632, 8480, 9247, 5177, 4324, 2945, 7266, 4704, 6957, 2898, 8654, 2968, 2381, 5050, 3891, 8193, 1917, 1338, 1072, 2169, 6942, 6535, 7091, 2943, 2330, 3908, 3554, 7485, 8655, 1619, 5192, 9948, 108, 7561, 1894, 6328, 8918, 1462, 9959, 4713, 7902, 9745, 2582, 1962, 3317, 4397, 1284, 3958, 722, 5300, 372, 5827, 3883, 5374, 8189, 686, 3351, 8794, 3945, 3032, 4869, 2022, 1580, 9050, 8720, 5099, 182, 8505, 4823, 896, 3778, 7775, 5980, 7825, 7757, 377, 866, 5540, 4717, 6116, 4793, 5164, 1569, 9139, 9528, 4039, 2803, 4293, 9594, 7777, 577, 4264, 4163, 5359, 214, 5481, 271, 1357, 1895, 4766, 2192, 2098, 6664, 9666, 5927, 6796, 7467, 904, 3019, 376, 4800, 7144, 926, 9273, 7931, 5691, 8505, 2417, 7545, 5744, 4424, 4200, 8928, 1721, 4094, 7393, 2099, 5764, 7132, 4150, 1598, 807, 3009, 6553, 9842, 7097, 7423, 9204, 371, 6505, 3188, 7014, 9604, 4262, 1560, 3370, 4589, 8051, 385, 7801, 7867, 5468, 4717, 4576, 1313, 1156, 4967, 9054, 7527, 899, 1421, 7412, 6476, 7077, 6402, 4736, 1761, 8470, 9239, 4527, 8337, 5798, 3740, 4291, 8456, 8814, 8222, 7345, 8408, 2180, 6706, 5258, 3387, 5531, 7342, 1096, 1090, 2483, 1340, 3636, 673, 3823, 3218, 7890, 3962, 51, 6309, 2563, 8924, 9326, 2143, 4937, 8457, 1010, 1490, 8441, 6749, 310, 1347, 6541, 4279, 698, 3186, 2744, 9587, 6280, 6041, 6043, 4912, 2644, 8528, 5915, 9357, 8774, 4382, 2697, 6384, 6692, 1688, 9894, 5175, 9700, 6412, 8379, 3379, 6159, 4472, 4819, 7930, 1669, 1205, 5342, 6685, 2394, 2028, 36, 993, 8334, 4258, 9684, 3621, 8035, 3551, 147, 4091, 2204, 9542, 1283, 2470, 6506, 4580, 2715, 8988, 3241, 5404, 8916, 4734, 6467, 6732, 3488]
List Size: 7000
Insertion Sort Time: 2557.459400 milliseconds
Merge Sort Time: 31.654600 milliseconds
Built-in Sort Time: 0.954900 milliseconds

Original List: [5497, 5904, 1608, 1081, 9504, 5693, 8236, 7214, 9377, 9577, 8988, 1358, 7716, 7717, 814, 9849, 3596, 153, 2529, 3345, 7203, 2722, 6419, 7143, 966, 9094, 6303, 887, 637, 2446, 8436, 2363, 2897, 8868, 258, 5092, 3625, 1176, 8197, 2624, 3311, 4109, 9690, 1634, 1291, 4251, 9475, 4823, 7455, 4362, 4616, 4381, 6670, 7411, 1045, 2471, 1367, 1829, 5366, 2653, 9923, 4801, 2872, 7283, 5333, 7382, 1561, 5734, 6966, 5645, 1755, 6522, 1328, 8235, 6653, 7461, 3081, 6012, 752, 3579, 259, 772, 4130, 8422, 974, 4815, 315, 5850, 1671, 1925, 3616, 1411, 6036, 900, 9071, 3372, 318, 1823, 1108, 2750, 4911, 3978, 3627, 6657, 6715, 532, 3965, 113, 4102, 1064, 4173, 960, 1461, 8495, 6657, 1173, 9560, 2943, 4385, 571, 2885, 9133, 1230, 9635, 5413, 6137, 946, 8888, 9159, 6304, 6643, 9545, 6413, 9929, 742, 6747, 3222, 3589, 308, 5529, 8306, 8919, 5968, 1157, 9457, 5046, 8332, 1554, 2136, 2907, 2749, 2161, 4618, 8027, 9596, 4388, 8418, 5704, 5236, 4853, 5296, 666, 8234, 2061, 6032, 9721, 5015, 6926, 3146, 5669, 6993, 5254, 7636, 8242, 312, 8004, 2708, 9174, 8548, 1113, 4510, 3918, 8214, 6731, 7159, 3818, 4572, 5842, 5023, 6827, 3370, 14, 2507, 9352, 5504, 1057, 510, 598, 9251, 7741, 6617, 3735, 6061, 4127, 8658, 4034, 3421, 7514, 5306, 8161, 2919, 5713, 752, 7427, 4269, 4907, 6084, 2192, 873, 7678, 269, 4109, 510, 7328, 1018, 2872, 6526, 2537, 4113, 7640, 1611, 8884, 965, 877, 8969, 8428, 1751, 81, 843, 4758, 178, 2958, 6036, 2718, 2059, 9096, 8857, 900, 9955, 4322, 5354, 6790, 8263, 1228, 2273, 5432, 4838, 39, 4881, 3256, 9393, 965, 7408, 7968, 688, 8048, 829, 7207, 6522, 975, 3832, 6563, 7658, 6315, 1141, 170, 2713, 4374, 8489, 7157, 1206, 7909, 144, 6781, 7533, 2531, 6900, 5384, 4870, 4550, 4582, 645, 211, 6411, 2281, 9224, 1942, 5414, 7598, 502, 7131, 6073, 8615, 3666, 8029, 7518, 8685, 6115, 6091, 8499, 4237, 8218, 3674, 1136, 5342, 5173, 8358, 8384, 5912, 5341, 9951, 8432, 8764, 4835, 2130, 8948, 1344, 6249, 1548, 5675, 6706, 2589, 2965, 686, 9042, 1078, 7473, 2962, 1966, 8001, 3291, 6680, 9702, 9442, 3151, 7535, 8751, 4362, 300, 1329, 4664, 267, 4681, 3661, 5554, 9831, 6042, 5691, 8399, 907, 2776, 6595, 8187, 4832, 4602, 1084, 3469, 8287, 8854, 457, 3155, 3140, 9632, 8358, 2388, 120, 684, 173, 6645, 2407, 3677, 5455, 5670, 7208, 494, 7506, 3497, 5753, 9906, 4283, 8630, 8905, 1437, 8966, 5166, 325, 3473, 4832, 4569, 8852, 9348, 1858, 9181, 8783, 8926, 3228, 6550, 5527, 555, 3071, 7265, 7552, 6379, 5402, 5027, 3195, 4607, 4575, 5757, 2940, 5420, 7546, 8110, 3090, 3491, 3328, 476, 4141, 5976, 3315, 6716, 4312, 3538, 133, 8131, 8270, 5850, 4322, 7231, 7089, 5755, 3265, 6748, 7559, 5022, 2703, 9916, 7944, 3382, 5252, 572, 408, 3102, 5132, 7142, 4991, 7387, 5872, 3231, 4151, 2255, 3907, 6955, 2621, 4062, 2585, 2133, 5147, 5608, 8286, 7687, 4064, 7701, 134, 1955, 3298, 2790, 9483, 9552, 3068, 4345, 2120, 3589, 7930, 3939, 8377, 6268, 471, 433, 3578, 9393, 9610, 2284, 2567, 2497, 2601, 6696, 225, 977, 5870, 5772, 3493, 5137, 5595, 4808, 5711, 7210, 5266, 6843, 5755, 4901, 2600, 6291, 1278, 273, 2269, 7248, 7981, 171, 9381, 8558, 7932, 9641, 6182, 7924, 8255, 2510, 6631, 378, 922, 3931, 8290, 2753, 9773, 5465, 6471, 3303, 6515, 5165, 2936, 8927, 4487, 2934, 1370, 8712, 6664, 1235, 2978, 2568, 9459, 9743, 4419, 8654, 9297, 3760, 8846, 504, 8676, 1285, 6475, 4506, 6137, 876, 7603, 8934, 2262, 5695, 1876, 6510, 9141, 437, 7373, 1775, 9993, 2168, 5095, 3668, 746, 7278, 5082, 612, 586, 9442, 1972, 8500, 9432, 6360, 953, 9343, 8023, 4302, 8118, 4475, 5189, 477, 2852, 9951, 3136, 719, 2279, 2455, 1589, 9586, 3899, 1230, 5969, 627, 7180, 3015, 5421, 7089, 3494, 2096, 39, 3668, 7795, 8678, 4419, 8431, 8646, 936, 7925, 4943, 5329, 8101, 6605, 5624, 3941, 7774, 3056, 4050, 4597, 3481, 4572, 761, 1660, 9922, 2952, 2732, 4987, 4912, 4136, 211, 342, 4777, 7770, 8322, 1421, 4139, 1798, 9667, 585, 6087, 2707, 6145, 6703, 9635, 7795, 9343, 4385, 7316, 5639, 8277, 2397, 2631, 2764, 3239, 3075, 2485, 8433, 6391, 2300, 634, 3324, 2680, 2376, 6760, 2482, 8534, 7536, 8276, 8835, 9913, 6062, 2648, 6709, 739, 6627, 5607, 5957, 4803, 5492, 2300, 3749, 9960, 2646, 8541, 8382, 6869, 8690, 6341, 136, 8009, 8479, 9870, 415, 7098, 678, 9957, 9300, 6079, 3498, 8153, 2360, 766, 7981, 1858, 999, 4194, 4849, 2104, 4992, 4912, 1399, 778, 9799, 4241, 7075, 5340, 5646, 9181, 2092, 7256, 6231, 7628, 5134, 8410, 1154, 5703, 7869, 4144, 5017, 5391, 5530, 7844, 6546, 3802, 3851, 6792, 9852, 7010, 202, 3229, 5582, 2573, 4763, 9126, 441, 9425, 2323, 5470, 7113, 8944, 3345, 698, 4087, 6334, 2015, 3294, 8431, 7377, 8884, 4810, 7315, 6015, 3691, 9288, 2538, 1805, 5872, 7836, 3801, 3970, 5380, 4623, 6320, 4928, 4948, 3017, 8783, 4619, 976, 263, 7685, 9151, 9418, 4695, 7124, 3247, 6075, 116, 4654, 9796, 2756, 7731, 5536, 3822, 6132, 8474, 619, 7076, 1659, 3510, 3233, 9656, 9032, 7797, 8894, 6233, 5717, 2577, 3169, 5688, 2786, 4216, 8658, 26, 4789, 9056, 1318, 2488, 703, 7472, 1431, 9324, 1451, 6081, 4810, 5853, 3630, 4984, 168, 9591, 1217, 3696, 1377, 6487, 6462, 1533, 8017, 2187, 1521, 1387, 7629, 6882, 4381, 2786, 6513, 2653, 8668, 9532, 5416, 9247, 5250, 8372, 2226, 7030, 3840, 7237, 4459, 5181, 4759, 7450, 6228, 7818, 2055, 2423, 3970, 9205, 7764, 5412, 322, 185, 4515, 7752, 8044, 2475, 716, 9046, 7660, 3449, 543, 692, 1221, 1239, 1321, 4647, 7161, 4983, 4239, 3344, 8314, 5998, 6822, 2451, 1803, 25, 6276, 5651, 9738, 5378, 4388, 748, 4046, 8138, 7170, 530, 3522, 4682, 767, 5195, 9642, 9411, 5145, 9354, 928, 8224, 7595, 1526, 1703, 5659, 6928, 5136, 8609, 9019, 5841, 8288, 5778, 8782, 6769, 781, 6215, 7411, 3597, 7831, 6569, 7567, 4888, 1604, 758, 7550, 7572, 8200, 104, 1101, 3006, 7881, 1971, 222, 1537, 7647, 9969, 9508, 1120, 2503, 8533, 9603, 6278, 3752, 6022, 1586, 1033, 8249, 1443, 25, 4695, 3237, 4735, 5900, 3484, 3942, 6515, 6600, 1409, 6775, 517, 6918, 1796, 3343, 9583, 4480, 8549, 291, 9363, 4633, 6975, 1371, 553, 9533, 6905, 1606, 8108, 7498, 9260, 6433, 6899, 1122, 8863, 6627, 3937, 1048, 1522, 505, 9237, 8171, 9145, 6845, 2143, 5890, 7664, 340, 2874, 8219, 1296, 4625, 1031, 1897, 7871, 6595, 2627, 5976, 407, 7116, 6667, 5961, 804, 7985, 2146, 1920, 1290, 2875, 2100, 2782, 6948, 8418, 8818, 8510, 623, 8516, 5472, 5224, 863, 1784, 9176, 4364, 9591, 9440, 4836, 5749, 8357, 7830, 6460, 2642, 9302, 1019, 4743, 700, 2483, 532, 9971, 2987, 7819, 6966, 7563, 7496, 9330, 3307, 3213, 3602, 6130, 2685, 5353, 9953, 9609, 7637, 7129, 915, 769, 7386, 906, 1493, 4341, 3581, 6221, 625, 4110, 1244, 2063, 5742, 4886, 3191, 4706, 4089, 3819, 6814, 3944, 2818, 1007, 737, 743, 3756, 7925, 6676, 114, 2120, 52, 7933, 9163, 4122, 4064, 5386, 6792, 4429, 1011, 9759, 9738, 2868, 4469, 6975, 9187, 8658, 7063, 687, 991, 8863, 4285, 4060, 6613, 921, 1343, 9710, 8784, 6704, 5159, 1514, 1480, 8663, 2215, 8611, 2730, 1087, 2110, 1852, 5567, 102, 6918, 9665, 4532, 3967, 4933, 9363, 313, 7912, 7227, 2898, 9540, 3990, 2762, 6069, 794, 4895, 6463, 9785, 6710, 5759, 3773, 6230, 2213, 4327, 5670, 9572, 8516, 6792, 7900, 6938, 3303, 3120, 289, 7119, 8924, 1394, 8068, 5557, 9974, 103, 258, 2400, 5430, 3664, 9575, 7040, 2506, 2906, 3674, 403, 6734, 7543, 1616, 2064, 5909, 3734, 2802, 9206, 5265, 8690, 533, 5141, 3971, 8267, 7645, 8427, 5161, 1230, 7871, 1642, 9699, 2962, 4730, 6981, 2742, 9688, 5295, 4844, 1266, 2369, 2228, 7322, 1350, 3082, 247, 2274, 3533, 4347, 4410, 8036, 6130, 851, 3309, 7668, 6558, 9876, 20, 303, 5717, 2867, 7705, 960, 3149, 6735, 5390, 1273, 1759, 5885, 4236, 7420, 5583, 3703, 7569, 2850, 7579, 5426, 2902, 3908, 7660, 7788, 9674, 1443, 5631, 3057, 7774, 4685, 3873, 9939, 3158, 3089, 1792, 3670, 3167, 2209, 836, 8461, 8603, 1426, 9296, 6628, 4709, 918, 6727, 5823, 9377, 5063, 524, 3496, 9836, 202, 4486, 8985, 9709, 9026, 6076, 7477, 9441, 6347, 153, 5475, 9402, 9694, 4180, 2951, 6216, 412, 5577, 2940, 761, 2955, 8148, 7588, 6256, 4798, 426, 342, 1804, 482, 7110, 4365, 5482, 1252, 2389, 1614, 4316, 3329, 4847, 134, 8889, 4286, 9072, 6096, 8445, 7794, 9507, 2683, 9344, 7830, 8677, 5623, 2047, 6462, 9865, 9182, 1489, 1041, 499, 7396, 9182, 7260, 3747, 2300, 1675, 7828, 1788, 2929, 9513, 6592, 7963, 6097, 1540, 5892, 3196, 8966, 9107, 5183, 34, 1486, 4228, 7184, 4234, 1509, 6258, 4566, 7164, 1634, 3167, 3670, 4698, 6050, 5284, 588, 4554, 3487, 6433, 6387, 6208, 9589, 8511, 9401, 733, 6248, 7834, 18, 7167, 9056, 7416, 8808, 1709, 8460, 6376, 6077, 3544, 6788, 5797, 831, 5305, 7212, 7811, 9259, 6997, 4130, 1720, 7886, 9323, 548, 5355, 3551, 5705, 8991, 4395, 5287, 3593, 8832, 1935, 2249, 5196, 1018, 4299, 2083, 9183, 9851, 9739, 9063, 2421, 5545, 6078, 1101, 890, 2263, 349, 3999, 1955, 8277, 8352, 3485, 8844, 8813, 3896, 7275, 2641, 2645, 8109, 708, 8563, 9197, 5434, 8775, 4846, 6279, 8684, 3942, 1696, 8201, 5899, 985, 4531, 507, 8064, 902, 3803, 9334, 6462, 7989, 4558, 9702, 3155, 5317, 6398, 2358, 5068, 1351, 695, 5852, 9727, 5351, 5956, 2820, 9959, 7766, 6080, 7709, 4421, 2382, 9655, 8002, 1481, 4026, 1180, 1496, 1680, 949, 6787, 8746, 1218, 5627, 7493, 2579, 1599, 3507, 5848, 8031, 3868, 6529, 2017, 7554, 6775, 9776, 9299, 5293, 853, 8573, 8979, 3463, 7459, 1888, 7820, 4770, 5003, 6520, 1686, 5096, 4931, 5802, 6937, 5739, 9630, 1661, 9930, 2801, 859, 8722, 1484, 7183, 4536, 4106, 4464, 1240, 1516, 3093, 6382, 1972, 4663, 875, 7679, 4264, 1730, 1451, 3037, 6715, 8685, 4679, 6562, 3904, 2554, 6723, 8744, 7519, 4385, 5103, 778, 8127, 2961, 4953, 4003, 7787, 4516, 5164, 3720, 6964, 1102, 4404, 7923, 4524, 651, 8909, 2480, 9919, 8220, 524, 1225, 3199, 8136, 5044, 9354, 2082, 2965, 7508, 546, 6597, 2931, 7422, 3033, 8243, 436, 781, 8144, 7522, 5392, 3969, 7667, 9024, 719, 7934, 2673, 1670, 9879, 7069, 4773, 1707, 4414, 2649, 9683, 646, 8815, 3269, 4972, 6765, 7223, 5120, 1031, 9624, 4741, 9222, 7595, 3835, 2099, 4893, 6896, 3274, 1498, 4685, 5769, 9419, 1341, 3974, 3867, 4924, 3978, 14, 3831, 5389, 9320, 7910, 6309, 6515, 9568, 2874, 8043, 8007, 4060, 1154, 5036, 9865, 9762, 7510, 9757, 5806, 5843, 4306, 2678, 3582, 122, 801, 7837, 1825, 6130, 8852, 3490, 2198, 3075, 9452, 6419, 8894, 4357, 7573, 338, 7769, 911, 3425, 3007, 4257, 3655, 7324, 7653, 4481, 6024, 4603, 6354, 9053, 4047, 3517, 8237, 7604, 8888, 4865, 3348, 2036, 8738, 2823, 9831, 1330, 3947, 2119, 2042, 8113, 5415, 4987, 7707, 1742, 5158, 5123, 7945, 9417, 2177, 1439, 605, 5610, 984, 1974, 3803, 4322, 3380, 8059, 5202, 2800, 2698, 6545, 5583, 5083, 4740, 6327, 3843, 5177, 2134, 608, 7856, 2305, 9740, 1583, 3993, 9786, 4330, 8539, 3018, 3337, 4926, 5128, 7677, 9921, 7795, 3805, 2701, 2823, 4436, 4406, 3516, 4033, 9647, 4726, 2202, 7089, 5952, 9458, 3428, 7677, 3803, 5275, 3693, 5207, 3808, 4884, 1155, 302, 7343, 2720, 4676, 4307, 9679, 1669, 3590, 9250, 393, 9779, 6687, 6747, 7823, 9561, 1005, 3358, 575, 288, 6454, 2733, 1864, 2639, 3113, 5147, 590, 4201, 5600, 9199, 4566, 1214, 2481, 3482, 3947, 2362, 7163, 1250, 4139, 8344, 8509, 4692, 9882, 9599, 824, 751, 1500, 8264, 9527, 8261, 8013, 1272, 9812, 3044, 5699, 4304, 7222, 7898, 9951, 546, 1651, 6470, 102, 9722, 3809, 90, 5826, 490, 4350, 8344, 5987, 1612, 662, 8558, 2755, 6530, 7504, 3979, 654, 283, 5339, 606, 9722, 6779, 4763, 6997, 7527, 944, 1250, 1944, 6854, 1061, 9919, 2987, 2380, 1090, 8357, 1350, 3110, 8205, 7511, 7220, 2451, 2402, 4782, 7881, 381, 1129, 9339, 4112, 4897, 5107, 7133, 323, 8545, 1068, 5866, 4162, 4137, 9988, 3025, 4337, 8267, 9063, 3222, 7511, 9643, 6228, 8929, 2754, 3059, 3223, 2163, 2447, 4584, 2611, 4119, 3718, 2304, 9087, 3022, 36, 2284, 7550, 2649, 4896, 8530, 4650, 2277, 2056, 4041, 326, 4150, 1784, 7893, 5335, 4245, 5041, 9384, 9759, 4622, 7087, 8572, 9408, 3307, 2107, 483, 9808, 1308, 4987, 7877, 9954, 1418, 2392, 106, 3121, 2038, 2470, 2178, 9045, 3153, 7473, 2446, 1586, 4618, 1844, 170, 1604, 684, 6283, 9067, 2396, 6089, 1988, 7243, 4643, 2463, 1493, 7390, 8153, 4103, 5390, 4972, 5301, 9955, 1155, 7856, 8363, 446, 4614, 4328, 2317, 2704, 8879, 6193, 1958, 8303, 1165, 5788, 3146, 4576, 2505, 8210, 2784, 9533, 4509, 7689, 4085, 6401, 8736, 3593, 2291, 3934, 2440, 8778, 665, 8157, 191, 7317, 8259, 5524, 3370, 5853, 4475, 5406, 1742, 84, 6091, 6251, 189, 9949, 9908, 868, 7792, 4907, 5401, 7167, 2078, 8181, 3166, 6461, 6775, 3539, 3620, 7922, 993, 2228, 880, 1949, 6448, 5183, 5156, 2367, 6096, 4961, 4149, 7013, 2950, 6447, 834, 8744, 9174, 6675, 7436, 7493, 2056, 7992, 3299, 1446, 3564, 9438, 5132, 7312, 2547, 3122, 1953, 3619, 6413, 1910, 6764, 2062, 7844, 6434, 3005, 2216, 4972, 483, 9180, 2259, 2809, 6078, 9748, 1701, 519, 5154, 2953, 3398, 9994, 6473, 9631, 5611, 7902, 6735, 3995, 4026, 2313, 8977, 4456, 85, 3795, 9286, 3280, 3383, 8601, 7911, 7460, 5369, 5255, 5711, 2673, 9467, 1844, 5185, 8192, 7759, 8677, 2809, 1847, 6504, 9554, 8642, 5185, 8810, 1968, 4177, 1285, 5466, 9358, 3561, 4729, 8272, 8839, 5375, 6966, 3881, 3747, 3358, 7063, 9332, 2040, 7234, 8005, 9855, 356, 5613, 5941, 9108, 8030, 7250, 7140, 2864, 4980, 4844, 2858, 4921, 4427, 8035, 4470, 1118, 8192, 1807, 1873, 8445, 180, 9530, 3254, 9730, 8488, 3873, 7523, 1815, 2854, 1550, 6058, 9542, 4268, 6880, 3126, 3928, 7088, 3052, 601, 8130, 4299, 6734, 6875, 1674, 8559, 6354, 3904, 1477, 311, 9728, 4173, 7466, 3277, 4550, 5441, 9434, 1988, 2728, 9994, 8281, 3458, 8353, 6329, 7650, 1042, 3835, 5703, 5258, 6392, 3291, 7710, 9332, 4234, 9377, 1670, 7427, 3786, 5260, 3892, 2798, 6194, 3848, 2334, 3989, 3684, 8656, 4326, 7420, 9016, 5889, 9643, 1405, 7665, 6079, 1612, 477, 1042, 2501, 9123, 1295, 7748, 9139, 9770, 1176, 2479, 6629, 2596, 4776, 4515, 9072, 1836, 3575, 4392, 4490, 1229, 7295, 8348, 5210, 6654, 8864, 5753, 4482, 9250, 6197, 9466, 313, 1902, 7614, 427, 2881, 4733, 2371, 4503, 1015, 742, 142, 7771, 3971, 1590, 1976, 8513, 9941, 975, 900, 4295, 3670, 1098, 812, 9724, 5890, 3687, 5975, 8892, 2001, 4789, 7227, 1389, 1327, 9736, 939, 4433, 1608, 9702, 269, 7325, 9260, 1635, 2156, 3976, 5800, 2365, 9710, 3892, 1467, 3408, 5132, 8034, 2481, 4254, 6305, 7359, 1095, 5108, 559, 9762, 5498, 8684, 7132, 6852, 6986, 2990, 3531, 5846, 2966, 8897, 4137, 197, 4713, 2424, 8980, 989, 7968, 1158, 5234, 4454, 8647, 17, 1751, 5605, 5118, 5251, 8282, 8408, 8845, 2496, 9090, 9405, 4838, 5918, 3599, 6416, 4739, 8395, 9569, 392, 8914, 5286, 3759, 2611, 1062, 4022, 865, 7894, 2488, 4632, 9523, 7150, 5636, 9257, 6068, 5058, 2117, 4274, 4196, 8109, 7128, 6900, 7602, 9273, 6567, 7268, 1890, 6578, 1753, 9331, 8626, 9090, 3530, 5039, 859, 2252, 3452, 9883, 1635, 8472, 198, 5027, 3232, 4424, 8593, 3274, 4241, 9050, 7391, 7739, 6425, 9834, 8638, 5860, 6751, 6536, 914, 5227, 5548, 6225, 1106, 7461, 5009, 4263, 2982, 9030, 4589, 709, 5020, 9109, 939, 4666, 6948, 130, 6218, 4576, 9869, 1561, 7374, 5474, 5511, 8218, 1277, 5882, 522, 926, 1842, 7382, 7040, 7846, 6819, 9664, 5801, 5514, 3144, 1637, 8259, 3687, 829, 876, 5842, 6039, 5065, 933, 330, 4910, 7270, 7681, 7731, 9028, 4327, 1194, 8614, 8305, 481, 1762, 8351, 581, 8136, 7949, 8851, 2588, 5678, 9430, 5183, 6174, 8463, 811, 5394, 1479, 5852, 6133, 678, 6126, 3800, 838, 4354, 8595, 7121, 6822, 1784, 9247, 9461, 9686, 3357, 9734, 1192, 6409, 6158, 6053, 7789, 1368, 4029, 2118, 493, 6494, 5512, 6502, 2038, 6290, 4055, 9361, 4901, 8945, 4953, 1000, 3205, 9115, 4247, 8308, 7602, 7936, 3481, 7425, 9007, 1309, 8392, 2434, 4765, 7834, 3718, 2555, 939, 6553, 6919, 507, 6290, 2116, 4355, 6799, 7167, 5322, 1016, 3202, 9368, 5205, 6295, 9394, 7100, 5042, 765, 765, 6068, 904, 2394, 1859, 4902, 7137, 2272, 3094, 5785, 45, 5101, 5337, 3610, 3627, 4706, 847, 9803, 3442, 8610, 235, 66, 9842, 4047, 4344, 268, 2687, 4272, 557, 3367, 1435, 7703, 5549, 566, 4419, 1513, 4341, 9558, 4369, 7702, 2237, 2470, 5293, 3350, 9830, 9688, 4166, 2741, 1710, 2937, 6010, 1722, 583, 9089, 5008, 3182, 4620, 7782, 7702, 2514, 3176, 1773, 5161, 2572, 6853, 4961, 8732, 2514, 7131, 8888, 1616, 8670, 2335, 7626, 2278, 2696, 1080, 8899, 8411, 84, 1658, 4377, 5192, 5402, 6804, 9097, 4863, 8913, 5323, 8923, 6586, 6128, 4682, 813, 2423, 5985, 6973, 5937, 9558, 5902, 2221, 3218, 9816, 2176, 8115, 459, 1566, 3310, 8427, 6981, 6662, 1768, 7968, 3355, 5690, 4815, 8684, 2010, 7007, 753, 5973, 4945, 9124, 9869, 4141, 3398, 5518, 6994, 6939, 2892, 265, 5246, 8790, 5320, 2225, 3998, 2342, 1100, 9850, 4515, 6478, 6746, 649, 8111, 9637, 6457, 6360, 1008, 2255, 4653, 1983, 7668, 7374, 2318, 3202, 1065, 9757, 3987, 5643, 2535, 9804, 6353, 7876, 409, 2811, 5906, 2221, 6996, 1867, 5992, 659, 3817, 9274, 9498, 8641, 6309, 2216, 2016, 4556, 2271, 8006, 6559, 8787, 56, 8755, 187, 4688, 2093, 3872, 8760, 2849, 2793, 2883, 1596, 7340, 2548, 6737, 2220, 863, 3423, 9106, 8118, 9108, 116, 8277, 1138, 2444, 2849, 3269, 1396, 7313, 6427, 8378, 8659, 6787, 7808, 8125, 4876, 8520, 9850, 251, 8798, 2673, 3015, 4819, 9603, 5854, 1319, 2302, 3641, 277, 843, 8283, 7239, 5850, 6253, 2348, 3230, 6161, 1191, 7280, 4761, 9155, 6419, 9094, 7063, 3973, 1666, 2602, 5846, 8284, 5959, 7436, 3518, 7522, 3533, 9215, 8975, 3615, 6718, 6396, 4143, 4167, 6324, 7591, 4959, 6519, 3456, 756, 6555, 6598, 3017, 1007, 6511, 8733, 97, 902, 4192, 3138, 5511, 3089, 8704, 2110, 7576, 4237, 3348, 7776, 4451, 2652, 4057, 6754, 8385, 7657, 1641, 3229, 141, 5924, 2887, 7229, 794, 8768, 4501, 3296, 8474, 7590, 1370, 5647, 6422, 9406, 9131, 4030, 1543, 6758, 8650, 8634, 9943, 8066, 8375, 6199, 8285, 8819, 2801, 8899, 8924, 9468, 4176, 433, 278, 4525, 5516, 7934, 5427, 4377, 7258, 1116, 1521, 5278, 6570, 6763, 6920, 2540, 6450, 2134, 1109, 4833, 1627, 6069, 670, 3578, 9728, 6213, 2850, 6612, 5757, 5519, 6103, 2997, 9868, 739, 8367, 5106, 7772, 5616, 9267, 6148, 9616, 6567, 2229, 895, 2609, 7856, 3524, 1656, 6028, 1657, 9124, 9760, 9517, 7919, 9800, 4807, 9606, 1429, 8424, 3612, 4260, 8134, 7624, 2532, 6604, 3933, 1271, 7604, 9655, 6093, 846, 5547, 3252, 9009, 4057, 1278, 2244, 2391, 2126, 8683, 1493, 767, 5234, 2307, 7446, 5463, 8478, 6533, 8438, 8434, 4072, 1540, 6245, 7990, 1181, 6242, 6139, 5594, 8769, 8012, 7734, 1060, 4154, 6280, 1344, 767, 5390, 4976, 9664, 7591, 2160, 7751, 1615, 1878, 496, 5004, 6210, 6793, 9719, 1664, 9084, 1163, 8131, 6774, 3212, 5365, 1421, 8804, 8667, 4369, 3868, 7598, 2267, 1317, 6189, 7224, 3300, 7755, 8599, 9658, 2542, 6325, 1274, 1975, 4599, 2177, 1372, 6879, 9484, 643, 1672, 8850, 422, 6674, 6977, 1062, 5423, 8613, 7914, 8613, 1649, 4554, 8564, 6495, 3525, 7688, 6474, 9399, 2265, 436, 9172, 5596, 3396, 3217, 4300, 1463, 5244, 6105, 9964, 2187, 1975, 1131, 4219, 1387, 2239, 7979, 6914, 9438, 6257, 9043, 5947, 3123, 6022, 4839, 7990, 3128, 42, 5127, 220, 9371, 633, 7005, 4689, 8272, 9815, 3171, 7228, 902, 9717, 4020, 3696, 2756, 5640, 3758, 5619, 4575, 6534, 923, 9023, 5179, 3486, 7500, 154, 8362, 6812, 212, 4372, 1603, 7411, 3365, 6873, 6907, 4604, 3270, 3212, 6649, 8529, 6193, 5295, 6258, 4172, 8476, 8950, 9894, 4104, 3693, 7847, 6532, 817, 7919, 8230, 7900, 8993, 5473, 6910, 9666, 7326, 4339, 4117, 7174, 5121, 2482, 9981, 2198, 3354, 937, 378, 2201, 7128, 3026, 9898, 6114, 6337, 463, 8208, 9430, 4819, 6341, 4868, 6471, 2503, 3795, 3955, 1464, 515, 5304, 9640, 3338, 9926, 2464, 9767, 614, 250, 331, 6952, 5558, 9193, 2299, 4164, 9083, 1243, 563, 8518, 2609, 1144, 3490, 5927, 1802, 9071, 5268, 2797, 9335, 5802, 4731, 1920, 6255, 4170, 9736, 1522, 8459, 3529, 7046, 425, 7474, 7252, 3981, 4738, 2771, 8542, 3442, 8533, 7515, 9758, 6493, 5004, 5659, 4967, 7685, 2445, 4068, 9038, 4065, 2361, 7212, 8560, 7013, 4604, 4787, 3756, 2354, 1253, 6752, 9079, 2841, 6343, 3806, 6308, 7122, 8575, 2080, 6209, 2788, 9231, 508, 9881, 5030, 1629, 1765, 3617, 9862, 8629, 6376, 515, 5791, 1964, 7719, 224, 8709, 4690, 2213, 6099, 7537, 3962, 9257, 2414, 7813, 2276, 5433, 7468, 2346, 7451, 6322, 3511, 3643, 3215, 1407, 3722, 4330, 5779, 889, 8945, 6058, 9762, 5229, 6902, 1139, 5748, 5742, 6208, 4816, 3090, 6416, 622, 1622, 2295, 5751, 7054, 6040, 821, 762, 2495, 144, 2709, 962, 2638, 6560, 8760, 7723, 3753, 5520, 8502, 4506, 6518, 2293, 5951, 388, 7626, 8568, 9593, 2343, 7823, 3041, 1423, 3222, 7771, 7859, 3875, 4535, 4658, 8084, 8283, 7210, 7133, 8738, 8246, 9305, 9205, 5295, 5374, 1599, 6341, 8855, 6327, 2186, 6242, 7456, 6915, 5071, 286, 6685, 4453, 7500, 5670, 8713, 1632, 8761, 8463, 2586, 4482, 8495, 8199, 5913, 1207, 2569, 6220, 7054, 4641, 1606, 1359, 5900, 5153, 2540, 792, 4082, 4213, 1322, 5583, 5820, 1930, 4759, 1695, 1483, 1377, 6267, 6611, 6545, 4554, 4443, 5014, 425, 4971, 8338, 2851, 1062, 4909, 1334, 277, 1621, 7444, 4653, 1243, 2742, 3852, 5194, 2151, 1394, 7456, 4474, 3327, 8527, 729, 9543, 3883, 5944, 7387, 9694, 7627, 8469, 1178, 3954, 5729, 8638, 4624, 2230, 4332, 8978, 2230, 1345, 3343, 2828, 142, 287, 398, 9918, 5075, 8213, 6736, 7329, 5498, 7118, 7223, 1675, 884, 1618, 4081, 9357, 5927, 3544, 9312, 7500, 5543, 3297, 9982, 4957, 9392, 7740, 525, 3812, 3834, 5215, 4814, 5259, 243, 1458, 2750, 2387, 3009, 6250, 9626, 5055, 7677, 5865, 1650, 9734, 3619, 7631, 1624, 12, 1678, 3519, 6954, 9851, 4641, 6864, 9498, 2319, 5597, 6745, 9269, 2730, 9838, 9370, 141, 6250, 5512, 5361, 4850, 8972, 5543, 1835, 2491, 7435, 1779, 6955, 9551, 1682, 1716, 2423, 2897, 6198, 3340, 4897, 5619, 5441, 4965, 9542, 4961, 5371, 7069, 7903, 256, 2725, 3045, 2658, 8935, 4, 8785, 1704, 1651, 3296, 1416, 2656, 7585, 8269, 4632, 696, 3172, 3164, 5758, 3931, 5691, 1364, 5385, 2769, 3603, 7925, 4024, 6864, 435, 5707, 3773, 2259, 817, 5283, 973, 3660, 2282, 8335, 1411, 707, 4496, 333, 3313, 8435, 4410, 6883, 2918, 5367, 153, 6584, 1516, 6776, 9590, 2992, 6524, 4795, 7371, 9913, 8801, 6465, 3383, 3135, 1377, 3698, 6473, 9120, 3311, 9626, 6244, 1941, 7464, 4422, 9343, 1491, 9633, 201, 5629, 7152, 5356, 111, 4254, 6132, 6312, 3532, 7655, 8310, 3558, 660, 2680, 6971, 7695, 8786, 4443, 3448, 4430, 6786, 4737, 6335, 2920, 4112, 3150, 3646, 8116, 1791, 9242, 3199, 167, 8729, 55, 2698, 1008, 1482, 1731, 9252, 2351, 7382, 5604, 4996, 7754, 9718, 3729, 5255, 342, 257, 1507, 9971, 9087, 4672, 1587, 636, 7435, 7788, 3644, 5984, 6383, 8317, 5735, 3752, 4232, 2844, 3137, 4300, 5709, 198, 8061, 5584, 8978, 251, 7040, 8628, 8381, 1118, 2806, 9981, 9805, 6821, 7503, 4649, 5593, 4883, 5020, 3856, 5369, 6805, 1581, 4249, 9888, 916, 7489, 3514, 9149, 5065, 3070, 1452, 2924, 2452, 7930, 5688, 8826, 3775, 3999, 5665, 7627, 2439, 8499, 9462, 4953, 9051, 5350, 9794, 228, 7492, 9335, 230, 7589, 7233, 9565, 2420, 899, 2512, 4354, 78, 9546, 9668, 476, 5602, 8506, 3589, 2374, 5195, 967, 8331, 7458, 5047, 9031, 9881, 3750, 1143, 296, 9954, 3566, 9321, 2536, 3635, 144, 8643, 9927, 8268, 9983, 5798, 8419, 1246, 1860, 6103, 2657, 3035, 6471, 820, 3468, 3974, 8243, 6119, 5867, 6714, 9043, 3479, 8040, 693, 1074, 2275, 2749, 6146, 9818, 2730, 629, 5996, 5861, 1632, 2019, 8858, 4527, 6940, 3874, 8924, 6558, 248, 644, 9137, 3234, 5046, 8265, 7545, 3571, 2180, 5546, 9691, 9915, 3086, 5549, 1196, 8403, 7739, 4977, 3869, 3763, 9290, 2122, 6727, 8137, 7329, 7999, 6792, 1860, 9696, 9879, 2544, 1455, 4355, 6706, 8634, 6106, 392, 3190, 1277, 9218, 7477, 3804, 4258, 2250, 6670, 3322, 8564, 3097, 233, 130, 1424, 4629, 7572, 7704, 160, 7826, 4142, 9493, 7316, 3395, 2215, 3929, 7147, 1384, 7607, 3578, 8365, 2527, 2344, 3855, 7362, 2255, 1419, 2969, 4630, 8131, 8490, 2050, 7774, 696, 6739, 2234, 6, 3230, 632, 9595, 4590, 5753, 4436, 4926, 609, 9554, 5291, 5992, 4759, 2180, 7147, 8879, 888, 4685, 2682, 3004, 5819, 9008, 1958, 546, 5338, 570, 3071, 8660, 7835, 9779, 1134, 9625, 3667, 8581, 1622, 9904, 3474, 2504, 4212, 4032, 2361, 8113, 723, 7717, 1016, 2296, 9819, 2759, 6009, 1642, 9775, 1392, 1530, 1878, 4624, 930, 785, 1781, 890, 9269, 2372, 5181, 8931, 6890, 794, 7445, 6061, 655, 829, 5586, 3849, 8446, 3322, 8701, 8582, 6344, 2591, 6330, 8992, 3336, 5681, 9480, 832, 8835, 8101, 2706, 9586, 6478, 3535, 1187, 8810, 1444, 1567, 3914, 5294, 2400, 3192, 112, 7151, 1057, 8606, 4059, 3963, 5587, 9461, 2112, 9249, 3526, 9707, 361, 730, 4484, 9041, 6249, 8932, 7453, 1059, 389, 9456, 2430, 7351, 9905, 3554, 5035, 8141, 5428, 9600, 5546, 7794, 9529, 2456, 970, 3409, 8242, 5699, 7404, 3070, 1044, 5611, 8350, 3951, 8169, 7856, 7145, 7166, 4103, 7401, 2303, 5897, 9626, 6186, 5463, 9118, 6139, 4699, 1286, 6607, 5509, 7043, 7748, 7216, 1591, 5340, 4367, 4526, 502, 2885, 103, 4342, 2456, 4393, 6665, 7521, 9398, 6218, 7851, 6156, 3460, 9524, 4236, 9876, 2582, 3087, 3241, 9919, 6516, 8295, 6225, 7553, 6162, 9123, 932, 1133, 5261, 2476, 5834, 7153, 805, 1358, 8312, 8122, 2611, 1294, 3445, 6823, 503, 9207, 9413, 1402, 519, 3119, 2117, 6753, 1514, 9475, 9376, 2730, 6021, 4841, 9036, 4053, 6657, 9805, 4953, 6307, 7982, 9751, 7481, 927, 5292, 3559, 3828, 7313, 2494, 9064, 9006, 4808, 768, 8552, 1819, 2096, 6734, 9753, 7988, 4152, 2618, 795, 5913, 443, 9499, 1058, 8291, 2219, 2360, 1914, 647, 7641, 6067, 1472, 1198, 2919, 7755, 6468, 7776, 4272, 2726, 4296, 4665, 4079, 9517, 6440, 6354, 6602, 8867, 6375, 3305, 2868, 2543, 5298, 5547, 2182, 50, 1030, 5392, 8573, 9504, 5548, 8432, 6265, 6575, 5889, 9239, 3662, 8803, 3867, 1603, 6996, 2094, 8428, 1822, 1935, 762, 9498, 2887, 6729, 5368, 575, 257, 1231, 1545, 8481, 9737, 4965, 2877, 9422, 8943, 6410, 7917, 8657, 4961, 6055, 510, 676, 7897, 4688, 9521, 6013, 9757, 5380, 5777, 4302, 5417, 1837, 7924, 4114, 7768, 7465, 5699, 8807, 7976, 7419, 8563, 8794, 8236, 9308, 3577, 7274, 8195, 2977, 1414, 5801, 4575, 4474, 1498, 2970, 5883, 1804, 2978, 4410, 3128, 6969, 5195, 6464, 5421, 6192, 8621, 1205, 5541, 8393, 8797, 4308, 434, 9982, 867, 4940, 1224, 9642, 2714, 9240, 2921, 3816, 1650, 9619, 7432, 9136, 9803, 1265, 3159, 785, 8223, 496, 386, 1050, 1533, 8673, 3438, 3829, 9361, 9676, 1108, 6506, 4747, 8895, 2818, 2940, 6114, 2691, 8344, 4931, 1944, 3245, 4196, 742, 4059, 5124, 4752, 1415, 3574, 7685, 7896, 8057, 7656, 358, 6478, 1550, 4157, 6676, 4168, 2392, 3713, 5206, 7080, 8064, 4690, 5455, 1116, 9473, 2737, 2374, 2198, 8641, 7100, 1546, 8, 1884, 7475, 4558, 6371, 6581, 2055, 2040, 5067, 6325, 3901, 4047, 3763, 9942, 1269, 6576, 9167, 2908, 9594, 5052, 3017, 2449, 8782, 5191, 1678, 2599, 2149, 4460, 6568, 6750, 7904, 496, 4578, 1534, 5106, 1119, 1360, 9508, 5611, 6035, 20, 2857, 7809, 6141, 5865, 6767, 7673, 6839, 2136, 9629, 9908, 8935, 2747, 4083, 9191, 6653, 6518, 9000, 7240, 4557, 9941, 7445, 2555, 5483, 2720, 1315, 3134, 8956, 5168, 9064, 3222, 8609, 6025, 8407, 752, 6017, 2849, 1211, 5914, 6649, 4340, 9113, 5160, 503, 8797, 1002, 1274, 379, 2194, 9843, 877, 7717, 6239, 6203, 9090, 9839, 8411, 6524, 4146, 4484, 215, 1188, 3747, 4399, 7055, 2997, 2591, 6306, 7095, 3315, 9927, 9368, 1761, 1664, 4740, 5203, 1500, 1433, 5632, 9549, 6895, 9270, 8420, 8024, 38, 6171, 4349, 6554, 9013, 9184, 3559, 2407, 6739, 1571, 3431, 9288, 3369, 9397, 2470, 7667, 9512, 937, 3686, 343, 6317, 4340, 8569, 7534, 6209, 7265, 3031, 5843, 9498, 5050, 6605, 5430, 3995, 3394, 5096, 237, 3173, 6212, 3918, 3368, 8841, 9778, 7494, 2602, 5391, 4331, 902, 2350, 2617, 6505, 4920, 3553, 8956, 7415, 2373, 6485, 2141, 3367, 9574, 5230, 8196, 9626, 9997, 944, 4355, 5994, 5714, 3577, 5069, 2436, 4153, 5590, 5381, 9823, 4330, 4481, 7801, 9178, 2554, 2570, 5155, 461, 8906, 1990, 7994, 2448, 2990, 6179, 844, 5720, 7778, 6586, 5384, 7505, 5934, 6391, 9783, 4722, 5236, 5208, 5047, 8731, 1678, 2582, 1563, 1524, 9774, 2193, 1387, 1177, 1927, 148, 9372, 4231, 1425, 830, 6566, 7313, 3812, 9722, 5295, 3503, 8930, 5950, 4476, 8837, 1575, 3393, 3477, 7175, 453, 5893, 20, 1802, 6591, 3398, 5150, 4913, 3317, 3475, 8454, 7905, 8772, 9875, 8820, 4245, 5896, 32, 3131, 9029, 3704, 2961, 6057, 8597, 2150, 2973, 3755, 3876, 9772, 1681, 18, 8270, 9814, 1984, 7516, 7518, 3717, 5537, 2297, 7880, 5938, 2677, 6979, 306, 988, 9872, 9709, 5682, 7605, 2424, 3879, 1460, 3757, 5104, 8258, 5535, 2548, 2662, 591, 2265, 2608, 656, 8804, 5035, 8482, 8666, 839, 7004, 7825, 6509, 5778, 5004, 5326, 4932, 8432, 4099, 8665, 500, 2215, 7196, 3360, 8137, 5168, 1274, 6306, 8918, 3854, 6513, 9136, 3120, 4800, 2759, 5456, 1704, 8422, 5045, 2117, 1439, 157, 3335, 9656, 8580, 4323, 7270, 1327, 8760, 9423, 6596, 9244, 8682, 669, 8499, 9149, 240, 3750, 9950, 2140, 9180, 1555, 9486, 7565, 3811, 2439, 5823, 734, 4209, 6321, 3961, 3319, 791, 1121, 7156, 1042, 193, 4938, 1400, 6574, 2520, 357, 3418, 6370, 4910, 3093, 4578, 2789, 9081, 7335, 2533, 3804, 8555, 8933, 5563, 5288, 4252, 7173, 1371, 6114, 907, 7039, 6216, 7020, 2925, 696, 7494, 1010, 2940, 2207, 4828, 3637, 3849, 9376, 8868, 264, 9951, 3488, 9596, 8772, 2593, 2117, 1066, 6815, 174, 9454, 434, 5654, 3427, 4759, 9097, 5305, 1396, 7289, 599, 9912, 526, 6372, 5879, 2473, 7158, 2841, 9891, 1665, 1547, 2629, 3323, 2664, 3200, 7302, 3337, 2157, 1458, 2604, 1679, 1625, 8870, 539, 4867, 896, 8843, 2401, 2203, 3090, 654, 2624, 9187, 4558, 1914, 5792, 5976, 386, 4793, 7468, 5957, 5791, 8572, 8032, 1154, 3285, 4733, 5502, 1566, 2017, 1035, 3717, 2912, 263, 1328, 5284, 1199, 3305, 1992, 7906, 3982, 4198, 8947, 4398, 8414, 9417, 2088, 4443, 9114, 1585, 8290, 9089, 5320, 3591, 2549, 1591, 3703, 2022, 432, 756, 805, 7574, 6758, 193, 7840, 7102, 9524, 3112, 5679, 7953, 2136, 812, 7981, 9057, 5810, 846, 742, 2840, 6811, 8746, 557, 6242, 4186, 7890, 2001, 6231, 2777, 7365, 917, 40, 6248, 1625, 6468, 8458, 8047, 5702, 755, 2951, 6744, 4938, 5000, 32, 392, 596, 3075, 2677, 7150, 4255, 2082, 3933, 7322, 2988, 3210, 4028, 9293, 1589, 4945, 7757, 1697, 2066, 9597, 7458, 3322, 746, 4443, 4405, 4499, 6216, 6233, 9471, 3565, 4703, 6145, 7160, 6770, 4178, 5607, 3396, 2072, 277, 6606, 597, 8687, 4259, 6518, 520, 2511, 618, 6740, 1647, 1581, 1309, 8561, 8674, 9030, 4347, 2162, 6221, 7986, 4574, 6826, 7302, 2918, 1398, 447, 1307, 357, 8297, 9547, 6417, 4700, 811, 6590, 5373, 1877, 1808, 9725, 4547, 7175, 8980, 7117, 1370, 9148, 223, 6381, 6897, 8116, 4385, 9407, 5860, 4034, 2281, 1838, 3457, 59, 621, 6245, 6513, 524, 1588, 4286, 8042, 383, 6994, 1645, 1444, 8170, 2877, 3373, 4735, 5435, 2866, 419, 2741, 9574, 6719, 869, 2899, 4307, 526, 806, 1346, 5104, 6766, 1244, 4458, 249, 8182, 1626, 8277, 8286, 1554, 5999, 7097, 6724, 6475, 1678, 3677, 2316, 4637, 4912, 601, 2594, 8646, 5035, 8048, 4931, 4981, 2531, 4762, 3123, 6350, 1206, 6816, 4992, 7339, 4816, 9634, 5061, 508, 8070, 8402, 9344, 8044, 492, 903, 3442, 6811, 8877, 7831, 7858, 3921, 5992, 1233, 4605, 3546, 5938, 7705, 2793, 3323, 8149, 3931, 2896, 1376, 2037, 8121, 8958, 5529, 3108, 136, 7311, 7877, 7885, 1518, 4358, 4985, 1580, 8667, 9855, 3813, 4948, 2511, 8070, 922, 7550, 4186, 5279, 3909, 9993, 5587, 2254, 6727, 3852, 3321, 8259, 3147, 2453, 8015, 4005, 3803, 5886, 525, 4094, 4959, 4388, 6203, 9944, 269, 2306, 4381, 4024, 5486, 2655, 4433, 6523, 6235, 5727, 3516, 3186, 9266, 7535, 7817, 8111, 957, 9148, 9131, 7552, 8171, 1081, 1641, 3801, 4086, 14, 8592, 4964, 1581, 1588, 9538, 5034, 2830, 1375, 7986, 3276, 3347, 7237, 566, 3022, 6175, 3458, 4958, 2314, 9281, 992, 3896, 7585, 4451, 6191, 435, 8466, 2622, 412, 8822, 8731, 7357, 6781, 6430, 909, 8066, 8356, 8865, 9453, 7282, 8168, 4842, 9846, 3476, 5424, 1789, 1558, 1986, 7641, 2413, 6080, 8350, 4327, 2381, 2043, 5630, 5236, 6286, 9794, 7322, 6588, 6072, 5986, 1664, 2702, 745, 3806, 4001, 1583, 5818, 925, 5876, 1480, 8866, 6260, 7851, 9199, 9663, 6072, 8577, 5699, 4250, 7587, 3661, 6286, 473, 7541, 9142, 38, 1498, 3300, 2944, 3787, 5280, 2626, 9198, 3528, 747, 9265, 4759, 7866, 8217, 8698, 8596, 3234, 1194, 3174, 4007, 9704, 4888, 411, 1669, 4559, 7834, 6709, 8710, 9768, 6754, 382, 5610, 762, 9336, 2514, 7787, 147, 2539, 8432, 2757, 3420, 6224, 679, 5781, 5536, 77, 2244, 6830, 2808, 8961, 8280, 3265, 4282, 4999, 5348, 5412, 5205, 4323, 5296, 3161, 6789, 609, 6037, 9754, 4657, 6534, 8259, 3688, 3682, 7423, 6069, 5413, 1952, 142, 3285, 5819, 9047, 3073, 6899, 7900, 2165, 4119, 5902, 5650, 8671, 6276, 3270, 6689, 4481, 4154, 1957, 4984, 7482, 5108, 2730, 9193, 1823, 9546, 1502, 8800, 8107, 4422, 8024, 3187, 6950, 1538, 6264, 2768, 7046, 5149, 3545, 6771, 4390, 6204, 2713, 2934, 2365, 9985, 7044, 1603, 125, 3705, 1902, 9263, 7207, 4372, 5943, 3487, 4151, 1770, 3803, 852, 8610, 4940, 5904, 147, 1133, 45, 5939, 6170, 8590, 3822, 2791, 9911, 7732, 6999, 9884, 314, 5714, 2926, 4137, 9812, 5132, 5537, 7069, 7703, 9424, 7931, 7552, 3758, 6735, 8088, 5594, 8065, 6280, 6060, 8225, 2502, 9752, 4385, 1948, 3293, 3913, 9397, 3228, 355, 9083, 1597, 9833, 6338, 2560, 2907, 6506, 766, 6838, 1546, 6776, 5483, 3017, 1835, 9963, 2892, 1051, 3224, 1315, 7443, 5579, 7390, 7696, 1855, 531, 7067, 4663, 973, 9839, 6946, 4243, 9401, 3527, 389, 2676, 2735, 6299, 1405, 4219, 4508, 2928, 7902, 8411, 2028, 390, 6459, 7671, 9382, 9799, 2704, 4919, 4160, 7697, 1513, 3974, 7776, 5564, 8021, 1574, 3519, 1895, 6531, 9374, 3439, 5708, 6862, 8286, 8545, 757, 5118, 5922, 9766, 8813, 7050, 5630, 2790, 5501, 785, 3648, 4341, 1160, 5215, 5118, 6087, 7440, 4598, 5896, 378, 9144, 5289, 8218, 1389, 1935, 1893, 2013, 3674, 7860, 6820, 1134, 5329, 4416, 8300, 8875, 8589, 9731, 8804, 8520, 8532, 7879, 5095, 1076, 8266, 9856, 5848, 2116, 7592, 6946, 3922, 85, 8494, 7421, 5030, 7888, 1442, 5243, 2939, 9182, 7777, 5967, 2506, 7712, 9678, 3696, 7001, 5670, 3628, 5011, 6165, 752, 5919, 6297, 7502, 7589, 9410, 2654, 1778, 4500, 3895, 8924, 6028, 3596, 6787, 1001, 8249, 296, 5354, 4434, 3808, 3903, 3552, 101, 9714, 1186, 1360, 7082, 5769, 6973, 8794, 6330, 8963, 3322, 8966, 3183, 3339, 8459, 4358, 9615, 2567, 3938, 4330, 7477, 1003, 3934, 6025, 7571, 7492, 8375, 489, 3238, 1324, 6828, 3575, 2964, 9406, 1263, 7030, 5561, 398, 3251, 1045, 8521, 2856, 3119, 5882, 9406, 6181, 9314, 9267, 1587, 6547, 780, 1374, 1962, 9283, 3365, 1042, 772, 380, 645, 6008, 8864, 5763, 2989, 2704, 7797, 7676, 822, 8361, 5771, 9821, 4254, 7044, 7933, 1121, 5565, 2734, 6269, 7398, 5891, 3017, 1384, 3289, 9346, 3427, 5947, 5466, 936, 3803, 1269, 8425, 2405, 9469, 9889, 5223, 1458, 9602, 3531, 5966, 535, 8836, 1622, 850, 198, 6138, 4679, 1937, 3555, 293, 4908, 1880, 3977, 5657, 9136, 3705, 4869, 2725, 8535, 4593, 1421, 6961, 1206, 9825, 3193, 2500, 379, 2018, 1073, 7646, 6549, 7562, 7943, 2020, 4979, 6210, 8820, 639, 9269, 4675, 769, 9444, 7307, 5300, 7520, 1456, 4628, 9844, 1559, 2372, 3715, 6808, 763, 5046, 8190, 5449, 799, 5196, 3529, 4443, 6354, 6114, 5182, 7935, 3835, 2464, 3653, 1961, 6337, 1608, 5578, 9441, 3238, 1337, 2814, 2331, 2328, 3874, 2973, 507, 5284, 1311, 2337, 6445, 2559, 2651, 234, 7386, 2526, 1597, 8842, 708, 8210, 663, 298, 9200, 6364, 2128, 3, 4858, 4295, 5485, 174, 1320, 139, 7709, 4368, 113, 5548, 6627, 3135, 5255, 7901, 441, 5901, 7863, 890, 9513, 9590, 9452, 2574, 3570, 6208, 2349, 643, 6306, 5422, 7081, 7761, 9911, 6869, 1422, 1938, 4097, 4977, 9548, 8789, 4766, 1781, 4616, 4200, 7947, 9297, 5520, 7864, 2251, 1500, 2018, 1474, 6545, 8066, 6521, 918, 5438, 5778, 9831, 3554, 3787, 7799, 1630, 5420, 7126, 6501, 4613, 7674, 3081, 9208, 3591, 4062, 6251, 6175, 9614, 3727, 1751, 3471, 9326, 2754, 2708, 6030, 9063, 3422, 3795, 2756, 2396, 9470, 6278, 4486, 9872, 9720, 8437, 6243, 8908, 1714, 318, 3252, 8721, 9663, 8096, 6412, 3165, 5914, 2497, 1916, 4956, 4186, 2902, 427, 123, 1406, 7154, 7516, 783, 4259, 1558, 2022, 7842, 1684, 6845, 6800, 4829, 9614, 4683, 9854, 2762, 1066, 3230, 9589, 3001, 399, 1275, 3885, 3558, 8273, 3051, 8452, 8703, 9429, 7449, 3000, 4952, 9674, 7560, 3966, 7128, 205, 5714, 3238, 6174, 7855, 6257, 6193, 6181, 1438, 2031, 6690, 2715, 7089, 7963, 9547, 6360, 7038, 9024, 2107, 6627, 8941, 5855, 486, 4677, 9165, 9973, 2204, 6165, 4457, 587, 8645, 2847, 3195, 9951, 9484, 2101, 8187, 509, 6474, 7138, 5481, 2750, 5659, 7241, 8053, 3180, 2231, 4676, 9800, 2600, 2769, 3129, 5425, 6461, 2534, 5990, 3630, 9145, 6162, 3224, 3219, 1866, 4764, 3048, 3904, 3373, 9041, 9165, 7862, 4539, 899, 6547, 7936, 6224, 7929, 2199, 8176, 7278, 9046, 766, 1227, 6496, 2915, 320, 6010, 4596, 4822, 3677, 2465, 3241, 1420, 8839, 7418, 6492, 466, 9222, 4224, 4791, 5935, 2041, 8373, 2887, 4625, 6789, 9046, 7272, 7597, 4900, 453, 8754, 9781, 4763, 2510, 3037, 3566, 933, 3501, 1694, 7505, 5849, 5847, 7107, 2143, 1257, 2396, 7429, 2345, 7385, 6029, 9232, 501, 4958, 1234, 3857, 7363, 9645, 5959, 1776, 6983, 1830, 6515, 3880, 2607, 8060, 371, 4781, 6241, 4874, 3316, 7371, 8268, 9594, 7444, 1456, 6276, 8630, 780, 2201, 2959, 7314, 6010, 9535, 8267, 1085, 4301, 8815, 5389, 8534, 9662, 5190, 8537, 1691, 4974, 4248, 559, 1417, 2259, 9090, 8001, 9622, 8437, 4722, 2327, 5190, 9685, 784, 4095, 6376, 7074, 6817, 5665, 7749, 9502, 4360, 5636, 324, 7998, 9546, 4815, 420, 6053, 9213, 6252, 4255, 3942, 5905, 526, 5390, 8540, 3706, 7467, 1788, 2367, 1977, 3456, 9021, 6572, 5290, 1399, 7293, 9930, 9050, 9881, 4306, 8722, 4608, 2819, 2633, 4311, 1852, 7499, 1343, 5707, 6056, 8980, 3975, 1254, 9839, 7371, 3982, 5434, 5600, 7996, 2151, 7106, 788, 2471, 642, 600, 4810, 6800, 6686, 9973, 2076, 1042, 1074, 8194, 5723, 427, 6542, 6971, 9147, 912, 2584, 6042, 5293, 9012, 8751, 9018, 6958, 4867, 7370, 8178, 9134, 3253, 3325, 7204, 6175, 6842, 3815, 9896, 9860, 1920, 5274, 6098, 8069, 884, 4519, 4945, 9666, 9982, 890, 9780, 7403, 5334, 7853, 6835, 6607, 4970, 339, 7278, 8612, 8778, 3928, 5475, 201, 2339, 5584, 3133, 1216, 7753, 1893, 4941, 7412, 765, 3519, 2230, 914, 5103, 9416, 151, 2621, 7064, 2202, 5933, 5873, 2936, 4093, 4352, 8964, 5695, 3331, 1076, 4330, 1478, 2937, 1481, 6720, 2585, 6045, 9911, 3009, 4245, 4814, 9981, 4803, 6280, 5341, 4726, 4390, 1631, 2376, 6553, 3612, 8112, 1401, 3453, 6741, 2113, 8751, 2695, 5509, 4281, 6943, 8620, 7456, 6807, 2316, 3540, 8769, 1027, 7029, 8131, 324, 14, 929, 4453, 3699, 1146, 5852, 2811, 2409, 1812, 5617, 5262, 3630, 674, 8382, 8836, 5661, 2202, 6176, 7764, 4892, 1981, 3414, 5550, 8803, 7897, 3865, 6320, 5883, 4957, 6093, 5036, 4936, 6820, 8843, 4524, 1487, 5196, 722, 9692, 1653, 4859, 6189, 9430, 5212, 1354, 1309, 3486, 1244, 8573, 2997, 5304, 2815, 5590, 9840, 9325, 2899, 7847, 5127, 6568, 8561, 7194, 6851, 3396, 1061, 4603, 7665, 8433, 6128, 5979, 8608, 7072, 5707, 4688, 7918, 8734, 317, 2949, 3645, 6856, 931, 9116, 2001, 8594, 9797, 2276, 3717, 8246, 6032, 4378, 9546, 6143, 1934, 5259, 7825, 1632, 251, 7212, 3843, 2268, 4246, 9016, 7467, 1858, 2807, 2118, 2064, 5505, 9878, 401, 5346, 6591, 9584, 7493, 3628, 9417, 3556, 80, 1288, 7326, 3787, 4003, 3825, 8240, 9299, 970, 6518, 6206, 4243, 1662, 8909, 6691, 5442, 3199, 2144, 7410, 739, 9372, 326, 5480, 4396, 757, 2493, 5732, 2484, 1955, 9856, 9065, 6055, 6124, 4209, 4784, 2469, 7504, 2571, 9056, 8933, 1826, 2940, 4381, 9509, 3136, 2316, 4192, 2345, 9058, 7346, 449, 4555, 908, 615, 5863, 6845, 5600, 9528, 5725, 3521, 461, 2426, 9764, 7120, 1646, 6136, 1032, 1856, 2044, 8360, 1040, 6410, 2889, 2776, 7551, 8968, 2536, 6375, 6093, 3464, 3678, 1191, 8768, 2248, 2024, 3275, 8818, 9284, 5406, 2590, 5515, 655, 9013, 6047, 175, 7463, 6817, 6676, 9827, 1972, 8473, 1942, 9091, 5742, 4718, 2868, 3129, 3987, 8697, 6384, 9959, 3103, 4181, 3490, 222, 7974, 6873, 2986, 2046, 2868, 6247, 2378, 9171, 5141, 4037, 8470, 1061, 3222, 1430, 3496, 7150, 6005, 6793, 7513, 1553, 3862, 9839, 8712, 5944, 7372, 4453, 924, 6907, 6135, 1637, 7906, 4451, 5356, 5815, 6864, 4865, 322, 73, 4259, 1006, 3170, 1108, 7717, 937, 819, 761, 4411, 4458, 6834, 913, 6867, 6372, 3010, 1261, 6606, 7403, 6309, 1912, 2275, 9976, 2404, 6410, 687, 5583, 1481, 7837, 7121, 1979, 1391, 3934, 1947, 1091, 7639, 395, 8029, 5113, 5656, 7871, 1606, 8360, 4537, 4590, 9493, 9947, 4260, 8632, 3007, 2091, 5032, 6464, 8972, 1203, 2423, 2996, 9608, 7755, 8449, 2174, 7065, 6310, 2298, 8103, 1693, 7242, 5688, 2269, 2856, 4264, 5500, 1290, 3463, 2090, 456, 8036, 1906, 2012, 424, 4037, 2706, 9140, 1932, 8771, 9373, 8296, 5616, 6611, 800, 9355, 175, 296, 6133, 5516, 4404, 4540, 4602, 5842, 2258, 7230, 8649, 5712, 5585, 2844, 4660, 8909, 325, 1000, 2396, 9072, 3188, 1487, 1305, 8357, 3463, 4223, 4686, 6538, 4767, 9547, 8516, 2473, 8522, 5637, 1949, 1024, 7060, 7125, 876, 4626, 332, 9985, 3432, 2859, 6387, 2141, 790, 4876, 6557, 2522, 8308, 4872, 717, 8775, 5844, 2971, 6800, 8194, 4208, 9623, 5829, 8322, 3945, 1955, 3391, 3443, 5248, 1304, 4338, 9829, 2054, 1498, 6243, 9540, 6566, 6166, 5689, 9557, 2162, 904, 7949, 8752, 9954, 1775, 5075, 2333, 9350, 9920, 235, 9285, 7488, 1783, 5077, 2190, 7547, 4262, 9043, 8170, 927, 6908, 2185, 5012, 6453, 6596, 6530, 9324, 9282, 7925, 971, 7819, 164, 3659, 6890, 9593, 5659, 295, 5052, 7891, 9674, 653, 8196, 3363, 298, 7762, 7030, 9724, 6972, 5963, 7029, 1995, 7195, 4463, 4154, 4187, 4879, 7254, 2635, 1872, 8851, 7729, 3401, 7320, 8008, 3400, 4915, 7254, 6907, 1790, 3319, 766, 7446, 8029, 27, 2245, 2962, 1503, 7311, 8870, 9958, 7554, 8194, 3255, 288, 5123, 6228, 727, 6156, 3361, 3826, 1643, 3439, 7817, 7678, 4069, 8391, 907, 1666, 1261, 3331, 6804, 6138, 1360, 2069, 5809, 1044, 858, 8183, 9648, 1838, 3114, 6328, 3308, 8254, 4647, 1457, 7641, 6348, 1228, 5114, 3713, 5644, 1332, 5253, 9033, 2295, 9364, 3020, 2778, 2423, 5045, 4046, 2201, 920, 5936, 9961, 5448, 6730, 6832, 7957, 2911, 6137, 7624, 3307, 7227, 1836, 1326, 6729, 6450, 8430, 41, 2973, 9644, 6551, 1941, 9636, 8647, 9367, 4649, 999, 7862, 4637, 196, 9589, 9019, 6228, 1361, 8078, 382, 5352, 3627, 8385, 8531, 8446, 5380, 3785, 2562, 5871, 1571, 2948, 1305, 5771, 5505, 5150, 3598, 9333, 667, 5673, 2152, 4623, 167, 9659, 6075, 1808, 8455, 4049, 244, 2741, 1192, 8692, 7669, 3055, 6352, 3083, 9508, 7469, 1288, 9672, 7544, 8216, 3335, 5499, 5127, 4163, 163, 1378, 5454, 619, 9900, 7978, 1377, 3760, 7931, 2520, 6695, 1909, 4039, 700, 7251, 614, 1572, 9599, 5358, 1238, 1517, 4954, 4748, 8475, 2603, 9107, 8004, 9788, 6913, 5833, 3003, 9681, 6923, 7270, 5556, 7791, 1899, 4188, 3431, 8756, 8779, 3772, 4413, 6248, 7886, 976, 8231, 9423, 5934, 5192, 5215, 5286, 7215, 4592, 997, 7035, 1915, 9175, 5254, 553, 8261, 1294, 8454, 3258, 4434, 256, 754, 2509, 8000, 4027, 5818, 2079, 5680, 7984, 507, 181, 5052, 3675, 9371, 375, 253, 1458, 6195, 759, 9878, 9853, 3621, 9725, 4784, 3712, 5024, 7921, 5324, 6544, 5364, 4257, 9784, 8510, 9040, 1718, 6866, 6232, 5021, 199, 5987, 2908, 5223, 569, 3315, 565, 5812, 8324, 4090, 6577, 1767, 62, 7190, 8272, 5540, 230, 2674, 5577, 1134, 6169, 758, 575, 2990, 2256, 8453, 3658, 9805, 2507, 9952, 667, 8092, 3843, 1139, 1036, 5123, 1439, 7408, 127, 1855, 5886, 286, 9116, 9103, 7653, 9881, 3313, 4629, 9537, 2155, 8892, 7540, 8289, 2650, 4380, 7085, 3136, 3507, 5012, 4503, 7434, 5602, 2539, 2909, 9354, 9636, 598, 9340, 3682, 1740, 2320, 6010, 4835, 5989, 6804, 826, 7622, 3064, 2005, 5214, 9714, 8913, 757, 5325, 8839, 4222, 6567, 1753, 4489, 3130, 543, 7653, 607, 1123, 6989, 1954, 7098, 5143, 2974, 6508, 5452, 8054, 8392, 2429, 3119, 9182, 5636, 8473, 1404, 6990, 9514, 6399, 9052, 84, 496, 2095, 6277, 8582, 6681, 4541, 7223, 8346, 6166, 4175, 8968, 4630, 5374, 4898, 9437, 8412, 9055, 2039, 3563, 9874, 2126, 9087, 169, 3817, 9799, 3221, 7248, 1088, 2900, 601, 6688, 9450, 9611, 8374, 1968, 3134, 7901, 5129, 9675, 46, 4995, 7402, 5883, 4999, 3508, 8787, 5205, 1652, 6590, 1217, 9620, 4434, 4704, 8657, 6966, 9697, 9571, 9643, 9008, 1110, 259, 2245, 5849, 8179, 718, 8363, 9576, 1829, 1447, 6925, 6561, 1358, 6253, 1361, 5288, 9018, 9170, 6023, 7007, 1300, 6929, 7811, 6107, 14, 9368, 3298, 6991, 2433, 5462, 8992, 9713, 5470, 3739, 1269, 2625, 2292, 8139, 5927, 4353, 6425, 7915, 6286, 6070, 9646, 7785, 735, 3604, 1774, 8487, 5286, 57, 4437, 7074, 3980, 742, 5340, 2880, 8091, 84, 6026, 2848, 9025, 3603, 9539, 8976, 2708, 9916, 1543, 511, 5574, 2020, 5993, 6291, 9109, 2974, 8606, 308, 2411, 6535, 8638, 3597, 8241, 3140, 1493, 4023, 5584, 2161, 5715, 5378, 2439, 5500, 5266, 7629, 9625, 7830, 7645, 8633, 8076, 3206, 7704, 1069, 8377, 4472, 6988, 9559, 5687, 4455, 1553, 7597, 2742, 6266, 4774, 4994, 3210, 4599, 179, 2550, 9876, 4226, 2636, 5773, 847, 4505, 2314, 3195, 3379, 6768, 4645, 9278, 7497, 1944, 1655, 2237, 6035, 9555, 4779, 8164, 8624, 5515, 6623, 5177, 5947, 9822, 951, 8328, 2251, 6335, 23, 4663, 1155, 4569, 9652, 3731, 7763, 7622, 7196, 9693, 6144, 6496, 4241, 7892, 2256, 7401, 5627, 5323, 3320, 9232, 8875, 8391, 4822, 2521, 8020, 3609, 7251, 433, 6902, 4528, 6294, 8419, 9683, 7155, 4671, 3443, 4446, 8521, 9524, 9498, 348, 1866, 4594, 397, 3050, 1570, 8798, 7823, 2636, 3027, 8008, 1932, 6647, 1559, 7284, 2659, 8008, 254, 7962, 1412, 6988, 4904, 4468, 5813, 3572, 6885, 6347, 567, 5951, 3035, 5911, 1118, 1212, 4351, 6646, 1270, 6731, 9865, 1299, 4063, 9983, 6063, 996, 6272, 5864, 8458, 7332, 1199, 7196, 9882, 7049, 7410, 5318, 4595, 2467, 9905, 6325, 4588, 7035, 1687, 2013, 4581, 2625, 1524, 423, 91, 1992, 4621, 7064, 2165, 2601, 4937, 2377, 4059, 1600, 6133, 2954, 4833, 6005, 2151, 1103, 265, 4012, 5889, 42, 335, 9061, 2462, 7694, 6584, 7057, 3592, 686, 9572, 9378, 3352, 5771, 8551, 1888, 4290, 6434, 1780, 3736, 7835, 7706, 4013, 2121, 9295, 2835, 5815, 1643, 2602, 3796, 2896, 5998, 6395, 2875, 813, 7476, 660, 7320, 2268, 2938, 4830, 3333, 414, 6699, 5242, 1170, 5216, 3781, 7559, 4265, 1507, 7091, 6973, 9745, 3461, 8181, 5708, 6483, 2512, 4896, 5010, 2919, 6167, 4596, 9281, 3453, 8295, 6075, 6123, 593, 7961, 6125, 9904, 6937, 7966, 3678, 5996, 6602, 8658, 910, 3954, 6102, 7253, 4199, 8750, 7427, 4676, 9779, 5543, 4730, 8314, 3660, 1757, 6923, 7012, 6819, 8909, 1683, 2172, 6894, 6600, 9417, 2793, 8150, 1972, 8146, 3271, 356, 7437, 1644, 4997, 2190, 5254, 9489, 1761, 2419, 3681, 8746, 9303, 7920, 3650, 5069, 2482, 9779, 9185, 1147, 9223, 6776, 6814, 4921, 7733, 4871, 191, 8853, 6551, 1688, 5759, 9668, 7371, 6466, 2108, 1814, 8221, 6456, 6970, 2092, 6897, 7918, 2167, 211, 8734, 5197, 2882, 5517, 4634, 3132, 4307, 7639, 8410, 7746, 3817, 1988, 3155, 9396, 6759, 7291, 6426, 6618, 2483, 1033, 2570, 6572, 8714, 6552, 6579, 3508, 2565, 7820, 3052, 9572, 1266, 362, 64, 2490, 7753, 1169, 128, 9051, 5078, 8891, 1220, 806, 8188, 1357, 6604, 5424, 1741, 5454, 3250, 9875, 6878, 956, 9031, 6739, 7308, 3902, 7612, 5592, 9446, 8961, 3072, 7929, 8328, 5635, 4484, 4164, 5648, 7626, 5141, 1666, 1299, 7873, 7751, 24, 9789, 2758, 2062, 1549, 773, 4909, 2886, 9804, 7992, 8942, 4733, 3956, 6918, 974, 4771, 5783, 5777, 2841, 7889, 5102, 1723, 9102, 3230, 9985, 8630, 4460, 6065, 913, 9041, 4777, 1132, 412, 4011, 2244, 4764, 2842, 8438, 1860, 9546, 3644, 2895, 1834, 1907, 8008, 1532, 3752, 6756, 9935, 9522, 9399, 3778, 6580, 7991, 609, 7628, 3427, 2722, 6244, 8004, 4097, 5602, 4731, 9695, 3422, 9697, 2504, 578, 2988, 5598, 8907, 2264, 5458, 4301, 5279, 4924, 596, 3039, 3782, 1167, 2467, 9078, 9114, 4569, 7446, 2173, 3211, 1313, 2305, 3627, 1192, 7503, 8252, 4273, 8212, 4346, 2260, 1626, 3288, 5590, 8189, 6862, 1243, 7670, 4165, 4722, 6454, 1985, 865, 5862, 6853, 6924, 6293, 8483, 2696, 6493, 8988, 2620, 2967, 5112, 1261, 277, 989, 417, 8840, 8649, 3957, 971, 7304, 7432, 664, 2237, 7245, 5624, 7830, 3232, 7085, 9295, 5561, 186, 9974, 709, 7311, 614, 3743, 1551, 1957, 7067, 7356, 4030, 359, 2975, 1122, 3585, 6452, 7597, 1862, 4677, 8634, 6829, 9079, 3318, 9052, 7441, 8462, 8029, 8620, 1127, 3154, 7129, 7394, 5265, 6403, 3821, 8617, 7035, 7358, 7778, 5704, 394, 8788, 2052, 3422, 7996, 5828, 4346, 9700, 6165, 4815, 1492, 541, 4504, 7231, 2334, 5216, 7789, 6491, 558, 9134, 4406, 938, 3882, 7095, 9558, 1466, 3275, 4221, 9287, 7773, 9339, 7272, 555, 3140, 6934, 6488, 9, 7384, 9783, 7954, 7311, 6320, 4907, 8829, 2710, 1544, 3623, 1684, 283, 5666, 3886, 3654, 8740, 4769, 2987, 6288, 4298, 5468, 2878, 2234, 8671, 5816, 5078, 218, 5348, 3053, 549, 9273, 2370, 3237, 1905, 6912, 8004, 4934, 1066, 6612, 6925, 3773, 5712, 5974, 9490, 4503, 5333, 3787, 4201, 2644, 9810, 4282, 1757, 8557, 4595]
List Size: 8000
Insertion Sort Time: 3248.745000 milliseconds
Merge Sort Time: 37.338400 milliseconds
Built-in Sort Time: 1.247000 milliseconds

Original List: [2873, 9048, 1962, 827, 4951, 8681, 8643, 8133, 3580, 1602, 9967, 5782, 9866, 7166, 4926, 9039, 5313, 9037, 1586, 1515, 8727, 2112, 8024, 9333, 8249, 938, 8780, 5174, 2951, 9370, 1949, 536, 7129, 6962, 164, 4433, 7108, 4365, 1645, 5507, 3539, 2442, 8241, 2932, 3767, 9032, 6901, 3269, 3391, 3625, 9549, 5577, 6956, 7289, 1779, 7679, 1253, 4920, 3942, 8600, 869, 3215, 856, 2678, 4861, 8570, 2116, 4113, 587, 8430, 6350, 2412, 3548, 1153, 2527, 1453, 7907, 6340, 6862, 10, 5033, 1801, 6817, 4381, 6168, 5618, 8961, 6390, 4957, 6052, 3508, 590, 6610, 1764, 3203, 5135, 5784, 9021, 9703, 8015, 4464, 9661, 7350, 5696, 2455, 4908, 9556, 5997, 2704, 6653, 4268, 2681, 5606, 6267, 2531, 5620, 7096, 7039, 4395, 4746, 8122, 3928, 4237, 2284, 941, 7207, 1375, 3106, 7144, 7394, 3236, 2745, 8675, 5539, 6370, 9062, 8040, 3153, 5487, 8903, 860, 1168, 1978, 5142, 5239, 6754, 8573, 4512, 1421, 3316, 9680, 8582, 2081, 711, 7357, 9010, 3955, 2891, 7927, 2952, 2691, 8113, 7627, 2567, 2980, 53, 8217, 8641, 6032, 8704, 5207, 4740, 5348, 5341, 7004, 894, 5510, 5236, 8154, 7700, 7998, 874, 213, 813, 3903, 3247, 3246, 7578, 112, 2337, 5372, 1611, 1689, 6618, 8181, 7923, 1597, 1173, 6760, 768, 289, 7277, 6829, 6700, 1507, 1234, 2108, 5593, 5406, 2545, 6608, 1374, 478, 7217, 7926, 58, 7403, 2378, 1303, 6706, 7174, 6628, 4499, 4191, 8583, 8169, 3931, 972, 8679, 3467, 6930, 8478, 4213, 4767, 243, 1648, 2755, 5385, 3189, 775, 4882, 7259, 9288, 7839, 4903, 2507, 5820, 5242, 7679, 2446, 5122, 5350, 6510, 1566, 2274, 2257, 2585, 2230, 8029, 3900, 381, 6935, 7915, 9836, 2590, 7178, 452, 5051, 4835, 6343, 9408, 8964, 8723, 6092, 758, 1723, 9343, 7355, 743, 7673, 856, 3085, 4954, 3010, 6699, 6524, 952, 9982, 7919, 9635, 3922, 3744, 4110, 5822, 3745, 9652, 3903, 8132, 5974, 1719, 2029, 6188, 4264, 7289, 4728, 6965, 3561, 5520, 3015, 2935, 2, 5831, 3450, 7923, 3321, 9630, 8150, 9953, 846, 373, 133, 2504, 9701, 5952, 3394, 4826, 5198, 9591, 5071, 2135, 890, 2861, 8628, 3206, 8551, 1584, 498, 5409, 5531, 6984, 3125, 5078, 5840, 9280, 2003, 9314, 9100, 5110, 4119, 1357, 2880, 10000, 3211, 8963, 6898, 4779, 8989, 4239, 8396, 6243, 8933, 8853, 4732, 4264, 7576, 8109, 3307, 7336, 2887, 6418, 5565, 3857, 5516, 5406, 9088, 1687, 6476, 9763, 8530, 4326, 6846, 2086, 1114, 3099, 5244, 6604, 818, 945, 3254, 5297, 7820, 9073, 3259, 1322, 3825, 2093, 5761, 3869, 9920, 4435, 1741, 3367, 8421, 2822, 271, 6372, 3512, 9865, 9361, 1479, 4076, 4592, 3882, 1199, 9237, 4249, 3292, 1542, 7259, 3030, 2263, 9333, 9202, 9889, 4473, 9612, 2707, 7061, 6586, 7094, 1925, 1126, 8493, 7906, 9923, 106, 2150, 6735, 6444, 8196, 7674, 6599, 3580, 1230, 4975, 2008, 5082, 6593, 479, 5970, 1160, 4405, 8839, 6330, 7466, 3307, 9494, 8547, 8598, 3348, 5907, 9296, 9504, 9807, 713, 675, 3740, 3545, 4320, 2770, 4835, 5037, 7487, 1165, 3944, 6523, 2205, 4353, 2613, 9001, 7909, 7199, 589, 8146, 4499, 2583, 6089, 4468, 7389, 6231, 7594, 8941, 5966, 351, 89, 9816, 5963, 7062, 8527, 4957, 3220, 9286, 6606, 9183, 9128, 2053, 1033, 606, 554, 5859, 6898, 8923, 9307, 4138, 5586, 2048, 9633, 3338, 8519, 9880, 4789, 9940, 200, 1346, 4599, 954, 5150, 5351, 5723, 377, 9594, 269, 8817, 5967, 1090, 8437, 339, 4958, 4700, 8048, 4890, 8265, 1473, 1879, 9783, 2179, 3763, 9304, 2060, 1384, 8678, 6427, 7399, 8128, 8818, 3217, 3070, 8241, 8445, 4636, 2437, 7951, 9285, 6766, 4919, 3654, 695, 5461, 3348, 5687, 4462, 5379, 7122, 922, 4852, 8130, 2716, 4724, 4201, 9197, 2227, 5901, 7938, 9149, 6698, 4878, 71, 496, 1819, 8710, 243, 2119, 203, 4799, 9304, 4851, 1621, 1452, 4299, 7213, 1965, 1583, 570, 7775, 9804, 1179, 4391, 2895, 2172, 995, 8219, 6826, 4019, 3618, 1130, 3438, 8878, 456, 3369, 751, 570, 6397, 2545, 1512, 4910, 5135, 6162, 4079, 5525, 2962, 8693, 9468, 5311, 4155, 2355, 7434, 9828, 3100, 8577, 5215, 3134, 7820, 1771, 1024, 3987, 3297, 4687, 1843, 2245, 9678, 8455, 7787, 6032, 383, 3840, 4632, 9688, 7670, 265, 3629, 4179, 4515, 7262, 214, 8147, 8493, 8015, 452, 262, 6989, 3009, 2636, 5286, 8762, 9364, 3521, 5743, 2986, 7820, 1913, 9725, 1679, 5398, 7976, 5185, 5367, 5467, 9538, 1200, 4401, 6830, 5258, 5866, 652, 1567, 1522, 212, 5636, 6659, 791, 2062, 3890, 9635, 6541, 2395, 4414, 5814, 5846, 2077, 2796, 7966, 9248, 6711, 4675, 9824, 2490, 1041, 6271, 1793, 3695, 7738, 5518, 8781, 2610, 5322, 7543, 5238, 8504, 2817, 4844, 6661, 1669, 8906, 7483, 172, 4135, 139, 1069, 6017, 3871, 323, 5177, 8206, 5340, 1714, 5292, 5044, 4453, 8331, 3648, 2318, 1870, 1005, 2929, 9136, 4323, 5900, 3433, 9540, 7682, 8690, 3152, 4881, 1180, 957, 9586, 3434, 2693, 3610, 5942, 46, 80, 4799, 4507, 615, 428, 9222, 2400, 3267, 9996, 2881, 7587, 3001, 9871, 2768, 1948, 6540, 3181, 8008, 2397, 8442, 1860, 1673, 9989, 7077, 8736, 1545, 5515, 6021, 2006, 8568, 5959, 3904, 9048, 3109, 1384, 8022, 483, 8902, 8004, 9856, 7965, 4651, 5792, 9817, 1720, 4383, 2326, 5748, 9453, 3408, 797, 3127, 8127, 4904, 2948, 1367, 2523, 4378, 7168, 6278, 2134, 8345, 3122, 9093, 8721, 7554, 1347, 4542, 3356, 8429, 7357, 2445, 5284, 8810, 3436, 2540, 1432, 7919, 7792, 7805, 6628, 3178, 8944, 5259, 6041, 6486, 1129, 2885, 4360, 7799, 3567, 1111, 531, 8497, 5903, 4898, 244, 1862, 2059, 874, 951, 82, 5559, 2635, 5849, 1406, 1929, 8735, 4657, 2871, 4565, 1368, 6584, 621, 990, 8355, 318, 5416, 760, 5026, 6523, 3665, 8265, 6349, 2612, 7, 4236, 4699, 2236, 2965, 1273, 6799, 1130, 2847, 7927, 5277, 2551, 2334, 2005, 2717, 5131, 1066, 654, 1317, 6493, 7296, 2031, 1682, 6257, 6424, 429, 4142, 4434, 912, 7547, 2837, 7502, 9889, 7229, 5559, 3727, 2015, 5317, 5728, 367, 457, 3435, 7831, 4569, 5590, 6921, 6136, 9183, 1378, 3745, 5240, 7649, 5661, 9770, 6587, 8748, 2195, 900, 594, 7237, 1632, 5588, 3673, 710, 6129, 6220, 7122, 4678, 6789, 2903, 4119, 7068, 6235, 6464, 7214, 544, 4415, 396, 8694, 7508, 9383, 4291, 4496, 6180, 604, 6090, 4536, 1035, 8199, 5491, 2632, 3406, 955, 3306, 1530, 4565, 2261, 1230, 5602, 5632, 2434, 8907, 89, 4029, 8609, 7601, 6899, 5981, 354, 8527, 7848, 4909, 9255, 6505, 8163, 9430, 1939, 2092, 3129, 3273, 89, 5080, 8888, 4144, 6707, 6592, 4994, 7181, 7063, 2130, 8306, 3991, 5441, 6863, 6638, 4555, 9749, 5591, 2205, 2505, 9078, 381, 5685, 8503, 5043, 6277, 6841, 5423, 1635, 5612, 4671, 7466, 3005, 1419, 266, 3298, 7245, 4996, 9631, 5320, 7840, 2986, 1239, 9986, 104, 951, 5812, 6704, 3807, 7050, 7808, 3368, 7182, 8150, 1391, 2135, 5094, 3599, 6166, 6762, 7560, 4840, 7740, 2652, 346, 5440, 7941, 9495, 5420, 775, 9986, 4639, 2767, 8088, 7036, 3232, 7920, 5042, 3988, 1550, 1710, 6979, 4632, 7645, 7183, 9845, 8695, 1291, 5350, 4988, 6922, 7285, 771, 1786, 3582, 2866, 5251, 8851, 1581, 3671, 826, 4512, 5104, 9255, 7340, 5451, 5369, 9767, 5909, 2076, 6096, 3396, 7571, 9091, 1916, 7743, 1778, 2958, 4320, 4063, 6384, 8873, 3893, 4745, 4913, 8166, 9860, 963, 341, 8719, 5710, 6158, 7861, 2955, 9771, 5827, 1187, 9444, 5724, 4481, 8500, 5412, 3495, 3236, 4762, 6455, 7290, 8924, 3435, 9247, 1330, 6984, 5515, 2343, 2778, 2722, 5459, 995, 3414, 3727, 8960, 5043, 2799, 1021, 5570, 7930, 3067, 7237, 8272, 2240, 7402, 1098, 6164, 3125, 5122, 3516, 2250, 6419, 3063, 7097, 2580, 5028, 5571, 1886, 2461, 3064, 8051, 8148, 9749, 7345, 3897, 6313, 1334, 5787, 9537, 7225, 3800, 9826, 9430, 5262, 3343, 8623, 1741, 6748, 5460, 1819, 3408, 2132, 9071, 7204, 169, 5583, 2224, 5322, 1232, 5675, 7028, 604, 2266, 899, 6767, 1154, 1071, 883, 9696, 1998, 4464, 9261, 7431, 3784, 2834, 8841, 2939, 4825, 1354, 4735, 6412, 7258, 8197, 4674, 3979, 8739, 1118, 3679, 7764, 6495, 8852, 6202, 7845, 4652, 1254, 7218, 1981, 7211, 6970, 6140, 3913, 3178, 6333, 4866, 4271, 7900, 7813, 8854, 9379, 7124, 4702, 3645, 5641, 4694, 3172, 3294, 6019, 4463, 4478, 4990, 6380, 8758, 7469, 2568, 7754, 3006, 3559, 765, 5942, 6028, 699, 7830, 6840, 6130, 6646, 3501, 5004, 3769, 1313, 6144, 3299, 9638, 5831, 1231, 6488, 4057, 6646, 3437, 2431, 8735, 3022, 6528, 9927, 9065, 7723, 8030, 1654, 5147, 2935, 1357, 3355, 3931, 1455, 2644, 8125, 4868, 5125, 1128, 301, 9760, 8913, 6340, 6851, 6176, 7715, 8661, 1373, 7877, 6032, 7089, 2347, 1251, 9603, 5199, 8674, 6610, 932, 677, 6274, 127, 3975, 2029, 7745, 3680, 5895, 8285, 1896, 4269, 3850, 8154, 5210, 2631, 9090, 9555, 7236, 8447, 5429, 7281, 93, 2432, 9592, 6352, 4251, 9481, 4433, 2917, 263, 7023, 4290, 976, 3779, 3201, 7191, 8951, 9635, 8294, 2809, 9759, 3919, 8752, 3358, 8111, 9257, 9176, 6398, 426, 7293, 1945, 7795, 7650, 2828, 3813, 7647, 5357, 8941, 7668, 3637, 6395, 5046, 5698, 8342, 2606, 7980, 6647, 9004, 4924, 4139, 8940, 5971, 4382, 5072, 394, 1199, 4046, 8831, 410, 9812, 6277, 6441, 1320, 7041, 1185, 1625, 7249, 797, 8570, 7757, 5014, 5360, 9286, 4063, 8934, 4710, 7639, 9887, 3848, 4458, 9650, 4328, 2375, 3151, 3899, 8431, 1346, 9363, 8195, 6545, 6568, 988, 8380, 6338, 6811, 7574, 7607, 2789, 3094, 5886, 6249, 1094, 1937, 3197, 9273, 7141, 9679, 22, 1804, 1906, 3149, 6257, 8939, 4135, 4750, 4870, 2910, 5875, 6282, 8394, 8058, 8538, 1930, 9611, 7221, 1333, 9404, 5083, 765, 439, 7869, 6013, 6867, 8218, 4952, 1184, 7335, 1654, 5699, 7015, 172, 2449, 3319, 3427, 6511, 1580, 7864, 5614, 8138, 9014, 2252, 2802, 9785, 6738, 9339, 3396, 6104, 381, 2413, 2202, 4665, 931, 6128, 2926, 4016, 4958, 7859, 4927, 504, 3648, 4465, 2494, 2662, 5260, 2144, 2846, 5090, 7175, 3694, 6581, 8143, 9718, 9358, 7908, 687, 5484, 2028, 3402, 7931, 4850, 332, 624, 6447, 1228, 1390, 9693, 8362, 2905, 7972, 1979, 8396, 1704, 5541, 2335, 2173, 9559, 1465, 6067, 4757, 8423, 3053, 4175, 9720, 4982, 8858, 1164, 1140, 5270, 2651, 4288, 2835, 6175, 1243, 610, 6676, 4792, 8956, 2246, 5636, 8042, 3637, 7130, 3642, 6530, 8278, 1749, 4755, 4089, 258, 8517, 6872, 4362, 2085, 9080, 5013, 5598, 8532, 3962, 9557, 3033, 996, 6313, 7795, 3848, 3636, 3443, 714, 3997, 7716, 5589, 2331, 6803, 7645, 969, 2008, 9431, 1951, 6270, 8219, 3594, 2670, 1666, 2226, 985, 606, 8073, 3814, 1943, 5693, 6699, 4355, 1002, 3249, 7811, 8497, 1797, 194, 5971, 1482, 6674, 5522, 84, 1212, 6830, 6116, 2083, 5561, 8680, 2509, 4576, 1071, 5888, 9507, 8820, 6640, 9742, 4250, 7958, 1078, 3259, 9835, 5884, 7349, 4819, 3014, 5740, 8445, 7049, 5483, 8728, 6242, 5065, 7568, 1352, 5088, 1970, 2568, 9287, 1940, 4529, 7902, 6231, 3637, 495, 3752, 6793, 3508, 9348, 3280, 8677, 3340, 8136, 9519, 4943, 6937, 7125, 2197, 4042, 2102, 6644, 978, 1963, 6401, 1197, 8133, 490, 8738, 1602, 2615, 191, 8645, 98, 9133, 7986, 6864, 2816, 3073, 5574, 3217, 8549, 5799, 8783, 7518, 7232, 835, 8965, 8424, 8532, 4800, 6881, 4023, 9744, 2751, 3570, 1817, 1415, 8510, 4459, 8134, 7852, 4391, 2076, 5112, 7595, 8987, 696, 4288, 2427, 3629, 520, 5409, 5605, 6010, 4038, 6766, 8809, 8564, 6954, 6180, 3239, 1424, 976, 4933, 6239, 4328, 3569, 1740, 6403, 2349, 985, 6466, 4429, 8073, 5627, 3498, 2736, 3422, 4939, 9251, 6161, 8495, 3721, 2701, 2542, 5764, 9286, 0, 7331, 7174, 6553, 6036, 3645, 488, 3365, 8441, 2030, 3016, 2660, 8619, 9543, 4201, 9284, 178, 6794, 5963, 4594, 1718, 4691, 3165, 8597, 761, 6171, 8963, 8399, 9450, 446, 7470, 3400, 3157, 9438, 9355, 1000, 173, 5969, 4819, 1333, 3890, 3370, 1596, 2453, 5243, 8724, 23, 1954, 671, 1887, 5019, 2504, 4405, 971, 2492, 3917, 1025, 7725, 1815, 8811, 9455, 5534, 2692, 6278, 374, 8404, 3651, 3940, 1490, 4452, 1732, 813, 7790, 5507, 4419, 1298, 9437, 5774, 5314, 3979, 6399, 8489, 6799, 4083, 2032, 9973, 3998, 444, 4538, 3431, 1785, 9051, 8375, 4177, 192, 4905, 7616, 7167, 9865, 6434, 1013, 6539, 6155, 8016, 8766, 4298, 7274, 2637, 8657, 7826, 5358, 1599, 5607, 3795, 8048, 2042, 5970, 2504, 5861, 8653, 8334, 3672, 4952, 7085, 2516, 1571, 6790, 2630, 9098, 9992, 3357, 6350, 3180, 1058, 9080, 7377, 6417, 8465, 639, 6700, 4192, 3892, 44, 3443, 5207, 4748, 9352, 9393, 5158, 7998, 1291, 648, 7611, 9571, 9724, 9052, 1903, 6259, 8933, 2111, 9085, 5094, 9554, 1603, 1461, 5787, 3681, 9096, 9486, 2280, 1978, 7193, 3606, 8028, 4427, 2120, 6825, 7811, 7403, 772, 6021, 7539, 1136, 3232, 9937, 6789, 5082, 5169, 9021, 682, 6492, 3435, 4216, 3367, 7276, 1006, 7885, 9446, 748, 6596, 2418, 3035, 8657, 7856, 4312, 6292, 5758, 4553, 6198, 3502, 1409, 6270, 6523, 5866, 6541, 9084, 146, 2522, 5212, 6314, 2733, 6404, 8418, 3182, 4697, 4626, 981, 9334, 2643, 4068, 9406, 3546, 3592, 2820, 7453, 8096, 88, 7995, 4225, 9198, 3592, 7315, 9105, 8778, 406, 91, 6071, 9144, 3366, 6364, 5205, 2464, 5096, 1240, 522, 2653, 2989, 8788, 6365, 5424, 6210, 4596, 8228, 3137, 7837, 7030, 3740, 8637, 3617, 6979, 1686, 8630, 9523, 2454, 8563, 1877, 9541, 6878, 3319, 7218, 371, 6667, 788, 9844, 8257, 9944, 5919, 5036, 5162, 493, 7253, 4220, 2370, 121, 5151, 9125, 3846, 5774, 3674, 4733, 4853, 3645, 7287, 6011, 37, 479, 3048, 4078, 9699, 3897, 8216, 1484, 6811, 9959, 8703, 2001, 6355, 4969, 8680, 6957, 2490, 361, 8353, 3352, 4005, 3233, 32, 3003, 8721, 2585, 1848, 8865, 9971, 9374, 662, 3968, 4070, 7022, 2920, 2193, 6624, 7735, 7529, 5141, 9277, 9144, 9717, 4926, 8628, 5873, 5108, 4684, 4445, 383, 9823, 8145, 923, 8214, 6963, 3332, 5144, 5260, 8088, 604, 3467, 4893, 4262, 7182, 7573, 8795, 2177, 1412, 4217, 198, 12, 7789, 3472, 6360, 6696, 8991, 9480, 857, 6714, 1562, 9601, 8250, 6905, 992, 9917, 5316, 26, 6576, 6927, 5096, 8766, 5257, 121, 792, 9271, 1105, 3045, 6105, 6976, 4687, 8382, 5939, 1283, 4128, 5075, 6826, 9410, 2101, 4427, 1225, 7223, 5573, 9116, 6057, 7104, 7009, 5727, 3143, 7987, 1999, 2703, 3542, 639, 8831, 8352, 6995, 3820, 2625, 1901, 7969, 6914, 873, 8396, 787, 8989, 1882, 3567, 3685, 2639, 6283, 8393, 9890, 3163, 5103, 7444, 7541, 3543, 9160, 6248, 5796, 3561, 1413, 5411, 3594, 7733, 683, 9769, 128, 411, 9368, 7254, 7726, 511, 9185, 2376, 2655, 6295, 958, 4780, 7650, 1501, 2056, 8123, 2550, 7464, 2409, 1907, 6590, 9202, 6584, 5258, 8787, 3151, 1753, 5915, 2848, 5049, 1688, 3942, 779, 4902, 4865, 3446, 5671, 9202, 3788, 3406, 2727, 6471, 6916, 3051, 3992, 6190, 3260, 5663, 6211, 188, 8663, 5995, 8582, 682, 2256, 5585, 2530, 3173, 3438, 5201, 8933, 6086, 2391, 1666, 5242, 5301, 2169, 7983, 8302, 8906, 9600, 7575, 4573, 5543, 6141, 3489, 2170, 1912, 3864, 1920, 6419, 196, 6956, 1149, 525, 9064, 4397, 1029, 6394, 9659, 2992, 5419, 9107, 7995, 4471, 5784, 2470, 5811, 9405, 5476, 7933, 2331, 715, 8313, 4074, 1595, 5478, 6131, 2331, 655, 2743, 5792, 1484, 3612, 9094, 1300, 6669, 9179, 7757, 8856, 4122, 8321, 6784, 2336, 5827, 5554, 5844, 1919, 8707, 9527, 5622, 2034, 1014, 6519, 3756, 9871, 2076, 5369, 8236, 2841, 366, 8349, 6274, 1211, 4289, 6526, 8331, 5076, 6682, 1866, 3128, 8834, 2695, 7342, 4314, 2592, 1381, 752, 5563, 6379, 2610, 3197, 1792, 308, 3580, 5147, 9557, 4372, 3780, 8788, 238, 1414, 2463, 1028, 8844, 4, 6342, 147, 8560, 6351, 785, 567, 8694, 9761, 1773, 5672, 936, 8700, 2305, 6839, 6533, 2656, 7344, 6014, 6297, 3761, 6987, 5877, 3031, 7109, 3761, 41, 4041, 6858, 68, 8115, 3261, 6229, 6351, 406, 5716, 3978, 6099, 8347, 7589, 40, 1489, 2501, 6292, 7672, 2049, 5395, 5792, 2994, 7109, 5755, 3516, 4166, 6163, 3544, 8866, 4693, 7555, 8382, 6917, 9741, 2779, 2074, 1271, 2465, 8407, 1492, 7843, 2574, 2848, 1301, 6202, 8122, 8293, 557, 6356, 1504, 4897, 4717, 9602, 9141, 6933, 7012, 315, 3952, 5731, 4377, 1254, 9600, 5181, 6689, 9368, 9029, 3777, 5963, 1356, 8060, 881, 9363, 6813, 87, 5703, 9003, 4348, 2552, 7238, 6742, 2246, 9746, 3385, 4098, 8287, 1694, 2179, 1486, 8243, 8350, 6392, 8673, 9665, 2019, 7185, 8936, 4675, 3913, 9623, 4062, 6678, 6332, 4257, 4110, 5786, 678, 4284, 4516, 2290, 3975, 7933, 5789, 1268, 3431, 7349, 4099, 3055, 1072, 4500, 5862, 5000, 8168, 5521, 6437, 3941, 8471, 8084, 4826, 762, 3695, 4417, 2359, 2565, 3948, 3290, 8756, 3382, 7538, 9779, 4431, 600, 6319, 195, 6544, 6236, 5744, 9743, 1792, 1095, 3382, 2876, 5245, 9229, 4199, 1269, 9317, 1022, 6148, 7270, 8028, 6901, 3809, 4134, 458, 1952, 5535, 1691, 768, 1063, 2895, 9614, 5596, 285, 2229, 1766, 4876, 4418, 3878, 618, 3518, 9489, 1652, 8842, 4804, 9162, 3834, 6894, 4793, 6000, 22, 7800, 8198, 8540, 6508, 8662, 6907, 5583, 3296, 723, 8321, 2380, 1169, 4747, 799, 7274, 7220, 5908, 8331, 5211, 4443, 6179, 1370, 9109, 6693, 4917, 4784, 6143, 7186, 3515, 5051, 6464, 1436, 171, 7569, 3122, 7605, 1573, 6999, 3316, 8241, 488, 6485, 7329, 9774, 9083, 8165, 6074, 266, 4635, 3141, 3177, 6098, 1623, 1536, 8817, 6293, 4945, 7128, 4933, 6283, 8880, 8268, 3989, 624, 1988, 3008, 9716, 4952, 5004, 7582, 9000, 3812, 8914, 843, 3521, 873, 1720, 8069, 430, 7380, 5023, 7231, 8939, 8674, 6795, 8929, 2744, 8011, 979, 8057, 6254, 6083, 2202, 4181, 3199, 3712, 3921, 2430, 1431, 2590, 5188, 1583, 3631, 2009, 7912, 2960, 851, 850, 3819, 6145, 9974, 9728, 3561, 1537, 2779, 9681, 9905, 2118, 5989, 5428, 7506, 3765, 2316, 7779, 9920, 1629, 1553, 1436, 1426, 1842, 89, 4899, 4363, 169, 2534, 6438, 903, 1405, 6769, 2216, 5467, 6611, 527, 7741, 4000, 1553, 312, 9856, 897, 7210, 5247, 7198, 7736, 4133, 3626, 6326, 2972, 6923, 5021, 5302, 798, 5076, 3255, 8713, 4563, 215, 1852, 8657, 73, 8862, 5091, 9159, 3808, 5444, 4488, 3403, 8843, 9255, 5668, 738, 433, 2032, 7158, 6680, 8627, 5965, 8004, 2732, 2915, 1521, 9099, 382, 644, 3251, 8562, 6904, 4930, 3028, 1214, 1973, 7739, 2335, 3606, 3009, 1330, 5635, 8861, 5436, 7836, 9137, 7936, 7358, 6109, 4930, 6153, 6142, 3254, 3893, 142, 1901, 8181, 9401, 3792, 8551, 1369, 6741, 1272, 2651, 5657, 3519, 618, 5473, 657, 8179, 7055, 5151, 3195, 2126, 815, 4916, 2863, 8634, 7875, 6289, 392, 3173, 6884, 2096, 3822, 6288, 8915, 1494, 1065, 3316, 4344, 8300, 809, 837, 1191, 9019, 4518, 2417, 5866, 6833, 6638, 6991, 6047, 9806, 4893, 1524, 1409, 84, 3581, 5869, 1189, 6943, 8261, 9226, 6561, 4162, 4928, 5019, 3655, 6834, 7705, 4295, 8267, 8216, 1041, 349, 9904, 5786, 6469, 6432, 401, 3462, 8360, 8698, 945, 4500, 9887, 2988, 6465, 5104, 9412, 6954, 4945, 47, 6855, 9275, 1959, 5943, 5502, 1782, 8943, 7461, 423, 923, 4462, 5143, 5387, 5632, 8520, 1472, 2423, 4442, 9108, 3968, 5261, 4313, 3745, 1937, 1191, 2830, 6483, 2613, 5784, 5948, 4498, 3390, 9352, 2786, 7337, 3953, 4242, 4185, 7092, 8724, 7119, 7895, 9977, 6003, 8193, 48, 5546, 3894, 172, 3681, 9126, 1353, 6150, 1869, 9774, 2934, 7294, 9362, 7904, 2186, 1298, 1575, 1773, 5499, 2660, 9124, 863, 8908, 3376, 3082, 4872, 6313, 3511, 880, 2954, 6325, 4966, 3814, 8975, 5042, 3708, 3285, 331, 1231, 6510, 3402, 6686, 9067, 2324, 7476, 5037, 6608, 9856, 838, 5440, 2711, 9091, 230, 4007, 6124, 9105, 4231, 8706, 3556, 494, 9760, 9193, 6633, 222, 7076, 9187, 2596, 4844, 5523, 4112, 8714, 7831, 7326, 3541, 5283, 5164, 75, 7605, 4713, 7587, 7383, 6826, 7596, 5526, 9085, 5884, 4320, 6287, 8846, 9909, 9637, 7137, 9094, 3139, 9160, 8379, 2010, 6396, 4826, 1912, 5502, 8708, 6439, 728, 7717, 771, 9960, 4500, 7115, 8282, 7336, 9495, 1961, 9678, 54, 9176, 7567, 522, 7022, 4265, 2487, 2999, 9739, 2337, 9534, 4377, 6075, 9874, 400, 598, 794, 1684, 6578, 7649, 4050, 2419, 3853, 7067, 8841, 6129, 2378, 115, 8357, 7685, 8697, 5306, 8900, 3200, 692, 393, 7132, 864, 52, 2313, 8197, 2616, 2684, 3577, 4266, 1914, 1132, 2504, 6944, 6529, 4870, 1301, 3508, 7897, 4931, 5038, 7743, 4420, 1529, 1665, 8878, 6402, 4940, 2746, 8808, 1528, 7761, 127, 9376, 2715, 593, 5980, 9247, 3515, 3565, 7082, 8549, 6742, 6103, 8351, 6889, 3807, 8501, 3415, 3556, 960, 7088, 9761, 6831, 4205, 5246, 4895, 5023, 8909, 7276, 5815, 5458, 6847, 5190, 6804, 1425, 8602, 2974, 8842, 481, 6378, 2035, 1134, 2646, 1755, 328, 3762, 161, 7559, 8665, 2457, 9971, 2648, 8362, 6786, 3902, 4943, 6732, 6989, 710, 2097, 2635, 1771, 8811, 9945, 3786, 9623, 611, 1184, 5408, 2595, 9647, 47, 4648, 7707, 220, 8671, 4685, 458, 9335, 2763, 8741, 813, 3311, 9128, 2348, 2558, 1794, 7260, 7498, 2873, 2695, 1481, 4758, 3800, 4793, 1668, 4374, 4535, 9828, 9585, 5217, 3861, 1830, 4323, 8826, 7625, 9847, 5761, 6257, 2821, 8255, 2416, 1097, 7018, 3144, 4942, 3730, 389, 696, 6409, 8921, 1847, 6578, 529, 2913, 9068, 2575, 1993, 7231, 8334, 3489, 8147, 6832, 6652, 3782, 7800, 672, 3573, 648, 9836, 34, 4105, 2591, 231, 6069, 7565, 9860, 9712, 5087, 7648, 4513, 9076, 2570, 8291, 4315, 8450, 7353, 2684, 1000, 8997, 4461, 7799, 9263, 2248, 7116, 3954, 75, 2933, 5558, 2431, 4072, 1047, 5914, 7812, 917, 2204, 9111, 5989, 5838, 9597, 3712, 1740, 4344, 2796, 6991, 4938, 5624, 6568, 2646, 9087, 6760, 1043, 1454, 1817, 5427, 3506, 5402, 8861, 9401, 9085, 8034, 1418, 9411, 4336, 9078, 8488, 3609, 8417, 3484, 1744, 1030, 6352, 3909, 5580, 4640, 6436, 9549, 9919, 453, 4904, 2974, 6081, 7025, 4234, 9469, 6233, 8760, 1928, 7698, 9281, 6313, 93, 4995, 2814, 8846, 2159, 691, 1578, 8876, 4640, 3259, 2279, 3043, 7137, 9729, 2083, 9956, 28, 5566, 2265, 8329, 112, 9681, 4994, 7211, 7712, 4549, 9768, 4280, 2573, 3720, 1706, 4707, 519, 6553, 1814, 9298, 6948, 6658, 8529, 6388, 457, 9039, 9537, 1883, 5725, 7362, 3562, 9063, 3456, 467, 8993, 8120, 7191, 7229, 8451, 3576, 1392, 9226, 1415, 5659, 3766, 2205, 2950, 356, 3924, 7306, 3815, 5137, 112, 1255, 556, 1633, 5967, 7197, 9689, 8398, 5859, 2197, 8370, 2769, 6716, 1577, 5186, 5643, 3647, 1297, 7153, 9372, 7959, 3848, 3700, 6590, 7257, 5865, 548, 8830, 657, 4531, 9157, 5448, 8462, 2089, 6745, 1110, 8863, 8669, 5304, 869, 5488, 6345, 2371, 2457, 3840, 8189, 3319, 3156, 2049, 5235, 6164, 821, 6071, 3329, 431, 2140, 8218, 5067, 9658, 2462, 4863, 6259, 3241, 158, 3568, 8173, 4997, 1189, 2979, 4959, 9951, 1801, 4794, 3196, 4279, 2593, 6427, 6392, 7782, 8705, 5553, 841, 604, 1857, 3717, 2653, 4241, 9943, 5116, 5585, 2957, 9489, 7750, 9844, 7939, 9200, 6284, 5855, 9619, 9737, 4831, 519, 3864, 1325, 4161, 5825, 6162, 1471, 4211, 7657, 264, 5476, 4837, 8241, 4070, 7280, 5971, 9799, 8542, 4094, 2507, 3944, 9477, 1838, 4226, 1177, 564, 2135, 9446, 2132, 3925, 4825, 9555, 3762, 6939, 1364, 1107, 2615, 6411, 8939, 1789, 2698, 1175, 5298, 4125, 1511, 9169, 7498, 8056, 9472, 5067, 3648, 7389, 9042, 9529, 3489, 1042, 542, 6307, 7727, 1652, 4376, 5855, 5596, 6475, 8795, 160, 9663, 7088, 5654, 889, 3459, 1693, 8766, 9868, 4855, 7249, 461, 2091, 3426, 6097, 8539, 6284, 2508, 7477, 5330, 6263, 1064, 3907, 5799, 6287, 9473, 1484, 9911, 2602, 1866, 9960, 688, 5189, 1841, 9223, 8496, 8045, 2257, 7214, 6638, 1978, 1340, 3879, 5184, 7031, 3858, 1621, 7673, 618, 1149, 8215, 7278, 3508, 9602, 8283, 9641, 8894, 841, 7150, 4330, 1351, 8538, 4845, 8567, 1962, 9615, 7444, 9815, 2290, 3369, 9065, 7421, 7918, 6306, 10000, 692, 4888, 4345, 8701, 8744, 4205, 645, 8379, 1439, 5438, 7994, 7240, 9273, 1556, 5284, 1703, 7972, 5770, 4641, 131, 6718, 1586, 6803, 1534, 9510, 8224, 749, 4728, 6275, 8529, 2349, 6477, 5601, 616, 7876, 5917, 1801, 832, 6627, 4456, 5277, 1042, 1960, 832, 6040, 2933, 9286, 168, 6982, 4922, 5884, 1759, 1238, 8472, 5234, 3784, 1278, 4176, 7360, 1379, 5439, 1516, 8435, 9602, 1350, 1289, 5340, 1003, 2709, 966, 3136, 5422, 2448, 7713, 6152, 8908, 5797, 3022, 6713, 3873, 5472, 4476, 3385, 3009, 9183, 7368, 7761, 9484, 5193, 8677, 2517, 2390, 4000, 7652, 9504, 5023, 5632, 8717, 5376, 5196, 5701, 6370, 4568, 5353, 7449, 12, 5914, 8982, 4086, 3213, 1264, 4859, 2211, 7725, 1746, 7322, 7485, 1456, 6797, 8597, 6394, 3280, 3517, 1066, 6120, 2607, 2121, 2830, 5655, 1333, 2393, 1701, 386, 4037, 9277, 3824, 7201, 1159, 6574, 4377, 1665, 8248, 3060, 2924, 5370, 5411, 2271, 8501, 6937, 7110, 4674, 1515, 7743, 1853, 9107, 5433, 6082, 9366, 9251, 8733, 4498, 1102, 2499, 136, 2518, 428, 3620, 2484, 1006, 6375, 3921, 9505, 8709, 5499, 2043, 2598, 2773, 9871, 5786, 461, 3397, 6790, 4036, 2175, 9679, 9655, 9494, 5402, 2457, 5373, 239, 3465, 8392, 2725, 7305, 5584, 5733, 8599, 8612, 5717, 5453, 6878, 7016, 351, 3378, 3951, 2955, 991, 5504, 3505, 2589, 6266, 3099, 1776, 7086, 9938, 4596, 4747, 2859, 8090, 5553, 9823, 8726, 9274, 8989, 334, 9513, 8009, 8087, 5238, 6224, 9742, 9675, 9558, 9499, 812, 266, 4752, 1604, 5746, 33, 1280, 1319, 1568, 3846, 416, 4170, 6750, 1946, 9416, 8807, 2665, 3041, 9670, 6759, 7031, 6569, 3244, 5079, 3802, 2758, 5273, 4946, 1103, 5172, 1800, 3782, 4338, 5657, 8109, 6978, 3997, 6220, 3915, 7633, 3046, 152, 4848, 7688, 7295, 7430, 2675, 7187, 4720, 3843, 8971, 2004, 5851, 264, 4882, 8719, 8375, 6093, 8817, 4326, 2103, 6856, 1592, 9945, 2928, 9697, 5960, 8152, 7345, 6944, 4686, 3383, 8232, 2544, 4959, 6697, 9406, 9303, 8789, 2109, 2446, 5530, 3163, 8761, 5815, 799, 3115, 5639, 4086, 3309, 2179, 1293, 8986, 2461, 5155, 5092, 1738, 52, 2150, 7360, 942, 2904, 2980, 4626, 3114, 5058, 7835, 8491, 8042, 2017, 2246, 4043, 6747, 9265, 6384, 9126, 4872, 6788, 8842, 956, 7414, 1786, 4101, 9471, 5670, 6970, 1197, 4768, 2128, 4588, 5872, 4644, 1596, 2486, 7790, 6050, 7133, 9692, 4808, 5156, 2071, 8665, 3394, 9975, 147, 6994, 2013, 2953, 8760, 8364, 1267, 5423, 8322, 5517, 3790, 6977, 3385, 7573, 8425, 8714, 4364, 7471, 4907, 6060, 1903, 6898, 3892, 2620, 3270, 296, 6834, 393, 1814, 7644, 8119, 4930, 321, 8195, 6413, 7517, 8136, 5331, 5415, 5816, 7558, 9526, 8500, 2466, 4043, 3087, 1910, 7846, 7137, 1080, 2955, 2881, 9371, 1462, 7818, 7836, 6674, 6657, 5671, 5301, 8141, 2717, 2862, 9658, 3324, 858, 3359, 6611, 4986, 4277, 3455, 9743, 7847, 3584, 7229, 2030, 902, 6142, 2359, 3105, 7244, 3871, 3729, 6006, 7413, 4262, 3392, 8025, 1326, 2768, 7212, 4591, 5090, 6917, 4641, 9746, 7629, 4770, 1136, 3265, 2455, 5715, 8432, 1163, 7362, 5708, 7093, 7994, 3518, 2335, 7321, 789, 1275, 8672, 2721, 426, 2265, 2839, 5719, 3175, 4865, 3739, 6394, 8817, 0, 2964, 1236, 1863, 1406, 6681, 2598, 3659, 1798, 2622, 6819, 6391, 5447, 1036, 4650, 6452, 6455, 1779, 3131, 3648, 2108, 7354, 184, 9721, 5618, 8483, 81, 828, 7587, 2967, 7730, 8851, 9947, 187, 6854, 6304, 1681, 7944, 5344, 2800, 1607, 6919, 6288, 8271, 4685, 8038, 2496, 426, 3720, 8419, 4747, 2547, 7642, 3886, 4285, 9876, 8216, 3384, 9641, 5141, 7568, 5594, 6087, 439, 7146, 2090, 7647, 1047, 4426, 4822, 4606, 2137, 9339, 6249, 6111, 10000, 1514, 949, 3543, 8369, 8421, 3652, 2059, 5396, 9304, 4463, 2800, 3794, 6619, 3011, 8094, 864, 2334, 9309, 7662, 9801, 8840, 4803, 4576, 1787, 3388, 4138, 9793, 2743, 4747, 2929, 5004, 5668, 2557, 4856, 295, 4239, 2236, 2271, 9141, 3747, 1819, 393, 8769, 9989, 841, 8443, 933, 6646, 8146, 2928, 7015, 7990, 8684, 92, 3432, 5075, 7454, 8837, 3708, 1455, 6387, 4568, 9496, 7686, 9111, 1937, 6351, 6956, 6494, 8549, 9321, 7606, 1180, 9893, 9111, 5532, 9816, 2001, 4222, 5125, 6447, 9558, 8655, 2136, 1823, 1931, 8202, 5500, 5178, 6232, 4827, 1512, 8001, 6669, 9539, 34, 3833, 9100, 814, 8498, 3860, 5311, 8887, 1144, 6626, 796, 7396, 8206, 7320, 6322, 1646, 366, 1756, 6325, 5585, 8985, 2820, 87, 6865, 2309, 8646, 8045, 1719, 9065, 5332, 3001, 7336, 9910, 5168, 7576, 2688, 7557, 9045, 4400, 1672, 6678, 6926, 1964, 7596, 8254, 5566, 6700, 2297, 2939, 2637, 6075, 190, 2284, 6906, 717, 7947, 7398, 6445, 4475, 9127, 9132, 990, 8225, 3751, 4845, 3239, 6437, 3408, 5292, 4987, 1099, 6901, 2026, 4926, 2117, 9512, 6811, 1448, 5153, 699, 8109, 9559, 4407, 4461, 6069, 4376, 5297, 6854, 3641, 7413, 4697, 9840, 8720, 7822, 9941, 6631, 2332, 4107, 2937, 1199, 216, 735, 914, 6165, 3246, 6214, 7158, 1842, 6497, 1376, 9336, 2735, 7777, 9580, 7181, 3798, 564, 7725, 7663, 3372, 633, 7975, 4664, 2058, 9938, 9416, 5323, 4935, 151, 8411, 5839, 7261, 6971, 5878, 7585, 8093, 5267, 6241, 2814, 9136, 5543, 7783, 3834, 4174, 1632, 7509, 7591, 3776, 4903, 5469, 1058, 8406, 7051, 658, 3341, 335, 2033, 3901, 6056, 3001, 4362, 9167, 179, 6294, 2533, 8832, 3631, 1774, 17, 4753, 8309, 7841, 4908, 983, 9428, 4534, 7121, 2000, 196, 111, 9739, 3576, 6218, 1888, 2819, 9444, 4118, 6856, 1177, 4914, 9869, 7171, 6137, 6256, 1248, 6432, 1535, 9445, 9177, 1389, 2712, 2266, 1409, 7055, 5887, 1349, 6463, 4373, 2220, 2892, 7671, 1619, 8264, 7977, 5802, 7762, 1945, 6977, 2565, 7832, 4737, 2633, 4316, 3338, 1610, 4218, 8815, 5041, 4107, 571, 7945, 5288, 7500, 4971, 1307, 3331, 3670, 1919, 5624, 8300, 8243, 6001, 5286, 8482, 776, 7100, 8478, 871, 8562, 676, 8170, 4962, 7355, 4897, 2809, 7857, 3530, 8714, 3411, 1916, 1207, 9134, 1207, 8013, 3536, 2244, 7996, 9008, 647, 5275, 2853, 47, 9628, 5171, 6751, 7678, 5530, 3218, 3267, 6948, 4395, 1919, 8170, 5159, 5921, 7009, 2443, 9183, 6183, 9203, 610, 4146, 9981, 5757, 6630, 3019, 1041, 2744, 5602, 5668, 8163, 842, 4129, 5201, 7465, 544, 3872, 7713, 3393, 7840, 6238, 1923, 7758, 6882, 5816, 875, 2111, 1937, 2173, 4917, 7071, 1249, 4079, 3905, 1857, 2265, 8028, 8487, 3697, 5017, 6467, 2579, 2924, 7725, 1399, 2460, 8410, 6832, 3594, 1049, 2150, 3801, 415, 5303, 3976, 9017, 7933, 7131, 2398, 6603, 1126, 7795, 3221, 626, 9489, 4092, 2432, 1950, 6801, 4593, 2141, 2637, 2197, 3164, 3304, 8416, 203, 3489, 9945, 600, 5657, 5393, 2804, 799, 4907, 358, 3865, 2351, 2096, 634, 7090, 7524, 6744, 2101, 5740, 133, 5263, 2532, 3716, 2706, 4956, 2011, 7723, 9017, 966, 1893, 2936, 9493, 4599, 1387, 5306, 7052, 4471, 4038, 584, 4631, 6669, 4298, 5893, 1568, 9206, 6149, 595, 1927, 729, 4662, 5254, 2029, 1687, 6445, 7048, 4874, 3114, 4117, 4232, 3845, 2719, 7047, 5148, 6798, 68, 20, 944, 7249, 9936, 2254, 4575, 9032, 4121, 3320, 2950, 4296, 1044, 7041, 8503, 3382, 5904, 9146, 6254, 2957, 3626, 3481, 3647, 4402, 3007, 2138, 4244, 1191, 2038, 5210, 9656, 5723, 6536, 2355, 899, 3865, 9082, 9578, 4799, 6143, 6516, 4221, 3677, 3895, 2559, 8833, 7622, 7924, 6848, 749, 4282, 3523, 4080, 6892, 1002, 1747, 5985, 9966, 4962, 1193, 8237, 115, 8789, 3570, 8373, 8864, 3702, 5882, 6318, 5694, 8394, 9149, 7623, 7084, 1256, 9017, 1460, 8776, 357, 7988, 9397, 786, 3909, 3618, 9109, 6617, 9724, 5191, 4787, 8849, 8151, 2203, 7783, 7250, 5931, 6514, 5500, 8500, 8632, 6917, 2058, 3354, 7974, 2270, 8126, 6837, 5417, 4096, 5793, 1507, 6870, 5867, 1118, 7089, 7249, 378, 3334, 61, 7765, 5155, 6447, 6252, 7177, 8547, 5643, 2026, 1458, 5286, 7767, 8351, 3421, 16, 7722, 5555, 6460, 314, 3232, 2275, 9744, 694, 33, 5226, 250, 5996, 3343, 1809, 1654, 6805, 7954, 6984, 5255, 3894, 5354, 2378, 579, 1318, 9308, 8441, 8854, 8062, 4637, 9610, 1765, 5985, 8369, 9529, 9689, 4794, 8490, 8286, 5182, 1503, 1223, 7618, 5246, 1702, 5643, 1333, 3696, 9639, 736, 6999, 7867, 9567, 5912, 1642, 4268, 2652, 791, 1865, 2141, 7913, 7427, 9378, 7799, 3179, 8938, 2258, 6677, 3460, 660, 6012, 62, 770, 1255, 5255, 8113, 6503, 4976, 7687, 3663, 2052, 7673, 3364, 2821, 2846, 6102, 1741, 2264, 5457, 3626, 4820, 6113, 3854, 5555, 6206, 9498, 3265, 8698, 1291, 790, 9389, 8468, 5176, 1541, 3676, 6665, 9311, 2980, 7002, 6445, 4545, 6647, 4682, 5031, 3323, 3838, 5382, 1544, 6025, 5155, 1413, 2184, 2924, 9652, 9176, 3354, 9114, 3150, 3364, 6187, 4832, 9443, 4328, 57, 2714, 7177, 3743, 3976, 3098, 2905, 7766, 8898, 79, 4326, 2322, 1984, 4644, 1523, 3019, 2587, 2020, 4358, 6671, 6378, 2312, 8345, 4071, 5234, 5007, 3677, 5982, 596, 8784, 5660, 6272, 2436, 7822, 9819, 7088, 9982, 2757, 1021, 2514, 1109, 157, 301, 10, 5866, 6698, 7489, 3193, 4545, 232, 8581, 8210, 8659, 5856, 4427, 5253, 2975, 2039, 5412, 5159, 972, 797, 1932, 5186, 192, 6828, 134, 6216, 3333, 7581, 4286, 1271, 6859, 2867, 3532, 6189, 4213, 3878, 379, 4826, 4271, 2348, 9887, 6211, 9433, 7216, 6552, 8145, 7726, 2682, 2621, 346, 4786, 3503, 6974, 6112, 2325, 2512, 5645, 4448, 8883, 1444, 2149, 4605, 8993, 2312, 5226, 9822, 4552, 2582, 659, 2694, 9474, 803, 8950, 932, 9097, 9319, 9356, 6367, 251, 2364, 9907, 9021, 3746, 1940, 5300, 460, 552, 6651, 5359, 8010, 2657, 1211, 6738, 4030, 4260, 710, 3741, 6116, 4714, 9375, 9413, 2807, 5742, 7260, 4244, 7069, 1522, 4439, 3206, 7817, 1719, 6613, 2641, 7381, 9781, 936, 1480, 8489, 1138, 7172, 9944, 7598, 5651, 7736, 2979, 7406, 5235, 5682, 7343, 3435, 265, 9972, 178, 5662, 8405, 3997, 2117, 5902, 3422, 4582, 1574, 1182, 1720, 6522, 9149, 5334, 9778, 3385, 5684, 5093, 8538, 4763, 6761, 9047, 6656, 9653, 923, 4654, 423, 2851, 4180, 3568, 8533, 1331, 5263, 2216, 6736, 3016, 840, 8730, 2301, 748, 8955, 4853, 4458, 2679, 855, 5185, 2408, 2355, 4205, 8710, 6202, 9651, 7631, 8016, 5194, 7472, 2217, 6536, 4618, 6281, 5892, 4486, 7351, 5338, 1697, 2790, 1115, 7181, 1712, 6425, 8617, 8849, 8375, 9483, 8245, 8757, 7483, 7084, 6237, 8724, 4108, 5113, 3703, 5020, 3309, 7342, 9633, 4253, 5894, 1621, 641, 2730, 8681, 3162, 6700, 3349, 5548, 3792, 3471, 8591, 7416, 8205, 2887, 9642, 7630, 2015, 3537, 2404, 4542, 8664, 8890, 3908, 2942, 5332, 6677, 5139, 7606, 8795, 849, 1968, 566, 46, 6114, 47, 6015, 7266, 8221, 9374, 8799, 8781, 6094, 6734, 4547, 6824, 8056, 4893, 7327, 711, 5210, 1819, 5638, 67, 5751, 6630, 6334, 2679, 4670, 4635, 1341, 1015, 9098, 8511, 8886, 1667, 4537, 1194, 3388, 5049, 3527, 3911, 6663, 2222, 6529, 5112, 5661, 3131, 1765, 7927, 1775, 9231, 8173, 1779, 5564, 4030, 4788, 7572, 7286, 9905, 5241, 2777, 9329, 4886, 6039, 9708, 7648, 462, 2574, 2810, 9273, 7322, 1337, 4688, 1162, 3216, 5242, 4453, 441, 1298, 3602, 882, 8750, 5161, 5714, 5227, 6290, 5435, 8925, 7827, 4297, 4735, 1850, 5755, 7673, 9899, 420, 8053, 3017, 3527, 1565, 8973, 1912, 5113, 5427, 5350, 2309, 4689, 7853, 8135, 3354, 4042, 1045, 2992, 8040, 3884, 5762, 2700, 563, 4814, 962, 6318, 9924, 2484, 3015, 7285, 50, 8771, 6054, 9733, 177, 8257, 1977, 5471, 6633, 478, 5626, 2294, 7326, 2244, 6018, 5305, 8837, 4890, 7046, 1230, 8998, 4847, 3658, 5618, 6600, 8645, 2805, 2298, 8424, 800, 8610, 567, 6298, 6634, 4690, 8964, 4008, 3976, 6139, 2509, 6614, 7901, 8801, 7541, 6828, 1876, 3466, 6342, 3550, 2411, 8347, 2561, 4795, 8051, 8968, 9170, 5272, 1604, 8927, 1800, 6386, 6526, 9961, 5573, 2188, 6506, 1605, 4310, 9273, 4728, 8784, 1630, 6971, 3191, 4672, 4733, 9943, 6562, 3501, 2238, 4760, 6840, 6917, 3843, 2612, 3780, 828, 8818, 1522, 4021, 3512, 1844, 1235, 5041, 5377, 2861, 6171, 6200, 3566, 7770, 2401, 3930, 1417, 7381, 1771, 9145, 9473, 8341, 3098, 9289, 1571, 69, 5406, 6524, 79, 8786, 8334, 6248, 269, 1883, 4964, 9559, 710, 7538, 2247, 1450, 8920, 5056, 8527, 2438, 447, 4193, 9077, 6000, 6989, 7796, 5184, 8168, 2513, 3249, 8449, 6385, 6803, 9651, 8354, 6864, 3085, 1461, 4295, 1854, 6158, 7827, 8824, 6622, 1539, 3150, 2003, 2952, 1938, 1555, 7697, 5374, 6415, 3448, 4546, 16, 3135, 9873, 8744, 6575, 1007, 5101, 6181, 916, 321, 7446, 8781, 6085, 8780, 6937, 6607, 3109, 2372, 5665, 5087, 331, 3164, 8124, 7203, 1274, 8522, 872, 4069, 1225, 2194, 3616, 9970, 4523, 5432, 6814, 2508, 5743, 4488, 2652, 288, 6916, 9840, 67, 4500, 5554, 9646, 5266, 7228, 8869, 7730, 4461, 2915, 2916, 4808, 7561, 8726, 3915, 4250, 3340, 8418, 3370, 1141, 3800, 7411, 1046, 7100, 5176, 4572, 8857, 1282, 3424, 4990, 879, 6716, 9490, 8593, 827, 6569, 2347, 1917, 5499, 3318, 6355, 9533, 9923, 8334, 7489, 9733, 5568, 4693, 5151, 5069, 7612, 8231, 1503, 1307, 1903, 8002, 3144, 4773, 4432, 3473, 2225, 4218, 9848, 4987, 2052, 5355, 496, 7389, 2478, 1086, 9564, 56, 4572, 2117, 9234, 5156, 3354, 7101, 8235, 2644, 1452, 4423, 5952, 9143, 8738, 4057, 9764, 7332, 6373, 8461, 6230, 4980, 6433, 2292, 2952, 2567, 3918, 7970, 3642, 946, 2268, 2626, 4964, 3761, 5575, 1655, 4910, 4270, 8292, 9663, 85, 1545, 833, 3818, 5341, 7308, 7378, 3582, 9599, 5021, 3205, 4197, 30, 909, 3951, 5011, 3514, 2493, 9735, 2432, 1689, 147, 2178, 2316, 2629, 1518, 4211, 9561, 2072, 1018, 9316, 7308, 7165, 4530, 9436, 1344, 6897, 7895, 4548, 2237, 1975, 5315, 1714, 717, 3524, 6347, 3757, 9448, 9433, 6534, 1008, 8709, 4609, 2747, 4101, 6176, 4451, 9585, 4411, 772, 9068, 4457, 4568, 6677, 6977, 8467, 4704, 1529, 6323, 1102, 684, 4600, 3789, 3691, 9926, 9864, 2196, 7089, 3026, 3239, 1415, 5574, 8974, 9481, 772, 4004, 485, 9940, 6447, 8669, 7769, 9585, 2638, 1889, 5536, 7183, 9482, 7851, 1812, 9016, 7338, 2660, 3411, 8866, 1548, 3425, 5359, 8118, 8122, 168, 4791, 2712, 8988, 2357, 7506, 3208, 748, 8100, 6171, 6478, 9813, 3008, 533, 2131, 1314, 7289, 8534, 2115, 6296, 5564, 9752, 3914, 2440, 1051, 5565, 7024, 7705, 7351, 9162, 2551, 9408, 4886, 9586, 861, 2047, 5201, 8700, 3497, 7413, 1609, 605, 8116, 8117, 6257, 5182, 1591, 3996, 2572, 6861, 3774, 3412, 4162, 8250, 8627, 9665, 3863, 7984, 3702, 7112, 75, 8680, 1018, 2586, 6727, 7842, 8903, 7350, 9574, 311, 2586, 266, 2713, 4712, 9736, 8022, 9678, 8451, 9825, 5110, 3617, 1645, 6064, 9144, 260, 7183, 4492, 2443, 4604, 5847, 991, 3672, 588, 6576, 6017, 8994, 8913, 1815, 6782, 9660, 2777, 1502, 4523, 3919, 4079, 3432, 435, 5395, 3383, 3056, 7463, 9325, 2977, 7881, 9997, 9050, 5246, 3604, 1725, 5805, 5580, 2888, 8352, 8716, 7143, 9152, 2215, 6123, 446, 8752, 8876, 3218, 471, 8358, 3744, 4276, 7806, 2258, 6043, 3343, 3798, 7654, 3462, 8561, 2232, 5765, 3275, 2932, 350, 9881, 2504, 3817, 3040, 9711, 1560, 5129, 8415, 3590, 1165, 377, 8386, 1755, 1360, 6023, 5615, 9430, 9222, 2917, 9436, 3319, 1120, 9180, 811, 5250, 1970, 7436, 7759, 3029, 2002, 4749, 4284, 2504, 887, 9515, 7086, 2863, 8707, 5386, 2262, 2834, 8143, 1465, 6018, 5360, 8759, 4898, 167, 8680, 9099, 6382, 8946, 5171, 3703, 4583, 2383, 9246, 6814, 3343, 8255, 6332, 6490, 7861, 8130, 8992, 2381, 4099, 1332, 8860, 2357, 6246, 71, 6519, 1177, 4565, 9133, 8565, 320, 4254, 8331, 3773, 4081, 9165, 4837, 2459, 9928, 7450, 7652, 1291, 1187, 7340, 7116, 3728, 6815, 5336, 7413, 6370, 1771, 9644, 208, 2006, 2811, 8203, 6990, 2538, 1206, 2282, 7364, 4167, 8717, 7806, 6044, 3025, 4603, 3106, 7841, 401, 9594, 9280, 4279, 6914, 4890, 209, 4285, 2959, 4736, 6763, 4416, 464, 9549, 134, 3036, 491, 2212, 8689, 6784, 7519, 1727, 8966, 5332, 2683, 4535, 6159, 5723, 8167, 4121, 5200, 3768, 9287, 5815, 4513, 4460, 4060, 9979, 723, 5179, 174, 3636, 7017, 3332, 1893, 4110, 9934, 339, 8461, 9866, 170, 4338, 4614, 6959, 3362, 4672, 825, 4974, 2414, 6347, 2035, 2783, 8985, 4015, 3632, 9920, 7975, 8940, 7036, 7031, 730, 7376, 2599, 1774, 5254, 1453, 9625, 4358, 3654, 867, 8247, 8554, 4687, 3296, 2998, 1132, 5825, 9556, 9903, 433, 34, 2647, 2743, 1539, 5536, 6232, 8178, 468, 1995, 2021, 203, 6327, 167, 8483, 6716, 50, 1647, 1808, 3094, 1877, 9667, 3438, 816, 4274, 8304, 2714, 1133, 4666, 6842, 7831, 2778, 8018, 4625, 3102, 6471, 5039, 8551, 6434, 7676, 60, 568, 6174, 3975, 6574, 4779, 9135, 1198, 984, 4285, 3106, 7551, 3447, 1925, 551, 3074, 5373, 6238, 2469, 8314, 7089, 3870, 4410, 1434, 3296, 9296, 7155, 7345, 3217, 2621, 2204, 8244, 4951, 2783, 4736, 5043, 91, 3079, 1002, 5487, 5719, 5122, 3804, 3514, 4185, 5638, 3979, 4057, 9479, 9774, 8745, 8729, 463, 5928, 7687, 1590, 8957, 8197, 3775, 9048, 8946, 4194, 5300, 876, 4393, 7441, 1919, 2219, 4431, 6842, 1213, 8308, 3485, 532, 9130, 385, 4600, 8968, 6674, 7336, 5289, 9445, 6955, 7833, 2475, 958, 9964, 9716, 4053, 7002, 5322, 8239, 1714, 4702, 9740, 2562, 9983, 5923, 3370, 2340, 4315, 7919, 9215, 1875, 6070, 6484, 939, 482, 2005, 9696, 467, 5379, 7793, 8733, 4557, 9729, 9256, 3600, 3564, 1504, 7758, 594, 2314, 7452, 3555, 4069, 3393, 1337, 9591, 4672, 6067, 6316, 9523, 423, 2728, 1575, 6577, 8178, 9689, 9359, 3929, 1212, 3973, 3278, 5818, 9080, 1451, 6278, 1792, 3293, 4933, 8585, 2390, 4681, 338, 8526, 7382, 7089, 6781, 3968, 6761, 7734, 2049, 7965, 3845, 3830, 1998, 5988, 1163, 3239, 3255, 5323, 4012, 9725, 790, 861, 6991, 5399, 9804, 2345, 1017, 8681, 4831, 189, 829, 1492, 7653, 4782, 7074, 7062, 5141, 1732, 5744, 4452, 2383, 2384, 3213, 8226, 2500, 9180, 5915, 5430, 2433, 365, 9927, 724, 4320, 7510, 6182, 2278, 87, 3191, 646, 6911, 5527, 1976, 7352, 6652, 7474, 737, 898, 575, 4396, 5391, 4835, 2400, 5128, 3504, 8107, 0, 2951, 7864, 1509, 3788, 4280, 267, 1518, 4411, 6254, 1486, 147, 730, 7456, 4549, 1735, 7281, 4237, 1332, 9223, 1051, 487, 3339, 5477, 1622, 3989, 890, 6337, 1936, 4007, 8160, 6560, 4305, 6321, 2394, 3452, 9116, 2582, 4798, 7176, 392, 6675, 2567, 4170, 6542, 6776, 8526, 5514, 7427, 9867, 6672, 6785, 3219, 7918, 7938, 2238, 175, 7625, 1410, 1167, 7249, 9209, 5649, 3439, 8926, 1730, 2045, 223, 8648, 3502, 5539, 6629, 708, 8275, 8512, 4883, 7433, 8418, 8379, 5022, 714, 8554, 8489, 9550, 7438, 5581, 7194, 1695, 2344, 6367, 7035, 4724, 2073, 7428, 292, 6014, 1022, 1566, 1217, 3818, 7018, 628, 1146, 2042, 8118, 7336, 1147, 9917, 5774, 9416, 2358, 8943, 848, 8175, 6019, 3641, 5862, 5104, 2179, 8769, 8007, 8061, 3376, 8310, 9879, 1616, 3625, 2706, 4729, 6202, 7215, 8730, 1562, 2699, 3369, 4229, 1345, 3631, 5856, 9865, 776, 297, 688, 3132, 7136, 6286, 3604, 250, 1796, 8265, 6066, 2027, 7909, 5173, 871, 7119, 1017, 4418, 7303, 8777, 2630, 633, 7855, 5420, 2749, 2746, 4367, 9398, 3131, 40, 8972, 7711, 413, 6194, 3044, 178, 4660, 2943, 806, 6533, 828, 1606, 5200, 217, 129, 2744, 8466, 9768, 3331, 6057, 5016, 2449, 3457, 8683, 1047, 1047, 8923, 8898, 2331, 4775, 7166, 1886, 6526, 984, 3277, 2284, 739, 4031, 9994, 9615, 984, 3639, 8303, 9083, 236, 8862, 962, 9497, 2073, 1026, 2761, 4003, 4692, 1551, 4583, 7051, 2423, 4142, 2602, 1828, 3626, 9059, 8230, 8971, 453, 930, 3761, 6680, 7559, 1699, 9912, 3194, 3932, 3819, 3020, 3804, 677, 5242, 4500, 2989, 3875, 1131, 8455, 8655, 7441, 8954, 6714, 8997, 6966, 7698, 2095, 9066, 8103, 4526, 8655, 6398, 6227, 605, 289, 978, 8675, 7997, 20, 6834, 3791, 3998, 3749, 745, 7880, 8463, 9881, 7526, 1339, 6494, 3268, 4761, 1491, 3148, 2885, 9755, 7437, 2603, 3008, 9719, 2360, 5835, 6197, 457, 5870, 4922, 7482, 2079, 351, 44, 5758, 3818, 5069, 9612, 6377, 2275, 8835, 9168, 2560, 8564, 6548, 1543, 4111, 1235, 1590, 5546, 6526, 3591, 9934, 1062, 1764, 8629, 8082, 3611, 5927, 8347, 7714, 2813, 8621, 7615, 1415, 2002, 356, 7970, 8546, 9080, 3197, 4752, 1542, 4365, 9827, 9695, 9776, 8555, 5356, 8330, 7793, 3083, 5069, 5466, 8203, 6171, 2981, 436, 2872, 6218, 4465, 3150, 7213, 2347, 3834, 5396, 6081, 927, 962, 3005, 759, 9662, 4573, 8063, 5174, 8086, 594, 763, 5754, 4298, 7587, 4757, 4024, 8144, 3421, 6393, 9253, 5494, 8364, 2184, 2930, 2830, 45, 9294, 2720, 8463, 6107, 5522, 4834, 2706, 6315, 6594, 2173, 1440, 3149, 5306, 2154, 7269, 1943, 3385, 9780, 5191, 2331, 449, 4472, 2449, 5860, 4959, 7663, 4008, 5850, 4492, 2912, 5608, 3414, 2507, 6986, 174, 8252, 7880, 2549, 4465, 3122, 4026, 3275, 4590, 8117, 5918, 4229, 5274, 2359, 7369, 1525, 6883, 2906, 1282, 782, 2972, 2694, 2512, 152, 5527, 9379, 1926, 4158, 8445, 5856, 2229, 8520, 862, 620, 3547, 6031, 1691, 2598, 6531, 947, 2177, 254, 5630, 6451, 6260, 2075, 8365, 7581, 9006, 3882, 8619, 3077, 4347, 1387, 3276, 9890, 9506, 543, 6183, 8188, 2434, 8865, 9122, 3842, 5139, 688, 4077, 6246, 8712, 4347, 3619, 7389, 254, 3050, 2426, 4210, 7587, 6205, 3065, 3751, 1388, 4461, 6792, 9811, 2018, 9862, 1920, 6155, 8585, 4875, 2657, 2895, 9306, 4392, 4923, 7723, 6332, 7468, 2384, 8887, 6993, 5481, 6991, 4195, 8462, 2119, 7751, 7481, 1495, 9859, 8340, 1019, 703, 1940, 1657, 4201, 2458, 8838, 952, 5026, 2471, 1474, 6564, 8806, 2463, 5162, 3557, 6500, 138, 6204, 1119, 7278, 8761, 7892, 9684, 8518, 2300, 9333, 7423, 3246, 1018, 1673, 4015, 2802, 1783, 8845, 7140, 3393, 2312, 4184, 6861, 8538, 9651, 5777, 3772, 3426, 5345, 3261, 1877, 4314, 1540, 453, 3406, 7757, 1692, 34, 4515, 1845, 4827, 5896, 9121, 3462, 5512, 6733, 872, 1236, 2990, 3981, 13, 9219, 9607, 359, 6890, 3857, 7707, 9306, 9324, 6334, 1428, 7507, 970, 7626, 9270, 3430, 2004, 9311, 5096, 4900, 4951, 4240, 5590, 3877, 4577, 8243, 8631, 8453, 4736, 9542, 6509, 4454, 9685, 8735, 5492, 8265, 3054, 6467, 3657, 7519, 8801, 4757, 7257, 6364, 3022, 907, 8448, 1436, 2731, 5991, 8879, 6207, 9906, 3506, 5070, 7301, 9892, 3032, 345, 7356, 8101, 9000, 9087, 6238, 9262, 8964, 5238, 5605, 8712, 7434, 3676, 9406, 4548, 939, 3947, 8663, 8065, 7347, 3138, 1105, 4769, 9694, 1679, 7379, 4037, 686, 8229, 6421, 4145, 1280, 6053, 9649, 9230, 7662, 9552, 1221, 609, 973, 7614, 4751, 349, 7346, 8731, 1028, 6898, 8249, 8267, 9694, 1435, 7290, 5438, 8506, 9942, 5195, 2867, 9584, 1889, 8310, 7251, 9022, 6786, 813, 7963, 7131, 547, 53, 3648, 8216, 3673, 5988, 8920, 8609, 1096, 6892, 9129, 1224, 8346, 5534, 8751, 8901, 392, 7814, 7802, 1910, 8314, 7722, 4725, 1333, 5117, 8690, 112, 1391, 5537, 4352, 1231, 7722, 613, 8695, 4629, 4457, 8857, 6458, 7645, 8798, 8996, 486, 6030, 2980, 2815, 9229, 7879, 9630, 7007, 4187, 9275, 5319, 8586, 6765, 1248, 4352, 6119, 1405, 9394, 8210, 4495, 9385, 8705, 7978, 7801, 9350, 784, 4613, 9582, 3173, 3144, 8489, 7520, 3305, 7044, 3805, 5932, 3552, 2511, 8536, 9234, 6197, 2967, 5584, 531, 992, 243, 2592, 5027, 865, 9671, 378, 7961, 8521, 2889, 4063, 4371, 9837, 8348, 9477, 7078, 1237, 3111, 2829, 6728, 501, 1865, 4798, 503, 7219, 6350, 3324, 1657, 8011, 9223, 9710, 1353, 883, 1105, 2544, 5640, 4805, 2551, 3857, 5781, 1892, 475, 4798, 9065, 3846, 9340, 9807, 9841, 9807, 3554, 5458, 3054, 2780, 9430, 6120, 9199, 3351, 5848, 7166, 8187, 43, 8789, 7111, 7207, 6939, 3467, 2785, 9056, 8845, 7906, 8443, 5594, 1965, 1666, 5267, 3873, 3574, 2996, 2064, 8963, 8559, 187, 2628, 2086, 1231, 7445, 4499, 6012, 872, 7320, 4126, 9430, 3982, 262, 9250, 512, 2144, 22, 6833, 3266, 9422, 4027, 4788, 5632, 5502, 5985, 3159, 3371, 3272, 6752, 885, 8559, 9068, 4186, 5127, 3533, 3971, 6839, 2593, 8953, 2542, 9877, 6199, 9805, 941, 848, 9575, 6647, 5932, 6027, 7861, 6721, 6729, 7710, 8856, 5286, 2941, 8293, 6356, 5618, 317, 3040, 3109, 742, 3601, 4660, 6268, 7728, 5580, 4985, 8957, 1913, 875, 4191, 2990, 6744, 8393, 4294, 7382, 2332, 2068, 8455, 4182, 7540, 4395, 8994, 594, 9298, 7611, 9562, 5192, 1571, 4681, 9398, 6922, 1491, 8732, 1524, 6995, 8305, 5578, 5626, 6857, 1753, 2055, 7497, 335, 1661, 6000, 768, 9644, 7543, 1339, 7023, 6219, 8625, 5366, 2566, 1625, 5286, 937, 4198, 720, 8796, 4119, 522, 9714, 8488, 5253, 3983, 3949, 3649, 1440, 1446, 3518, 8506, 7122, 4374, 1038, 978, 8095, 8543, 7236, 3503, 7456, 4041, 8903, 3061, 6816, 5464, 5933, 1573, 3513, 1872, 2522, 593, 9806, 8717, 1579, 7090, 9726, 1463, 3951, 630, 1620, 1735, 3120, 7110, 7661, 4304, 8442, 3120, 550, 7398, 1776, 1791, 6275, 4159, 7692, 8052, 2839, 5072, 9660, 6692, 9450, 2859, 4318, 3118, 7466, 1205, 1972, 9961, 2802, 7437, 1342, 3345, 9314, 6608, 4174, 9737, 3590, 7084, 3871, 2067, 1713, 3299, 6153, 3004, 6382, 9764, 7117, 8334, 5505, 5516, 6814, 8199, 1564, 6459, 1173, 7363, 7234, 516, 7805, 8180, 8302, 1421, 1679, 8012, 342, 9906, 5138, 7692, 8268, 4828, 9851, 5938, 9578, 9479, 1212, 4233, 4712, 3738, 1950, 135, 6175, 7413, 3935, 3258, 7957, 4942, 5484, 9577, 8451, 7227, 8038, 9672, 1320, 6704, 1387, 5069, 4042, 5986, 5328, 1385, 8503, 1595, 3472, 53, 1350, 9236, 4551, 2629, 7304, 7426, 3184, 3149, 8906, 9511, 1770, 2840, 3246, 6869, 1843, 3459, 5335, 2685, 6168, 1409, 4859, 9222, 9908, 139, 2194, 5848, 2182, 463, 1780, 1693, 2082, 9548, 8938, 3963, 1948, 6956, 2492, 7002, 9212, 1924, 7194, 4063, 1825, 4161, 272, 5307, 7282, 6236, 2621, 7718, 8827, 6666, 8387, 751, 314, 591, 4310, 4435, 5033, 3361, 1857, 4639, 8432, 2483, 42, 1468, 5869, 1848, 4056, 8919, 5713, 5526, 9776, 8541, 7520, 5743, 7940, 3794, 4358, 8329, 7382, 759, 4965, 335, 4379, 8285, 7070, 8514, 6202, 7907, 1127, 8585, 4497, 6438, 2713, 5376, 4257, 1402, 6773, 1317, 6896, 9673, 1332, 2809, 5179, 1447, 105, 5302, 4414, 4434, 3406, 1484, 6923, 9480, 9049, 4001, 722, 2520, 3871, 5922, 2954, 4082, 70, 9657, 558, 2089, 6728, 6514, 4074, 2032, 551, 5107, 695, 2462, 7780, 7118, 2438, 7415, 1500, 947, 9898, 7987, 9310, 1585, 8952, 506, 6493, 3711, 6038, 4052, 3492, 3211, 7986, 2192, 7658, 2157, 7533, 2168, 9025, 8717, 4692, 4327, 4040, 5719, 7899, 3101, 1752, 5668, 3106, 3152, 1294, 8812, 4787, 6645, 7445, 4765, 8715, 3161, 3315, 4859, 9230, 5111, 9985, 7840, 5661, 1972, 5880, 426, 8865, 8752, 932, 6024, 1393, 2180, 1793, 584, 5402, 4921, 4421, 9710, 9047, 6862, 5804, 3804, 9543, 6316, 2608, 9586, 1266, 433, 752, 9875, 7813, 7216, 4768, 5752, 555, 496, 8624, 8732, 2245, 4600, 2756, 2009, 4479, 3719, 6392, 8712, 4566, 1337, 7352, 4582, 6911, 9871, 5616, 6878, 4523, 9464, 1629, 7842, 7085, 4961, 6498, 4822, 5298, 5173, 7198, 7412, 6257, 9947, 6469, 2449, 6938, 1303, 8573, 881, 7835, 8481, 1990, 2294, 2080, 7850, 8586, 5784, 408, 3160, 5024, 6080, 1045, 8381, 2231, 9102, 7189, 6606, 6650, 2495, 439, 7570, 7284, 2584, 2594, 466, 6086, 3947, 2475, 1267, 5341, 6160, 8452, 506, 7724, 2965, 956, 2567, 1028, 5440, 5251, 6395, 5869, 3288, 5814, 4706, 7212, 6508, 7851, 3961, 8457, 1708, 8538, 7738, 3487, 6760, 4786, 6550, 648, 9814, 8794, 4600, 309, 7995, 5036, 2270, 4707, 3600, 3190, 2226, 7370, 9740, 8124, 8893, 5575, 8194, 2313, 4490, 8101, 4536, 386, 9508, 8921, 803, 7596, 6860, 7164, 9518, 8188, 5870, 6226, 5863, 2338, 6651, 8002, 6787, 5673, 2704, 4628, 7357, 7511, 4417, 5182, 2018, 9496, 9532, 8517, 1302, 4379, 7267, 5845, 7276, 2132, 3494, 6429, 6645, 8126, 9216, 4627, 9575, 4280, 7273, 3852, 1057, 6636, 4457, 4305, 2564, 9563, 8728, 5173, 6142, 9302, 4020, 3861, 5810, 9323, 8691, 9308, 1488, 7795, 3664, 486, 6681, 6522, 2065, 5949, 1886, 4960, 263, 3857, 8497, 2570, 8087, 4144, 6308, 5693, 1382, 8418, 3637, 7473, 6947, 5982, 1823, 4730, 2950, 5243, 7488, 7423, 6859, 2769, 5564, 9, 1662, 5318, 2544, 1361, 4531, 7551, 7136, 2095, 583, 1771, 3540, 3751, 7872, 6536, 2271, 301, 1933, 8868, 9663, 2699, 1280, 7106, 8866, 3826, 2044, 610, 1736, 8320, 5060, 2427, 5496, 1833, 161, 2534, 9761, 3799, 2538, 8938, 9571, 3600, 5110, 8627, 7894, 1936, 6896, 6798, 6782, 4948, 7969, 1055, 4198, 526, 9357, 7840, 3718, 8182, 650, 4769, 8854, 3906, 9689, 7799, 8406, 1919, 6053, 9548, 4315, 8729, 7573, 1188, 5198, 9226, 2452, 2538, 4691, 9561, 581, 2689, 8853, 3944, 1729, 432, 3621, 7903, 2012, 9865, 6288, 5585, 9156, 8710, 4165, 2930, 4450, 7825, 5054, 1834, 3658, 5198, 6427, 7432, 66, 1551, 9079, 9057, 638, 1688, 6886, 2244, 5890, 9309, 5583, 9841, 9088, 65, 4676, 1771, 9493, 6506, 6821, 6669, 3987, 2678, 1827, 759, 4737, 4019, 5160, 1809, 1302, 7619, 1140, 7013, 9398, 5463, 3614, 5012, 7594, 407, 1132, 6160, 9249, 2707, 793, 3674, 7198, 6520, 7606, 7871, 832, 4505, 6438, 3039, 3248, 459, 6897, 6147, 3146, 1188, 800, 2513, 70, 2425, 8505, 6143, 4059, 3163, 9498, 4350, 9549, 6709, 184, 2923, 490, 2022, 3114, 1779, 6728, 4324, 3538, 7064, 8883, 8883, 651, 5046, 6697, 9504, 3129, 4590, 3283, 1863, 4311, 2041, 7491, 4036, 1693, 2101, 4323, 8738, 7286, 8141, 4946, 9787, 2378, 4629, 7046, 4833, 4000, 9004, 2331, 570, 3850, 2586, 564, 3126, 5434, 7708, 2834, 1660, 1796, 7221, 8879, 4059, 9621, 9513, 5964, 7145, 2345, 7337, 91, 4633, 277, 2819, 2100, 6754, 7460, 8670, 8167, 9630, 9907, 2189, 3078, 2205, 27, 8980, 2460, 9008, 939, 4793, 67, 9920, 5000, 8248, 8086, 7139, 1358, 7514, 296, 345, 8, 7899, 5830, 2126, 8239, 6877, 2197, 3211, 5840, 7386, 7928, 4061, 7138, 6246, 7545, 7217, 1757, 8666, 5680, 8397, 5428, 5820, 6229, 5243, 6430, 5262, 9396, 8168, 4167, 4395, 9145, 1848, 9422, 4231, 2683, 6095, 4498, 2559, 7417, 8767, 2141, 6569, 7015, 6222, 9307, 3207, 7749, 7771, 6576, 3852, 1790, 8479, 821, 2183, 8609, 6589, 6389, 1528, 552, 2031, 1199, 1521, 3027, 261, 158, 4417, 787, 9036, 396, 1888, 1191, 8879, 3024, 8154, 2768, 9025, 8125, 4486, 5350, 9611, 9095, 3564, 681, 9829, 1312, 4852, 8188, 3492, 1256, 3590, 2555, 3864, 9112, 9244, 5, 4628, 6264, 5889, 6159, 1725, 5626, 5028, 4931, 8879, 7432, 9342, 863, 5108, 9351, 8413, 7286, 9445, 9559, 4220, 5924, 4588, 4169, 268, 664, 7307, 6666, 7540, 5366, 4206, 1593, 958, 9135, 718, 5402, 2265, 117, 8879, 9167, 2943, 2864, 9079, 6889, 5078, 4541, 1394, 4061, 3721, 9024, 5894, 239, 9589, 7107, 2261, 1721, 9778, 8858, 9015, 9396, 8670, 8819, 9413, 6895, 6294, 4001, 972, 1478, 7398, 556, 3944, 753, 7882, 6433, 1568, 6044, 9281, 5438, 8892, 3960, 1239, 4122, 1507, 9972, 7349, 941, 3483, 4208, 7856, 4537, 1850, 5317, 1970, 1689, 9325, 5647, 1358, 9525, 5871, 7953, 6757, 8918, 2527, 3509, 32, 8533, 7112, 9161, 1949, 2420, 1329, 7195, 5397, 1155, 7000, 9703, 693, 5271, 8889, 8895, 7775, 1354, 4537, 8931, 221, 5446, 6915, 6049, 3339, 8579, 962, 7907, 9533, 8409, 2212, 8545, 8794, 7571, 6795, 1828, 1151, 2770, 7682, 1375, 4953, 8252, 9291, 2290, 5120, 9883, 2739, 658, 8663, 6436, 9173, 1532, 9961, 5228, 182, 7325, 2109, 6626, 7561, 387, 197, 9955, 3929, 1536, 7002, 1290, 6106, 7228, 4155, 9766, 9380, 1457, 3693, 4593, 2910, 2355, 5897, 5557, 3224, 405, 1694, 3814, 1397, 5185, 372, 1983, 3694, 8185, 2564, 7578, 8330, 1470, 2649, 9313, 6931, 7431, 6354, 6814, 4038, 7553, 140, 5695, 4749, 7434, 530, 5405, 8647, 6308, 117, 5060, 6565, 1737, 2228, 4213, 806, 9755, 2809, 5498, 161, 9651, 5330, 2857, 608, 3807, 6734, 3404, 8481, 9602, 4690, 5941, 2492, 5399, 5334, 5377, 2954, 6449, 1927, 645, 5023, 9766, 9954, 6140, 3745, 2072, 8606, 3017, 8163, 7213, 9817, 6978, 7800, 7671, 2791, 5647, 4911, 1222, 3110, 7254, 8244, 988, 3504, 5938, 8723, 5016, 2547, 6842, 642, 7641, 8437, 9989, 7172, 5957, 1654, 2804, 6338, 9128, 7291, 3157, 4887, 7671, 5598, 7368, 270, 4574, 1931, 5055, 9202, 7264, 653, 3463, 457, 4079, 4323, 2624, 7838, 3707, 1620, 1574, 7127, 608, 8579, 597, 9164, 7632, 3650, 8679, 4366, 7920, 943, 7804, 5632, 9569, 5015, 5590, 2799, 7271, 1886, 74, 9170, 2583, 8471, 2812, 4050, 4427, 872, 1406, 3147, 6230, 4453, 83, 5642, 5972, 5854, 4295, 951, 3502, 312, 7525, 984, 7820, 9383, 6988, 9975, 8196, 2266, 1000, 68, 4612, 228, 6151, 5767, 2523, 7637, 1910, 9661, 8751, 8188, 9812, 6449, 3579, 8279, 5171, 7359, 1101, 7925, 9316, 8750, 2632, 9379, 5728, 2218, 8401, 3943, 1006, 7766, 503, 1525, 9022, 240, 600, 6668, 1273, 224, 3222, 4451, 1510, 2326, 119, 6931, 2179, 7467, 2460, 4827, 9868, 6697, 3223, 7349, 9604, 166, 4444, 3149, 3783, 9254, 742, 8730, 5616, 4182, 2186, 2200, 9665, 2465, 6398, 7853, 4329, 7399, 8490, 2330, 370, 2582, 3918, 2862, 1763, 3997, 1041, 8944, 6360, 5968, 9047, 6209, 6490, 6639, 9432, 5668, 4151, 6172, 2368, 5993, 1241, 5590, 2418, 2905, 9223, 3994, 245, 5697, 7855, 1798, 8403, 2184, 8425, 3521, 4467, 7957, 7025, 9540, 6387, 1238, 259, 9353, 8037, 918, 8818, 4521, 5122, 6563, 8477, 87, 110, 4426, 7493, 5625, 4416, 5193, 3673, 5107, 679, 9171, 1749]
List Size: 9000
Insertion Sort Time: 4533.606800 milliseconds
Merge Sort Time: 47.289900 milliseconds
Built-in Sort Time: 1.440000 milliseconds

Original List: [3877, 9793, 9745, 4390, 8090, 3919, 707, 2976, 8785, 6467, 4883, 6741, 9494, 1116, 8677, 4749, 5129, 3174, 4776, 7841, 6009, 9885, 9862, 7779, 6063, 5984, 2674, 7179, 2207, 6711, 756, 5480, 8298, 6730, 4627, 1515, 6722, 6906, 8840, 4162, 550, 9075, 6938, 5771, 5494, 4898, 4647, 6342, 7093, 2023, 7618, 4393, 1945, 141, 5939, 8278, 6639, 2327, 9052, 8673, 9635, 8229, 5019, 4497, 497, 4150, 6921, 7069, 5878, 5527, 6342, 8669, 2003, 6660, 8085, 4326, 1348, 6320, 689, 9268, 8640, 1933, 8632, 113, 4949, 4750, 4522, 1508, 6009, 7320, 5298, 1077, 1454, 7212, 5406, 4035, 3825, 7460, 4437, 1249, 8876, 3868, 5556, 5776, 3216, 3207, 5996, 6430, 4294, 2115, 7434, 8590, 8571, 5738, 6576, 4864, 4421, 6049, 8644, 6753, 5853, 8640, 652, 4321, 1390, 2195, 114, 5503, 9722, 3687, 864, 7287, 9309, 6248, 805, 5976, 7033, 4193, 9988, 3593, 670, 237, 7987, 6650, 4987, 2041, 8762, 3596, 9184, 5618, 7914, 2896, 9311, 2448, 1918, 33, 7623, 6444, 4142, 4683, 3809, 17, 3038, 1634, 827, 8396, 8728, 1981, 2164, 629, 9427, 1152, 1270, 6377, 513, 1586, 5487, 8795, 705, 7323, 1874, 5882, 8108, 1668, 1540, 1302, 8751, 1598, 171, 9987, 1172, 9473, 7139, 7512, 1198, 4003, 3064, 1201, 6163, 3797, 5862, 7593, 1593, 3434, 3715, 5270, 5276, 8786, 9528, 133, 7290, 5234, 7709, 2629, 4314, 8733, 16, 595, 6972, 2663, 3215, 8849, 1374, 5385, 8794, 8462, 3735, 1943, 4470, 4577, 9517, 9097, 2438, 3535, 4173, 3652, 9383, 8478, 1823, 1558, 6913, 9144, 1056, 7400, 9177, 5011, 2568, 2878, 2300, 3825, 7063, 4804, 3001, 9586, 1071, 6153, 8049, 6237, 4088, 5922, 2442, 3653, 2226, 4678, 6952, 9866, 7080, 544, 1365, 4484, 396, 7696, 3087, 4838, 8988, 4899, 3643, 992, 2509, 9528, 9179, 6777, 6381, 2089, 1805, 5681, 1228, 7967, 2657, 7066, 702, 7921, 9606, 6608, 4478, 2055, 1017, 8158, 7183, 9486, 9108, 69, 8984, 4755, 5386, 4577, 3430, 2251, 8417, 7485, 4220, 2951, 6183, 8187, 1658, 4317, 1506, 8057, 2479, 8280, 3067, 8752, 4330, 2180, 6895, 9606, 8479, 5469, 166, 3603, 3932, 7438, 1439, 2095, 5174, 5779, 274, 6876, 5579, 6079, 8872, 3878, 6520, 205, 1871, 1120, 6440, 9894, 4541, 3582, 2812, 3753, 407, 3544, 1882, 8704, 7897, 838, 4507, 4219, 9479, 6106, 6607, 7705, 5258, 7946, 2666, 1015, 6248, 8593, 9725, 8793, 4856, 5870, 6951, 6196, 5085, 5079, 5935, 3159, 7194, 1077, 4357, 5337, 1736, 5380, 7130, 6496, 6700, 5418, 6037, 9945, 8940, 1841, 8147, 8748, 1712, 8433, 3278, 9766, 6100, 834, 4562, 1378, 5846, 7797, 9896, 6614, 9205, 4296, 7808, 2879, 8516, 9759, 3101, 4272, 885, 4662, 9495, 2777, 6690, 958, 4373, 8725, 9208, 2967, 8392, 717, 1006, 3161, 9720, 110, 2716, 5760, 8670, 3223, 21, 6170, 7631, 667, 1151, 6302, 4940, 7652, 9298, 5065, 6023, 8044, 1116, 4375, 9664, 4517, 579, 5485, 935, 4286, 9938, 5689, 8287, 851, 6168, 2330, 5183, 2136, 9495, 973, 764, 7691, 9707, 7000, 6950, 9753, 1969, 3541, 3853, 4396, 3014, 7322, 2283, 5353, 2289, 3972, 8937, 1607, 8147, 1474, 5184, 6336, 4079, 1951, 3853, 1205, 5877, 8025, 865, 4822, 4521, 8095, 5192, 7291, 4413, 5438, 7338, 1443, 138, 5698, 3299, 6471, 7271, 6465, 1651, 803, 8417, 8995, 4134, 6422, 8, 8429, 9953, 4729, 3640, 354, 3630, 6488, 5721, 4974, 3434, 3841, 2021, 1107, 7828, 8425, 2905, 5371, 9565, 9301, 5727, 649, 8092, 9190, 5043, 5464, 4271, 9452, 9581, 5159, 1376, 7409, 5237, 3606, 6440, 3463, 6982, 146, 8975, 4656, 2299, 2124, 524, 217, 3703, 8081, 9488, 8767, 3320, 1161, 2456, 111, 1723, 6231, 1661, 2152, 7908, 1800, 8109, 2911, 5483, 3039, 9975, 5644, 9461, 7725, 205, 5662, 4888, 6356, 7671, 7521, 3465, 178, 6892, 947, 3866, 8474, 1049, 4314, 3554, 2706, 683, 4737, 2856, 2522, 8173, 3835, 6130, 1934, 8976, 1291, 9434, 9196, 3403, 5868, 1785, 7295, 7740, 768, 6370, 9934, 7751, 9601, 7742, 8005, 318, 3841, 7580, 4300, 8459, 3637, 3142, 6306, 5035, 9314, 5385, 2486, 50, 2657, 8477, 8440, 2678, 8906, 2301, 665, 4463, 2627, 2010, 9131, 5391, 6590, 8386, 8477, 3348, 2734, 2825, 1270, 7304, 85, 9739, 1178, 7884, 8934, 3026, 7995, 2261, 8560, 8076, 9656, 3323, 2381, 515, 3041, 7777, 3780, 8196, 1446, 9512, 3466, 8947, 5372, 5087, 3707, 6712, 6606, 6703, 5732, 3283, 7628, 9547, 7035, 8723, 6800, 4809, 7698, 6951, 2369, 414, 9419, 2530, 3657, 214, 8304, 4499, 1107, 2047, 6638, 3794, 8647, 9954, 9420, 8781, 190, 149, 2529, 8242, 9728, 4627, 451, 7326, 2513, 5725, 6059, 1237, 5569, 4735, 7653, 3222, 7948, 1295, 7435, 9293, 3011, 4155, 4974, 6163, 1523, 5534, 8425, 9751, 9787, 2331, 1795, 5921, 8201, 6618, 6211, 7147, 8923, 4438, 3452, 2174, 6657, 5140, 7983, 5183, 6127, 1371, 1735, 9466, 7260, 932, 6719, 8993, 8971, 5708, 764, 7061, 368, 694, 3239, 6430, 4970, 3755, 7649, 192, 406, 4408, 5969, 6182, 9918, 7288, 4594, 3785, 2379, 7302, 5943, 2510, 3804, 5427, 3637, 2515, 2355, 4423, 7223, 9819, 3925, 8370, 5348, 6600, 9765, 6395, 4550, 2723, 4459, 1898, 8784, 9592, 7128, 3409, 4323, 5651, 5542, 9459, 4086, 6822, 7987, 4263, 3431, 5465, 6549, 2366, 4982, 1529, 511, 7470, 2177, 4117, 3005, 4316, 3644, 9769, 4693, 1931, 4520, 594, 9249, 9244, 4575, 1522, 2284, 7745, 5007, 4239, 6886, 2438, 823, 8332, 8274, 2866, 6193, 1223, 3680, 7969, 4578, 5637, 479, 8940, 4918, 2392, 5306, 3555, 3166, 7680, 8638, 6435, 201, 960, 8098, 463, 535, 6582, 1359, 7831, 8631, 4278, 9214, 8165, 9270, 4666, 7199, 315, 6105, 1245, 6481, 5282, 1403, 6184, 6869, 6075, 3918, 4162, 237, 2472, 4847, 7232, 2209, 6465, 1158, 1118, 6097, 6618, 3931, 7927, 3773, 820, 4856, 8995, 3920, 7329, 2500, 6704, 9176, 2959, 2239, 4974, 235, 1927, 4338, 4072, 7660, 5546, 3447, 3436, 709, 5404, 2852, 7978, 6913, 3473, 7338, 9776, 4442, 4209, 1909, 7771, 5423, 7160, 1178, 5674, 7034, 8495, 8202, 3980, 2362, 4184, 1338, 7432, 1528, 1715, 806, 3933, 9897, 1588, 5664, 1433, 3189, 4119, 1507, 1894, 7539, 4815, 7558, 2865, 5711, 5815, 6549, 8499, 4550, 2131, 8442, 1020, 8, 3635, 9554, 3223, 9750, 9867, 3347, 3689, 6243, 686, 9202, 9879, 9088, 9812, 885, 8706, 8990, 5508, 5630, 85, 7662, 5356, 3534, 279, 6961, 9384, 7344, 6752, 8745, 5948, 8512, 8711, 8154, 9850, 7589, 5544, 2012, 5599, 7750, 9887, 9642, 2751, 2005, 3368, 2104, 5991, 7879, 1869, 9774, 5789, 4152, 306, 5863, 8582, 9073, 6941, 9663, 5633, 6423, 2813, 2472, 108, 6419, 6106, 7772, 5325, 2904, 4418, 719, 6486, 5235, 1043, 6438, 1200, 5945, 7977, 4742, 5809, 3820, 596, 9693, 5623, 3461, 2093, 7697, 3862, 2971, 9953, 1921, 3254, 6651, 4990, 8004, 8791, 5276, 1408, 3795, 8495, 5601, 5867, 6076, 6970, 9693, 5591, 3095, 520, 8175, 2330, 2467, 5270, 3509, 2356, 3154, 345, 126, 7309, 6262, 8706, 493, 5116, 3100, 973, 1449, 3804, 682, 9092, 5039, 3945, 4291, 5964, 3726, 255, 7616, 1619, 907, 4850, 771, 8927, 6755, 7510, 5791, 8373, 3024, 7895, 6551, 605, 8140, 9892, 4368, 3897, 6749, 4163, 433, 4626, 2600, 5430, 5598, 8351, 4614, 6547, 6827, 8907, 3616, 7801, 9024, 158, 7809, 6193, 4503, 7166, 6383, 5692, 699, 1211, 327, 5566, 185, 8966, 2850, 6596, 2745, 8662, 2839, 7674, 2007, 5620, 5506, 6257, 494, 6890, 2959, 7556, 8535, 2492, 5981, 6655, 8230, 2711, 4470, 3409, 1843, 1093, 3670, 9144, 4689, 8112, 15, 8510, 9766, 6710, 8423, 1931, 6924, 6180, 7752, 8385, 3092, 7027, 2520, 25, 5308, 6765, 7597, 3799, 2231, 2607, 1558, 1844, 7209, 6775, 2198, 7807, 2853, 9231, 434, 4570, 5332, 8940, 8362, 1139, 6957, 3107, 5092, 6281, 9091, 8421, 6045, 8212, 2679, 8795, 8564, 627, 3492, 638, 2573, 7264, 1058, 1553, 5137, 7525, 4744, 6973, 7555, 6248, 2381, 745, 7960, 250, 7017, 4967, 422, 623, 9757, 3302, 642, 7925, 5731, 5402, 9478, 7131, 6195, 4619, 7551, 8262, 5158, 3809, 3616, 6826, 9464, 1239, 6678, 3470, 5665, 5400, 6987, 9618, 2329, 7988, 3889, 6236, 6605, 4568, 7099, 6333, 8487, 2073, 2110, 2983, 575, 2510, 3608, 363, 497, 42, 8811, 9706, 3815, 2867, 1969, 5211, 9048, 5081, 5269, 6360, 3680, 3770, 5167, 3873, 1934, 1078, 3612, 9997, 4587, 5612, 8865, 9020, 1790, 4616, 7372, 8327, 362, 9168, 9981, 2215, 4110, 6926, 6218, 6847, 1016, 5588, 4639, 347, 3363, 3059, 6843, 3017, 6740, 1152, 9688, 3382, 8748, 3263, 6001, 1878, 964, 9475, 6665, 423, 127, 9125, 4958, 8585, 6477, 8607, 1475, 3237, 3489, 2266, 5589, 2308, 8704, 1804, 7904, 2671, 3566, 9169, 473, 7839, 8115, 4038, 6434, 4798, 5073, 4123, 265, 4200, 6681, 6082, 2559, 2303, 1629, 8134, 7609, 5220, 4450, 2938, 3519, 9921, 7601, 4184, 3681, 9609, 9998, 2397, 8219, 8729, 2560, 1752, 477, 9218, 9333, 2194, 3956, 1013, 3233, 6196, 7555, 2073, 2679, 4500, 124, 333, 857, 5641, 2918, 4449, 311, 4914, 9004, 8312, 7217, 7303, 8160, 7615, 9304, 5960, 9559, 2772, 5788, 4479, 6263, 9667, 8832, 5489, 9977, 1826, 3834, 1191, 2837, 3169, 5717, 9462, 1049, 2559, 2471, 946, 6726, 4752, 967, 2235, 3546, 6077, 4680, 283, 5173, 7971, 1767, 5752, 7258, 4906, 3924, 576, 817, 6679, 2832, 6271, 6050, 9814, 7327, 9554, 4712, 3037, 73, 8201, 4953, 1099, 831, 67, 6942, 9591, 136, 7569, 697, 4080, 2199, 7614, 7309, 1705, 2308, 3323, 4053, 8179, 6407, 311, 7992, 5309, 3575, 660, 7866, 3531, 2356, 4837, 7610, 3867, 8679, 4675, 9496, 1785, 5566, 7532, 2507, 1308, 3704, 2673, 634, 4425, 6563, 4036, 8371, 3863, 4166, 8473, 3732, 3873, 357, 9944, 2524, 945, 894, 3839, 9542, 7126, 2930, 7871, 1315, 234, 108, 7530, 8316, 6651, 1211, 6357, 6760, 2316, 4838, 1706, 5554, 2381, 122, 4862, 9820, 9999, 370, 698, 5893, 9761, 8754, 661, 6078, 1167, 8345, 5523, 1152, 4013, 8621, 9633, 97, 9453, 998, 4531, 7394, 7557, 6209, 4052, 4818, 1801, 6294, 4866, 7987, 5385, 7682, 2101, 8961, 6151, 6267, 9359, 9927, 7562, 6411, 4244, 8440, 2877, 6592, 7245, 198, 6637, 3349, 9461, 573, 3412, 8348, 4570, 6572, 8691, 6009, 2797, 7424, 992, 1269, 4318, 9059, 8670, 4468, 9582, 7679, 9327, 9651, 7336, 2757, 9107, 735, 173, 5781, 4027, 296, 7864, 2584, 9026, 3250, 6311, 568, 2030, 8783, 4644, 3025, 4549, 6928, 3191, 8658, 8108, 3687, 9471, 6202, 6555, 7342, 5942, 893, 8473, 931, 2315, 1207, 7681, 3367, 7198, 3501, 5480, 6614, 4118, 3582, 7566, 2453, 2589, 6475, 5782, 1416, 7086, 4244, 8658, 7053, 9768, 9532, 3457, 4516, 6175, 4701, 9685, 9751, 4096, 9746, 1671, 9088, 7757, 2594, 404, 5948, 1306, 2418, 6898, 8418, 1101, 5371, 8729, 9408, 6855, 735, 9201, 4995, 3663, 3494, 6755, 8414, 8557, 4765, 5045, 8277, 6017, 7476, 3104, 3840, 2034, 6947, 1451, 1808, 7088, 2289, 5121, 1779, 1993, 4603, 3958, 1685, 4617, 5367, 9436, 3538, 5131, 4339, 9630, 7850, 1178, 4231, 8039, 8503, 3680, 8874, 530, 7758, 2483, 2904, 8714, 7832, 6634, 2488, 1489, 8390, 4788, 723, 9738, 2028, 4637, 4882, 9377, 5714, 3920, 5952, 2512, 4635, 6525, 2739, 3669, 1789, 4085, 5759, 9588, 7716, 5338, 5562, 9215, 6392, 3302, 7221, 156, 4810, 6111, 5766, 3398, 6416, 926, 8239, 8293, 6442, 2229, 6297, 659, 6128, 8516, 3793, 5705, 5010, 4622, 4716, 1846, 2990, 9566, 6104, 3723, 1934, 1914, 8624, 9365, 5142, 9226, 4580, 4852, 202, 9371, 6308, 8471, 9230, 298, 4985, 7280, 5042, 2769, 3666, 6328, 2147, 4487, 9180, 6294, 4306, 9172, 4835, 2255, 2913, 5852, 905, 4830, 6802, 3201, 6441, 9169, 8716, 1757, 9852, 317, 5501, 4946, 6075, 4986, 3113, 8270, 5270, 9178, 9538, 9661, 9536, 3532, 3429, 6737, 739, 5818, 6094, 1543, 2466, 4525, 3061, 9687, 770, 1729, 1907, 3617, 145, 4410, 6300, 2728, 3578, 9190, 1026, 562, 7629, 2410, 7444, 3181, 9742, 3992, 8502, 465, 753, 1431, 7439, 8791, 5007, 1891, 8315, 6001, 1372, 597, 9908, 6509, 5774, 2710, 7587, 4447, 8292, 7857, 2390, 953, 6181, 7819, 7601, 2875, 82, 7826, 7313, 314, 8530, 6589, 6098, 5160, 6336, 7481, 9193, 289, 1241, 3513, 368, 6126, 6532, 1794, 2077, 7827, 6062, 2510, 8062, 6845, 7345, 1635, 657, 8222, 5636, 8626, 8363, 4033, 244, 7488, 7502, 5651, 4474, 8669, 2483, 9391, 9125, 2334, 4428, 966, 4498, 8086, 8786, 2869, 9451, 4475, 140, 9612, 89, 832, 3912, 2234, 4960, 4248, 3963, 5305, 6195, 4530, 4536, 9321, 7025, 8711, 7075, 5190, 2322, 4791, 7516, 1348, 7452, 1287, 8083, 4541, 6340, 570, 4471, 4910, 2213, 3491, 2749, 6921, 6593, 9055, 9893, 2086, 9458, 35, 1009, 3579, 1757, 3050, 727, 5008, 4139, 7352, 8821, 6125, 5224, 6851, 8310, 7705, 2342, 6068, 8889, 6036, 8734, 4904, 7089, 1391, 9174, 7469, 2955, 5588, 8718, 2123, 5964, 9309, 40, 177, 3932, 8409, 7979, 8422, 9762, 8123, 4080, 4186, 3106, 2380, 8840, 3314, 8874, 3140, 4908, 5939, 2152, 9855, 2224, 1794, 8374, 3268, 5657, 986, 96, 1420, 2974, 3912, 1215, 4663, 4007, 9263, 6640, 1184, 6225, 5731, 9877, 5861, 7281, 5403, 5986, 6244, 5776, 2639, 5538, 9976, 77, 1652, 4302, 6881, 7008, 2420, 7930, 63, 8106, 3017, 9859, 5257, 3578, 7021, 3383, 2869, 9661, 1137, 9690, 8779, 1381, 7876, 1573, 5885, 2030, 8896, 8076, 1550, 7702, 6819, 5909, 7471, 2555, 9341, 8471, 7669, 2972, 3887, 1788, 931, 53, 6296, 2257, 3460, 2512, 1589, 8053, 2153, 7752, 1004, 7525, 9194, 3823, 2396, 4516, 329, 23, 3009, 4820, 7739, 7196, 4492, 6911, 8878, 4909, 9252, 7957, 2449, 3661, 4702, 2961, 8000, 8361, 7227, 5910, 2707, 1897, 7795, 8049, 9705, 9109, 2918, 2908, 9941, 8563, 5581, 7362, 4430, 1535, 3767, 6620, 2210, 1560, 3133, 2514, 7162, 2434, 3608, 9820, 5047, 8462, 6324, 8439, 3134, 9377, 6968, 1729, 634, 3633, 3779, 5, 6033, 1219, 4751, 1391, 2016, 6690, 3545, 1705, 6960, 4065, 7466, 6210, 7362, 8922, 7384, 6570, 7143, 4058, 3633, 7135, 1053, 5384, 8693, 1811, 576, 2916, 2857, 235, 4836, 281, 4897, 701, 1811, 7301, 8744, 8940, 463, 3757, 2336, 1406, 4744, 7665, 6064, 2706, 4704, 3986, 7112, 6961, 7281, 8467, 2675, 3050, 8541, 1500, 793, 6711, 645, 7312, 9067, 5866, 5027, 3144, 7332, 9418, 5822, 4653, 4050, 8154, 7461, 7385, 8167, 3378, 8094, 1231, 2761, 6544, 1650, 6356, 8726, 5687, 808, 4731, 483, 7424, 4007, 7222, 4588, 3605, 8820, 6341, 5721, 2837, 2532, 4691, 5982, 6109, 2213, 7163, 5939, 4156, 1833, 1334, 479, 8830, 3603, 1857, 2731, 1079, 4138, 1888, 4737, 3891, 2160, 9285, 3329, 1250, 63, 9517, 1490, 7498, 1953, 8748, 5804, 6121, 2188, 8396, 1006, 5235, 7987, 9669, 7873, 9766, 7319, 7461, 4502, 6613, 2564, 1863, 170, 3756, 9842, 6718, 4383, 8251, 1370, 8682, 6151, 4209, 3668, 6981, 9619, 4201, 4144, 9008, 5682, 3434, 3577, 1739, 1624, 6420, 8947, 9214, 3768, 8429, 5191, 5916, 6513, 1976, 3225, 8608, 2669, 3110, 2689, 6157, 2040, 3489, 3021, 4582, 8247, 9828, 3220, 8430, 3016, 4600, 7438, 8363, 1869, 6368, 8395, 4124, 4311, 7641, 6858, 4765, 875, 8053, 2075, 8344, 2080, 410, 7430, 1991, 1083, 7625, 8281, 8254, 5343, 4590, 7203, 8040, 448, 3655, 2360, 5826, 4158, 7243, 5028, 6233, 6753, 544, 5856, 9813, 9397, 592, 2937, 3839, 912, 9054, 2933, 2906, 5234, 3241, 142, 8842, 7420, 1166, 5940, 9175, 4886, 1710, 6794, 1999, 2870, 6281, 4515, 3709, 4793, 1410, 978, 6640, 6542, 1010, 4258, 856, 7693, 1627, 7085, 4815, 568, 5322, 4160, 8291, 2797, 6350, 3847, 7032, 9149, 4095, 7816, 4259, 9653, 2318, 8719, 5628, 2879, 5350, 5335, 9617, 6499, 9005, 9992, 9288, 2047, 4734, 5204, 5124, 1328, 4984, 868, 3332, 493, 2081, 3549, 2481, 9429, 1331, 2588, 4749, 8246, 5879, 1725, 1923, 1114, 9214, 7485, 1745, 127, 4643, 8891, 4118, 5344, 9248, 9512, 2876, 4682, 7578, 5553, 4497, 5340, 1278, 2561, 7229, 6456, 4075, 1383, 6831, 5186, 5944, 7099, 9900, 5667, 5167, 4423, 7670, 6255, 9939, 9571, 4856, 226, 3141, 9521, 5317, 31, 2774, 6612, 8636, 3241, 380, 8589, 9708, 2942, 517, 5410, 498, 5312, 235, 2106, 8268, 732, 6303, 5470, 1822, 4694, 2209, 2316, 7803, 6384, 906, 4196, 8182, 4199, 9482, 5208, 3810, 5626, 3966, 5724, 3338, 800, 9089, 5714, 3013, 6060, 93, 3720, 1495, 5546, 5141, 6120, 5164, 389, 3559, 4397, 9256, 3529, 3598, 1841, 5368, 5917, 8888, 7136, 3780, 9404, 4154, 5611, 3694, 1994, 1652, 7928, 9257, 5944, 8689, 8084, 9148, 5272, 3107, 3202, 807, 8510, 7255, 4064, 2459, 8445, 1542, 7003, 526, 8544, 1717, 3814, 3689, 592, 5297, 5894, 7258, 7915, 2065, 6433, 9703, 6171, 7740, 9349, 1296, 5469, 9751, 9360, 4723, 9926, 4939, 896, 349, 8803, 9366, 6658, 7278, 9108, 9696, 6914, 4986, 1401, 6119, 2744, 9328, 9108, 1973, 4267, 5049, 3884, 6667, 524, 9989, 6167, 5816, 9991, 7920, 4343, 6896, 9932, 7863, 1151, 4166, 7671, 1274, 6253, 8606, 6224, 141, 65, 2608, 1698, 9504, 9022, 1831, 1437, 4067, 6536, 2407, 1021, 1979, 955, 5858, 2535, 2720, 164, 7959, 3787, 9663, 976, 1433, 20, 7310, 5471, 8237, 6535, 750, 7701, 521, 7229, 4558, 8660, 3199, 4887, 2013, 9603, 3302, 8658, 4878, 9553, 4758, 6079, 1073, 5720, 7641, 2987, 3165, 4423, 7808, 9211, 3225, 7102, 9408, 8560, 6956, 443, 5036, 600, 9419, 1553, 6966, 8145, 2546, 6644, 1804, 6183, 5189, 8385, 6803, 8187, 2343, 2867, 3543, 3880, 4670, 6080, 2033, 3782, 833, 31, 1807, 3619, 8473, 8925, 9091, 1121, 9141, 4063, 6450, 969, 3897, 9112, 10, 9640, 1235, 9150, 8024, 8152, 5590, 9799, 3852, 9350, 32, 4671, 6763, 4258, 1138, 9767, 3023, 5170, 3784, 6608, 186, 879, 731, 2185, 9381, 6232, 2723, 5012, 4632, 2038, 829, 6169, 6054, 2867, 9004, 5536, 3191, 8078, 4225, 8900, 1215, 3490, 2826, 6780, 4743, 7772, 7369, 5790, 9409, 4424, 3186, 4891, 9692, 5188, 7998, 3145, 1657, 4361, 1747, 4120, 6910, 8808, 9358, 5626, 221, 4594, 7605, 9993, 9304, 5650, 8778, 7001, 9017, 4006, 476, 2628, 8232, 358, 5634, 577, 2997, 7163, 6690, 2481, 7244, 7365, 4802, 3009, 250, 9792, 5333, 1578, 7463, 2014, 9474, 8735, 6863, 7427, 7511, 8094, 9751, 2117, 7758, 9272, 6742, 2879, 5234, 9337, 3796, 1562, 8655, 9912, 1771, 2231, 6760, 5607, 8392, 7145, 5092, 9143, 9609, 8480, 6831, 1611, 166, 5184, 6197, 2023, 5202, 6803, 3648, 5907, 5212, 7776, 8941, 8957, 5909, 2987, 6357, 4753, 9056, 6284, 90, 904, 8833, 4995, 6088, 598, 5723, 3026, 4804, 133, 1187, 5366, 3319, 7186, 6219, 9630, 10000, 9603, 6837, 9860, 5802, 6935, 4680, 9917, 6320, 9688, 2342, 1405, 6842, 5974, 2765, 1134, 9068, 9486, 6322, 4341, 6223, 1466, 6845, 158, 1913, 5205, 2902, 4582, 2923, 3883, 25, 6474, 2287, 9839, 1546, 7859, 7703, 8431, 4500, 3297, 9414, 5645, 5991, 821, 8458, 1823, 2582, 8772, 4963, 7309, 9622, 9863, 6515, 4390, 9540, 8411, 7043, 1754, 2958, 962, 9056, 1079, 4763, 754, 3408, 9165, 3155, 2211, 6719, 6766, 902, 826, 2355, 9397, 3113, 8870, 3741, 1689, 5686, 6143, 2816, 8297, 7289, 4928, 9154, 7272, 8675, 3895, 442, 7091, 525, 6980, 5038, 3936, 3764, 3554, 2379, 8997, 6507, 8728, 6880, 8278, 8642, 827, 5790, 1277, 1501, 3514, 7045, 4576, 5250, 747, 6670, 5043, 2928, 9011, 6831, 271, 9832, 1183, 5689, 7073, 2419, 5309, 5319, 5348, 6723, 214, 2187, 7049, 7874, 761, 2358, 3621, 2554, 200, 3530, 2357, 3088, 5461, 6299, 9438, 8582, 3165, 5470, 7971, 1793, 9645, 1536, 1003, 9441, 2377, 2075, 4698, 4611, 3469, 2940, 4179, 2729, 4397, 3975, 7861, 6363, 2386, 7524, 7133, 8260, 4408, 4137, 2563, 9406, 3999, 1521, 2614, 5220, 98, 5446, 3683, 981, 9921, 6313, 3195, 8028, 7279, 1829, 1414, 1719, 1483, 8723, 5257, 7330, 1232, 2360, 6059, 275, 7257, 7725, 927, 4836, 3476, 9625, 3229, 7653, 2311, 1, 1238, 7755, 9075, 1562, 2575, 7983, 1940, 3474, 5185, 6856, 1332, 6768, 8453, 7594, 1227, 2678, 3770, 7715, 5618, 2909, 1077, 2007, 1433, 8040, 8180, 7574, 7197, 5837, 6008, 9545, 6303, 2253, 4343, 6997, 4200, 4976, 8249, 2955, 152, 6103, 5166, 6596, 3317, 4259, 7034, 8498, 4687, 2593, 9865, 8455, 9604, 303, 8412, 9286, 876, 2021, 1160, 7160, 9440, 2121, 7136, 9101, 15, 775, 9324, 8642, 6853, 9369, 662, 5606, 5627, 6331, 4951, 1139, 5256, 8730, 606, 3266, 819, 1959, 1378, 362, 9580, 7373, 5710, 8194, 2535, 5547, 9998, 7193, 1720, 2413, 5342, 4154, 6476, 3822, 6465, 3161, 879, 5300, 314, 1722, 5400, 3841, 3412, 5379, 5039, 1360, 1034, 4633, 6847, 8744, 6069, 4158, 9691, 9214, 6943, 962, 1526, 2328, 4954, 266, 4161, 8464, 8867, 6362, 2230, 4218, 1651, 3461, 9412, 1435, 9267, 3308, 1557, 1649, 8249, 6767, 2833, 6361, 3205, 3442, 8891, 5912, 6890, 7516, 4957, 6970, 7280, 5738, 8752, 3600, 7650, 751, 4021, 7992, 1511, 8028, 6643, 9058, 9831, 4461, 6463, 1497, 6295, 5245, 3812, 58, 3026, 5055, 383, 3253, 550, 517, 3671, 5442, 8667, 4614, 4981, 8378, 8522, 5520, 4115, 5844, 6655, 4219, 1493, 6754, 1055, 8391, 5117, 6497, 8360, 5763, 987, 5964, 2033, 524, 542, 8943, 4245, 1092, 4917, 138, 3283, 9896, 1145, 9059, 8036, 5650, 3959, 1607, 2549, 153, 4172, 1152, 931, 6295, 6060, 435, 967, 8369, 1166, 1312, 6896, 1449, 3810, 2820, 2010, 9271, 5110, 3355, 6671, 5235, 372, 3798, 7584, 3880, 1095, 7153, 3284, 7057, 3577, 2608, 5869, 1790, 4327, 3177, 6499, 3248, 5412, 2115, 5022, 73, 8574, 5313, 7807, 4298, 5172, 741, 8175, 7396, 5063, 9720, 1165, 557, 3947, 6911, 2957, 4804, 1062, 9421, 8787, 8618, 1708, 3123, 1156, 3154, 4617, 5256, 9093, 2885, 2640, 7614, 7030, 2717, 307, 6112, 6528, 7143, 2890, 8970, 5815, 7659, 6739, 2085, 7396, 9834, 3203, 7170, 4745, 3157, 4832, 2133, 5993, 4082, 7541, 3958, 5281, 3714, 4644, 819, 8712, 4923, 2710, 997, 493, 4856, 2191, 7241, 5620, 2221, 9436, 3294, 3202, 8960, 3784, 5099, 9308, 4261, 2042, 5810, 8540, 1311, 5140, 5829, 9249, 1865, 3227, 8277, 6121, 6032, 9518, 6389, 5127, 1495, 4415, 9112, 3793, 295, 6009, 446, 9982, 636, 6855, 5215, 3418, 5684, 6013, 7866, 3607, 9422, 9704, 3576, 5235, 8223, 5369, 1125, 6185, 8920, 9802, 7174, 5091, 6061, 3072, 7533, 6387, 4747, 9866, 7600, 8017, 7963, 8551, 2862, 5586, 4428, 5730, 9893, 727, 9214, 2013, 7088, 123, 8040, 8962, 2156, 943, 1127, 1044, 7006, 3819, 3638, 8009, 1835, 7189, 9643, 840, 3515, 4896, 5484, 6977, 6348, 2228, 7767, 422, 3134, 4622, 8830, 71, 3151, 9942, 3768, 3026, 4463, 3462, 6956, 9081, 6028, 1168, 5493, 9536, 358, 9959, 4529, 8082, 4704, 8804, 8145, 8120, 994, 3207, 4243, 543, 3035, 3743, 8565, 231, 1904, 66, 867, 183, 1785, 5025, 5601, 2141, 3973, 1857, 6058, 1475, 7102, 8508, 8015, 4622, 1999, 5210, 837, 3795, 7300, 7678, 8747, 2361, 194, 5996, 8133, 3566, 5503, 680, 1687, 7740, 5998, 3728, 7787, 7353, 7764, 2867, 1072, 3702, 2699, 9233, 9517, 7596, 9582, 4980, 4820, 8659, 3504, 4881, 4232, 504, 2730, 983, 3017, 5404, 3867, 8144, 3399, 9015, 8368, 3517, 3677, 606, 3851, 3982, 1553, 8465, 7716, 6410, 6127, 632, 1223, 2577, 367, 4487, 6726, 7941, 9621, 5578, 8532, 3803, 6477, 677, 1187, 9717, 5635, 223, 6089, 3279, 9214, 2240, 6116, 4834, 1926, 4617, 7603, 6139, 985, 5264, 7732, 1645, 1036, 4503, 315, 4721, 3101, 5715, 3280, 4301, 3952, 6373, 8641, 8028, 9787, 2291, 7800, 8825, 2936, 6086, 7074, 5738, 4994, 9923, 9176, 4984, 5237, 683, 7068, 6757, 598, 7116, 3058, 4901, 5814, 2793, 2063, 6834, 1664, 1621, 6524, 74, 9473, 3555, 7715, 6099, 8646, 9537, 5996, 8276, 3527, 6749, 6854, 821, 6346, 9923, 5158, 9384, 9893, 1690, 4390, 6547, 9620, 5993, 472, 1366, 2745, 7271, 658, 5808, 6331, 1342, 8122, 1825, 5392, 5446, 9393, 9008, 5375, 3179, 6602, 3269, 124, 5428, 9013, 7412, 7908, 9522, 6271, 2260, 8851, 2500, 9067, 3356, 2726, 1988, 7799, 6705, 8323, 9771, 4994, 6908, 3335, 2284, 6200, 5700, 9774, 9504, 4712, 1386, 9308, 206, 3742, 9670, 4873, 2044, 6869, 8970, 4921, 2294, 3731, 5245, 6291, 1730, 68, 4415, 6470, 866, 4448, 3188, 7447, 1262, 1680, 1009, 4375, 3881, 7687, 8968, 891, 8651, 3195, 5071, 8712, 5901, 8754, 4295, 8624, 9996, 414, 2300, 1886, 2475, 201, 7625, 8037, 6221, 5233, 1050, 421, 7439, 103, 6592, 9001, 1350, 5889, 8910, 6622, 223, 8160, 6400, 3662, 7565, 6851, 1258, 6766, 8790, 8195, 7280, 434, 4864, 7325, 1941, 9543, 1649, 4620, 2176, 2578, 7577, 4771, 2926, 7741, 7330, 6985, 7732, 8212, 9949, 4914, 4029, 3004, 873, 611, 2888, 7957, 8460, 6778, 893, 3212, 6155, 236, 8580, 2217, 4079, 7987, 6115, 4018, 5150, 3008, 8693, 5135, 3461, 3867, 2401, 1778, 603, 2968, 5590, 6060, 9313, 7425, 7171, 8062, 6983, 3283, 7112, 9215, 5172, 188, 2608, 5457, 7911, 9966, 9521, 2601, 2905, 9285, 4496, 5220, 3553, 7704, 4398, 1000, 6703, 1381, 4749, 1059, 1293, 3972, 8369, 2458, 6551, 8091, 5405, 2319, 5998, 6925, 808, 2933, 442, 6320, 5503, 9987, 9054, 1938, 3221, 4182, 3955, 5264, 2810, 4791, 6178, 7164, 3505, 8835, 9726, 6647, 3058, 455, 2185, 4418, 7614, 5551, 4688, 5150, 7387, 9683, 3234, 5845, 143, 76, 5201, 4992, 3757, 958, 4663, 1287, 6080, 2133, 3319, 8919, 390, 7942, 6185, 1002, 302, 3004, 9801, 3970, 3703, 8756, 4750, 1836, 1647, 2406, 4042, 3760, 327, 4041, 9811, 1015, 1254, 84, 8781, 486, 5712, 5881, 7047, 609, 3866, 5781, 2675, 7756, 7226, 6533, 5400, 4297, 3375, 3420, 545, 4445, 5420, 4958, 8969, 4318, 4625, 9150, 6673, 5443, 8391, 7375, 9879, 6944, 2683, 3241, 8705, 2152, 9630, 588, 5450, 328, 9476, 6696, 2178, 3564, 3401, 145, 4589, 7042, 349, 920, 4129, 9083, 9417, 4379, 4388, 8136, 4945, 4195, 309, 1422, 1007, 1936, 8619, 4097, 50, 6552, 5772, 8799, 8286, 7933, 1504, 7146, 831, 8683, 7390, 8554, 7111, 2758, 6872, 4778, 6007, 9845, 3946, 6164, 2667, 1114, 2271, 3131, 5018, 723, 278, 2687, 2416, 1363, 130, 8310, 4007, 8440, 6348, 5638, 0, 5321, 2511, 2709, 9207, 9817, 2571, 2372, 9204, 2416, 9798, 512, 6269, 3987, 113, 6700, 3109, 4529, 321, 9123, 9070, 1277, 8940, 6785, 6478, 9532, 5579, 4061, 3234, 4503, 248, 8300, 4289, 581, 6243, 6817, 7966, 7931, 1108, 3392, 7600, 8289, 7332, 3396, 5619, 630, 9143, 3135, 4827, 8359, 1076, 7962, 6973, 2206, 3988, 3482, 1079, 1717, 8664, 5768, 2937, 4683, 8011, 9962, 6806, 6239, 3275, 3225, 376, 5689, 7516, 2570, 9082, 8313, 666, 2936, 8694, 6770, 6109, 7743, 8406, 7473, 6415, 4545, 9960, 107, 6688, 3343, 2918, 309, 7617, 5500, 6451, 4768, 2300, 4608, 4608, 4161, 7569, 7383, 8020, 2139, 9655, 4049, 4853, 3255, 784, 1205, 3385, 3719, 5037, 4390, 9667, 7574, 3853, 5053, 5578, 2215, 8208, 3413, 2758, 3534, 6666, 7396, 3662, 7907, 5361, 7099, 5169, 8984, 8966, 1366, 5144, 791, 9522, 2228, 1037, 884, 4787, 3323, 3885, 6144, 2675, 8658, 1576, 5601, 2661, 6024, 3383, 709, 6525, 2719, 8959, 1479, 6287, 7376, 6520, 9106, 4356, 3710, 7216, 3356, 2858, 4694, 564, 3961, 7697, 4220, 8944, 5402, 195, 6427, 680, 480, 5288, 302, 2247, 9460, 8050, 1467, 8003, 3120, 5652, 3212, 7203, 7950, 1978, 4966, 7751, 8414, 8431, 9834, 4383, 8648, 5149, 9947, 3214, 8953, 3458, 3362, 3374, 5870, 7248, 7541, 4863, 3432, 1954, 7683, 5907, 9516, 1959, 2346, 8965, 4150, 8269, 9949, 4305, 3654, 6479, 4347, 9648, 4750, 2157, 4865, 2153, 7873, 8878, 3110, 1804, 4917, 4904, 958, 9818, 1479, 9442, 5580, 1400, 1817, 8524, 3079, 3196, 7442, 6580, 2774, 5426, 8082, 1546, 4971, 4970, 7387, 7396, 8022, 9860, 497, 1791, 975, 9388, 2782, 1101, 3515, 5927, 3609, 3990, 4777, 4163, 1166, 3603, 9115, 2470, 5127, 592, 2160, 478, 8006, 4483, 4072, 6197, 1236, 5066, 8589, 4521, 3503, 5979, 3968, 2274, 7274, 2489, 7511, 1521, 6530, 715, 8165, 5753, 6584, 5461, 5103, 2632, 3139, 5154, 1095, 6650, 8199, 8669, 6716, 16, 3233, 909, 1304, 280, 9894, 1074, 2970, 2370, 2912, 5295, 2147, 458, 9592, 2019, 9298, 2746, 888, 2333, 9072, 129, 8338, 2368, 8775, 6479, 7766, 520, 8259, 5682, 5492, 3626, 2665, 4834, 4285, 4826, 2435, 2943, 3259, 5486, 810, 1846, 3323, 2827, 4149, 9391, 7271, 2013, 2545, 963, 7637, 9525, 457, 534, 3368, 8986, 371, 5983, 2284, 4713, 922, 1022, 1503, 8004, 9416, 981, 1720, 8815, 4235, 611, 9953, 1003, 8433, 2544, 1965, 6068, 5972, 7399, 5886, 7797, 9972, 2359, 1269, 4140, 3404, 6721, 8068, 8782, 6630, 6050, 321, 1247, 9670, 5949, 6549, 4774, 3885, 8582, 6073, 2086, 612, 4785, 617, 1963, 3148, 9408, 7564, 1422, 4447, 3041, 5902, 6949, 3556, 6557, 2935, 1232, 3268, 7280, 7720, 4460, 7156, 6298, 9611, 1794, 9756, 9474, 988, 3368, 6467, 5901, 8372, 659, 6101, 7632, 6048, 9271, 8099, 2288, 3073, 9141, 2998, 6312, 6929, 2718, 5721, 5279, 5224, 5291, 9806, 9687, 4090, 5529, 9478, 7763, 555, 8168, 7061, 3384, 6429, 2579, 9024, 4070, 3184, 1971, 2267, 3773, 2686, 5971, 2086, 5743, 6139, 4127, 1468, 4746, 9020, 5436, 8531, 8355, 8367, 3753, 5298, 6606, 2861, 298, 5882, 3192, 8634, 2072, 2115, 3428, 3942, 7475, 5105, 82, 3452, 8568, 2263, 7866, 113, 8795, 8332, 8457, 9061, 361, 9971, 6340, 9259, 3301, 4212, 1432, 9883, 9196, 9858, 5904, 1730, 6178, 6041, 4877, 5649, 8198, 4800, 402, 5549, 5517, 2068, 9410, 1903, 4751, 4611, 9386, 2643, 2547, 3568, 739, 1694, 5197, 2424, 8488, 4728, 5247, 1644, 8772, 6067, 2931, 9520, 2480, 8897, 3200, 5870, 8452, 5168, 4081, 2690, 3101, 2915, 4908, 1982, 8384, 959, 2479, 1428, 327, 6119, 7976, 5012, 7827, 8751, 9190, 3770, 1230, 8614, 3480, 3060, 5494, 7839, 3846, 8654, 3594, 2169, 9256, 3407, 4885, 9382, 442, 2260, 364, 9441, 6908, 2088, 8558, 5805, 7030, 9740, 9166, 8367, 3575, 4660, 5406, 4272, 2728, 1649, 7256, 3129, 7349, 5679, 4331, 5056, 1239, 8367, 2824, 1536, 3882, 8488, 5782, 6583, 2443, 1754, 6350, 4658, 4610, 7342, 1177, 2970, 9542, 1077, 8569, 9175, 5308, 3705, 2089, 6591, 1807, 4012, 6701, 6904, 7144, 8049, 12, 7240, 9385, 3868, 3449, 7924, 5007, 9599, 7575, 6071, 3698, 3974, 8303, 2686, 3090, 5734, 9031, 9633, 6888, 4799, 5282, 8375, 7172, 9537, 314, 6211, 5313, 3260, 7570, 5893, 9003, 5053, 4148, 6033, 4655, 2830, 6995, 8508, 5860, 6710, 6484, 7942, 9745, 3269, 553, 3106, 2924, 2433, 1263, 8377, 7295, 1741, 9642, 6553, 5917, 5707, 9635, 2770, 7822, 3169, 227, 5632, 4139, 267, 6556, 5274, 3909, 6438, 6560, 6306, 9681, 8224, 4534, 3422, 4862, 7131, 3939, 4328, 3634, 3345, 1425, 3008, 9658, 4533, 6710, 9308, 5482, 1330, 6526, 1691, 6590, 3300, 6333, 9031, 4158, 9409, 1423, 9340, 4382, 3414, 5700, 425, 1729, 6513, 1804, 6219, 3819, 6540, 2864, 5833, 2777, 8829, 8001, 9847, 4726, 8649, 3466, 2846, 7638, 5711, 8978, 3963, 248, 1921, 1519, 2956, 1629, 5082, 4961, 7671, 7949, 4141, 8317, 6222, 1698, 2871, 974, 4732, 271, 9934, 2301, 5226, 3376, 6870, 8952, 6603, 1456, 9193, 8838, 868, 8521, 1459, 4313, 5834, 8560, 6078, 9943, 8217, 9741, 2007, 6324, 9696, 645, 2618, 4997, 7541, 6881, 7078, 6675, 5015, 1833, 6676, 4145, 7384, 8315, 1346, 1622, 4996, 8728, 3195, 5605, 5344, 5559, 9064, 1760, 3276, 109, 6800, 9000, 6486, 2848, 610, 2943, 5125, 8179, 3144, 3064, 8535, 7799, 6789, 2330, 6045, 4886, 1560, 5255, 9940, 3975, 6236, 2332, 6846, 6617, 7085, 8189, 4451, 2869, 509, 8579, 1218, 828, 7682, 268, 1757, 808, 913, 3769, 5362, 7471, 5791, 8407, 7832, 5070, 4539, 3481, 4131, 810, 1749, 5421, 7589, 3037, 8457, 7195, 521, 2545, 7865, 1564, 7687, 8844, 4996, 5058, 227, 4310, 6210, 9195, 1059, 3925, 5571, 1579, 7476, 8488, 1093, 8372, 6506, 7537, 3658, 3635, 3183, 6180, 513, 157, 4538, 8790, 2004, 5219, 6292, 7399, 9575, 3396, 4833, 7298, 6847, 3190, 6016, 3335, 5423, 7390, 9060, 693, 4517, 3806, 2117, 9840, 2887, 2105, 2518, 9360, 6866, 1843, 444, 322, 2484, 9750, 3518, 4859, 1528, 9004, 284, 6532, 5435, 1057, 7025, 5295, 7293, 8956, 8595, 5191, 577, 6771, 7929, 2457, 9332, 465, 1535, 7211, 337, 9192, 541, 4265, 5570, 4437, 5063, 6954, 3566, 7726, 5122, 5928, 8614, 5530, 6730, 8677, 7641, 7828, 4055, 4003, 7607, 2725, 8123, 3331, 7951, 3008, 4624, 2327, 823, 1265, 2083, 721, 3298, 5519, 3186, 8052, 447, 8685, 8217, 575, 2144, 5715, 4010, 5208, 6024, 6036, 4036, 5787, 190, 3419, 4933, 4831, 5638, 5098, 1130, 163, 2701, 8811, 2893, 5360, 224, 5825, 1944, 8245, 475, 2319, 5417, 3346, 9004, 2022, 3182, 4000, 4092, 3482, 98, 5572, 853, 2307, 3449, 7271, 4586, 9464, 2146, 6069, 9368, 5720, 8633, 4565, 8285, 1655, 6704, 2655, 6283, 2274, 3759, 940, 9455, 8567, 1873, 6173, 6548, 1601, 3819, 6229, 3878, 7138, 5278, 2858, 7764, 6190, 1104, 8758, 6412, 9098, 8681, 1919, 3122, 6424, 4763, 9590, 5004, 9043, 3658, 8432, 4348, 6152, 9932, 9239, 2851, 7103, 7774, 6388, 8354, 5272, 2879, 963, 9607, 7713, 1700, 5242, 9460, 7703, 6202, 1622, 7090, 2856, 2837, 5093, 8310, 6052, 4483, 3967, 5007, 9236, 9699, 2085, 9636, 6408, 6529, 138, 1114, 1788, 79, 9312, 6215, 6394, 2232, 4640, 8335, 8505, 1501, 8073, 9822, 2809, 5404, 5329, 1863, 4146, 7846, 2087, 8979, 3991, 4517, 2094, 9172, 2793, 5994, 144, 5462, 4248, 9987, 1055, 2388, 5795, 7954, 9950, 8713, 5203, 9925, 5625, 9804, 413, 2569, 2340, 5588, 4836, 1193, 9298, 9025, 3578, 6277, 7390, 6626, 2326, 6692, 3582, 8329, 4217, 1008, 2966, 6409, 9999, 7932, 3966, 5158, 7340, 1365, 3343, 4886, 7698, 8917, 1069, 6543, 6528, 541, 9855, 5538, 1331, 1453, 9991, 6017, 1460, 9621, 4542, 7881, 2449, 5893, 5598, 8144, 2851, 5727, 6847, 6477, 5599, 7277, 7006, 736, 9565, 3042, 4156, 3978, 7841, 170, 1107, 2320, 3488, 1974, 3632, 5343, 9859, 3429, 6389, 4326, 10, 2724, 815, 5126, 1924, 9758, 2983, 743, 6059, 7191, 6271, 7801, 5453, 6447, 6934, 4055, 6034, 7661, 6995, 6155, 2243, 9526, 1131, 4489, 9917, 1285, 3176, 1580, 3116, 673, 9522, 6477, 9300, 3331, 8159, 6609, 3057, 4436, 7885, 314, 1061, 6869, 5058, 8468, 1842, 3625, 8535, 6260, 2086, 3162, 7446, 1923, 4582, 8210, 1281, 4022, 9004, 5689, 4069, 3580, 8864, 9832, 5570, 599, 8087, 4991, 219, 5495, 9492, 1627, 8720, 3759, 6322, 3073, 4540, 2602, 85, 6395, 581, 4913, 8574, 5714, 6947, 8435, 766, 2177, 7265, 6188, 8418, 7406, 7891, 9015, 445, 1304, 9953, 6572, 6265, 6055, 7895, 9479, 7741, 8288, 5342, 9727, 8242, 6398, 155, 3934, 7552, 4889, 2865, 7390, 9564, 9870, 3871, 8579, 2888, 6182, 4076, 1019, 4032, 7628, 8973, 5308, 4209, 5079, 4257, 5256, 4287, 7196, 902, 2790, 3993, 820, 6574, 7056, 7923, 1970, 4476, 8843, 106, 8002, 3944, 9500, 2913, 5356, 2986, 9503, 7792, 8771, 1327, 2212, 7891, 7774, 2363, 4357, 3751, 8183, 4706, 4850, 9147, 1429, 7848, 2783, 5725, 253, 3325, 7529, 7505, 1435, 7218, 226, 2123, 2039, 6901, 1877, 9021, 882, 2842, 9075, 2004, 6005, 4281, 4891, 7339, 4050, 359, 6177, 9811, 120, 3936, 8761, 1207, 8327, 3875, 9771, 9193, 8128, 7857, 4641, 5138, 8010, 2504, 3127, 9239, 1233, 7552, 1143, 3678, 2290, 1427, 4584, 7148, 9308, 892, 1613, 3447, 9848, 4774, 7055, 1453, 1498, 7248, 685, 88, 9534, 4593, 1329, 8857, 2796, 5609, 1351, 7829, 5527, 9944, 2719, 8465, 6224, 1079, 3655, 5135, 7890, 5690, 5778, 3023, 5486, 3281, 4750, 4922, 4298, 8274, 8572, 7877, 1973, 9269, 4295, 320, 4303, 1666, 2642, 7716, 4767, 8773, 3480, 4195, 686, 4039, 4156, 7039, 5161, 3584, 1060, 5852, 7919, 9444, 2780, 7678, 8750, 1365, 707, 1709, 5878, 2293, 4961, 889, 3518, 1654, 7236, 4989, 901, 3683, 895, 4847, 7660, 1388, 3515, 7329, 2152, 9520, 5915, 4716, 6327, 4755, 8530, 6418, 1030, 6749, 5997, 9571, 1250, 7981, 4225, 9110, 5825, 283, 614, 6077, 7571, 5570, 4203, 8400, 6152, 1456, 8607, 4234, 6828, 2582, 1617, 8980, 2250, 2271, 8762, 2987, 4785, 4264, 1473, 9264, 670, 7190, 7539, 7922, 8250, 4270, 8231, 9508, 3109, 4882, 4796, 864, 3034, 2569, 7222, 6010, 9165, 608, 2005, 7492, 7718, 2601, 4498, 3856, 2169, 4454, 7974, 3284, 7143, 3931, 4384, 2596, 4617, 3322, 6991, 7925, 8643, 7833, 6478, 7490, 2948, 8082, 5346, 5044, 1124, 424, 359, 1463, 9080, 5989, 6179, 797, 2976, 7104, 2105, 8993, 1242, 4429, 6077, 1663, 2355, 8757, 7462, 3743, 9445, 6594, 7004, 3838, 4785, 8405, 1326, 3940, 4405, 8949, 9455, 980, 812, 2522, 9808, 1630, 4585, 3399, 6586, 96, 6570, 1612, 863, 1386, 9662, 8557, 4311, 3184, 715, 310, 2376, 872, 5686, 7751, 7394, 7894, 4861, 1562, 6937, 2123, 8905, 4633, 5514, 9831, 3884, 9757, 9149, 5502, 2871, 1421, 3757, 1779, 9899, 6502, 4909, 900, 8743, 4416, 1414, 3708, 8400, 9664, 7169, 894, 1460, 850, 3701, 3341, 2717, 6364, 6052, 9445, 7336, 4864, 8078, 3249, 3364, 2485, 2371, 650, 5136, 7637, 5488, 4031, 3054, 2240, 3707, 630, 465, 4627, 5078, 1459, 656, 1599, 4310, 8105, 8781, 9704, 4751, 9403, 1740, 1304, 4527, 6533, 9626, 7019, 8928, 3561, 1419, 5377, 1473, 149, 1102, 9875, 5513, 1093, 769, 8996, 2399, 2897, 888, 5359, 5586, 3779, 2304, 6455, 561, 1466, 3899, 7264, 8141, 3984, 6932, 2297, 3506, 3479, 2227, 7296, 1484, 568, 4051, 1095, 7777, 4860, 2129, 7481, 6149, 4133, 7663, 5140, 7323, 222, 1576, 2326, 9407, 6012, 2570, 3252, 9255, 1627, 3646, 7923, 6837, 2573, 1947, 792, 3413, 4175, 6533, 4201, 2229, 8361, 5819, 4194, 2572, 7619, 1788, 2197, 4898, 3226, 224, 2466, 2361, 2371, 7695, 8879, 3822, 2149, 1432, 9763, 3730, 417, 8814, 7545, 7244, 658, 9876, 3502, 7642, 5342, 6713, 7339, 9550, 1967, 3760, 2368, 8804, 8091, 4615, 1604, 1024, 9912, 1920, 6370, 8544, 9762, 9753, 9692, 3145, 6501, 7345, 2155, 6424, 5487, 5678, 3890, 2986, 4380, 4712, 4295, 9978, 2937, 8856, 647, 5249, 7226, 7062, 9978, 5132, 4657, 6338, 9996, 6111, 6602, 7764, 490, 6243, 3100, 551, 3983, 7101, 7629, 4331, 1977, 3697, 4163, 1174, 6493, 2143, 753, 9225, 2771, 265, 7564, 8645, 6025, 4867, 362, 5046, 6214, 1981, 1422, 3638, 4724, 1069, 5549, 7043, 8199, 8730, 2288, 3954, 6323, 8238, 2901, 5729, 5762, 4460, 2234, 4050, 603, 3680, 4017, 8817, 3769, 960, 5274, 1486, 4171, 1186, 2614, 5986, 4869, 4315, 1083, 5712, 1494, 4346, 2086, 880, 3801, 66, 8738, 8485, 6362, 203, 9189, 8103, 2898, 2151, 1538, 6063, 3671, 5122, 2069, 73, 5421, 9579, 2321, 2446, 9369, 1187, 2760, 9469, 1338, 6369, 2832, 8281, 7087, 5592, 973, 5434, 6796, 2182, 2000, 7517, 8490, 2772, 2861, 6893, 1493, 6245, 7136, 6483, 4935, 424, 5734, 3372, 2301, 7241, 3444, 3442, 5877, 2208, 6453, 7983, 4183, 95, 4538, 5437, 51, 1233, 544, 8368, 1602, 8464, 6356, 8430, 4489, 9521, 3448, 4917, 2078, 2964, 7242, 6329, 3825, 8993, 3937, 848, 9669, 3186, 1474, 4776, 6007, 1649, 5497, 2150, 529, 4575, 2868, 4212, 2062, 7709, 939, 4318, 3927, 5258, 1256, 6686, 1437, 103, 7442, 7519, 1657, 2912, 5306, 4040, 3115, 1866, 7129, 9762, 9713, 1880, 5103, 9596, 4883, 8868, 3622, 3907, 4729, 3013, 9594, 979, 3202, 712, 631, 6295, 2128, 1743, 5571, 1216, 4537, 3329, 7264, 7255, 7771, 746, 1724, 3736, 21, 6580, 8972, 2626, 2197, 153, 6664, 5434, 3947, 5366, 7258, 5511, 3782, 2366, 6104, 6083, 5879, 9377, 1639, 9605, 6804, 6910, 6082, 8529, 3084, 4441, 5333, 3911, 1458, 199, 3832, 2887, 5233, 6934, 8182, 3122, 3900, 1350, 5444, 5410, 3078, 8071, 6182, 1696, 3336, 5443, 9648, 421, 4195, 5438, 3689, 9243, 6327, 8826, 3755, 6836, 3329, 4751, 1939, 5747, 3981, 5721, 9752, 936, 1265, 4196, 3789, 8913, 7716, 7520, 8229, 7328, 6680, 9728, 7553, 4908, 2545, 4907, 1990, 6004, 6708, 5096, 2217, 1158, 422, 5985, 9396, 3418, 8896, 8263, 103, 3382, 76, 4686, 8029, 4671, 3315, 8797, 4878, 7080, 5750, 4886, 4959, 9699, 3831, 1637, 9147, 7424, 3842, 8226, 8713, 5675, 3233, 7706, 9797, 8868, 1764, 3627, 449, 2005, 472, 6349, 5427, 9967, 6413, 2072, 5073, 316, 7880, 1998, 9867, 9455, 6330, 341, 3016, 3968, 704, 8601, 3118, 6220, 1171, 6491, 8516, 1502, 484, 1545, 9901, 4055, 8269, 4021, 6669, 3703, 5289, 108, 9722, 2192, 1853, 1245, 8844, 9861, 8192, 2730, 9670, 4193, 7459, 4039, 9713, 1983, 4803, 9686, 5654, 6400, 4028, 2484, 9994, 5696, 9688, 6139, 1070, 5170, 3251, 9481, 345, 5282, 9811, 5103, 4068, 4735, 4187, 5356, 1592, 8041, 782, 8665, 9275, 6787, 7855, 8885, 9226, 6347, 9762, 9649, 76, 722, 4018, 5673, 783, 1770, 7895, 726, 2646, 9750, 5223, 5581, 8614, 7481, 7327, 9573, 7462, 5211, 5249, 821, 7512, 5067, 2626, 4517, 5475, 4829, 9992, 5930, 1284, 6221, 2210, 181, 4542, 6082, 8886, 7956, 2528, 571, 7800, 5703, 3365, 4747, 9279, 4388, 3227, 1384, 9688, 2683, 4931, 4063, 3348, 4354, 3466, 5545, 1062, 3440, 8978, 1466, 8918, 4085, 7172, 4547, 3137, 1622, 3117, 4412, 6758, 907, 7943, 6963, 8025, 1253, 414, 7230, 1943, 1880, 7274, 9599, 6237, 5151, 9327, 3481, 8711, 2282, 3705, 5714, 766, 5123, 4704, 1179, 7246, 1362, 5402, 3518, 5096, 4696, 4889, 5068, 9442, 1922, 13, 8087, 4877, 9961, 4797, 733, 6987, 8754, 2439, 3174, 3399, 1721, 354, 8531, 8555, 8772, 6069, 7721, 7637, 5532, 3372, 3739, 4904, 696, 4072, 4654, 7233, 9132, 8285, 6056, 4805, 3908, 5843, 3481, 6084, 6618, 5554, 5310, 1458, 8894, 7684, 9896, 3156, 2306, 1486, 7164, 7375, 5459, 9287, 1075, 5502, 5977, 6501, 7661, 8814, 453, 2624, 808, 9463, 4619, 2998, 2861, 4507, 5144, 7802, 6744, 2945, 5214, 416, 4065, 1567, 9807, 7128, 4161, 2164, 3290, 3124, 1144, 2787, 2422, 1289, 1263, 2955, 6509, 8418, 4193, 2865, 6744, 4741, 2415, 697, 7931, 3348, 8398, 3295, 7148, 3741, 3272, 4137, 2816, 1145, 689, 9980, 5651, 200, 5343, 8646, 5094, 2847, 6868, 3019, 6940, 2660, 3390, 2635, 7679, 3409, 2404, 9152, 7328, 5205, 1390, 5384, 1617, 2247, 6604, 521, 4630, 1391, 7935, 967, 2934, 3987, 2468, 2910, 8867, 108, 5572, 8845, 9166, 6180, 4516, 9915, 3118, 3164, 8754, 3838, 5122, 7678, 3557, 7803, 2986, 3534, 8771, 4865, 5956, 8493, 4172, 50, 2131, 5693, 1088, 9788, 7303, 3586, 3519, 978, 5151, 5746, 6755, 8081, 7906, 144, 1395, 3278, 1247, 8773, 3604, 6881, 4395, 5350, 2801, 892, 4562, 847, 9821, 2141, 6312, 5252, 4490, 8627, 5633, 9326, 3184, 1903, 2169, 9599, 4671, 2867, 7419, 263, 9524, 5179, 8991, 9828, 583, 8128, 9922, 3102, 4246, 4617, 1621, 4444, 7211, 3070, 6620, 4758, 3307, 6230, 3230, 1972, 4010, 3323, 59, 3556, 4090, 9048, 9150, 3787, 7391, 8725, 1529, 4148, 3204, 1000, 2512, 3963, 264, 9464, 7115, 1902, 4164, 6817, 4888, 5766, 8974, 3340, 34, 104, 2362, 151, 3986, 406, 5232, 9085, 1455, 4250, 3138, 3697, 4274, 3449, 1585, 5270, 8007, 533, 3469, 2053, 7678, 4785, 5067, 5382, 4992, 6378, 8075, 7228, 3852, 854, 8010, 3094, 2045, 6718, 9826, 1422, 6962, 1326, 3304, 4563, 2904, 4344, 8485, 4855, 9403, 8505, 4319, 6058, 8925, 1512, 3629, 9937, 7605, 497, 718, 6223, 7691, 4268, 8185, 6168, 9168, 1123, 7443, 523, 1367, 3777, 9219, 2214, 9553, 6274, 6254, 1073, 280, 8297, 9011, 2058, 7381, 9680, 3246, 3817, 1492, 1033, 9788, 8033, 9320, 3082, 8669, 5806, 5030, 1191, 7134, 6377, 2784, 8624, 723, 8399, 8538, 390, 80, 2043, 4309, 6057, 6439, 2677, 1573, 5467, 958, 330, 3165, 7800, 9321, 7227, 3202, 2957, 4545, 9826, 8672, 8080, 2851, 1854, 512, 3656, 3908, 7034, 5057, 7169, 6643, 5186, 5292, 9110, 1081, 7222, 2507, 960, 5361, 4069, 8688, 9446, 8289, 967, 5527, 2751, 9860, 9813, 2259, 2167, 7473, 708, 8826, 4075, 5662, 5357, 8252, 1427, 1416, 411, 228, 1293, 5673, 4774, 1913, 6787, 7732, 590, 469, 8788, 4315, 5815, 1027, 5732, 9796, 7489, 2639, 8172, 40, 259, 8007, 3488, 4958, 8485, 1927, 5526, 970, 9200, 1775, 1043, 3860, 157, 1589, 4077, 9444, 9604, 4808, 660, 8812, 6884, 9058, 7595, 4670, 2159, 2932, 2926, 3917, 268, 3173, 8595, 5610, 3799, 9523, 9301, 5783, 3654, 301, 3520, 5979, 4766, 1796, 3941, 2036, 5635, 2181, 4645, 1017, 9158, 7942, 5338, 7651, 5403, 1377, 9247, 9060, 3523, 4069, 6720, 8212, 9558, 5456, 9072, 7249, 6685, 2861, 7652, 4131, 5680, 5523, 9048, 590, 8259, 76, 6418, 279, 5070, 457, 2660, 1230, 9313, 3432, 3566, 9427, 2900, 1947, 7111, 221, 8623, 7795, 4993, 8070, 396, 3405, 5588, 3805, 6604, 1528, 9222, 32, 2848, 2007, 3509, 1440, 2350, 1717, 1499, 1861, 7322, 8821, 7757, 8665, 380, 2946, 960, 1689, 9458, 4465, 4998, 2924, 2670, 7754, 5924, 6540, 6001, 6129, 416, 6693, 7720, 6263, 3761, 3705, 3135, 5331, 4939, 7317, 7025, 9986, 172, 8514, 9721, 7533, 6181, 9517, 2917, 9462, 460, 4426, 2277, 933, 1282, 8834, 224, 7150, 5162, 8053, 9934, 4006, 9750, 2988, 5559, 9108, 1818, 3311, 3849, 3067, 5837, 169, 7525, 5854, 7507, 4, 5338, 9215, 7747, 263, 5468, 7607, 3775, 6503, 2284, 3978, 4686, 1690, 5926, 8872, 4378, 1809, 704, 9909, 5025, 2108, 6184, 8360, 4408, 7951, 2544, 4694, 8742, 5848, 6091, 4531, 8003, 8487, 7913, 8275, 422, 8122, 480, 7062, 3845, 9540, 3289, 5196, 7533, 4517, 5489, 3457, 7594, 4698, 3004, 8477, 2011, 3554, 2567, 1470, 4303, 6159, 5496, 7178, 1203, 4157, 2532, 9014, 8308, 4231, 9722, 6553, 9085, 4911, 110, 1849, 9004, 9691, 9589, 2098, 4921, 3374, 8498, 178, 5369, 3802, 7299, 3854, 9622, 2082, 1355, 441, 3205, 7843, 8298, 8095, 55, 6995, 2453, 769, 7207, 8688, 8712, 8508, 7641, 9766, 6464, 3314, 3898, 495, 623, 828, 8768, 5256, 8267, 2268, 3065, 1137, 6961, 4570, 1548, 3024, 8487, 9809, 7464, 9270, 1816, 3457, 2717, 2924, 5613, 2064, 7240, 8770, 5797, 9120, 515, 365, 2627, 9500, 7370, 3078, 2784, 5233, 3455, 2330, 6690, 7518, 1001, 6547, 898, 4322, 9586, 5109, 6711, 4761, 4129, 2998, 1426, 8647, 3513, 1470, 5446, 8878, 4911, 4782, 7148, 7034, 7707, 5191, 2703, 8354, 3226, 9792, 8457, 26, 6752, 2184, 3264, 729, 4802, 7231, 4968, 8098, 737, 4736, 6163, 8775, 4928, 2169, 7877, 6579, 3959, 4729, 6193, 1308, 9969, 3370, 9832, 8014, 8794, 9943, 2720, 9958, 4484, 4882, 9258, 4868, 340, 6475, 2998, 8889, 4383, 3450, 703, 8818, 3279, 4701, 2760, 1745, 6921, 8037, 7133, 4385, 2355, 4078, 1821, 9955, 6857, 3485, 1923, 267, 6124, 9950, 5405, 8955, 7533, 2201, 4325, 6207, 3218, 495, 4275, 3016, 7981, 1407, 5633, 6836, 4275, 5587, 5164, 4284, 7894, 1866, 19, 1429, 7184, 4489, 9766, 6870, 5621, 6140, 6067, 9830, 3396, 870, 6476, 534, 6946, 6866, 7940, 283, 9643, 9135, 1630, 1325, 9996, 6387, 1074, 1811, 1495, 3540, 5960, 291, 4959, 535, 593, 2188, 3261, 1375, 4285, 2988, 6313, 5006, 9120, 3127, 9528, 7078, 5527, 5472, 8399, 3291, 2033, 8106, 5897, 9453, 2988, 1479, 7642, 2679, 6801, 7238, 2820, 6546, 2943, 9704, 524, 2156, 5777, 4014, 7705, 5769, 3833, 1335, 5632, 4764, 3529, 169, 8090, 6047, 193, 6691, 4426, 5817, 3765, 1533, 9541, 7771, 5955, 5830, 5785, 7588, 9741, 5863, 8239, 4261, 885, 7096, 7197, 9695, 3592, 142, 1728, 8432, 4179, 9817, 91, 7318, 8544, 433, 4583, 522, 9387, 3215, 7850, 8429, 9406, 5392, 5589, 8160, 8, 24, 4630, 2148, 8069, 8290, 6389, 4732, 4810, 5732, 3865, 7418, 6225, 4196, 5776, 3334, 2125, 9545, 9239, 2810, 2953, 7293, 3355, 4906, 5726, 7063, 179, 767, 1123, 5831, 300, 1157, 1454, 5430, 969, 2765, 4239, 1075, 3052, 2472, 4460, 688, 5907, 9803, 3584, 4527, 5117, 8933, 2461, 5025, 2314, 9098, 6484, 8729, 3600, 5897, 3931, 2071, 4134, 7119, 7163, 8072, 1543, 46, 197, 6846, 2000, 8895, 1966, 8780, 8098, 8191, 869, 7530, 1317, 3237, 8432, 7606, 9948, 4961, 1716, 631, 6833, 3536, 164, 613, 6251, 8947, 5342, 3241, 9946, 9740, 7312, 9596, 9318, 2277, 6452, 4466, 6800, 5277, 6790, 7249, 6956, 3577, 4670, 1024, 1506, 1417, 4236, 6629, 1624, 3002, 678, 3597, 5572, 4057, 2106, 1923, 3993, 7896, 103, 7923, 2423, 78, 300, 4801, 2448, 2065, 4834, 2505, 7969, 7344, 8307, 5497, 2648, 4267, 181, 2261, 5874, 2419, 3805, 4760, 8693, 5163, 4381, 3068, 1205, 8913, 4586, 6005, 7045, 6889, 2782, 7632, 8220, 6742, 8252, 8181, 1731, 4240, 7363, 6981, 1189, 1111, 6045, 9879, 6225, 3772, 6940, 2002, 1070, 1484, 9783, 60, 6679, 4025, 9885, 2604, 9622, 4499, 4955, 2762, 9937, 1415, 6686, 8273, 5490, 1792, 7258, 3421, 3545, 808, 5231, 3498, 9867, 918, 1298, 282, 64, 364, 8128, 1952, 9275, 8793, 6072, 4433, 4434, 9108, 4612, 924, 3959, 5789, 6977, 1299, 7407, 9660, 5903, 7572, 4915, 3801, 9885, 6962, 2001, 6692, 7421, 4379, 4143, 5728, 171, 8134, 2427, 1437, 5514, 6888, 5421, 3090, 75, 2146, 1530, 5904, 2682, 2856, 9892, 3253, 5193, 7995, 4454, 9487, 293, 4330, 7476, 5749, 9563, 9126, 6273, 9704, 9374, 2918, 817, 9360, 3991, 1077, 6568, 8569, 2951, 8106, 623, 7054, 6407, 5555, 7768, 7900, 8735, 2334, 6177, 4108, 6754, 7449, 174, 1245, 6353, 4322, 9896, 6339, 4890, 5369, 4193, 2997, 5789, 5377, 9286, 4779, 7913, 1646, 6422, 3550, 686, 3529, 2593, 4001, 6054, 6614, 3243, 6369, 8005, 2540, 555, 6887, 8082, 5793, 394, 4029, 9320, 3662, 6943, 8199, 305, 3946, 6732, 2942, 7524, 3698, 4192, 597, 173, 1337, 798, 7195, 7433, 5174, 1560, 3218, 3903, 1409, 7810, 3301, 7262, 5898, 2669, 6707, 4029, 2388, 9518, 5562, 435, 2091, 7165, 866, 2452, 8571, 7074, 4195, 9616, 3538, 6290, 4863, 4751, 6425, 9011, 4425, 3890, 6831, 5146, 396, 6790, 570, 5566, 6716, 8032, 2969, 9807, 5514, 8569, 458, 3024, 8906, 909, 5247, 7513, 3666, 7642, 4640, 5858, 6098, 9243, 7259, 9040, 2703, 5247, 1506, 6493, 7603, 8815, 680, 9813, 5892, 130, 482, 8265, 9101, 3001, 3883, 6123, 4075, 6297, 5629, 6836, 330, 2300, 1031, 271, 6906, 4003, 7738, 4160, 2831, 3606, 3588, 938, 4703, 2291, 7998, 7337, 4796, 3194, 4005, 8755, 3502, 6741, 5759, 2323, 2658, 5865, 4540, 6929, 1719, 6853, 3174, 1387, 4554, 896, 1809, 4270, 3771, 2532, 9974, 7643, 8428, 1029, 9363, 3484, 434, 8188, 4074, 9338, 6049, 4725, 3062, 2631, 9045, 26, 7803, 2281, 6937, 9373, 2308, 9504, 2595, 3765, 6544, 8042, 6438, 3043, 2427, 3539, 9297, 557, 9360, 290, 7292, 952, 5378, 897, 189, 8532, 4847, 2418, 9569, 9254, 7454, 7214, 3339, 9805, 4810, 7794, 732, 2607, 1184, 1623, 1876, 6808, 3133, 7912, 2348, 2564, 3155, 586, 3556, 2988, 6816, 5730, 8429, 2654, 266, 509, 767, 9894, 9676, 5124, 6027, 8044, 4406, 8871, 6056, 9435, 6084, 6370, 2955, 4472, 3860, 6858, 5304, 2147, 3759, 4504, 6457, 7470, 9497, 1268, 5936, 1861, 381, 86, 387, 6662, 3519, 6747, 4968, 1423, 5097, 2059, 6474, 5252, 4927, 9465, 1744, 5101, 1762, 3194, 9647, 159, 3919, 4260, 7050, 7592, 8096, 7532, 497, 8768, 6879, 8303, 7479, 6094, 3226, 1098, 865, 8657, 8086, 9294, 5114, 2176, 1902, 437, 5662, 8495, 5434, 9996, 2649, 5209, 5758, 9785, 8782, 4430, 9093, 8496, 4140, 854, 2858, 4087, 2293, 5780, 7191, 3272, 8785, 5714, 6854, 6361, 5151, 5671, 8368, 9446, 4550, 7309, 732, 5862, 2375, 2721, 4698, 9423, 9233, 7985, 1589, 781, 3984, 6426, 9401, 6933, 6340, 3403, 8323, 2183, 743, 6387, 3302, 876, 6703, 8665, 9102, 6796, 1499, 4057, 3809, 7075, 172, 6964, 9619, 8147, 2841, 6461, 3305, 3944, 5354, 638, 9788, 3077, 8174, 6308, 1939, 7408, 5785, 4890, 4976, 3078, 2084, 2723, 8149, 3397, 1760, 5370, 8529, 6739, 6840, 966, 8242, 6320, 6643, 9609, 5611, 9094, 4052, 4072, 6161, 8638, 4605, 2500, 743, 7675, 8592, 8363, 297, 2661, 9635, 1420, 5102, 1708, 8564, 236, 5166, 8020, 417, 8754, 8662, 5233, 9158, 4979, 8320, 1668, 3651, 3694, 5695, 8438, 4347, 1260, 621, 6027, 7495, 949, 2622, 3914, 4162, 8670, 6121, 3439, 564, 9687, 4344, 4661, 8387, 9043, 2494, 5902, 9854, 2969, 7981, 2990, 7822, 1565, 6900, 8427, 9696, 1226, 5694, 6812, 1500, 1654, 6273, 4492, 9082, 677, 6380, 4264, 4453, 8956, 1454, 1666, 7018, 8882, 1213, 3700, 6517, 4833, 846, 1324, 2311, 7072, 6920, 864, 2027, 3540, 7287, 4206, 21, 5957, 2599, 2018, 8025, 3574, 5462, 6657, 713, 1103, 5129, 8443, 6062, 6949, 6374, 1784, 4777, 5874, 1359, 6051, 2419, 7693, 2294, 8196, 6373, 3014, 5651, 6386, 1393, 7824, 2263, 752, 9328, 9351, 6558, 9130, 450, 9266, 7642, 3228, 2178, 2873, 5252, 1214, 5492, 1585, 9062, 5730, 2841, 8508, 8611, 5647, 4242, 791, 6060, 9215, 8624, 9372, 372, 76, 3223, 1126, 6725, 1803, 5876, 4614, 5478, 2369, 5313, 7783, 1080, 8545, 8650, 1735, 5204, 3199, 756, 3336, 3871, 736, 7829, 67, 2168, 3647, 8103, 6319, 272, 9030, 9224, 2371, 3825, 9455, 4408, 9103, 8716, 5247, 8604, 3769, 3061, 3240, 6396, 4197, 724, 9979, 7453, 8595, 7574, 9481, 6486, 7162, 8494, 2344, 7043, 1550, 3859, 8065, 6437, 6287, 4579, 3763, 2679, 2767, 538, 810, 1866, 3327, 9411, 8007, 5149, 301, 2318, 652, 8091, 4464, 9572, 1137, 2755, 9653, 1167, 3266, 3024, 6949, 9398, 4877, 6317, 6163, 715, 8136, 8600, 4461, 543, 4212, 6290, 8120, 8331, 1452, 7519, 2085, 9664, 7619, 9083, 2572, 9070, 4867, 8387, 9313, 822, 9572, 7775, 3912, 7742, 5333, 4768, 8296, 809, 9479, 3419, 787, 8627, 8880, 8372, 3799, 202, 9220, 363, 1139, 3706, 4216, 4633, 340, 4300, 6606, 9990, 734, 533, 2656, 2696, 8015, 5897, 316, 1840, 7206, 9798, 4891, 6460, 1280, 3610, 4743, 8572, 9762, 9265, 1811, 1097, 1332, 3439, 1383, 4409, 7154, 2014, 9721, 3638, 876, 9631, 8055, 5069, 6100, 5542, 8609, 9883, 9112, 4921, 1589, 6854, 3329, 1336, 2771, 360, 8394, 3641, 875, 838, 5165, 8630, 9219, 5169, 4, 1840, 3039, 7856, 2107, 4613, 6628, 8849, 5941, 7972, 6374, 4435, 4727, 6451, 1953, 7760, 5199, 3649, 686, 3211, 3998, 5603, 3480, 5989, 8180, 245, 3000, 6354, 8175, 5093, 4031, 7641, 966, 2473, 8246, 8063, 7915, 7295, 4487, 2614, 2483, 6324, 4030, 1505, 1407, 6923, 4930, 9685, 9665, 1518, 7614, 3392, 1354, 8451, 6994, 823, 620, 4051, 7172, 8605, 5686, 3026, 1963, 6875, 7282, 3678, 5190, 3926, 1146, 2012, 2893, 5502, 9527, 4406, 9673, 7163, 4246, 8494, 8336, 3696, 7022, 7907, 5356, 1991, 6630, 5156, 6441, 4330, 7945, 5193, 2733, 5780, 8409, 9774, 2154, 8983, 3731, 1665, 9420, 5685, 4195, 7415, 6594, 6185, 6657, 5488, 7862, 389, 8688, 1534, 9881, 9063, 8121, 9994, 8952, 3077, 6642, 5397, 552, 5037, 7690, 6751, 9865, 9718, 9928, 6890, 5958, 5442, 9156, 2253, 9552, 9022, 4876, 4525, 8829, 3484, 3008, 9955, 8125, 6543, 9105, 1937, 4700, 4968, 5752, 6500, 6924, 230, 7559, 4196, 1427, 7731, 2920, 8277, 5595, 1655, 1078, 5612, 4512, 2031, 937, 7366, 7176, 9436, 6562, 613, 302, 1258, 6595, 9130, 7125, 1110, 4221, 5499, 5278, 3534, 2922, 5917, 5436, 5368, 7165, 6740, 4761, 1559, 3880, 6451, 5686, 9256, 6163, 2123, 1743, 358, 5507, 3310, 2320, 3002, 9442, 9246, 7395, 3809, 5442, 5553, 5049, 6668, 2900, 7107, 3775, 9991, 4026, 4992, 7986, 6464, 3847, 1033, 4316, 3684, 4389, 5902, 7041, 7113, 8063, 7448, 8620, 5956, 1381, 8272, 3755, 1107, 276, 5234, 1746, 8056, 8258, 8490, 8722, 9239, 7566, 5464, 367, 8913, 4173, 9831, 1970, 3452, 4546, 3510, 3094, 4608, 6963, 9087, 5762, 5861, 4464, 6116, 444, 5671, 7395, 8490, 6122, 2250, 4452, 7512, 8245, 6778, 2283, 7450, 1059, 252, 5402, 1506, 4774, 4301, 742, 1859, 7438, 2980, 8765, 8384, 1138, 5689, 7805, 2476, 30, 2465, 6098, 6236, 7537, 9965, 8847, 8747, 6676, 4485, 8415, 1493, 3068, 676, 9045, 6164, 6690, 3745, 3276, 6764, 3263, 7781, 4754, 3208, 8183, 5237, 7259, 5240, 9819, 4863, 7088, 5365, 7761, 1184, 802, 7611, 6612, 6963, 7263, 2401, 2453, 4873, 9011, 7344, 873, 5844, 7636, 4101, 2290, 8849, 9998, 3643, 2798, 9098, 6672, 1927, 5470, 1971, 9290, 454, 2331, 6539, 7510, 4803, 5889, 4088, 3758, 2822, 290, 124, 2506, 7898, 1624, 3654, 9765, 5976, 1343, 3947, 5279, 4775, 9677, 8817, 4789, 9958, 7756, 1231, 6541, 9506, 2002, 9819, 5156, 4602, 2005, 4561, 1964, 5325, 9754, 142, 4100, 2545, 7133, 6140, 9913, 5619, 5719, 9719, 8417, 8637, 3526, 5465, 2004, 9896, 514, 7374, 6302, 7875, 5235, 6403, 7429, 5543, 1897, 2417, 4367, 2946, 5241, 5761, 2104, 8742, 4765, 9495, 5858, 8853, 5295, 4111, 6996, 1228, 69, 7787, 1157, 9660, 8731, 8392, 8202, 9204, 2360, 4303, 1640, 6660, 8271, 3849, 8505, 1055, 8144, 3422, 183, 6285, 6183, 8107, 602, 5196, 9172, 4244, 4905, 7974, 8520, 6017, 9356, 6489, 2552, 3030, 2944, 9249, 8675, 1853, 9366, 7421, 8435, 3767, 3187, 2979, 1446, 2691, 1957, 3412, 1943, 4230, 4044, 8519, 5417, 7715, 8276, 695, 958, 5470, 5699, 8147, 6901, 6723, 4555, 5538, 5698, 8960, 1305, 5091, 231, 589, 1141, 2080, 4501, 3566, 7020, 9863, 8048, 2176, 2329, 8843, 9178, 2438, 7303, 1731, 2482, 6976, 2310, 4544, 120, 4984, 337, 7354, 1399, 3114, 9414, 3398, 7898, 5997, 5248, 5167, 8790, 8222, 7647, 5694, 9777, 7863, 3764, 7381, 5407, 397, 8089, 1155, 2469, 5143, 530, 254, 9670, 8172, 9354, 6001, 4423, 6492, 8639, 6531, 9101, 530, 6639, 1972, 2186, 227, 8006, 6937, 1026, 5983, 8870, 6481, 4649, 9432, 3954, 7866, 8432, 5966, 4536, 6266, 7162, 1238, 6049, 1420, 5016, 1121, 7573, 6381, 298, 1539, 3227, 3323, 7161, 6638, 9835, 367, 4345, 5090, 1529, 5264, 3026, 2903, 1852, 9224, 7957, 1139, 6737, 3755, 3086, 6751, 7110, 2616, 8907, 3153, 2454, 5342, 1926, 1918, 6092, 1025, 6863, 5064, 3258, 1883, 7592, 9806, 4505, 1591, 8068, 2706, 6414, 3244, 3079, 7883, 3594, 7292, 1491, 1375, 7684, 6992, 4430, 6529, 6347, 5538, 1167, 2595, 2560, 6849, 4852, 881, 360, 8652, 7525, 6349, 652, 8535, 4718, 2451, 5574, 4850, 7312, 4628, 5440, 6191, 6646, 1189, 2571, 3497, 9506, 6287, 9895, 8959, 6471, 1761, 1946, 1216, 2336, 4386, 3073, 4228, 1890, 1997, 3934, 3139, 2336, 8513, 4986, 8931, 5327, 7471, 1331, 5264, 5683, 19, 999, 7901, 3780, 7788, 5833, 1383, 8130, 5527, 4731, 2639, 4354, 20, 7283, 2400, 7614, 4804, 7239, 9777, 3732, 2862, 2633, 4825, 2256, 5084, 4509, 4154, 9258, 1774, 2987, 4507, 7708, 5598, 9738, 3924, 4046, 2336, 2310, 9998, 345, 2165, 2826, 50, 9957, 5185, 7921, 1865, 9456, 5766, 2585, 6893, 5875, 8944, 9149, 6047, 3624, 1279, 9638, 9328, 4169, 6386, 990, 7857, 8634, 418, 4135, 4258, 5220, 3851, 839, 6038, 6834, 90, 5914, 1370, 1042, 2740, 7316, 5552, 5577, 4680, 7634, 5242, 5616, 3746, 1817, 2125, 9366, 9603, 2801, 7135, 2526, 9934, 4982, 3808, 8473, 7892, 2983, 6542, 2257, 276, 7044, 1603, 8427, 1646, 649, 4466, 8093, 2839, 6202, 5197, 3785, 3036, 3223, 9109, 808, 7218, 6115, 6945, 9576, 5689, 6116, 4067, 6369, 5901, 2752, 7472, 1973, 6105, 3570, 7410, 8471, 4048, 441, 1579, 9451, 5605, 61, 8693, 8435, 6164, 4399, 6232, 9308, 1610, 3502, 5353, 2682, 4943, 2538, 3164, 1857, 6447, 464, 9493, 5816, 3608, 1599, 6236, 7865, 4995, 673, 8241, 6547, 137, 4728, 5996, 8918, 7124, 5202, 3355, 6847, 4866, 1991, 2766, 7771, 6362, 4806, 7996, 1574, 9676, 809, 1222, 7172, 9596, 1512, 4954, 5577, 8109, 6342, 9963, 3329, 566, 7005, 5588, 799, 8837, 4527, 7543, 9155, 8714, 8911, 5340, 765, 4485, 4138, 8833, 1805, 3646, 9861, 6652, 6309, 8595, 3631, 1095, 3128, 439, 950, 8329, 4649, 8427, 5696, 9800, 1349, 4401, 5898, 3288, 9476, 1548, 3756, 2537, 8430, 2302, 8769, 1190, 4655, 4910, 7937, 3295, 8276, 4723, 7510, 2727, 4122, 6265, 894, 3687, 2817, 5565, 1976, 9957, 8699, 4915, 4939, 1653, 1715, 8625, 9458, 1011, 4562, 5695, 8607, 7289, 8737, 5008, 9096, 8700, 659, 2193, 8908, 2482, 45, 7603, 1338, 6484, 401, 3962, 2112, 5515, 6338, 2737, 8733, 8004, 3707, 2520, 7895, 111, 7216, 7923, 7581, 6962, 8535, 2287, 8742, 8875, 7560, 8616, 5143, 539, 3377, 6194, 6426, 5538, 2421, 669, 1836, 6941, 9662, 1781, 3753, 2664, 7830, 9438, 2611, 4822, 7768, 9186, 8196, 882, 8845, 117, 6428, 4072, 7390, 369, 9176, 7840, 9043, 2915, 5519, 9165, 6886, 5163, 6261, 7918, 8902, 7254, 6411, 7982, 2020, 5560, 1994, 2877, 8043, 1932, 5338, 436, 5336, 2266, 8523, 57, 8437, 9701, 346, 4724, 1121, 7072, 5549, 7026, 8780, 1342, 734, 1297, 5291, 515, 6166, 3155, 7087, 5775, 8862, 3406, 1024, 9024, 2961, 8180, 7667, 1774, 6658, 8451, 9096, 8976, 5526, 9575, 6006, 8075, 8205, 7767, 8884, 305, 5233, 3749, 9463, 6050, 8402, 5017, 7363, 8800, 527, 4178, 2508, 295, 8431, 5102, 2293, 639, 1629, 5904, 6804, 3789, 1801, 2106, 9778, 4608, 8984, 2805, 5506, 6481, 2662, 4934, 9583, 64, 9582, 7563, 628, 8036, 80, 4596, 2373, 6448, 6553, 3047, 6042, 3323, 3667, 8905, 9602, 5387, 7955, 8268, 5684, 2930, 5549, 6811, 7065, 2472, 8559, 7757, 3174, 7034, 3976, 4091, 1880, 2417, 2294, 6826, 3701, 3790, 454, 6278, 5593, 9247, 3339, 5136, 8980, 6852, 4019, 1236, 6550, 2627, 7152, 250, 2597, 6475, 5427, 4909, 7994, 2604, 6151, 8454, 9565, 8243, 502, 2587, 7987, 6073, 9528, 2936, 9595, 3364, 4594, 5330, 8775, 5078, 3481, 4003, 8133, 381, 8155, 8694, 986, 6603, 5660, 6621, 875, 8557, 1579, 1521, 6495, 8729, 2329, 7520, 7563, 8467, 2515, 4830, 2958, 1712, 1111, 3240, 4652, 9460, 2767, 255, 846, 7602, 8418, 2457, 5681, 3875, 9207, 8054, 9824, 5014, 9951, 7105, 4322, 1896, 4649, 2265, 7689, 4436, 5554, 7426, 3440, 351, 8337, 8010, 6278, 5818, 2226, 6242, 1625, 2660, 1308, 9684, 8662, 7026, 246, 328, 4036, 3058, 350, 5881, 5471, 6963, 5256, 4883, 2, 6943, 2167, 76, 3362, 1022, 5436, 9857, 5436, 419, 5425, 7918, 8212, 6771, 2897, 3315, 2915, 3074, 6857, 2555, 2796, 2840, 6548, 5215, 4204, 4590, 6434, 8610, 5625, 2605, 5645, 3700, 8509, 6255, 2765, 2454, 489, 3506, 7867, 7209, 2501, 5542, 3084, 3052, 6024, 9, 3289, 9613, 3009, 3459, 9725, 8285, 1827, 2361, 6494, 6263, 3555, 8458, 9855, 7159, 8422, 4211, 5449, 1764, 4367, 7129, 8459, 8362, 5061, 9389, 9874, 8656, 6263, 8602, 1831, 4454, 4688, 2684, 4563, 650, 9030, 1244, 3197, 9507, 9326, 3080, 2419, 1578, 2149, 4395, 5912, 8990, 2010, 8457, 3293, 3993, 5358, 5839, 7757, 3172, 6008, 7039, 8031, 5495, 1636, 9562, 642, 1736, 3972, 9440, 8630, 5352, 6855, 668, 3554, 568, 1303, 6007, 5244, 2419, 7972, 5581, 6500, 8679, 6490, 6843, 5852, 5385, 6480, 8417, 8005, 490, 6682, 894, 5858, 1721, 9825, 616, 7815, 9776, 6387, 5047, 799, 3663, 3864, 4385, 2796, 7658, 5908, 7793, 8862, 9559, 8237, 3481, 2428, 8119, 718, 8885, 3574, 6493, 3657, 2771, 7298, 2183, 3522, 3679, 2013, 7608, 4179, 5373, 4746, 9304, 5814, 680, 8259, 6223, 5927, 3473, 9508, 4058, 2280, 8861, 8552, 9599, 9370, 95, 3503, 3697, 2669, 2287, 1226, 9103, 2849, 5274, 1382, 656, 3495, 2463, 2976, 5355, 3030, 8179, 9951, 8630, 9248, 4852, 5009, 4178, 5423, 4281, 8456, 8994, 2069, 1803, 4250, 1353, 2680, 2007, 8623, 3205, 5948, 2147, 7956, 7241, 2378, 741, 3070, 7945, 2958, 4387, 5255, 523, 3619, 685, 5475, 8822, 6679, 4996, 2614, 1807, 8378, 37, 1419, 313, 6471, 6630, 2329, 5726, 4400, 6828, 6190, 2781, 1444, 7510, 2059, 6506, 4833, 3285, 8169, 3404, 7305, 9532, 845, 3030, 9504, 5413, 5152, 6898, 8659, 1765, 9337, 1958, 7001, 6546, 2233, 3366, 3631, 2537, 575, 8788, 8631, 6671, 6550, 5212, 9998, 341, 2451, 9159, 1944, 7660, 1362, 5891, 3494, 9311, 2068, 6024, 8733, 6092, 3224, 2151, 66, 9401, 9722, 4052, 8658, 8647, 3554, 6885]
List Size: 10000
Insertion Sort Time: 6089.061600 milliseconds
Merge Sort Time: 58.774400 milliseconds
Built-in Sort Time: 1.894600 milliseconds

