Original List: [7566, 5604, 5811, 3790, 8576, 6362, 4430, 643, 5728, 640, 3203, 9263, 3568, 9320, 8282, 1640, 515, 8640, 427, 415, 6707, 1912, 8926, 9921, 6458, 5573, 4862, 6606, 6569, 3436, 7173, 5937, 1527, 1736, 6481, 5599, 9503, 6402, 1987, 4590, 6690, 5185, 8776, 3634, 3782, 1940, 3506, 2166, 7836, 3867, 2266, 7062, 3681, 1048, 9711, 3306, 7969, 8052, 9628, 7546, 5099, 3538, 7986, 9445, 8065, 1117, 7957, 9725, 3640, 5374, 9341, 2471, 9256, 4981, 2952, 7918, 6407, 4844, 8202, 1353, 7888, 5442, 8997, 9066, 2171, 5624, 1628, 8045, 685, 4784, 8234, 5622, 5615, 3427, 3038, 737, 2398, 2687, 6239, 817, 4097, 5593, 8752, 5353, 9992, 3842, 6015, 2851, 9491, 945, 9812, 2622, 6447, 1913, 5214, 1206, 3087, 1722, 5850, 777, 6564, 801, 7823, 9819, 6228, 914, 8569, 8853, 4333, 2535, 7029, 3527, 4848, 6925, 5885, 5228, 7616, 773, 6633, 9048, 9355, 9786, 5557, 9781, 125, 8018, 9406, 1291, 786, 4202, 833, 1042, 4474, 5709, 1624, 8220, 4720, 6949, 4654, 4500, 4565, 2805, 2005, 9810, 3393, 3880, 2568, 1490, 1241, 5817, 6603, 5776, 9113, 9260, 3410, 5120, 2371, 9184, 7711, 2459, 8213, 4953, 4747, 4666, 7923, 1128, 902, 987, 1033, 1870, 5853, 7496, 5110, 5384, 9236, 2317, 991, 7050, 3764, 6591, 7084, 65, 5461, 149, 4750, 8806, 1454, 4095, 4779, 7994, 1516, 5599, 9295, 5636, 4927, 2032, 5539, 3992, 8388, 5086, 5, 7515, 5472, 5643, 834, 8211, 8568, 906, 1808, 8877, 3370, 9043, 406, 9934, 1007, 3907, 5394, 9552, 4998, 494, 6535, 7477, 953, 8121, 1703, 9341, 7873, 3375, 2693, 4994, 5441, 4448, 8907, 4700, 8768, 7367, 5448, 6388, 6965, 725, 7995, 9441, 4627, 9841, 2595, 1692, 1907, 3413, 2875, 6737, 4867, 6055, 4908, 4958, 1245, 7160, 7063, 7462, 6481, 5467, 30, 6710, 9894, 2556, 9403, 6440, 1464, 7062, 3945, 6873, 7507, 8802, 485, 9615, 8573, 4264, 1773, 5420, 9881, 9918, 6475, 761, 7752, 5121, 1847, 6431, 2533, 2682, 9666, 1881, 9393, 6381, 3086, 790, 8064, 4645, 9111, 5022, 2249, 5238, 4388, 8806, 3660, 5683, 6659, 2054, 9292, 4627, 1246, 8076, 761, 6945, 4857, 2408, 5184, 3912, 5528, 5312, 2044, 4197, 8136, 3866, 5376, 5083, 727, 7374, 6849, 1886, 814, 5573, 172, 782, 2559, 349, 9652, 4143, 9658, 7502, 2286, 7901, 3130, 1925, 6539, 5716, 4562, 290, 1902, 3617, 3918, 3432, 1053, 8356, 8842, 1404, 5993, 5714, 9895, 8080, 3336, 8018, 4749, 916, 8920, 5736, 6221, 7246, 3209, 3663, 4477, 2898, 9680, 6047, 1688, 762, 1849, 2515, 626, 6022, 2412, 8107, 6673, 6116, 554, 3304, 6374, 5376, 7787, 5715, 6033, 8721, 7481, 1597, 9902, 8312, 7678, 1659, 1066, 3434, 7140, 2206, 8932, 1123, 1704, 6379, 2856, 3014, 7715, 713, 2957, 431, 5822, 7086, 1399, 2913, 3728, 5210, 8128, 4824, 2927, 6389, 8608, 9655, 788, 7305, 2563, 9597, 472, 735, 4392, 3514, 6124, 2562, 176, 6433, 9610, 1391, 5433, 8090, 7593, 2888, 5281, 4564, 1205, 1810, 2351, 9764, 5516, 7918, 1242, 3506, 339, 3617, 1884, 1953, 4385, 769, 7869, 3136, 8444, 5038, 2920, 2120, 2124, 1168, 2890, 6308, 9223, 45, 1753, 3737, 5257, 117, 5367, 5273, 9279, 2008, 3099, 3681, 4183, 784, 7230, 9296, 9890, 5453, 3833, 3246, 4390, 632, 27, 3649, 3097, 7632, 5320, 2898, 4997, 5004, 1657, 8381, 2369, 5767, 5668, 1726, 2936, 6248, 5872, 2765, 6939, 1949, 1368, 2873, 5741, 4263, 393, 4913, 4483, 8644, 7553, 1840, 5355, 2408, 8213, 3073, 1160, 518, 7982, 8860, 9484, 3188, 8534, 4484, 6685, 8634, 3111, 133, 6632, 8930, 1840, 8760, 4803, 3627, 8780, 9221, 1577, 8126, 747, 9106, 950, 7558, 7017, 8803, 978, 6698, 6367, 7913, 9662, 4363, 473, 7170, 3104, 7779, 1025, 3258, 5606, 1770, 9697, 3787, 997, 1221, 4864, 6563, 7537, 3006, 1228, 6440, 2615, 2137, 8615, 6268, 8686, 456, 5157, 7381, 1224, 9660, 7802, 1441, 3448, 8471, 492, 3925, 255, 5712, 7269, 9406, 4146, 9049, 3247, 1565, 6119, 6792, 9102, 6329, 8409, 3832, 6582, 76, 7142, 8271, 1292, 6521, 5036, 121, 1025, 8059, 398, 5721, 9051, 8126, 6621, 9453, 6890, 9274, 7828, 528, 3452, 4531, 1058, 9766, 4255, 4574, 7288, 1491, 2135, 2820, 4248, 1461, 1600, 8432, 2502, 3812, 1294, 174, 7044, 5770, 4628, 3709, 7556, 7598, 4239, 6914, 1406, 4376, 1163, 7376, 3081, 3616, 8625, 607, 332, 9696, 3376, 7694, 5542, 582, 7293, 3071, 3728, 520, 6680, 2680, 6488, 2485, 4824, 4197, 86, 4960, 3748, 5603, 3093, 4588, 8433, 57, 2152, 2974, 3992, 466, 2225, 2852, 1949, 9237, 4346, 347, 1746, 4396, 37, 3645, 9583, 1139, 3288, 3771, 6721, 1588, 2834, 4689, 7818, 61, 4923, 4832, 761, 8839, 6846, 8731, 6599, 6312, 7008, 8316, 3434, 854, 6567, 887, 8581, 6498, 8337, 490, 8541, 4826, 5229, 5670, 1067, 4687, 3939, 3558, 4158, 9955, 6965, 9520, 5756, 355, 7640, 6857, 1009, 9382, 881, 369, 6655, 8825, 2755, 7135, 8474, 1391, 8127, 4918, 2682, 9886, 4812, 2723, 5958, 1754, 5446, 6305, 6828, 7077, 4970, 1647, 8433, 4542, 5504, 5202, 3537, 2407, 6481, 4628, 2313, 3871, 6199, 5753, 8396, 787, 369, 6947, 217, 5289, 9952, 2700, 5698, 2291, 9079, 6653, 2514, 9004, 2445, 2613, 1143, 2149, 9504, 2040, 2546, 8554, 1196, 3239, 6473, 9861, 2277, 4603, 4637, 3917, 4243, 8267, 2179, 6574, 8603, 117, 4136, 3408, 7694, 1510, 2582, 6841, 7953, 7917, 1011, 6194, 224, 1469, 51, 8392, 6701, 3170, 3101, 4986, 5913, 854, 1318, 3481, 4719, 2462, 926, 1087, 2796, 6121, 6925, 7008, 5793, 5579, 9710, 135, 568, 9043, 6349, 8529, 2474, 485, 6390, 448, 6924, 6849, 2291, 3794, 7052, 7735, 7353, 2265, 5319, 6130, 2688, 9924, 5422, 4478, 3835, 4626, 7031, 2416, 2552, 6716, 1764, 1396, 2884, 9879, 8796, 5017, 5208, 3499, 2513, 9070, 9157, 4619, 4363, 8896, 7613, 5913, 9213, 2667, 9923, 2102, 7002, 3005, 2524, 9720, 7294, 3641, 5349, 5664, 1968, 6226, 4128, 6728, 1502, 7556, 1817, 8142, 1604, 2372, 7513, 2775, 6087, 3551, 7361, 9322, 9610, 8336, 2726, 5888, 743, 1330, 9595, 8004, 4031, 4119, 657, 3921, 3507, 7212, 9137, 3101, 8052, 2238, 2782, 5617, 6688, 2712, 5264, 8140, 5842, 6451, 8094, 5636, 7022, 2789, 8077, 2942, 5822, 473, 2048, 2954, 495, 3925, 6124, 1500, 8754, 6863, 3154, 320, 9431, 5718, 9064, 8023, 7383, 7249, 1589, 9957, 9768, 2983, 1744, 1267, 1214, 930, 8220, 3408, 7389, 1778]
List Size: 1000
Insertion Sort Time: 55.680900 milliseconds
Merge Sort Time: 4.829600 milliseconds
Built-in Sort Time: 0.111800 milliseconds

Original List: [6194, 7523, 3118, 1815, 2939, 9221, 6284, 2021, 8497, 85, 6841, 6378, 2082, 947, 1202, 5386, 5402, 3916, 5793, 9801, 4270, 3086, 4741, 2072, 363, 7069, 2723, 2284, 9495, 2102, 603, 375, 7121, 330, 6303, 1246, 7904, 2464, 4149, 7586, 6362, 3689, 6061, 8974, 9779, 3644, 2740, 8398, 1835, 935, 9729, 675, 407, 8239, 1565, 6744, 6421, 2907, 1507, 3573, 5626, 7386, 4902, 141, 1739, 4705, 3809, 4954, 8883, 6323, 5975, 7904, 849, 346, 6868, 5536, 5616, 641, 6844, 9566, 7165, 7385, 9842, 2520, 1256, 7617, 8499, 7371, 9811, 7450, 4089, 3663, 3345, 9449, 196, 4578, 9173, 9781, 6016, 4910, 1969, 9383, 1589, 1239, 5752, 8406, 2043, 7498, 9772, 7550, 8114, 7035, 3891, 5308, 49, 9768, 5844, 1818, 6532, 5332, 4053, 9184, 4732, 7871, 8340, 3844, 9725, 841, 4913, 4721, 8778, 9534, 1823, 893, 2340, 1987, 9814, 2633, 3234, 4195, 986, 7390, 9998, 7215, 7, 6675, 9254, 1716, 9745, 6332, 3499, 6077, 9473, 5534, 8699, 7446, 266, 1575, 9525, 5350, 2930, 7141, 7202, 1990, 3480, 6955, 2742, 3529, 5454, 414, 3114, 4800, 5487, 9646, 5847, 1719, 4895, 2631, 3181, 5719, 137, 1317, 9110, 4285, 9990, 1410, 1335, 3470, 9837, 9674, 1672, 2, 5397, 2389, 1899, 8540, 5603, 2816, 8620, 5801, 9338, 7921, 678, 9222, 9715, 3029, 4750, 5098, 7771, 7653, 2889, 7685, 4007, 7063, 5717, 293, 5212, 5706, 5947, 1941, 850, 1594, 6677, 9849, 4898, 1264, 4924, 956, 1339, 8452, 6934, 8434, 2338, 940, 3023, 2629, 5460, 9546, 1600, 6091, 1400, 7039, 3009, 895, 3151, 8112, 4545, 8911, 759, 9962, 9606, 6724, 1684, 2867, 8972, 9475, 8622, 5111, 3265, 2504, 449, 1490, 324, 8272, 7515, 9098, 9696, 3677, 2401, 8491, 4582, 2877, 8844, 8858, 3957, 2387, 4780, 7529, 2050, 7940, 6515, 6356, 6946, 5581, 6240, 6161, 5853, 2910, 4960, 5961, 8222, 4481, 6947, 7794, 9596, 7544, 5639, 9879, 2434, 4192, 315, 5677, 3408, 1542, 1102, 3172, 8324, 950, 9856, 3857, 9507, 7963, 3966, 4512, 7954, 8324, 3337, 7467, 7515, 499, 270, 3880, 393, 7802, 9588, 6017, 7375, 4585, 5018, 3657, 1298, 1318, 3707, 573, 6430, 9999, 549, 1839, 3169, 5611, 6280, 468, 182, 5252, 1462, 9830, 5284, 4432, 26, 6595, 1473, 2797, 6671, 7649, 7235, 8703, 2427, 2311, 630, 9898, 529, 1890, 5189, 5000, 6015, 5848, 810, 4179, 7648, 1629, 9604, 7502, 4677, 7572, 9612, 9519, 2802, 8482, 4661, 9468, 1188, 930, 7016, 3092, 3983, 7058, 7551, 8597, 570, 9427, 4319, 5429, 9632, 5081, 426, 736, 3492, 8563, 8035, 2330, 7411, 7462, 1226, 7229, 6671, 2993, 9297, 116, 3248, 4827, 286, 4748, 4331, 7828, 2871, 2126, 6273, 226, 2292, 4182, 9668, 808, 4976, 4338, 438, 2619, 2443, 445, 1100, 6335, 3293, 1358, 9504, 5728, 3048, 9621, 9218, 2842, 5620, 8946, 3442, 5623, 7617, 6694, 1266, 3358, 8134, 9460, 9162, 1807, 2552, 7331, 7068, 1063, 1739, 7891, 8228, 2198, 5561, 8085, 8206, 4579, 4286, 2274, 7637, 7313, 5168, 5522, 8807, 7441, 6459, 5524, 63, 7078, 4774, 362, 3720, 2860, 4958, 3815, 1127, 829, 9084, 9070, 9908, 9286, 9284, 3049, 8517, 8057, 1600, 3829, 3070, 657, 7689, 8389, 3795, 5298, 1315, 5626, 4743, 5962, 3259, 8514, 9687, 166, 7339, 7867, 9714, 9138, 7056, 3578, 8847, 7376, 8704, 2220, 9484, 5671, 5340, 9465, 5205, 3448, 719, 410, 8258, 8133, 5492, 4453, 6990, 6488, 426, 9001, 8827, 3043, 8972, 9147, 6103, 3270, 7330, 1337, 7392, 5777, 5263, 1941, 4617, 4888, 6052, 8371, 7208, 6052, 4781, 630, 1570, 7507, 5898, 4755, 4543, 1637, 9133, 7919, 8905, 7867, 8556, 2609, 868, 7157, 6023, 7105, 3124, 8718, 4707, 8264, 7513, 5119, 8943, 9609, 3420, 8016, 7053, 3176, 7436, 1642, 4832, 6630, 1958, 4363, 6947, 7110, 784, 7666, 7143, 3630, 5819, 9875, 5718, 2837, 4033, 3486, 2565, 6977, 9753, 5547, 8281, 5089, 9311, 8944, 6687, 140, 9905, 6836, 1834, 4468, 5260, 1070, 5840, 7388, 6737, 7814, 7760, 2367, 52, 2240, 1529, 4979, 3703, 5642, 9696, 1549, 3832, 1657, 8110, 1522, 1899, 5000, 9862, 7678, 337, 4080, 7392, 7105, 9174, 3872, 1145, 809, 3689, 8466, 8705, 7171, 6142, 4382, 5629, 2606, 1119, 8391, 6933, 5552, 5177, 3217, 5626, 5388, 6425, 2588, 183, 9707, 549, 2026, 5266, 1455, 2130, 7784, 3385, 291, 6419, 9733, 3818, 2956, 5554, 6424, 3754, 3555, 142, 1634, 4449, 5547, 2750, 3223, 2599, 7476, 2223, 6747, 7743, 9297, 2765, 9720, 9983, 8363, 1127, 7465, 8711, 6593, 2161, 9843, 6692, 4905, 6186, 7818, 5318, 4326, 1564, 8336, 6807, 3759, 468, 2768, 6368, 6377, 8445, 9252, 6097, 5230, 3001, 3917, 8196, 8069, 685, 2037, 299, 9103, 7823, 3945, 9207, 2069, 9509, 7751, 7920, 9235, 1107, 2280, 2054, 1612, 6166, 732, 565, 8082, 9176, 5759, 4365, 6478, 9218, 6732, 4232, 1997, 7065, 1234, 2866, 9053, 9150, 3356, 3663, 7560, 1466, 1498, 8353, 913, 9344, 5982, 2679, 5315, 1474, 4280, 5303, 1227, 939, 6825, 5438, 3077, 5221, 1779, 4335, 3024, 2863, 2147, 4551, 2138, 7678, 3280, 1625, 171, 469, 7931, 8044, 121, 6459, 2251, 2141, 3146, 9856, 7957, 8535, 5929, 5906, 3182, 8140, 6212, 9953, 9548, 799, 8743, 5736, 8612, 1926, 9994, 8448, 655, 4232, 9243, 124, 8249, 9588, 1860, 9325, 2643, 2263, 8828, 3568, 7563, 3485, 3953, 5130, 4324, 6430, 2045, 4761, 1410, 4485, 3282, 4970, 4877, 3692, 3309, 8591, 2763, 3209, 3685, 5491, 2623, 3158, 7565, 9521, 3320, 8617, 5535, 158, 8334, 3921, 2235, 910, 3807, 5008, 6594, 2604, 2241, 5871, 5695, 4004, 5105, 2209, 6458, 7556, 5259, 4208, 4336, 8436, 9136, 2674, 7777, 4308, 5899, 6312, 373, 8655, 8833, 9934, 8673, 5783, 4574, 6708, 5747, 5648, 11, 7178, 7855, 6621, 8397, 7741, 8082, 379, 2231, 8850, 5470, 1531, 1936, 9468, 5411, 5296, 8641, 642, 3874, 735, 7587, 2809, 8226, 3319, 2826, 9491, 9121, 681, 9436, 8007, 539, 1463, 3792, 5168, 5134, 1756, 3490, 8835, 581, 2384, 8911, 1095, 9874, 5270, 9875, 8087, 7922, 2152, 8450, 994, 1999, 6349, 6503, 8078, 6964, 9518, 5005, 5051, 5863, 9524, 1741, 6391, 3018, 6248, 1039, 9140, 6502, 5224, 8318, 2641, 7342, 6932, 5351, 6950, 9122, 6763, 4813, 6065, 9736, 7107, 8421, 7185, 6248, 6630, 3800, 342, 9558, 8068, 5383, 6765, 2308, 4891, 5027, 7906, 1796, 9952, 2401, 7427, 1542, 1336, 3993, 6087, 9744, 5781, 373, 8109, 5540, 1371, 4929, 9287, 2685, 2503, 5910, 2262, 9726, 7309, 6034, 1940, 7407, 2683, 9123, 3651, 7915, 618, 2340, 1062, 8484, 6362, 3887, 7836, 9948, 25, 9984, 9212, 9984, 3083, 3754, 2410, 3450, 253, 2678, 4268, 5606, 2569, 6467, 1326, 5385, 1124, 7675, 2055, 1394, 9310, 7736, 7296, 178, 6782, 8032, 1776, 4792, 7701, 5743, 130, 7963, 3246, 9427, 5595, 2386, 1462, 9244, 7139, 4375, 3908, 1125, 2838, 3438, 9532, 7870, 8773, 6374, 2941, 6615, 7086, 8109, 807, 9207, 8420, 7528, 7740, 5121, 8864, 4492, 9491, 3009, 4472, 7727, 5324, 5107, 3221, 4265, 3843, 6161, 9947, 224, 8010, 9268, 3023, 6051, 3236, 2435, 4141, 6761, 5712, 6580, 7888, 3058, 2842, 9225, 6331, 1442, 8020, 2773, 5797, 94, 7284, 2154, 4286, 3961, 6970, 8364, 2006, 7455, 8324, 4805, 5805, 8860, 7968, 6538, 576, 64, 7071, 355, 7779, 9486, 6014, 1500, 5468, 1234, 1727, 4120, 2705, 7355, 2522, 4896, 3076, 1965, 5861, 7737, 3105, 8504, 5638, 4676, 1515, 6525, 5346, 6334, 1126, 7821, 2806, 2997, 3356, 4872, 6078, 9133, 6459, 1608, 668, 8117, 7554, 8889, 4737, 771, 6903, 3240, 4807, 8472, 7669, 2657, 6349, 5166, 8516, 8094, 3655, 1555, 1692, 602, 4610, 4885, 3777, 3393, 2410, 811, 1160, 4755, 3556, 1199, 6688, 8840, 3509, 9491, 9874, 4251, 3080, 695, 9548, 5711, 8147, 7740, 7307, 4382, 593, 7560, 1311, 9357, 3476, 2382, 3250, 9512, 8554, 6313, 7997, 686, 4187, 1514, 796, 455, 9851, 6253, 8111, 3125, 1456, 1530, 5495, 7549, 4957, 9021, 6965, 780, 3725, 6637, 4166, 1662, 5308, 699, 2991, 6578, 6169, 6817, 543, 2171, 3382, 457, 4583, 4730, 9750, 1469, 606, 9150, 8805, 5760, 909, 6505, 7000, 754, 3576, 1120, 1750, 6831, 2570, 414, 5277, 8957, 4361, 1470, 2904, 8078, 5186, 9468, 8503, 5217, 9501, 9006, 9111, 3615, 5744, 3016, 9474, 8467, 303, 4565, 2925, 9226, 3784, 29, 3537, 4080, 2859, 9442, 106, 6689, 8829, 7767, 3226, 1036, 7848, 7656, 9370, 7838, 4963, 7723, 8181, 4421, 6054, 5984, 4868, 3312, 955, 2156, 2516, 4369, 7607, 7270, 6188, 2345, 3251, 8105, 6440, 7477, 1895, 1688, 975, 9857, 3592, 7754, 6292, 7211, 4293, 3372, 7457, 8892, 6201, 2539, 7064, 8102, 5972, 1401, 5741, 4073, 9837, 1860, 1847, 1123, 951, 4321, 9993, 2846, 4745, 7211, 1193, 8113, 5623, 2576, 7998, 3095, 5648, 4549, 1642, 9408, 2454, 3104, 5386, 8647, 5952, 3346, 8101, 5587, 9691, 4240, 7211, 9159, 338, 9929, 2395, 6630, 7679, 5884, 6954, 8989, 3267, 3646, 2575, 939, 1596, 783, 221, 8244, 1915, 6602, 5466, 951, 5625, 8304, 4119, 8186, 3832, 9599, 9582, 5307, 3869, 8669, 2216, 2737, 8581, 3112, 316, 9206, 6330, 9843, 3005, 7818, 8582, 559, 1048, 4064, 2134, 1001, 6682, 3523, 1779, 3487, 7252, 3515, 1704, 7687, 6440, 9414, 4112, 8316, 7411, 793, 9508, 5648, 6235, 2443, 1481, 8706, 4133, 1893, 5619, 804, 1765, 4185, 656, 7810, 8386, 824, 154, 5137, 1516, 1787, 4424, 9712, 125, 5491, 8034, 9078, 1430, 8995, 855, 5574, 3012, 9559, 6525, 8783, 3524, 1641, 9136, 813, 7104, 7304, 9793, 9699, 5347, 2574, 5895, 6496, 8245, 1996, 4676, 4081, 224, 6439, 5032, 7551, 2366, 64, 3557, 6749, 6586, 1459, 1595, 8592, 6800, 9720, 3748, 6638, 6093, 7060, 1759, 2773, 3053, 1661, 7152, 9181, 526, 7765, 373, 2668, 20, 3169, 809, 4134, 1075, 4024, 7436, 5780, 6569, 4897, 3603, 285, 8062, 7833, 8094, 6808, 2940, 333, 4428, 3998, 6036, 2578, 2307, 673, 6464, 3378, 3238, 7362, 3889, 7878, 1323, 4479, 3891, 1734, 6996, 6203, 1724, 810, 9089, 6868, 8027, 9215, 5334, 3946, 1137, 6222, 3186, 497, 1265, 1465, 4673, 3016, 740, 8748, 4038, 6759, 7123, 2980, 524, 1034, 3796, 3030, 9598, 6638, 9967, 1894, 3910, 7244, 3668, 5853, 5069, 4093, 6750, 897, 9917, 3666, 7735, 2714, 7359, 3124, 5981, 1662, 9242, 2686, 8115, 3190, 8513, 5573, 6114, 5704, 5931, 6027, 6633, 2566, 9247, 1883, 5969, 2992, 5348, 8584, 2199, 1703, 2787, 7645, 8218, 1525, 2502, 4918, 1581, 2359, 2155, 2375, 7384, 2614, 8252, 398, 2763, 8762, 9158, 9107, 7755, 736, 823, 268, 5480, 5629, 6221, 114, 5688, 1116, 7771, 6354, 1216, 5373, 2290, 7499, 9879, 1942, 7231, 1749, 8915, 1997, 1613, 1431, 4356, 1783, 3940, 5971, 7951, 5696, 407, 4954, 6154, 7879, 1329, 7681, 7550, 6743, 5446, 8998, 1922, 5330, 1124, 1118, 7077, 8013, 7541, 6952, 8995, 3394, 8018, 7884, 9248, 7996, 2577, 8121, 4864, 2555, 3440, 2602, 4599, 4467, 5617, 9337, 4652, 7901, 8560, 6042, 2912, 4064, 7463, 610, 8764, 5636, 4896, 6954, 273, 2152, 6747, 8374, 3629, 5319, 5907, 1084, 5905, 3181, 1110, 7537, 1897, 921, 1815, 2649, 187, 2479, 3224, 7374, 784, 1767, 2782, 2257, 1328, 913, 3922, 6181, 7979, 2844, 6815, 3916, 6252, 5930, 2852, 7235, 1409, 2181, 9577, 8391, 3251, 9854, 7751, 6597, 7715, 8080, 7592, 5662, 6075, 7951, 1979, 1880, 7727, 891, 7074, 9217, 5230, 4179, 3841, 370, 9322, 7448, 1702, 4035, 9139, 6201, 1192, 7693, 7931, 6750, 3718, 2907, 2978, 6320, 835, 4920, 9746, 9264, 1695, 7012, 2687, 4814, 8364, 3902, 6997, 435, 4459, 8178, 8070, 728, 1380, 6585, 1696, 7321, 6346, 67, 5931, 1602, 236, 3828, 4859, 2259, 1489, 4043, 1364, 5849, 5451, 7714, 5074, 444, 3551, 5449, 3234, 9308, 3508, 8762, 1630, 2254, 4977, 953, 549, 7476, 2392, 8334, 9328, 298, 505, 8059, 4151, 8948, 3747, 7240, 9709, 1561, 6420, 9641, 2085, 3566, 6471, 3084, 3357, 1182, 6764, 5577, 691, 8668, 7350, 7636, 8144, 9631, 3853, 7825, 8959, 7986, 3501, 8133, 3060, 4481, 5168, 335, 7336, 280, 378, 3101, 9313, 4740, 8421, 9180, 5458, 1072, 7260, 9716, 5431, 608, 6696, 3011, 2656, 3254, 6790, 8457, 7669, 5344, 4893, 7767, 1342, 7675, 2609, 4735, 4888, 6104, 4172, 3085, 7468, 4482, 3327, 2528, 245, 5755, 5388, 2457, 4981, 2505, 8842, 232, 3928, 3153, 5236, 1220, 9791, 7384, 8233, 7464, 4486, 2846, 9223, 3676, 4756, 2938, 9212, 1089, 7201, 5198, 7416, 9995, 5395, 2593, 2945, 8679, 9731, 3535, 8502, 571, 1774, 4832, 9880, 1448, 367, 6860, 3923, 9595, 6027, 2212, 4118, 2700, 6739, 1396, 8982, 5208, 5517, 426, 3118, 1965, 6008, 2726, 5189, 6122, 8139, 9389, 7065, 6345, 7151, 6600, 6489, 6560, 153, 8480, 3733, 4059, 9725, 4153, 6246, 4538, 7597, 2239, 2262, 7629, 9212, 8541, 2605, 193, 8846, 9242, 8678, 312, 1551, 9962, 8931, 4525]
List Size: 2000
Insertion Sort Time: 181.394600 milliseconds
Merge Sort Time: 12.986800 milliseconds
Built-in Sort Time: 0.383500 milliseconds

Original List: [5120, 6959, 6713, 5978, 6808, 6215, 8600, 4931, 3926, 2020, 1191, 1023, 3253, 4671, 7471, 5338, 2905, 5555, 7647, 696, 1349, 9446, 10000, 4669, 2167, 8530, 6137, 2216, 5716, 1956, 9320, 1262, 3662, 1991, 7150, 2718, 9708, 9792, 7741, 5671, 762, 9057, 9879, 5738, 8372, 2655, 5615, 9148, 7673, 2208, 8094, 5878, 6653, 8697, 7034, 523, 1297, 470, 8064, 6829, 4262, 3085, 1936, 9257, 7337, 6146, 3055, 9014, 5090, 638, 9658, 4586, 1953, 8690, 3204, 1597, 3558, 33, 488, 2727, 7321, 5343, 5383, 4902, 2833, 1770, 1981, 6718, 5623, 8990, 2532, 5803, 290, 6905, 332, 1517, 4868, 2335, 9456, 6224, 5129, 6670, 6029, 3716, 8210, 8165, 2535, 8747, 1730, 6118, 1470, 6541, 4332, 202, 4651, 5249, 6285, 9129, 952, 9194, 7352, 3125, 1908, 8037, 2090, 3, 3256, 6164, 5931, 4570, 7318, 5131, 9028, 9756, 1671, 4333, 7830, 6235, 3046, 7590, 6355, 5365, 6729, 6169, 4315, 6336, 7104, 9616, 5538, 1695, 2545, 5492, 2268, 2785, 1702, 3657, 1315, 9177, 9117, 8381, 5147, 300, 5174, 8702, 9972, 8316, 7526, 2453, 8246, 9487, 9669, 7870, 9583, 5931, 9509, 3400, 4068, 4373, 8066, 1884, 6227, 4307, 2588, 5487, 577, 3483, 9096, 2884, 5633, 6458, 810, 4740, 7260, 3564, 9998, 5298, 6842, 5819, 8390, 2047, 1760, 6441, 765, 3903, 6678, 465, 3370, 6032, 6822, 8287, 7023, 5146, 3966, 1027, 7663, 1775, 9250, 2155, 5216, 9783, 9023, 9230, 3445, 2108, 6738, 9010, 4071, 4685, 6908, 1263, 1254, 4204, 4597, 1037, 3569, 9115, 5569, 8626, 1219, 4205, 9019, 2798, 5343, 117, 8823, 3631, 5284, 7839, 7611, 2151, 1847, 2610, 7837, 6490, 7365, 481, 9248, 5523, 8438, 3397, 1584, 7454, 5540, 7417, 8269, 2023, 2200, 6832, 8749, 4207, 6106, 8165, 2312, 7801, 2475, 9114, 6958, 4687, 7913, 7964, 1380, 7221, 6460, 7257, 4901, 5688, 490, 3314, 538, 789, 4370, 5979, 4757, 1612, 9473, 2066, 3034, 118, 8904, 1151, 6282, 366, 5392, 2387, 5359, 9462, 8898, 3969, 2370, 7324, 7208, 8501, 1163, 3312, 161, 5136, 9836, 8692, 7130, 9507, 2074, 900, 9092, 610, 6721, 1712, 5817, 2135, 5477, 5287, 3619, 6757, 873, 9363, 484, 2297, 3989, 8813, 235, 6279, 9222, 2334, 2570, 1889, 2621, 3707, 8889, 9954, 5462, 1821, 5282, 2533, 8319, 1817, 3678, 3348, 2944, 5392, 3240, 3844, 4642, 2027, 2636, 1875, 2383, 7739, 1128, 8620, 2608, 5611, 5471, 7713, 700, 8824, 8559, 2011, 4221, 5629, 3373, 1541, 3328, 5743, 8332, 6523, 6262, 7462, 4720, 3500, 18, 9214, 5406, 7595, 2285, 3600, 6716, 3499, 9678, 9463, 903, 1125, 2691, 1272, 4911, 6045, 8181, 5508, 5070, 937, 2289, 6535, 757, 9128, 6432, 790, 8117, 2369, 4830, 1901, 3091, 422, 7920, 468, 1294, 3130, 6275, 7087, 7321, 2585, 363, 6348, 5189, 5289, 414, 503, 5403, 3449, 2942, 5372, 9072, 3060, 1230, 6521, 3504, 9122, 2065, 9419, 5905, 8009, 4438, 4032, 5970, 154, 5157, 9852, 7797, 78, 1796, 2446, 2387, 2424, 261, 7883, 4592, 5602, 2275, 6912, 5773, 5310, 7415, 2770, 7058, 5901, 2951, 1602, 4583, 7395, 1388, 3922, 8525, 732, 9337, 7147, 2891, 7437, 3923, 3334, 2705, 7936, 6742, 1747, 1609, 4536, 4817, 1482, 7921, 2436, 7723, 5229, 1520, 2356, 6181, 5749, 6102, 203, 6398, 8399, 9849, 4870, 7731, 1333, 7926, 8694, 3361, 1212, 477, 178, 8247, 7656, 1951, 6719, 5504, 3978, 421, 2670, 9843, 9870, 3595, 1478, 8352, 8742, 9255, 7651, 4205, 9337, 3793, 5496, 7251, 1766, 7482, 4635, 5388, 3379, 5758, 8003, 2497, 2726, 5868, 8018, 366, 3944, 2630, 4611, 9435, 5381, 2550, 3366, 2385, 6285, 4950, 5384, 5396, 5996, 107, 2658, 9881, 8444, 496, 2125, 7426, 2789, 9647, 2031, 8733, 194, 727, 8847, 7786, 358, 606, 1657, 9148, 5062, 8099, 6650, 3173, 3048, 1591, 263, 2371, 6842, 8019, 5797, 642, 2298, 9266, 1845, 2281, 5969, 314, 3703, 5090, 3162, 9526, 4648, 356, 4449, 6114, 4072, 8491, 2290, 5851, 6296, 2444, 6807, 5545, 3780, 4433, 6342, 2085, 9454, 7508, 5225, 3867, 1132, 5414, 3436, 9361, 7434, 662, 8316, 4631, 2989, 4868, 8578, 6513, 4497, 3657, 6511, 8775, 6262, 284, 6063, 9368, 913, 4244, 5577, 3366, 6520, 3405, 7474, 7129, 8915, 9813, 1149, 5988, 155, 2177, 1324, 4903, 3331, 636, 3662, 9905, 8655, 1686, 1324, 8, 2147, 1439, 4525, 6665, 1866, 1559, 9353, 5209, 2115, 9564, 9534, 6402, 9479, 3386, 4507, 657, 3081, 9339, 1117, 6653, 6710, 9566, 6145, 774, 7066, 6113, 6751, 9249, 900, 3489, 9613, 9499, 370, 9154, 4534, 4005, 5113, 1581, 1803, 8926, 3276, 9409, 3349, 7874, 6756, 3589, 1239, 3311, 7882, 1961, 532, 5217, 3948, 639, 3568, 1533, 9963, 9650, 2435, 274, 9037, 2315, 952, 7554, 8735, 8040, 1943, 6917, 1104, 4945, 5182, 8065, 9215, 1836, 4088, 7120, 7337, 5614, 4968, 1490, 4334, 5961, 8246, 6205, 5976, 429, 9630, 9978, 618, 362, 9900, 3939, 6450, 527, 9575, 5250, 9791, 1126, 3329, 9521, 4352, 156, 7370, 5595, 3439, 1410, 6662, 1276, 1452, 2487, 8772, 5492, 5313, 783, 133, 4437, 8524, 6802, 3920, 823, 8141, 2315, 1910, 561, 6009, 3767, 8753, 5122, 9333, 346, 3363, 3198, 8965, 3149, 5642, 5059, 5546, 6955, 6183, 6607, 4366, 4834, 6354, 1590, 5122, 6456, 2126, 5356, 1173, 629, 2240, 6781, 1687, 8999, 660, 5144, 5160, 5475, 5405, 3384, 3295, 8646, 3477, 5773, 9480, 8936, 4674, 7300, 1790, 979, 5094, 5569, 8941, 7458, 9685, 2073, 1361, 5027, 576, 6594, 5596, 42, 982, 2347, 1481, 4280, 4822, 6835, 6249, 4546, 1200, 3899, 6679, 9297, 7963, 77, 4289, 5937, 9359, 8743, 3977, 9223, 3553, 5967, 1864, 9167, 8575, 8906, 1057, 5511, 1839, 161, 205, 261, 6449, 7793, 7714, 1463, 9629, 6076, 3272, 8419, 3276, 1804, 3489, 2628, 3196, 5083, 6625, 5930, 1532, 6236, 622, 4525, 7200, 3962, 8269, 4690, 129, 3715, 3039, 6890, 2448, 9968, 7193, 6310, 9797, 2143, 5375, 5290, 1895, 8976, 7605, 5815, 952, 4072, 8182, 7751, 1850, 7189, 9497, 6592, 2520, 1958, 7940, 5553, 4481, 1006, 715, 7005, 5094, 8864, 8833, 2174, 1736, 3135, 1646, 8002, 9447, 9018, 6804, 27, 8322, 5491, 1359, 4107, 3512, 8048, 1480, 2590, 5860, 406, 8009, 6959, 679, 9340, 9480, 6461, 1795, 2561, 8288, 3164, 4776, 174, 9663, 4765, 6401, 8295, 99, 4761, 8216, 4139, 4684, 4905, 4409, 4956, 9382, 1702, 8486, 4603, 2718, 5596, 4435, 7854, 5166, 9933, 4840, 9069, 5410, 9473, 6393, 5246, 5865, 8675, 6410, 2325, 1465, 5617, 8633, 9812, 3644, 9174, 52, 5879, 5093, 1076, 2896, 921, 4823, 3135, 9605, 4550, 9924, 313, 5900, 3408, 8765, 3587, 3804, 926, 5550, 8134, 8254, 2084, 9789, 3192, 1491, 8891, 2132, 5654, 2615, 7731, 8307, 7535, 1715, 8837, 2289, 6124, 9078, 510, 4879, 5811, 9322, 8402, 3712, 5171, 4665, 6378, 237, 983, 431, 5756, 3058, 1167, 4127, 7511, 5192, 5151, 5, 8874, 3913, 4531, 3146, 6073, 8871, 4001, 7886, 1999, 8623, 2459, 1836, 1813, 5658, 2170, 7893, 9056, 8157, 5055, 9097, 8699, 2838, 2202, 3750, 286, 2821, 7950, 4216, 1276, 9260, 9161, 4605, 8681, 8228, 2536, 7020, 1419, 5560, 1237, 9290, 4578, 2755, 7233, 2654, 4244, 9773, 2658, 376, 5474, 631, 1983, 1451, 4522, 6567, 6961, 6571, 3195, 8462, 2047, 5128, 1953, 2621, 685, 4341, 8914, 8243, 4266, 6414, 4599, 5203, 2076, 8023, 7580, 2626, 5545, 6965, 5206, 5879, 5519, 7300, 8850, 8204, 5158, 5583, 5912, 3948, 5166, 631, 3347, 8660, 530, 3703, 348, 985, 8095, 4762, 5359, 4765, 2308, 4348, 4273, 4228, 2643, 4506, 4135, 819, 5684, 9651, 5621, 5551, 3409, 4208, 5951, 4533, 7831, 9765, 6832, 7641, 9671, 6339, 2836, 9445, 1625, 2383, 1883, 9598, 5684, 3437, 1414, 9662, 8321, 717, 4370, 329, 9347, 4721, 7539, 9810, 4504, 1728, 9493, 1375, 2447, 6396, 4009, 9538, 3854, 6969, 9455, 757, 9813, 251, 9451, 1305, 9825, 545, 479, 1296, 6147, 6737, 5801, 5635, 5154, 7092, 9896, 3, 8367, 9799, 3386, 8493, 178, 2128, 6510, 39, 8230, 5207, 5408, 8383, 9372, 6826, 8565, 8995, 4964, 7300, 3171, 389, 6351, 3694, 1408, 56, 5354, 7872, 8876, 1677, 2164, 2761, 7089, 4442, 559, 9005, 4703, 9340, 1819, 8474, 2052, 2102, 6671, 2191, 9491, 1093, 3954, 5614, 1874, 6837, 1606, 8572, 2222, 4756, 9463, 742, 6129, 7302, 5800, 9348, 1388, 1488, 873, 9816, 4854, 797, 9169, 3415, 3009, 6107, 2735, 854, 8966, 1719, 8411, 8481, 939, 6113, 980, 1726, 2003, 8906, 2474, 1526, 6555, 8218, 4884, 3486, 5109, 4443, 3627, 1066, 4714, 6385, 2541, 7112, 9275, 7478, 4996, 1374, 1347, 5046, 477, 397, 9582, 8793, 148, 6126, 5611, 4118, 8517, 8214, 855, 4800, 2958, 6159, 3802, 7092, 9042, 6320, 3420, 8302, 6233, 6147, 7073, 2430, 9126, 2345, 5240, 2979, 8525, 7852, 290, 714, 9407, 9416, 9212, 7023, 1381, 5575, 5148, 8490, 870, 6795, 1833, 6306, 5831, 8697, 5465, 9125, 2938, 1061, 6996, 5251, 7852, 4590, 5086, 8177, 3400, 1213, 3777, 6337, 467, 2134, 652, 4237, 6262, 4774, 7649, 2951, 4984, 5302, 6114, 2730, 9165, 2033, 1468, 1116, 635, 6415, 2965, 5782, 4172, 2143, 8700, 8444, 9546, 2986, 5875, 8307, 5090, 9552, 2184, 5137, 3086, 427, 3717, 627, 9540, 8189, 1471, 4105, 2752, 4123, 9262, 882, 1612, 4290, 94, 2570, 1853, 5086, 5925, 4759, 715, 8092, 2813, 9253, 4934, 4567, 4651, 2058, 4029, 8883, 7436, 9544, 929, 3973, 2188, 7364, 3721, 3950, 1836, 5720, 7893, 9404, 9722, 453, 9656, 2194, 2538, 5161, 8700, 6047, 3011, 2411, 2271, 3662, 7640, 5139, 9641, 2736, 5475, 3301, 3256, 8715, 6033, 4806, 9453, 8780, 7506, 3624, 6042, 8213, 5441, 6869, 7933, 6504, 4932, 4500, 9929, 6022, 5411, 5324, 9938, 9928, 3543, 1748, 9133, 3229, 2071, 7628, 9372, 4522, 1094, 6055, 9942, 1746, 9342, 6512, 9261, 4547, 6650, 7889, 5326, 3037, 5475, 5713, 880, 9342, 5972, 6888, 9678, 1303, 5325, 6311, 9522, 9670, 4213, 4456, 9815, 1469, 1605, 1660, 4282, 6939, 146, 4848, 3510, 6907, 2933, 5791, 8230, 4062, 6670, 5147, 4163, 2835, 7752, 9179, 7329, 9275, 7746, 9683, 4435, 5643, 5636, 1274, 166, 1976, 986, 4259, 1132, 3096, 3567, 6929, 2542, 4220, 2589, 7870, 5189, 1639, 6915, 8308, 6105, 9451, 6026, 5404, 7111, 4701, 7970, 6614, 3448, 9176, 9612, 1631, 6660, 687, 3233, 914, 9382, 4324, 4057, 807, 5396, 8899, 3484, 9235, 7470, 1735, 8110, 1879, 4083, 7319, 1279, 6558, 8847, 9486, 6054, 7101, 2682, 9198, 5561, 2772, 4275, 1981, 5653, 141, 6459, 2773, 4322, 3356, 9185, 1274, 4804, 5456, 8441, 8401, 5030, 5653, 9297, 868, 2737, 7400, 231, 4293, 5051, 9763, 3286, 8762, 9885, 7543, 319, 2771, 6108, 6533, 2956, 5398, 3558, 4477, 3772, 4396, 5734, 4162, 9336, 2998, 752, 1636, 7551, 4538, 2577, 838, 5156, 752, 8043, 4116, 1783, 9991, 8423, 8189, 8464, 663, 3340, 1325, 5246, 7821, 299, 436, 7828, 3316, 1595, 2893, 5671, 8037, 7569, 4358, 3730, 9373, 1955, 4382, 1412, 7161, 4940, 6916, 7112, 2070, 8082, 6595, 4068, 6942, 6268, 407, 9419, 8635, 281, 2252, 9100, 9256, 3950, 5208, 9315, 2289, 2860, 940, 7557, 9075, 8194, 5090, 2757, 5046, 548, 391, 470, 8626, 6338, 2688, 8493, 6334, 7999, 6666, 1250, 1852, 6945, 4032, 9044, 7260, 6721, 7318, 64, 8218, 9191, 2593, 1866, 5690, 722, 6677, 9705, 7872, 7545, 9723, 8462, 2910, 680, 4419, 8229, 2406, 8312, 3335, 6102, 7129, 3932, 9105, 3815, 8871, 9801, 5057, 2938, 9830, 947, 9445, 4830, 6711, 4208, 5580, 3182, 9735, 7269, 1638, 5380, 3358, 7638, 8898, 6005, 2826, 9567, 5948, 2323, 2000, 811, 670, 7079, 9562, 9322, 2940, 6066, 6257, 914, 1536, 4118, 585, 8491, 3564, 5159, 8329, 5324, 2671, 3162, 7873, 602, 7228, 9626, 1301, 9548, 2509, 4747, 8085, 5518, 8683, 5869, 3118, 8677, 5276, 3894, 9393, 1776, 3997, 1335, 9150, 5005, 3474, 2192, 339, 824, 4477, 9962, 1936, 6410, 8230, 8461, 9145, 9167, 5281, 4633, 9665, 1748, 7732, 9911, 7621, 1605, 18, 761, 274, 6511, 296, 8014, 3357, 8111, 793, 3849, 5029, 1169, 974, 7442, 7673, 863, 4293, 2952, 5661, 3340, 4932, 4774, 5102, 6541, 4948, 493, 456, 3238, 2287, 8462, 896, 9243, 9995, 1271, 6961, 65, 4193, 8929, 9911, 5972, 6748, 8371, 4628, 770, 2867, 4497, 1990, 8111, 6566, 3272, 166, 2686, 8742, 71, 6323, 3128, 3987, 4493, 6799, 4796, 1910, 386, 6314, 2123, 3049, 4335, 2804, 5343, 5697, 9410, 7391, 2352, 5051, 8057, 8077, 1092, 8292, 9290, 6982, 8234, 3864, 4374, 855, 9292, 9602, 6471, 7202, 8524, 5926, 3981, 5626, 4150, 8578, 5698, 6847, 2167, 5280, 833, 3245, 9958, 9981, 7940, 7242, 6667, 3432, 14, 3469, 679, 9268, 4552, 5119, 5459, 2172, 8853, 2866, 5382, 491, 8103, 5820, 6761, 4993, 4031, 8273, 6230, 379, 5498, 516, 1668, 2802, 5918, 9227, 35, 1499, 8940, 3914, 5982, 2652, 8078, 8436, 432, 1421, 3743, 6803, 9306, 7664, 3937, 8123, 9058, 2407, 2546, 7086, 9600, 3974, 5678, 5615, 5231, 4009, 6776, 3087, 4341, 5496, 7576, 8697, 6569, 4721, 6980, 4788, 8829, 5858, 4287, 2641, 9655, 5673, 5254, 7460, 9056, 4951, 5523, 7420, 9911, 1018, 3152, 3780, 2560, 2113, 5243, 3434, 5663, 5810, 2181, 1160, 1131, 1002, 8708, 7098, 9662, 9891, 6779, 2762, 6952, 5007, 8466, 8186, 2693, 7475, 5469, 4974, 1956, 5074, 8960, 4819, 9357, 517, 6468, 263, 2620, 3334, 6707, 4838, 2690, 5012, 1699, 9520, 5924, 3518, 7270, 3507, 2736, 6342, 5633, 1031, 2175, 7690, 3448, 7574, 7897, 5214, 302, 5327, 9732, 9469, 8468, 3156, 7764, 2274, 1261, 5562, 5089, 4847, 7530, 2257, 3728, 917, 8528, 819, 7487, 5381, 8645, 3019, 6297, 4526, 6836, 427, 4297, 4834, 4875, 1953, 6132, 7135, 1472, 8317, 6723, 6900, 7715, 8788, 3544, 8852, 3073, 9120, 9381, 9923, 4930, 7738, 9747, 4342, 2671, 9532, 1604, 2758, 891, 3291, 2594, 951, 4101, 8818, 3011, 6739, 7997, 4253, 8275, 9684, 8539, 6204, 6586, 8961, 7385, 1444, 2744, 5012, 2827, 1040, 362, 9449, 3931, 9351, 3633, 6086, 7286, 6832, 2502, 4716, 5675, 9619, 9527, 1947, 1435, 5546, 792, 6977, 2338, 5780, 7188, 2730, 6895, 4590, 4214, 1256, 113, 7692, 5504, 9550, 3874, 288, 2989, 5823, 155, 8443, 8904, 5201, 417, 9793, 6512, 2418, 5098, 6887, 6560, 8269, 7536, 2589, 6496, 9454, 4158, 6875, 9589, 9739, 2767, 1956, 7154, 4501, 584, 2009, 3170, 9204, 2277, 6196, 3916, 9053, 7996, 9594, 5072, 286, 4647, 5535, 6313, 963, 4039, 3341, 7358, 1049, 9289, 9321, 7040, 6197, 7038, 9443, 5585, 7625, 2377, 5201, 6481, 1152, 9039, 5119, 3855, 1510, 6145, 490, 1733, 3641, 360, 8220, 6161, 6067, 5392, 7287, 6186, 153, 8852, 1565, 7316, 6867, 9968, 9444, 8503, 3971, 839, 2226, 2221, 657, 861, 2560, 5753, 5824, 9704, 1841, 5696, 2569, 6773, 516, 5361, 5449, 2097, 1764, 8125, 8581, 4430, 6432, 664, 1317, 2038, 787, 5086, 3402, 8543, 3803, 9607, 1956, 6977, 9048, 6637, 2755, 6597, 9419, 9799, 8940, 5322, 8189, 3831, 9686, 7763, 1243, 2634, 3941, 6817, 4859, 8808, 4543, 7090, 5011, 9589, 5666, 7248, 2552, 5648, 8307, 8539, 7259, 9051, 1418, 5912, 7571, 3397, 5893, 6374, 9891, 7511, 6288, 9388, 1239, 8984, 9159, 4397, 6709, 1872, 8972, 1830, 8315, 5452, 1171, 6309, 1285, 6997, 7795, 9090, 4493, 5701, 9394, 1409, 2561, 2314, 8455, 8031, 79, 2718, 9263, 6448, 5349, 5931, 3246, 7137, 8611, 6837, 5200, 5489, 8873, 7717, 9328, 6405, 1098, 1017, 1466, 9971, 4155, 6466, 7374, 10, 1261, 3071, 4293, 8560, 3303, 1049, 2775, 4842, 1417, 5623, 5338, 347, 3655, 2993, 4952, 5024, 6610, 8646, 6018, 4635, 4985, 9504, 9895, 2555, 2968, 2499, 8717, 3065, 48, 4729, 9299, 7315, 8911, 441, 9170, 6772, 2547, 85, 4495, 7576, 6013, 7247, 7816, 5110, 3766, 5513, 4035, 3306, 317, 3186, 2207, 4022, 7966, 8713, 3879, 7611, 1521, 7413, 4127, 9005, 2171, 7776, 5807, 8623, 7396, 251, 5869, 9085, 2033, 1121, 3089, 6375, 5772, 8476, 9613, 7012, 1521, 3401, 6223, 2559, 1802, 9962, 8088, 2768, 3797, 888, 7932, 3187, 8682, 8049, 1990, 6759, 9300, 6423, 3098, 6961, 2357, 9067, 4359, 6325, 3885, 9448, 6680, 9054, 4300, 2366, 548, 966, 250, 3996, 8886, 9826, 1063, 4118, 2890, 2509, 1753, 3557, 4154, 807, 246, 2360, 8217, 4658, 2227, 2528, 1586, 8829, 7071, 390, 2139, 1869, 4044, 7817, 9379, 3413, 279, 9241, 2014, 4187, 4697, 4747, 4200, 8722, 6771, 4850, 7103, 3186, 8449, 2824, 7699, 5265, 2258, 6962, 9648, 4423, 9462, 9733, 5700, 5685, 9430, 8219, 9970, 9, 8605, 1432, 4747, 510, 185, 7103, 3830, 4056, 5323, 8344, 4842, 4880, 1105, 7821, 838, 8310, 444, 7394, 5416, 2450, 5745, 3930, 2317, 9735, 3381, 3584, 5359, 2503, 9432, 9104, 3758, 3467, 5329, 5240, 9074, 8634, 5597, 4583, 2979, 4618, 9443, 6266, 4843, 429, 7733, 1824, 5669, 3026, 5725, 8533, 1383, 9809, 8586, 8681, 3052, 3165, 3697, 3138, 5863, 2925, 1853, 8894, 9381, 1070, 2344, 1791, 4404, 5884, 8810, 245, 3675, 2933, 5285, 4047, 8206, 5597, 7241, 6229, 1850, 635, 2314, 4054, 475, 8256, 8743, 9908, 2627, 7062, 856, 310, 6319, 9531, 1884, 7916, 2932, 2640, 8671, 8316, 2594, 5372, 1886, 4099, 9303, 8951, 9987, 688, 1629, 1197, 9277, 7713, 3895, 1605, 1152, 493, 7022, 3237, 8661, 3391, 2722, 8486, 7797, 179, 3175, 5277, 5743, 2963, 2356, 9632, 6513, 87, 5902, 4009, 719, 1905, 6962, 6035, 2211, 4596, 9521, 9460, 6860, 2790, 3153, 7449, 2917, 4931, 1717, 2281, 916, 6587, 9289, 6027, 4329, 3833, 8295, 2567, 1931, 8370, 8488, 5677, 436, 7839, 8910, 1351, 4105, 5320, 4077, 7267, 1374, 9456, 3431, 5240, 8576, 8852, 1936, 226, 8603, 3041, 1679, 1521, 3431, 2742, 4195, 6482, 3819, 9621, 6067, 8164, 3920, 1794, 3488, 2624, 9593, 8195, 5789, 3270, 7804, 9961, 8219, 708, 333, 4342, 9164, 2971, 9430, 486, 6707, 7881, 5756, 5608, 7883, 7769, 8496, 5392, 3432, 5177, 8792, 5333, 1925, 1016, 7912, 6714, 1707, 8380, 3283, 9373, 7673, 9515, 3160, 5652, 6654, 7435, 6834, 4626, 6488, 1480, 544, 3230, 1191, 9308, 4063, 3435, 4360, 1174, 792, 2899, 5770, 4356, 4709, 3172, 6458, 999, 7932, 5344, 7905, 2306, 3334, 5668, 6461, 4958, 8284, 9171, 8959, 3926, 5386, 5921, 1567, 4575, 200, 8513, 9090, 1089, 2479, 9919, 4336, 673, 8885, 8406, 238, 2566, 3229, 6077, 2016, 4259, 5764, 1434, 4255, 6983, 8629, 2552, 6777, 9283, 8649, 2255, 9411, 6021, 6214, 3702, 6867, 3450, 9451, 7790, 497, 7800, 536, 9711, 4841, 7467, 4653, 4420, 6299, 8345, 5592, 5761, 1636, 8212, 9287, 489, 6454, 3589, 908, 5436, 9620, 471, 4824, 8185, 8948, 2893, 9771, 8380, 7114, 1419, 234, 9384, 7662, 1147, 5156, 2417, 2612, 5414, 3282, 6634, 4102, 1477, 4305, 9240, 9095, 5534, 6844, 5864, 8573, 2262, 6701, 8470, 7373, 9737, 3830, 4003, 1287, 9284, 6181, 3115, 44, 6156, 2115, 6090, 2601, 9918, 5825, 4937, 5867, 16, 3609, 940, 5495, 7585, 489, 6579, 333, 5082, 2145, 592, 9307, 3306, 8092, 2172, 7729, 1809, 1421, 6298, 4158, 2053, 5806, 7474, 8060, 2933, 8055, 7552, 3674, 8163, 2702, 5309, 1551, 6280, 2431, 7362, 1359, 483, 6459, 5812, 2068, 1839, 3498, 2227, 623, 6320, 8531, 8408, 7771, 2331, 3774, 1959, 3879, 2564, 8319, 4331, 2206, 3217, 8703, 454, 5163]
List Size: 3000
Insertion Sort Time: 390.647900 milliseconds
Merge Sort Time: 17.713700 milliseconds
Built-in Sort Time: 0.379100 milliseconds

Original List: [1962, 4113, 3969, 5494, 2940, 107, 5019, 6033, 1757, 4876, 9563, 2088, 5944, 1940, 2965, 4367, 5611, 6963, 4757, 2452, 2160, 9585, 2566, 5506, 4597, 9900, 3828, 4938, 3580, 7649, 8291, 3695, 7811, 2623, 7572, 9250, 8408, 1815, 9324, 9420, 4173, 8936, 6250, 7002, 7718, 9166, 9860, 8637, 1295, 153, 8045, 8035, 2597, 4078, 5214, 9876, 2564, 4712, 9211, 4430, 1369, 7596, 6969, 82, 6178, 812, 4204, 4817, 137, 7057, 2478, 3211, 7180, 9111, 645, 5465, 610, 6357, 6486, 6857, 1261, 4850, 9756, 8360, 528, 1718, 6967, 1440, 766, 5808, 7850, 9770, 9373, 9742, 7275, 6887, 9897, 928, 9505, 2594, 1182, 5182, 1051, 8884, 5405, 7327, 4068, 8258, 3162, 1600, 1829, 3757, 1259, 1823, 578, 1909, 7543, 9398, 5757, 5241, 2610, 3233, 5452, 1154, 5436, 7609, 8112, 2354, 7933, 9206, 5681, 125, 328, 6522, 5609, 6905, 9983, 6032, 8093, 8034, 2788, 8820, 6881, 3924, 5284, 8905, 4101, 7480, 1488, 1450, 9222, 6441, 6768, 4502, 5025, 8925, 4389, 2892, 1701, 6290, 3082, 7770, 5207, 4033, 930, 1500, 7980, 7597, 4822, 7688, 7749, 9865, 4912, 2667, 8048, 2967, 6824, 6363, 8615, 2921, 1583, 4167, 9271, 8120, 4362, 8008, 1528, 3264, 2496, 601, 4332, 7535, 3143, 2294, 5018, 7338, 4642, 3454, 3878, 6706, 9473, 9333, 5611, 9237, 950, 7106, 8479, 9412, 5002, 9347, 6892, 887, 2519, 4671, 7582, 6300, 6551, 8951, 3987, 3227, 360, 3962, 4692, 9677, 2074, 1611, 3095, 2672, 1344, 9033, 537, 6152, 1080, 517, 8697, 6056, 6510, 8212, 9990, 7943, 5961, 555, 5584, 2476, 9841, 8026, 6581, 1879, 177, 2255, 4926, 54, 6050, 6988, 8905, 6236, 6803, 7906, 6322, 3184, 873, 2847, 5431, 3963, 5908, 4129, 8592, 5603, 2828, 4456, 3656, 3289, 4757, 2984, 7710, 2415, 4642, 8226, 7243, 4631, 368, 1873, 3717, 9785, 23, 4586, 9166, 168, 9301, 5656, 3881, 3560, 7193, 8879, 9570, 4908, 883, 5253, 4935, 4908, 1484, 575, 5531, 5806, 3417, 7573, 7327, 7910, 9209, 2947, 6068, 8209, 333, 1937, 8886, 3663, 8866, 7170, 4541, 4009, 4772, 2843, 686, 4802, 6316, 2815, 4870, 2164, 5159, 7570, 7733, 7008, 348, 7426, 9290, 5086, 8963, 3849, 9425, 890, 6687, 754, 6148, 5956, 561, 6965, 9771, 7271, 4364, 2164, 4757, 9909, 8913, 3176, 5486, 7726, 2315, 6587, 4735, 5083, 3157, 1996, 8100, 3422, 9762, 8867, 2514, 4652, 4044, 6504, 6929, 4753, 9055, 3918, 5154, 4104, 6261, 4483, 528, 5579, 4908, 8585, 4590, 4194, 7716, 4365, 1808, 6740, 9056, 594, 882, 2495, 1319, 6991, 8850, 9817, 5045, 9121, 2529, 3572, 3015, 7083, 2649, 1241, 2327, 5967, 5231, 9451, 7073, 2819, 1609, 133, 9224, 7617, 9354, 9454, 281, 1672, 6350, 6240, 8723, 2271, 9375, 9306, 9800, 3442, 5437, 7880, 5910, 5485, 1996, 1834, 3923, 6633, 8775, 7022, 8561, 7353, 1007, 5220, 1291, 2310, 4762, 1369, 2647, 6120, 6491, 1805, 8417, 3947, 5616, 1192, 6602, 932, 3247, 3397, 5002, 6706, 332, 1503, 5360, 1360, 6199, 5543, 7354, 2211, 5062, 138, 7932, 7617, 2194, 7212, 2663, 8070, 4531, 6789, 2671, 7847, 2875, 4375, 4229, 3625, 6910, 9537, 7169, 3628, 5450, 7681, 4398, 4819, 7908, 8228, 5643, 957, 3785, 8984, 34, 6748, 3054, 2707, 55, 6839, 4841, 7312, 6424, 9104, 4916, 8464, 3934, 182, 6674, 7646, 998, 409, 1648, 8920, 2301, 1066, 48, 6410, 9136, 4954, 5773, 9543, 4971, 2276, 1408, 102, 2909, 5838, 425, 3616, 7369, 4092, 9364, 7310, 5539, 9642, 3547, 2818, 5505, 102, 3139, 2724, 4264, 4330, 5004, 1917, 8608, 1501, 467, 6087, 7586, 4295, 8390, 2650, 3092, 3228, 8314, 6938, 2121, 3783, 6476, 3516, 75, 3166, 4734, 8240, 6687, 5438, 7664, 8667, 2015, 8736, 7576, 7339, 2376, 3659, 2704, 8307, 333, 2403, 5530, 1841, 4461, 2747, 5859, 1507, 3987, 6796, 9873, 216, 9870, 7753, 6341, 7900, 7960, 8351, 1294, 5492, 4328, 8508, 956, 433, 8299, 5815, 2481, 604, 8650, 6264, 8668, 8951, 6751, 4867, 3019, 4586, 2612, 6015, 2128, 648, 3243, 9173, 9371, 6601, 7006, 6459, 887, 5408, 2319, 8903, 6308, 6751, 2447, 911, 3165, 8592, 9511, 7475, 7018, 6565, 3853, 3641, 2812, 2577, 5425, 8318, 2706, 7522, 7639, 3002, 9793, 5483, 1680, 7994, 2063, 6140, 565, 4121, 9648, 4882, 9512, 8677, 1914, 1496, 216, 3829, 3066, 8342, 1251, 9315, 8557, 7692, 6432, 3162, 4804, 1878, 5124, 3939, 6777, 5270, 7715, 6436, 1554, 3284, 7918, 7891, 5768, 6951, 3647, 4672, 1701, 2980, 6531, 1450, 5221, 4543, 2548, 1198, 6353, 6190, 8530, 4044, 1393, 2683, 554, 7746, 5950, 2377, 5140, 7063, 1489, 9600, 2936, 8453, 4851, 8285, 2588, 6009, 2342, 5038, 9321, 6835, 4078, 217, 733, 6210, 5452, 7908, 2143, 4210, 8169, 7937, 5759, 2535, 1512, 8737, 4108, 3957, 7400, 6730, 7600, 7149, 2940, 1152, 550, 9880, 7764, 8829, 9561, 4742, 6144, 7555, 4857, 1723, 9561, 1815, 4125, 6375, 4758, 4937, 576, 8208, 5052, 1986, 2595, 21, 5939, 8988, 2074, 8056, 5855, 7819, 6251, 768, 9779, 9883, 9510, 1060, 4827, 182, 7312, 7494, 1172, 460, 6191, 2595, 8498, 3898, 4582, 6268, 2471, 3064, 928, 2122, 1592, 5659, 7169, 9331, 7980, 4210, 4268, 7930, 6224, 4214, 7372, 979, 1587, 8003, 2664, 4224, 7597, 5020, 4891, 6393, 2894, 3166, 8786, 4542, 7334, 6631, 8698, 5321, 6635, 8097, 3145, 2405, 2616, 3294, 7469, 1191, 4184, 919, 5796, 2713, 7571, 5913, 2585, 1603, 8273, 227, 4970, 711, 7550, 2271, 6029, 6577, 7056, 9859, 345, 7697, 3902, 4641, 10000, 558, 1748, 9874, 4124, 5113, 2504, 8006, 1344, 8254, 1194, 1743, 197, 9242, 5445, 8577, 4312, 9546, 7585, 7295, 2644, 8752, 1986, 6546, 995, 567, 6449, 1864, 3965, 8063, 9347, 5722, 3549, 4544, 2481, 4574, 7356, 1523, 3320, 4987, 6370, 19, 9315, 5169, 7754, 9066, 2594, 6692, 3421, 7459, 8943, 6446, 1423, 1854, 4648, 1301, 182, 2665, 6279, 4504, 2348, 7528, 4229, 3372, 4346, 5399, 4659, 2593, 6726, 5015, 6063, 3818, 3709, 9237, 4761, 2870, 9248, 9415, 8740, 2409, 7570, 5588, 8256, 9826, 394, 5099, 8568, 9969, 5780, 1733, 3853, 3016, 1901, 7390, 7998, 6819, 8149, 6298, 1490, 2383, 4061, 1733, 6824, 1916, 3363, 3537, 695, 869, 9657, 4385, 9158, 7473, 9031, 5094, 1568, 5765, 5316, 8897, 3000, 4563, 5417, 4422, 7559, 4272, 9959, 1694, 8593, 3457, 6796, 6374, 6073, 9716, 4125, 8825, 4529, 6055, 6441, 7885, 3962, 7997, 8798, 5265, 8476, 5952, 3362, 4107, 7406, 2953, 6149, 7525, 8050, 8, 7567, 8229, 7849, 1422, 8563, 2848, 94, 7430, 9111, 4605, 5727, 3894, 4916, 2179, 7651, 9474, 6510, 6439, 7268, 3659, 902, 1609, 9458, 9644, 1439, 6201, 4417, 2731, 8367, 3555, 994, 6251, 560, 4789, 2789, 9760, 7043, 834, 3099, 7284, 2001, 7837, 3232, 204, 430, 4565, 4003, 3534, 7287, 7241, 6442, 4777, 207, 3912, 6007, 5273, 1457, 6339, 4494, 2031, 4473, 6833, 4077, 9612, 5504, 1785, 9219, 7295, 3660, 511, 323, 6526, 6970, 401, 3976, 1543, 5863, 1176, 6551, 7871, 9386, 2783, 8603, 5862, 9350, 9846, 1758, 7505, 1575, 7487, 1888, 3152, 7933, 650, 7483, 3641, 4045, 3234, 7663, 6795, 1265, 8856, 6676, 7626, 8332, 9723, 7212, 8799, 4633, 9470, 3017, 1887, 9427, 4981, 6352, 9480, 7674, 8731, 8121, 3452, 9568, 9925, 5514, 4740, 671, 4520, 2572, 968, 3214, 8549, 8315, 5354, 7735, 6352, 9531, 4533, 173, 6924, 1551, 2412, 8935, 2677, 8403, 3570, 2967, 3215, 242, 2328, 8780, 516, 9669, 5643, 6603, 4678, 8388, 3729, 712, 2973, 4366, 7273, 9626, 7420, 466, 5654, 3411, 1185, 8913, 9980, 6261, 4359, 8486, 5246, 2206, 6889, 5678, 2195, 5711, 5038, 5314, 4778, 4421, 2466, 8319, 8038, 7552, 3370, 274, 467, 5212, 1280, 2187, 7844, 8219, 1983, 1373, 4535, 7031, 4044, 6128, 5264, 3041, 3883, 3509, 767, 1193, 2230, 3636, 7113, 8536, 4979, 7314, 4855, 9166, 3667, 9582, 8021, 3440, 9717, 5185, 6663, 110, 9643, 4795, 6406, 1409, 5253, 2581, 2853, 970, 9270, 6505, 8453, 1629, 5938, 3812, 8688, 6230, 5894, 2218, 1867, 1643, 145, 9443, 5380, 7132, 4653, 6889, 9630, 5333, 4256, 4125, 46, 3920, 5154, 7423, 5990, 3867, 2178, 2499, 2285, 8804, 4486, 2222, 4380, 9832, 7460, 8247, 5577, 7321, 6626, 5609, 9289, 8352, 6237, 5096, 9719, 9187, 9775, 4795, 8696, 8221, 9221, 7761, 9165, 5140, 7027, 3342, 5824, 2456, 6007, 2722, 6040, 557, 7463, 7177, 2166, 3228, 4134, 973, 1760, 2726, 6292, 5301, 7075, 8726, 4030, 8807, 6648, 7810, 409, 2493, 4715, 9527, 7065, 1666, 1590, 6763, 2210, 9979, 4264, 71, 4004, 1048, 5205, 6693, 7547, 4656, 3712, 5801, 196, 8502, 7850, 2109, 9620, 2840, 2585, 2166, 7780, 3557, 2485, 4271, 9606, 7815, 4262, 7866, 7552, 8009, 7624, 8035, 1569, 5891, 9067, 7433, 827, 2779, 1235, 195, 4793, 1775, 201, 8649, 6515, 6569, 3386, 9192, 7831, 4451, 1983, 3910, 7304, 4598, 7880, 149, 83, 6724, 2892, 2145, 5393, 9985, 2009, 1790, 3489, 3818, 3482, 6755, 7070, 2075, 6191, 8981, 7659, 8549, 7055, 5191, 1139, 8659, 4009, 9645, 8483, 1053, 7038, 7211, 9523, 4770, 3851, 1629, 3767, 2142, 4243, 6239, 3396, 1153, 7883, 7169, 742, 7471, 6026, 5727, 6299, 6572, 7803, 8025, 4079, 5623, 1149, 952, 3988, 7926, 8501, 6927, 9650, 6775, 8660, 5306, 4229, 822, 2839, 8691, 5656, 7394, 2293, 5222, 5365, 5082, 141, 2518, 7024, 4793, 6586, 7844, 5042, 9407, 3928, 6095, 1071, 7088, 2678, 5119, 4443, 8334, 8489, 1164, 6644, 1869, 5726, 80, 922, 4959, 6647, 7080, 9833, 797, 8296, 4860, 6555, 9116, 1290, 4047, 8478, 6664, 8669, 9685, 7041, 8850, 1255, 208, 293, 6442, 4845, 2335, 7685, 6891, 5074, 835, 3754, 3592, 337, 662, 763, 359, 982, 9312, 8288, 8856, 3506, 6584, 1261, 2107, 7519, 269, 695, 470, 3905, 9372, 40, 3153, 180, 9254, 6617, 5113, 1243, 456, 6822, 2220, 8894, 4419, 7852, 4738, 8976, 7025, 3677, 5036, 3931, 6363, 8147, 7759, 2970, 1066, 7655, 9281, 2523, 6313, 9206, 7439, 9625, 9975, 4522, 5020, 2016, 5127, 8414, 6707, 2955, 2256, 9694, 804, 5500, 3557, 9789, 2758, 2291, 6435, 2309, 216, 2998, 6250, 6231, 7727, 6522, 4377, 2137, 556, 3037, 3521, 9188, 5307, 2041, 6256, 7814, 8313, 1146, 1855, 3294, 577, 2219, 7008, 6186, 9810, 9453, 5717, 2387, 2238, 7452, 5781, 8234, 8643, 4838, 9119, 7327, 1826, 9824, 5935, 2962, 6838, 649, 8827, 360, 5779, 3591, 1132, 797, 2490, 1927, 7883, 7821, 8731, 1727, 5158, 3453, 3001, 8575, 9046, 3838, 6709, 4169, 5549, 4136, 2596, 4630, 9285, 6600, 3353, 8721, 2381, 7269, 9446, 3587, 5581, 9724, 7200, 7740, 4998, 667, 267, 9559, 3093, 2048, 3379, 300, 4248, 8204, 932, 6252, 9024, 6438, 8516, 8675, 7985, 3022, 3486, 3844, 6162, 7358, 2714, 514, 3803, 6137, 3692, 6684, 2737, 6038, 6778, 7650, 2769, 5783, 6200, 5372, 7274, 8623, 9312, 7897, 9302, 5401, 6687, 706, 666, 9857, 9639, 5187, 9132, 1501, 6412, 5902, 1199, 4363, 6687, 2597, 7924, 9554, 4485, 8349, 5481, 6701, 1045, 2041, 6111, 9613, 1012, 7940, 9905, 586, 7161, 6551, 2423, 7794, 5181, 7683, 8301, 2560, 6622, 1760, 5834, 1238, 233, 9534, 7370, 7678, 8742, 9322, 9950, 6902, 4590, 7166, 4439, 8773, 1469, 6431, 7429, 2856, 7033, 7542, 6674, 5620, 2534, 4388, 4515, 6576, 9760, 6827, 2734, 9012, 4850, 9764, 2644, 3668, 9643, 3825, 7663, 8668, 9516, 135, 2599, 6394, 7622, 8618, 8920, 5033, 2498, 8610, 6132, 1502, 7704, 4646, 221, 8463, 3699, 8013, 1336, 7666, 8681, 9847, 2401, 5270, 1882, 5540, 8400, 8683, 1358, 6496, 6786, 8916, 694, 2984, 8889, 314, 5261, 7949, 5142, 3687, 7572, 5166, 383, 1308, 5177, 1807, 753, 6642, 1811, 1158, 9893, 5527, 2607, 7864, 9966, 948, 4512, 2099, 8558, 6217, 926, 2968, 9524, 9312, 7256, 1099, 8909, 1513, 5675, 9956, 2307, 1389, 7410, 694, 8916, 9638, 3772, 9882, 5442, 6281, 103, 4938, 2788, 7084, 4876, 3216, 4383, 3744, 8204, 4691, 1657, 4873, 2464, 9413, 8839, 3986, 6472, 1839, 2954, 6217, 8042, 906, 1755, 7349, 7218, 5809, 6337, 4889, 358, 9520, 8075, 7770, 4746, 7301, 3825, 7969, 4770, 4516, 9028, 677, 3117, 922, 5593, 7130, 1332, 4448, 3772, 2785, 2436, 1823, 5152, 19, 3056, 8590, 6062, 1640, 6260, 1167, 304, 6157, 5346, 9414, 7082, 3185, 284, 2149, 7727, 284, 114, 3634, 4809, 7526, 5176, 6762, 8622, 2318, 3945, 1090, 7742, 3277, 8924, 3031, 4282, 7922, 3259, 9273, 6481, 3970, 7210, 6260, 188, 9369, 9065, 6496, 3415, 7730, 2497, 9554, 556, 7370, 4246, 16, 8114, 4847, 5745, 2291, 3777, 1776, 5548, 1496, 486, 8858, 7637, 8408, 1253, 6405, 481, 5616, 153, 3141, 2547, 9475, 4222, 1568, 3932, 6737, 5785, 3905, 8227, 7191, 1415, 6739, 6296, 8122, 6386, 6831, 4663, 3223, 4093, 3205, 9206, 627, 9404, 7791, 8127, 2568, 9325, 3593, 9216, 5062, 2982, 4721, 3697, 4524, 2882, 6931, 2692, 3231, 5143, 7283, 6583, 2805, 8372, 2946, 7692, 7769, 3637, 7541, 6928, 7863, 1051, 3577, 3899, 7206, 2022, 8521, 2080, 786, 3674, 1881, 5299, 2319, 5986, 7797, 5254, 7061, 3172, 1281, 4103, 7139, 5242, 2045, 8723, 8623, 5474, 8332, 5204, 8930, 5757, 6705, 3957, 4206, 4489, 1265, 1017, 5111, 2569, 7444, 8379, 1797, 1187, 3061, 2656, 8694, 9053, 1156, 2027, 6849, 9300, 2975, 5177, 1205, 9583, 1244, 9969, 8802, 8049, 6287, 3925, 6256, 6013, 4938, 2676, 8492, 9063, 3422, 2167, 3544, 4468, 7266, 9546, 4917, 7509, 9766, 1237, 407, 9683, 2970, 7827, 9682, 8634, 5058, 2626, 4240, 363, 3228, 90, 9491, 8034, 6542, 8181, 8695, 3732, 1033, 980, 7609, 4790, 2829, 8340, 4, 8565, 6844, 3019, 418, 4467, 6168, 6910, 8130, 1937, 8848, 8457, 4481, 7727, 2757, 6637, 7140, 4999, 5281, 9857, 5350, 9180, 4629, 6224, 7123, 4365, 820, 3814, 3077, 7020, 1756, 7651, 6214, 5860, 7823, 3293, 9701, 891, 6888, 2363, 1510, 9079, 7815, 2792, 27, 8159, 5937, 3702, 9810, 5653, 4745, 3691, 5955, 7764, 5672, 2726, 4988, 5644, 1712, 6182, 9923, 5916, 7024, 544, 8061, 8689, 2747, 8729, 4062, 5124, 1174, 1035, 8932, 2726, 6323, 3819, 5423, 7750, 2785, 8455, 741, 8028, 4437, 9398, 5740, 6781, 8275, 6502, 749, 2552, 9698, 1459, 8254, 8066, 881, 27, 7361, 6410, 5347, 4141, 3042, 4078, 5362, 7889, 5537, 2670, 9466, 4579, 4124, 2379, 4791, 2713, 8605, 8888, 3222, 4674, 5676, 4159, 6807, 1581, 8822, 6716, 7645, 7349, 1656, 4363, 2575, 4710, 4304, 7178, 2271, 7265, 1433, 6330, 6437, 7414, 9218, 2356, 7599, 1332, 2041, 4304, 2980, 1958, 5465, 2642, 2997, 1435, 3677, 2424, 7773, 5432, 2089, 4666, 9447, 1231, 7201, 4442, 7993, 6235, 2493, 1341, 2765, 3470, 7991, 7893, 597, 7395, 5834, 3711, 2591, 7387, 2036, 6823, 4891, 3655, 8325, 927, 38, 4260, 4146, 6107, 2283, 1825, 8375, 1789, 796, 5520, 2529, 7028, 1791, 6349, 7559, 5846, 1619, 8745, 2305, 6290, 9517, 6097, 4381, 58, 4747, 1213, 2331, 6788, 7525, 4427, 6376, 6278, 3904, 2995, 3727, 6475, 1208, 9601, 9924, 9712, 9372, 3529, 2661, 287, 3265, 157, 4411, 1257, 4980, 3290, 9627, 3505, 9167, 4193, 5052, 8850, 9977, 4994, 8566, 8154, 9362, 7057, 1039, 633, 320, 8199, 7296, 470, 4886, 422, 8332, 1932, 1131, 5866, 9604, 3759, 4142, 755, 3918, 860, 9632, 2595, 186, 1044, 9100, 4001, 9126, 3274, 8609, 8800, 7035, 87, 9623, 8046, 6980, 1527, 1281, 6085, 4291, 9865, 3216, 2284, 5457, 6764, 7301, 9912, 6046, 6346, 4695, 3585, 5249, 4964, 8323, 6275, 7375, 6621, 5703, 1197, 3067, 1880, 1247, 9748, 4498, 7832, 7031, 4890, 9987, 6528, 8408, 9382, 3508, 6370, 6207, 8346, 6901, 395, 6536, 9561, 3017, 8977, 4997, 4928, 7767, 1301, 958, 2587, 5994, 8800, 2478, 816, 6548, 9393, 6018, 4575, 5026, 1744, 4134, 1204, 9252, 3896, 8414, 3410, 3767, 8875, 4153, 3097, 247, 7373, 2397, 7555, 4713, 9795, 5185, 5819, 533, 4956, 2266, 5597, 8641, 9655, 7093, 4210, 8149, 4492, 37, 7799, 3675, 4495, 5382, 4186, 6642, 1722, 4480, 199, 5901, 7158, 305, 9890, 1285, 1222, 9209, 3211, 625, 768, 9480, 4550, 5868, 4434, 518, 7279, 8211, 2148, 6011, 4710, 4411, 8827, 2065, 920, 6263, 7574, 983, 6062, 8065, 8394, 9902, 5653, 3177, 7032, 693, 6719, 3540, 3528, 3924, 320, 4999, 4089, 8067, 60, 7009, 9957, 7680, 8859, 6913, 3424, 8621, 3334, 8498, 8967, 9307, 6313, 6417, 1298, 9448, 9334, 7927, 7665, 8323, 2322, 1997, 2861, 1025, 3419, 9941, 5776, 1271, 4617, 1316, 8253, 2137, 5067, 8113, 3345, 2875, 5651, 5128, 4249, 7307, 962, 1857, 32, 7608, 4290, 2369, 9576, 1044, 4004, 2389, 1270, 2172, 9894, 9038, 7290, 7019, 3328, 9757, 5937, 9345, 2962, 419, 7128, 6584, 4638, 2132, 5056, 2630, 444, 541, 8475, 3786, 3552, 4081, 768, 1260, 1029, 2176, 5895, 1533, 2599, 3317, 9820, 5439, 7685, 240, 7460, 1646, 3310, 9274, 3882, 6899, 3786, 6750, 7327, 8989, 193, 1331, 6556, 1006, 5739, 220, 6078, 6039, 3748, 2065, 4985, 8242, 808, 2694, 1618, 947, 9286, 908, 7919, 1846, 1129, 9538, 697, 8740, 3838, 7149, 6059, 6554, 6365, 6086, 1540, 2203, 6383, 180, 13, 2169, 9631, 3754, 128, 5763, 2909, 9640, 923, 5189, 6388, 8413, 8636, 967, 4989, 1515, 305, 5467, 1449, 569, 5200, 9081, 8217, 1901, 9908, 2284, 9319, 1635, 6067, 6946, 1092, 1383, 2880, 9618, 6587, 5963, 2377, 9391, 4318, 3658, 1686, 4522, 5950, 5776, 9811, 710, 5817, 7442, 3946, 5662, 6080, 8524, 3938, 5164, 1617, 545, 9843, 5554, 5923, 2366, 1918, 2441, 4120, 1896, 5950, 2941, 5691, 3453, 2376, 1637, 594, 941, 6589, 2530, 5575, 9266, 5030, 2839, 4110, 5639, 5702, 4948, 4701, 2315, 1966, 3205, 2440, 5798, 8443, 9554, 76, 6434, 5789, 2052, 2042, 6653, 6922, 3438, 3722, 7969, 612, 1515, 1035, 7890, 522, 4295, 6837, 5487, 3303, 3556, 782, 9615, 7783, 8523, 7663, 2013, 2033, 3377, 2614, 8180, 819, 1353, 996, 9985, 4768, 4409, 5492, 6576, 1738, 3650, 4597, 4065, 2742, 3739, 3377, 8695, 506, 4030, 9880, 5793, 1135, 9362, 3881, 6404, 7810, 1325, 6256, 4963, 9101, 3765, 9663, 645, 5851, 4850, 1386, 7749, 1184, 3942, 243, 9096, 7779, 2371, 4726, 4727, 5632, 825, 4928, 4059, 214, 4025, 215, 4162, 3483, 5615, 6594, 2058, 168, 9737, 4767, 816, 4074, 7449, 3279, 2966, 2527, 6094, 577, 5282, 1513, 3499, 5476, 2384, 9165, 3310, 3873, 5150, 8610, 9108, 5697, 5998, 4955, 4171, 4456, 5751, 325, 1174, 8731, 8367, 7110, 9005, 4760, 1993, 534, 1443, 2048, 1876, 3324, 6968, 6961, 4713, 1798, 9172, 2525, 9274, 3812, 3854, 3828, 7314, 7150, 9555, 6872, 6015, 3542, 2930, 4831, 6143, 3012, 2677, 1886, 6686, 5461, 6033, 3246, 2944, 7785, 2706, 1011, 327, 6973, 4647, 7497, 5865, 987, 1234, 3912, 3047, 5429, 8747, 9657, 1496, 9074, 7655, 6600, 5914, 595, 9569, 5755, 9896, 1059, 519, 5732, 692, 6234, 3405, 9597, 5464, 5648, 9314, 8076, 4645, 1793, 4162, 5189, 2342, 1881, 6429, 5595, 1936, 7757, 7665, 1468, 2305, 5165, 3108, 2461, 1279, 9787, 848, 5438, 1788, 9585, 6414, 2514, 2143, 9984, 3074, 741, 7201, 5399, 5016, 8652, 8225, 7503, 5507, 7336, 6213, 2126, 8153, 1116, 5641, 4445, 1002, 1462, 4579, 8635, 7906, 6994, 4878, 3833, 5221, 8837, 9423, 8925, 4422, 2877, 2931, 6623, 7017, 5881, 5855, 5049, 4261, 8999, 9448, 9274, 6710, 2787, 8768, 819, 9990, 2865, 2353, 3956, 8436, 8097, 5753, 2760, 832, 2053, 9946, 295, 6534, 4510, 7382, 1713, 3281, 841, 4254, 6725, 242, 380, 6199, 7518, 6712, 8394, 9064, 5712, 5033, 5049, 6565, 9872, 6072, 1354, 911, 9292, 1073, 234, 8533, 7082, 4531, 1206, 8574, 9397, 3782, 5519, 3368, 4331, 1575, 1737, 9359, 9918, 5328, 8610, 2700, 5455, 2431, 4508, 9328, 1680, 8522, 7927, 3582, 2685, 5169, 1403, 5989, 8131, 8848, 3731, 2155, 5313, 4517, 974, 4648, 3185, 7792, 1788, 3070, 4152, 3172, 146, 1410, 914, 2406, 3073, 868, 916, 7147, 1034, 1536, 2341, 2195, 1179, 2110, 2424, 3340, 4310, 1134, 2371, 3941, 3822, 5370, 2717, 6433, 8324, 3421, 4048, 3087, 2382, 99, 7529, 234, 8495, 6738, 7676, 7158, 5105, 6782, 8533, 9279, 761, 208, 7801, 6501, 5219, 241, 2247, 7601, 7409, 5438, 1770, 2322, 5987, 1273, 9997, 4655, 2856, 993, 5943, 1289, 5275, 6488, 1636, 7630, 6740, 956, 3681, 9014, 3574, 2296, 4651, 3168, 1973, 3139, 6632, 357, 5134, 4615, 7265, 9363, 1448, 8350, 4484, 5807, 785, 2115, 7726, 9939, 55, 3339, 3194, 5383, 6890, 5820, 5240, 7805, 7886, 7593, 3976, 5094, 6482, 9441, 5949, 8819, 8922, 5581, 161, 3504, 7952, 7703, 381, 9732, 9892, 2340, 5955, 2725, 5829, 1002, 5560, 9074, 4627, 9027, 2568, 5587, 9900, 3135, 3833, 5460, 8255, 7064, 5853, 8668, 8000, 6702, 3747, 1977, 7324, 1365, 3717, 4843, 3632, 4813, 126, 7658, 9224, 1022, 5714, 6698, 8494, 5585, 2723, 7795, 1452, 505, 9372, 9938, 7948, 3999, 6685, 9973, 3855, 5324, 1848, 6023, 3540, 5698, 6909, 2641, 5760, 985, 8534, 1786, 9290, 8281, 181, 1109, 6482, 8232, 6466, 1839, 5970, 7452, 3449, 9380, 5520, 2227, 7838, 4846, 5925, 5086, 6889, 4248, 994, 5511, 7599, 8285, 7878, 9630, 267, 8202, 8722, 530, 2709, 2017, 9614, 2199, 728, 4592, 3533, 3472, 2104, 7861, 5519, 755, 6585, 3227, 1374, 1669, 2771, 2716, 3988, 6323, 5116, 6362, 4433, 8295, 694, 6781, 930, 4275, 5533, 5618, 2107, 4855, 5111, 4423, 594, 283, 766, 404, 1786, 7117, 4439, 8483, 6108, 9084, 19, 1521, 9957, 1575, 7764, 5074, 2210, 4365, 1201, 5017, 1208, 8500, 5017, 7404, 4331, 9213, 9059, 1943, 7009, 7100, 2647, 761, 4692, 1579, 5731, 5209, 9765, 8725, 335, 9204, 3143, 2957, 2180, 354, 6813, 3922, 1553, 4902, 4866, 5933, 4747, 7732, 8039, 8969, 7305, 5410, 4909, 5422, 6921, 3987, 9036, 6300, 5412, 1111, 6732, 9504, 5497, 1054, 4706, 305, 1556, 1999, 4886, 3648, 52, 6242, 8337, 1851, 8879, 22, 2127, 9826, 4724, 1708, 9713, 4922, 1197, 7525, 483, 9410, 2213, 4755, 8381, 8102, 3124, 5244, 9536, 647, 5630, 4988, 8881, 2678, 6972, 1758, 5191, 8248, 896, 3723, 9836, 1203, 7755, 8751, 3890, 9799, 7243, 2733, 9990, 5010, 875, 6350, 9133, 5507, 7767, 6240, 9695, 3153, 7343, 9805, 3102, 4563, 5629, 1284, 4350, 274, 7961, 3332, 3628, 6839, 1546, 4860, 7218, 4351, 9797, 3347, 3089, 6613, 2346, 3580, 4328, 3607, 3426, 8786, 1726, 7350, 6231, 7515, 7540, 2885, 7769, 640, 7419, 2371, 6535, 173, 3143, 7218, 2034, 4505, 5624, 195, 7438, 9373, 3944, 7551, 3578, 6208, 4989, 9984, 7757, 5087, 4037, 3606, 8906, 1155, 7798, 9606, 4635, 5569, 495, 3736, 9749, 3492, 9254, 9215, 345, 9568, 5008, 5832, 4592, 995, 5136, 4795, 7379, 7252, 9834, 5403, 9357, 2069, 7727, 3908, 1769, 3866, 1524, 9714, 8514, 9952, 5576, 2111, 2099, 1685, 9171, 4510, 2204, 8013, 1444, 9503, 6338, 9981, 4631, 9420, 147, 988, 5922, 7391, 991, 395, 3710, 3686, 4027, 4979, 6380, 6131, 1676, 4010, 6418, 1221, 7291, 3789, 918, 5846, 3174, 2332, 497, 327, 4107, 7547, 3432, 1411, 6733, 3029, 3993, 4290, 2760, 4393, 474, 2621, 896, 9327, 8464, 6112, 8578, 6171, 7080, 9995, 8367, 5216, 5563, 1662, 6335, 6112, 2272, 2607, 4300, 832, 7676, 4763, 9024, 9222, 1311, 8760, 7792, 3377, 1038, 8789, 483, 8127, 7097, 9747, 8887, 5329, 2797, 3646, 6075, 4032, 7545, 1631, 9070, 5976, 2355, 629, 7153, 9787, 4812, 5466, 7899, 9763, 8310, 4684, 1638, 7433, 7732, 8261, 8821, 6212, 586, 4496, 499, 2894, 7626, 6444, 8719, 5687, 1354, 3224, 3975, 6093, 1612, 5378, 6925, 6006, 2825, 4268, 1564, 2997, 4698, 3843, 4601, 3879, 3945, 6453, 4199, 5315, 528, 1951, 9654, 259, 2245, 1119, 7894, 8131, 7071, 6611, 1186, 6044, 6328, 3270, 5602, 1231, 2514, 2096, 3549, 6902, 7707, 2816, 453, 680, 1791, 4130, 1227, 5459, 4676, 7887, 8510, 8101, 9039, 2056, 3870, 248, 5587, 3846, 5567, 1160, 7933, 891, 8121, 6964, 6034, 1459, 1461, 6837, 3925, 2210, 2478, 1179, 4284, 4477, 6803, 6791, 8709, 9840, 790, 2395, 5284, 8086, 3196, 7734, 92, 3657, 7317, 4170, 1690, 8916, 9392, 8898, 9500, 6266, 6719, 9934, 180, 6895, 4200, 6636, 3722, 9288, 6248, 616, 622, 6047, 788, 5698, 123, 2021, 6787, 775, 2485, 2480, 6193, 981, 8684, 9618, 8929, 9594, 3773, 8716, 3671, 4057, 1196, 2405, 5353, 6316, 3946, 2665, 7625, 9689, 4852, 4385, 4985, 4579, 2523, 420, 8536, 1972, 2575, 2819, 5070, 329, 7740, 3431, 8240, 9029, 1745, 5051, 4025, 4917, 9094, 466, 187, 8609, 1990, 8630, 5151, 2058, 9606, 3836, 6250, 738, 5847, 7060, 2624, 7789, 8415, 8116, 222, 2609, 8586, 894, 1183, 308, 1294, 9377, 816, 2343, 8257, 1355, 4319, 5889, 5205, 5122, 8392, 9953, 2009, 585, 8701, 8725, 224, 1761, 423, 5989, 5222, 4773, 6815, 1899, 5317, 594, 2030, 8790, 3825, 632, 8539, 737, 9863, 4699, 2143, 2549, 3725, 6656, 5763, 7508, 4722, 6329, 6367, 5311, 2240, 0, 4593, 7583, 7819, 7706, 9005, 7203, 3536, 116, 2283, 1941, 5771, 2753, 5274, 4560, 8260, 2939, 3976, 7880, 8854, 6302, 8270, 6581, 568, 5608, 3971, 3474, 5565, 8047, 9501, 9313, 9947, 4337, 9937, 758, 5290, 3827, 7436, 1169, 3074, 8337, 2253, 9572, 4798, 5740, 4464, 4699, 3064, 6890, 188, 537, 7503, 4061, 2945, 6808, 7708, 6881, 6925, 5819, 8099, 8393, 5398, 4536, 801, 7659, 765, 7210, 4213, 13, 2164, 9824, 6429, 9687, 3403, 1646, 7171, 5616, 9324, 1062, 3072, 5770, 6360, 1841, 9105, 1412, 3181, 1133, 3163, 4363, 6470, 6900, 1096, 7385, 8113, 8344, 2837, 4663, 5253, 7675, 2368, 5424, 4062, 4290, 9353, 9674, 8102, 259, 4172, 2141, 7723, 2581, 5984, 6274, 7300, 4567, 3699, 4879, 4167, 7845, 4958, 8759, 6150, 3533, 7852, 3118]
List Size: 4000
Insertion Sort Time: 808.933500 milliseconds
Merge Sort Time: 24.179800 milliseconds
Built-in Sort Time: 0.765600 milliseconds

Original List: [1125, 7842, 3553, 4094, 2096, 5169, 3648, 9728, 2228, 8007, 408, 3345, 5417, 6682, 4384, 9212, 2373, 149, 7853, 8707, 3286, 6348, 7450, 7203, 6057, 7159, 5269, 5034, 9278, 8933, 4502, 315, 5190, 9743, 6569, 7089, 2543, 6820, 512, 4444, 627, 6362, 311, 2906, 5721, 4564, 5223, 7894, 3253, 8365, 8502, 4810, 2192, 730, 6258, 5734, 9712, 8350, 205, 5628, 9149, 3461, 6855, 7155, 392, 7331, 6561, 4423, 5277, 1295, 5582, 4155, 4110, 2919, 2997, 4447, 10, 6352, 1859, 6691, 6774, 4856, 499, 5664, 9228, 5967, 8652, 3597, 6521, 1752, 5900, 3185, 6982, 4741, 3979, 3959, 2515, 5392, 8760, 4965, 2368, 3632, 3550, 7417, 6292, 7879, 2671, 5887, 9342, 6560, 1363, 5102, 1572, 2880, 3242, 1610, 9534, 8403, 7158, 2027, 5798, 1635, 8917, 1740, 9997, 2107, 9445, 9588, 4569, 9230, 7193, 2584, 7873, 6384, 7375, 4186, 6357, 5890, 5248, 9601, 9606, 4186, 4937, 1440, 2265, 6852, 290, 9267, 9012, 6909, 8723, 7154, 9000, 346, 2438, 8225, 8776, 8078, 4930, 5805, 9703, 4863, 461, 2996, 5862, 1021, 5319, 5127, 2373, 5931, 6945, 7062, 7610, 4256, 6414, 8864, 8322, 7473, 4360, 2710, 6476, 9801, 9253, 1329, 6723, 3920, 6127, 4540, 1156, 8761, 7407, 7278, 496, 8182, 8177, 9642, 9984, 9372, 8879, 797, 3277, 4971, 7301, 4496, 9105, 6549, 3414, 3472, 3861, 9349, 8557, 317, 4940, 3019, 8168, 534, 701, 9685, 2864, 2693, 6202, 4491, 3756, 6396, 3328, 7820, 5944, 6705, 7969, 4726, 3484, 9553, 7706, 2908, 4557, 6532, 5803, 5778, 2524, 8135, 4995, 3406, 1152, 2037, 2474, 322, 2170, 7931, 2201, 6310, 1372, 7083, 1396, 4987, 3862, 7071, 8014, 8316, 1552, 6696, 2012, 2784, 7442, 1295, 1273, 4430, 7340, 9166, 811, 7654, 9564, 3933, 5036, 1586, 8432, 5247, 5121, 1302, 7632, 2374, 278, 4897, 8391, 3532, 6442, 7654, 7848, 2476, 5596, 6152, 3349, 4586, 7068, 6244, 6419, 9613, 1834, 3466, 3315, 5716, 1359, 1032, 6169, 2181, 1705, 7625, 6229, 2198, 1422, 8729, 9185, 5101, 8745, 7587, 7717, 9521, 3587, 9299, 8138, 5351, 7268, 3054, 9029, 1693, 8876, 8982, 6974, 6619, 6600, 5309, 6966, 4715, 8060, 1186, 1193, 4865, 5728, 6321, 7691, 310, 5863, 3702, 6939, 4543, 5967, 8791, 5555, 850, 4203, 1960, 5577, 3832, 5936, 8013, 576, 6085, 7443, 3081, 7518, 5090, 7600, 5342, 852, 8786, 7841, 2317, 4175, 3841, 1669, 9798, 3970, 8214, 2081, 1942, 2265, 1413, 4697, 5534, 5445, 7743, 1585, 8436, 3511, 671, 6011, 8523, 6740, 8833, 6522, 907, 1860, 6882, 1596, 7475, 8408, 4797, 6890, 8988, 952, 5302, 6404, 9790, 1736, 7920, 2022, 8138, 1915, 1332, 6705, 3529, 5809, 8553, 119, 7729, 7977, 6073, 5921, 3845, 2082, 5411, 5067, 1777, 9501, 6044, 9753, 4844, 1162, 3670, 9885, 9577, 1094, 2790, 5204, 7909, 2282, 6800, 7106, 8245, 2015, 1250, 5942, 8807, 3571, 1837, 6494, 3173, 8350, 8806, 6412, 3601, 4290, 6537, 9639, 9259, 7370, 8268, 2797, 3293, 9144, 3310, 4532, 4389, 2002, 5489, 7607, 3465, 7110, 9387, 8117, 2870, 3350, 273, 5320, 361, 9899, 7239, 1042, 4376, 2687, 5640, 9380, 3526, 1138, 8154, 4892, 9901, 19, 5505, 3066, 6079, 6495, 6436, 9250, 1192, 6514, 8860, 6210, 7164, 2158, 3381, 10, 556, 7496, 7600, 7103, 7413, 8919, 1355, 6876, 4155, 2683, 9030, 7970, 18, 2688, 2883, 466, 367, 6369, 9884, 3231, 4355, 3709, 4638, 6251, 1101, 1338, 9508, 5339, 9775, 479, 3447, 5028, 2407, 1890, 9559, 1462, 6328, 67, 9423, 9559, 4398, 1221, 8109, 5702, 215, 2, 4258, 9301, 8426, 5284, 8414, 3727, 767, 6878, 2744, 9205, 9992, 6049, 6605, 8243, 1162, 1269, 6679, 3611, 6671, 2655, 1983, 7433, 7014, 5011, 9548, 3088, 8974, 7343, 9758, 9303, 3708, 5598, 2701, 5076, 8249, 4570, 9299, 4950, 838, 6396, 4699, 2138, 8486, 300, 610, 9877, 9454, 3236, 5174, 4543, 4063, 2377, 5344, 2233, 5304, 8662, 7702, 240, 462, 9157, 9067, 9441, 4365, 1464, 6948, 6933, 5988, 1142, 2073, 5385, 9422, 7274, 1284, 840, 8401, 3540, 2977, 7863, 7586, 2865, 5489, 3836, 4082, 2974, 6767, 9844, 8957, 3352, 801, 4153, 825, 3944, 6426, 1431, 3380, 5424, 7828, 9760, 5572, 7870, 5848, 2989, 3685, 2248, 4839, 8909, 2920, 5628, 8220, 5018, 4663, 8660, 1216, 7250, 2543, 5491, 7732, 5088, 9718, 7723, 6465, 3211, 1361, 9648, 744, 2652, 8865, 8164, 5309, 1713, 4705, 1104, 3062, 6951, 6730, 1284, 9446, 3017, 5108, 7224, 425, 7924, 6981, 5963, 5998, 1027, 3034, 3894, 3515, 3260, 5148, 2136, 555, 4975, 3426, 9223, 2489, 8757, 2120, 9349, 3709, 1098, 389, 5920, 5894, 1631, 44, 6454, 6160, 193, 8821, 3418, 8197, 7100, 6861, 8933, 3673, 2998, 6506, 4570, 112, 4569, 371, 7270, 727, 9388, 5196, 77, 667, 8251, 7723, 3386, 4265, 6582, 8436, 2422, 4039, 96, 2526, 1587, 658, 133, 5444, 4434, 8381, 510, 2253, 8426, 8697, 7343, 2611, 7057, 7126, 4820, 5734, 7716, 9349, 5099, 8947, 8513, 6593, 1079, 7436, 442, 6113, 2251, 9095, 6741, 26, 4504, 4374, 4844, 4410, 9025, 6034, 7031, 9203, 2173, 4494, 4235, 3740, 8040, 6995, 508, 3513, 8129, 2327, 2798, 7889, 2383, 6808, 755, 971, 1781, 129, 9466, 2745, 7304, 9950, 5326, 3058, 2936, 910, 8897, 8753, 7391, 299, 3795, 4202, 6154, 6039, 128, 1303, 7218, 3756, 2151, 3978, 9052, 6751, 9721, 1317, 2983, 5788, 4269, 6529, 9387, 8977, 1490, 5252, 2854, 9415, 165, 123, 9147, 7052, 1208, 4850, 340, 8393, 5812, 5174, 9427, 3367, 4979, 9954, 294, 2658, 280, 2011, 4732, 9346, 6279, 3996, 5883, 2555, 4258, 217, 3877, 8824, 9089, 5566, 3871, 6577, 9912, 9039, 6591, 6111, 8805, 3449, 8126, 6126, 4199, 9372, 1078, 108, 3338, 8860, 6557, 4621, 1430, 7165, 2135, 6100, 3518, 6906, 3844, 7208, 3391, 8830, 2871, 3104, 4552, 2360, 7312, 2677, 2118, 4443, 8384, 677, 1940, 6535, 9478, 5358, 7259, 9254, 6481, 559, 5496, 1138, 5800, 1632, 1192, 418, 8236, 4402, 6844, 8586, 9538, 3875, 9739, 5188, 4219, 3822, 6527, 5742, 5704, 6587, 41, 1050, 2810, 9437, 344, 4435, 2976, 244, 3279, 688, 6160, 8237, 8578, 3662, 2131, 5721, 7585, 4349, 7675, 1117, 9831, 9779, 4650, 223, 5598, 8116, 6218, 4963, 4661, 7330, 9100, 5310, 3425, 3850, 3673, 9836, 3890, 5492, 2907, 7094, 8061, 1891, 6523, 2232, 4852, 8165, 9522, 1601, 733, 9480, 3475, 345, 1591, 7779, 1724, 168, 3926, 4779, 3876, 3913, 9154, 552, 8330, 5857, 4473, 8778, 8945, 2319, 6408, 247, 1821, 5318, 825, 2082, 3173, 4154, 2880, 5687, 8346, 471, 8182, 1065, 7620, 818, 3348, 875, 9876, 9671, 3556, 6075, 4805, 8268, 959, 2547, 5712, 5062, 5642, 4184, 2781, 8939, 3572, 4572, 7977, 7107, 5281, 8438, 1614, 6527, 1361, 656, 4123, 9097, 9649, 2443, 2042, 4910, 1933, 606, 4653, 6579, 4003, 7767, 5501, 2614, 1569, 1460, 7080, 768, 7042, 7321, 5703, 815, 9675, 9666, 3156, 7979, 9942, 7535, 1745, 8868, 2710, 8332, 4180, 7100, 4075, 7390, 9201, 8360, 1526, 5893, 3093, 9918, 1422, 2143, 8114, 9324, 6270, 6221, 9887, 1527, 9777, 6538, 2603, 2365, 208, 497, 7902, 6892, 4828, 3123, 4133, 183, 7311, 7017, 8171, 5346, 3648, 8714, 7901, 4875, 1134, 5663, 2898, 4051, 637, 4900, 7317, 5026, 4410, 8322, 7880, 57, 2473, 2428, 2726, 2109, 7603, 3970, 5486, 4777, 6584, 324, 1998, 4527, 1721, 3646, 753, 6995, 5085, 3301, 4771, 4295, 3762, 7815, 7555, 9889, 1717, 2987, 8278, 9586, 1711, 2798, 8117, 9310, 8356, 2386, 4301, 1824, 2040, 6331, 7995, 6368, 7858, 5776, 7985, 1687, 1485, 7732, 5480, 5778, 5420, 5408, 4292, 9014, 2057, 5811, 6540, 673, 6892, 9635, 6391, 7584, 1309, 7997, 1411, 2726, 19, 9201, 8938, 4727, 6454, 701, 7697, 9963, 7060, 8014, 8298, 7636, 9766, 4839, 6964, 4793, 5949, 5882, 3687, 7732, 9075, 4100, 2241, 5289, 6269, 155, 371, 5983, 9914, 8313, 3457, 1890, 9958, 8585, 1976, 5797, 2546, 2788, 7861, 3695, 1340, 2192, 8290, 1854, 2083, 6510, 9362, 6407, 6328, 7742, 982, 1263, 2414, 5655, 6118, 7281, 1846, 1075, 5744, 1889, 4449, 626, 8135, 8959, 5094, 4031, 2262, 4108, 4793, 9759, 1045, 5550, 8615, 6090, 9194, 2737, 4975, 6914, 2729, 4182, 4067, 6484, 5750, 531, 5063, 1401, 9796, 5160, 8010, 5637, 9158, 2892, 3106, 9480, 3639, 5935, 2256, 4717, 7143, 7705, 1574, 7395, 9633, 9244, 4699, 7376, 2456, 5406, 3629, 7359, 549, 814, 5855, 885, 4325, 8255, 3745, 3396, 125, 8419, 5303, 9126, 4205, 753, 3440, 7422, 67, 3419, 4582, 3317, 4346, 8704, 9918, 2219, 2039, 2876, 6564, 6958, 3865, 4325, 132, 2890, 69, 7659, 6038, 3019, 6899, 1929, 1609, 9310, 4496, 6225, 9716, 3412, 5399, 3674, 7919, 207, 8487, 4285, 4604, 6959, 7360, 4632, 5581, 7610, 8746, 1994, 3797, 2635, 9499, 9760, 3601, 8749, 7149, 6466, 3654, 6078, 8790, 8458, 4010, 8165, 3287, 9678, 6844, 28, 1958, 3195, 754, 3612, 5821, 8010, 461, 6316, 9145, 5331, 1113, 4951, 7248, 836, 221, 6958, 334, 1030, 3845, 5162, 5302, 7351, 222, 9620, 2475, 4354, 4386, 4741, 1304, 9754, 6807, 8143, 2342, 804, 4548, 1233, 5162, 6474, 5582, 9068, 8590, 5164, 5578, 1900, 9255, 8619, 6781, 4982, 3468, 4620, 4157, 7017, 6221, 8113, 501, 9137, 8662, 7420, 6580, 8974, 8786, 9460, 1503, 5118, 8472, 9200, 7106, 5375, 6934, 1831, 9236, 1723, 8089, 3301, 9498, 8462, 7384, 4095, 9704, 7524, 9523, 4862, 5312, 5521, 2231, 4313, 696, 4800, 9566, 3408, 3086, 8876, 8517, 6850, 2480, 6587, 2281, 5968, 5088, 6622, 3416, 2163, 9827, 8545, 7029, 5117, 7241, 1501, 4999, 9369, 2651, 9526, 2072, 8483, 8308, 7138, 2228, 1131, 820, 937, 4755, 9647, 1290, 3801, 5714, 2864, 7975, 2517, 2726, 9299, 2812, 1659, 9930, 4782, 3973, 6068, 1267, 9881, 5141, 3053, 557, 8327, 9208, 791, 8164, 4114, 1695, 7715, 606, 488, 1034, 1413, 7318, 5416, 1042, 8851, 5119, 7817, 4209, 407, 3784, 5938, 9675, 3755, 7089, 9742, 5734, 7004, 5665, 1063, 8373, 7368, 5027, 1457, 3612, 8154, 5327, 7796, 9966, 3019, 8832, 2970, 9437, 2783, 1706, 2898, 6901, 7417, 2098, 2414, 6407, 3755, 3930, 183, 9170, 6107, 2717, 9861, 4734, 3197, 6756, 8618, 9583, 5638, 1851, 9321, 9675, 9261, 7947, 2644, 6576, 3307, 348, 7849, 7607, 8895, 7475, 1426, 4119, 7334, 5059, 8507, 4413, 5532, 6163, 2433, 5909, 2832, 8428, 1043, 6739, 9874, 2760, 9485, 6443, 9243, 9722, 8118, 404, 850, 3865, 5392, 7186, 4482, 1834, 9028, 1009, 837, 6415, 6126, 3760, 7588, 8367, 4642, 3251, 1463, 1368, 8476, 6472, 196, 3711, 5786, 3941, 7754, 9385, 9919, 9847, 5790, 6749, 1267, 3665, 4575, 5743, 4910, 1231, 4462, 9172, 3772, 1118, 5760, 713, 7555, 6103, 795, 5807, 8862, 1247, 9162, 6983, 6926, 683, 5144, 7445, 6568, 7721, 4020, 3184, 4881, 4702, 4739, 7737, 2114, 1141, 3311, 6973, 3751, 2882, 8416, 9521, 3913, 491, 7157, 7155, 5990, 1903, 5009, 7215, 157, 1423, 3775, 8156, 1252, 5622, 4894, 8963, 3376, 2891, 4073, 7046, 7637, 861, 7389, 8727, 5610, 705, 6118, 2894, 9380, 7318, 5572, 9385, 8021, 1850, 3046, 7307, 1001, 7665, 8079, 5386, 9094, 4226, 2628, 7296, 7656, 6663, 2536, 9021, 5719, 401, 1152, 9615, 6140, 8433, 9385, 1539, 8937, 4344, 3543, 8489, 6272, 4519, 2976, 2153, 2887, 5854, 4417, 7553, 5534, 9740, 9569, 5753, 1799, 8088, 6346, 9589, 3810, 5324, 5127, 548, 6076, 8853, 2664, 3829, 2636, 2873, 7251, 9421, 6244, 2861, 4840, 2502, 8684, 6960, 6862, 901, 8619, 1235, 5354, 2899, 5333, 3631, 8782, 3339, 9272, 6786, 5502, 3054, 1582, 4588, 2576, 9826, 9824, 2693, 3653, 5044, 5350, 5258, 8142, 5714, 2919, 908, 8531, 8743, 8738, 674, 3772, 4137, 7459, 7860, 8972, 8314, 8757, 3910, 2998, 6481, 316, 1778, 7332, 2713, 3356, 3984, 1132, 9553, 1888, 9716, 7229, 8640, 2909, 6805, 7027, 2664, 9691, 632, 5227, 3935, 2997, 3572, 5553, 2620, 1026, 465, 7463, 6312, 8300, 9108, 9821, 5250, 2422, 76, 6372, 3935, 8092, 9472, 5771, 6694, 342, 3399, 9047, 6650, 9877, 9837, 9653, 2261, 8664, 9731, 6855, 3972, 2545, 8800, 8203, 8252, 2356, 8974, 8045, 5156, 3192, 6447, 8090, 5522, 8407, 4295, 8434, 5962, 7043, 5964, 4322, 5356, 1840, 8163, 4945, 5422, 3180, 4911, 6784, 5943, 3632, 7031, 7322, 6067, 1545, 2996, 9112, 4640, 8560, 2017, 164, 4436, 6088, 6537, 7367, 3450, 8394, 8930, 3767, 9316, 6962, 8293, 2400, 2111, 1382, 8030, 2024, 2633, 2313, 8942, 7597, 7431, 5017, 5103, 4313, 1975, 7831, 4788, 4113, 5888, 962, 7003, 4530, 8424, 6183, 1269, 6253, 3151, 2487, 2040, 1242, 9754, 7994, 101, 4152, 8066, 5219, 7748, 7478, 5878, 9895, 9795, 3266, 4086, 9180, 1304, 2800, 2387, 8647, 7719, 2599, 7364, 7788, 3153, 21, 4450, 4525, 9847, 338, 7591, 4436, 2526, 6604, 8841, 1975, 1596, 604, 4385, 8632, 4974, 9696, 7983, 2992, 9341, 5036, 8858, 4585, 5024, 8132, 2699, 3407, 2890, 8345, 7648, 4119, 6604, 573, 9238, 5803, 3131, 252, 9517, 2195, 3249, 9643, 3842, 103, 9283, 291, 6963, 421, 2321, 3887, 9227, 4281, 1661, 1337, 7317, 6580, 6209, 8427, 4358, 1000, 2459, 5307, 5446, 5904, 1607, 8968, 2336, 3635, 2267, 5887, 871, 8015, 20, 2654, 5933, 877, 2556, 1581, 6309, 6613, 5633, 3918, 7104, 8180, 3896, 6900, 9657, 9989, 6334, 2445, 9643, 1497, 396, 6430, 3899, 3167, 2456, 1851, 47, 4668, 7494, 4053, 727, 2530, 419, 8753, 9284, 7730, 8366, 6078, 7833, 3183, 8370, 6636, 4110, 6858, 108, 9332, 7346, 2379, 7903, 9254, 2232, 5605, 5261, 5912, 7403, 1740, 8642, 6290, 7456, 1809, 6734, 9466, 827, 801, 1245, 795, 6250, 8993, 3866, 1861, 736, 9519, 1692, 9512, 5189, 6507, 540, 7889, 2197, 4847, 6267, 521, 2548, 1823, 5867, 1950, 3981, 7847, 4833, 8941, 9803, 12, 5581, 3059, 2635, 1269, 6522, 6838, 3295, 7915, 2615, 7579, 4081, 5240, 4540, 2179, 4971, 4794, 9364, 4067, 6559, 9029, 3078, 1612, 2141, 2318, 5611, 6512, 5170, 6758, 8932, 3017, 7828, 8692, 5327, 3483, 3924, 1291, 9028, 5426, 1031, 9648, 2744, 3923, 7992, 5691, 9448, 4782, 9326, 4782, 7967, 711, 5902, 9757, 8285, 493, 3266, 6338, 7612, 3122, 5367, 7902, 2431, 137, 3123, 5187, 4679, 6183, 1863, 6778, 1127, 4373, 447, 5137, 8803, 20, 8694, 7891, 517, 2240, 9046, 1231, 6866, 168, 9465, 8656, 4389, 6087, 1279, 6196, 1103, 4439, 4223, 1671, 273, 9787, 4850, 6920, 9656, 4786, 2097, 4534, 6695, 6897, 965, 6249, 5619, 3775, 2135, 9049, 4974, 740, 5248, 2751, 1281, 3824, 4972, 7225, 720, 3582, 6320, 9479, 4829, 2180, 2321, 1126, 3713, 5391, 8834, 5689, 2017, 9957, 1912, 6865, 698, 6502, 9635, 4821, 8536, 402, 6844, 3166, 2486, 5753, 3539, 8234, 7881, 5746, 5134, 9596, 7437, 709, 3824, 1975, 7176, 6785, 4329, 9244, 2262, 8050, 4845, 8997, 6292, 732, 4966, 6578, 2616, 9275, 7478, 8193, 9237, 9479, 7850, 8136, 6467, 8448, 6882, 853, 3182, 4579, 5205, 1810, 3687, 2076, 3728, 1346, 8044, 1912, 2225, 4760, 7661, 3482, 5216, 5680, 283, 1992, 8, 8923, 5138, 6651, 8793, 1434, 8913, 3208, 9085, 1676, 1449, 4841, 5196, 4335, 6911, 1669, 366, 4157, 1177, 4683, 6260, 8275, 2514, 7739, 8233, 4783, 163, 7479, 4568, 9371, 8263, 7560, 7360, 5428, 5416, 8015, 4606, 7912, 7208, 3056, 1386, 9714, 8953, 9006, 4935, 4526, 8491, 4654, 1107, 5017, 4073, 235, 1460, 5769, 4577, 9688, 9405, 1452, 6528, 2391, 7168, 9783, 3985, 4813, 1532, 7447, 4515, 4945, 2899, 2206, 2430, 3778, 1150, 3285, 2488, 3413, 8078, 1322, 7658, 859, 2343, 5001, 3042, 1852, 4257, 5883, 5166, 4699, 704, 8113, 1746, 5919, 1793, 4805, 4479, 5051, 5892, 3271, 3795, 1518, 1109, 7558, 5125, 5055, 7617, 7648, 3289, 6536, 9463, 3095, 5274, 5420, 431, 1349, 7302, 3968, 1266, 6112, 9825, 7164, 5344, 3144, 2309, 3210, 1653, 8720, 6830, 4097, 9946, 959, 4804, 1687, 2648, 4155, 5996, 7286, 85, 8969, 7136, 1181, 4538, 8599, 8496, 9511, 3438, 6289, 9057, 3557, 1775, 7280, 6916, 227, 9807, 5547, 3769, 8537, 2386, 2871, 5132, 7884, 288, 4452, 8178, 4772, 8324, 4402, 1433, 8510, 3004, 5381, 4065, 9608, 2783, 4303, 3955, 3087, 6683, 9176, 680, 132, 5383, 5881, 7050, 3964, 2260, 2023, 9502, 7423, 2493, 5178, 7498, 2311, 8511, 5000, 3027, 2849, 5849, 2937, 1352, 2530, 3155, 2815, 2736, 7061, 3479, 1611, 3096, 7564, 2937, 9906, 4196, 3616, 5923, 5501, 2346, 4339, 137, 7893, 1795, 4636, 7441, 9696, 8201, 7250, 6130, 3685, 7818, 6319, 2799, 5000, 2590, 4489, 4555, 3244, 3152, 6303, 9491, 6199, 4142, 3714, 2847, 3637, 3535, 1056, 8195, 4710, 3839, 9464, 7332, 7991, 4020, 7254, 1186, 1451, 993, 2624, 7972, 8159, 2636, 5244, 962, 4054, 361, 3814, 6109, 8528, 7640, 6042, 4501, 8980, 2957, 7167, 8159, 6819, 7231, 4021, 3590, 7613, 2287, 342, 351, 5310, 8653, 8867, 24, 3163, 9800, 4428, 8446, 3379, 4395, 1580, 5697, 348, 2797, 2135, 8684, 3037, 889, 883, 1859, 6693, 7547, 3730, 4604, 7169, 2531, 7689, 7224, 4818, 5395, 9739, 7338, 9038, 1601, 9752, 9979, 3227, 6586, 6857, 2464, 4939, 1704, 4279, 8065, 2310, 4542, 292, 310, 1752, 4717, 8855, 8369, 4425, 7824, 6407, 9842, 6694, 1539, 8575, 5615, 5774, 6167, 7695, 4700, 8491, 2370, 7162, 8424, 3167, 7011, 3674, 1804, 5059, 1714, 9809, 7107, 39, 1966, 4353, 2265, 4133, 1484, 6251, 8507, 4412, 8486, 489, 1150, 7358, 6797, 8005, 2709, 3611, 7208, 7710, 819, 5508, 2068, 1900, 2015, 9354, 3293, 7050, 3176, 1632, 6053, 9821, 8853, 7238, 6528, 1026, 6607, 9715, 7789, 3712, 5315, 5547, 1168, 4785, 2613, 8556, 2489, 7534, 6904, 1888, 5209, 3867, 1598, 7970, 6907, 7006, 4704, 9779, 4629, 8728, 2114, 4120, 5436, 4064, 8733, 934, 4174, 2087, 7469, 5133, 4701, 3898, 4183, 4320, 2037, 7660, 3661, 5342, 7424, 1044, 5428, 373, 6625, 1596, 2206, 5181, 878, 3763, 813, 6682, 3836, 4545, 6498, 6644, 3280, 5619, 2418, 6583, 5105, 9070, 5749, 5627, 4112, 6926, 6168, 5293, 5029, 4823, 2563, 8334, 8929, 8499, 4281, 7939, 3454, 9557, 5000, 8586, 369, 354, 9214, 5867, 8264, 7746, 7070, 3040, 5381, 4924, 8932, 9165, 8939, 9866, 7633, 6515, 4867, 8955, 460, 6984, 5063, 7784, 6873, 6649, 7587, 99, 5359, 9700, 3065, 2314, 8381, 5603, 1584, 139, 6228, 5425, 8553, 83, 7696, 4298, 4824, 3360, 5283, 9735, 6384, 2710, 7093, 1671, 3127, 7755, 3651, 1656, 9519, 9284, 8527, 8204, 2242, 7354, 5421, 2109, 6180, 7328, 4310, 9438, 1414, 1885, 1600, 5274, 6072, 4207, 1930, 9083, 1159, 9442, 8936, 7854, 4104, 2545, 5818, 8961, 2825, 6706, 695, 9902, 6828, 9367, 9429, 2961, 7412, 9985, 2719, 3982, 2544, 7691, 4093, 7285, 7536, 7820, 583, 9427, 5792, 8584, 4284, 267, 4775, 2195, 1137, 7636, 81, 4100, 615, 6234, 4344, 4160, 4440, 4042, 5718, 6442, 5957, 2843, 4244, 7945, 6975, 6810, 7044, 3239, 4716, 5562, 4663, 9255, 3536, 5669, 2119, 5583, 1941, 8266, 8230, 9698, 2025, 3921, 1955, 3383, 1248, 1948, 6825, 377, 1604, 3333, 1669, 9169, 2387, 9317, 3756, 129, 6865, 6168, 221, 6799, 1638, 8753, 5374, 1237, 7409, 1389, 2840, 2946, 8887, 9573, 8358, 1273, 1106, 5980, 5951, 9148, 6400, 3562, 8651, 3402, 9202, 8107, 8156, 6022, 9047, 8604, 1888, 2462, 5156, 5487, 7609, 3031, 7599, 1101, 9490, 6637, 6866, 8902, 9887, 8182, 9810, 681, 4740, 2153, 2508, 467, 8983, 3661, 5960, 1818, 4861, 9366, 4200, 5356, 5316, 2580, 6054, 9926, 3015, 7087, 2566, 5433, 260, 5570, 9790, 334, 6086, 2806, 7165, 5243, 6231, 1988, 2056, 1251, 5958, 7230, 9660, 2262, 5427, 3342, 224, 7838, 2862, 9492, 4920, 9928, 21, 9904, 2414, 3040, 3002, 5183, 3957, 7487, 3169, 1731, 2507, 5460, 3550, 4570, 5653, 1770, 6020, 6276, 1804, 5998, 1492, 1070, 3217, 1217, 9710, 7178, 8107, 4126, 8553, 6776, 6055, 3780, 4377, 9163, 509, 3016, 1761, 9587, 2557, 3819, 5586, 8577, 997, 6785, 6856, 9930, 6628, 4437, 7260, 4829, 5095, 2272, 4897, 6439, 6674, 187, 5882, 7320, 5875, 1978, 8507, 5466, 9840, 37, 4696, 4775, 9359, 8638, 7372, 1640, 2775, 7199, 3244, 9252, 9329, 9999, 7642, 6039, 1947, 9149, 6877, 5137, 6378, 6310, 2488, 3796, 3930, 4163, 765, 359, 1088, 593, 4005, 7014, 4696, 9005, 2466, 8117, 2391, 3345, 3500, 6469, 9990, 9265, 1380, 9537, 645, 9914, 2072, 814, 6295, 1531, 5184, 5043, 9134, 1428, 5355, 1931, 5381, 2711, 1791, 7924, 6292, 381, 4233, 4373, 4162, 1886, 6289, 5279, 1177, 9293, 514, 1706, 2540, 6653, 8567, 6506, 2270, 1187, 4863, 466, 4329, 8437, 8146, 6980, 7344, 2073, 4915, 4290, 4298, 5281, 9835, 2386, 1520, 2169, 9337, 8687, 8304, 5809, 5887, 7056, 2710, 3, 9466, 1122, 3448, 3354, 4705, 9845, 9941, 6993, 4580, 4054, 1838, 9700, 6353, 1303, 8794, 5250, 6458, 1455, 3062, 1494, 3206, 1333, 5199, 6060, 5037, 6900, 9177, 1541, 2044, 2663, 601, 3743, 4065, 8939, 2352, 5621, 8981, 9039, 9768, 2715, 521, 8406, 2136, 2021, 1742, 2236, 6141, 4617, 5399, 1555, 4872, 7546, 9436, 8408, 9275, 6863, 686, 1529, 3754, 2544, 3608, 348, 5860, 4163, 9411, 6490, 5428, 2146, 4925, 8357, 8933, 1167, 836, 7833, 2032, 7882, 6481, 5737, 1502, 8030, 9244, 447, 5887, 9166, 9612, 6496, 6859, 2019, 888, 1960, 9834, 6132, 2231, 764, 4014, 8570, 3573, 5038, 6196, 3525, 5837, 5444, 3028, 5036, 6670, 7075, 606, 4013, 5875, 8132, 9953, 3399, 8252, 6130, 3143, 9195, 8233, 9198, 9087, 3233, 128, 6543, 4145, 7507, 5806, 7069, 1378, 5925, 7499, 5060, 5309, 2711, 3755, 6171, 2830, 2878, 5297, 2326, 1125, 9159, 910, 8341, 899, 9084, 1456, 7744, 4548, 7613, 9746, 5806, 4870, 2800, 8015, 5947, 5913, 1339, 2815, 9645, 543, 2912, 774, 4795, 6602, 3640, 6952, 5141, 3321, 5877, 8540, 2875, 5866, 9640, 2120, 4921, 5289, 5602, 9616, 618, 9281, 8307, 7204, 8613, 1956, 1064, 313, 1278, 6529, 6136, 2825, 1298, 8613, 2625, 5332, 5173, 5487, 5003, 3745, 4290, 7426, 41, 8229, 8676, 2706, 8566, 6085, 9585, 198, 4444, 5083, 7109, 2298, 2596, 3075, 1507, 580, 6942, 475, 3329, 3828, 7335, 6796, 7750, 8767, 6328, 6023, 9085, 5245, 2849, 7137, 3296, 196, 7795, 3913, 3323, 5881, 7665, 7403, 5121, 9186, 6390, 3837, 8919, 7258, 1332, 4023, 8027, 6051, 9066, 300, 425, 6934, 484, 6376, 3754, 1775, 2620, 4613, 4671, 5304, 674, 6689, 7497, 7266, 4745, 8035, 4463, 592, 3074, 2406, 2772, 6098, 5204, 5166, 9463, 8182, 1060, 386, 833, 3766, 5746, 5951, 1943, 1199, 7096, 9426, 6588, 8191, 3308, 6540, 6834, 4358, 6083, 7889, 142, 4823, 4173, 3481, 8630, 4310, 5120, 4742, 5636, 2465, 1361, 8851, 2339, 2514, 4321, 4558, 7386, 3089, 6488, 2352, 8989, 9516, 774, 7280, 6272, 4835, 5115, 4221, 8503, 5768, 6643, 570, 9349, 6968, 2120, 7764, 6725, 7035, 8643, 5297, 809, 7801, 2771, 4159, 3886, 1596, 8990, 628, 9779, 7910, 5457, 4151, 8003, 2973, 8043, 9451, 4141, 9696, 7420, 5586, 9881, 5121, 5013, 9216, 4333, 1431, 2758, 4402, 1931, 9602, 6729, 6766, 6025, 4883, 2180, 2161, 3389, 8290, 7791, 1724, 1317, 4366, 3476, 9987, 8401, 3982, 2867, 8553, 4690, 5066, 628, 7645, 3555, 4276, 9572, 2295, 291, 4041, 2876, 9711, 6333, 9302, 7178, 6417, 6126, 593, 1308, 7394, 7499, 2763, 3075, 7957, 3876, 6329, 4370, 9345, 2565, 3520, 7502, 9281, 5594, 427, 867, 8223, 5616, 126, 6049, 7560, 4931, 391, 1776, 2533, 9300, 5908, 6088, 2210, 1115, 3058, 676, 1265, 582, 968, 9319, 4189, 8227, 9953, 1898, 4627, 415, 7535, 9943, 8397, 5415, 3710, 6093, 3686, 2979, 410, 7321, 4655, 8318, 8419, 8588, 3890, 8712, 8466, 5952, 3673, 5336, 768, 1864, 3922, 2417, 4783, 7100, 9534, 4313, 7040, 1922, 3530, 1566, 627, 1380, 3847, 1701, 4433, 9396, 5700, 2366, 3524, 957, 7297, 2710, 8682, 7156, 8175, 6788, 9533, 2725, 455, 9101, 1242, 6414, 9199, 326, 323, 3905, 2038, 2758, 6217, 2287, 4304, 6234, 4871, 9199, 6394, 7344, 2192, 8754, 2016, 4729, 1067, 4289, 8670, 9039, 8567, 498, 2376, 6176, 4718, 7398, 2347, 6806, 6929, 2351, 506, 5845, 5829, 1217, 1408, 7545, 8996, 5088, 4348, 5430, 7385, 4722, 1774, 4008, 7758, 9777, 8636, 8718, 2077, 5147, 5763, 721, 6619, 1101, 4397, 7617, 9531, 6464, 4146, 132, 8312, 6469, 6317, 1056, 5501, 2983, 5404, 3832, 5130, 6887, 6245, 979, 7016, 1544, 1278, 341, 2182, 8000, 6557, 189, 7250, 5732, 8664, 2447, 9190, 8049, 2357, 2093, 5772, 7605, 4110, 5867, 3040, 4627, 6503, 7707, 290, 7391, 3040, 8772, 9256, 1829, 7217, 9833, 7529, 7863, 5558, 4281, 350, 8725, 6576, 2289, 1170, 2078, 6934, 1138, 9528, 9808, 3446, 2920, 3786, 6325, 4627, 1999, 3682, 9065, 6391, 4263, 7755, 7354, 8683, 7859, 6760, 9712, 5654, 3788, 7568, 5125, 499, 8786, 6146, 5535, 4780, 9943, 1297, 182, 4704, 1053, 4364, 8100, 9571, 4461, 1589, 9564, 4803, 4945, 6101, 6988, 7439, 657, 736, 4228, 8391, 5662, 6959, 3992, 3648, 5061, 1205, 2048, 8158, 6388, 6866, 1525, 1941, 288, 7736, 2182, 9531, 9774, 2909, 6621, 7224, 1148, 670, 3371, 3870, 7564, 2110, 297, 3518, 5422, 5282, 7173, 7123, 1437, 2001, 9203, 5245, 3863, 2253, 4992, 4816, 4080, 9528, 51, 4873, 7369, 4452, 7280, 2730, 3742, 8641, 6460, 7541, 8709, 2576, 6416, 4559, 7613, 6009, 5027, 1987, 1471, 3253, 6736, 9562, 3377, 1949, 6498, 5833, 902, 7423, 8867, 5302, 1082, 7399, 6195, 1403, 1022, 4726, 4094, 6133, 2551, 6683, 421, 7387, 5248, 8719, 6449, 2349, 6712, 1888, 7798, 3547, 9700, 4708, 7918, 8173, 1784, 9186, 1666, 4353, 8597, 4533, 315, 7871, 6319, 4345, 7479, 4846, 4178, 8179, 8429, 4420, 7541, 6298, 2679, 7595, 8698, 3021, 3393, 3800, 2246, 805, 4232, 5528, 3356, 4650, 6011, 2678, 4008, 3217, 410, 4895, 6710, 7287, 9690, 37, 5337, 2360, 1697, 5382, 9196, 6204, 4215, 2646, 916, 2059, 2045, 1995, 2076, 1610, 1029, 5615, 4827, 5289, 1811, 7674, 9511, 419, 7248, 5823, 347, 3989, 9029, 6530, 1758, 3331, 3367, 5411, 4426, 569, 6827, 2259, 7926, 9515, 3627, 3734, 2371, 8298, 9543, 9911, 3515, 4909, 7168, 7157, 7852, 2044, 79, 4396, 2102, 341, 1334, 166, 5316, 6136, 3501, 5615, 1461, 9585, 4259, 4939, 2793, 6605, 3105, 943, 7201, 306, 6161, 542, 5933, 9779, 792, 7055, 8393, 5587, 3575, 9679, 4896, 7188, 3748, 5514, 8610, 7509, 1510, 3285, 881, 8147, 5091, 9132, 6002, 5064, 3783, 5221, 5587, 9489, 4669, 2641, 2573, 7290, 3478, 6823, 7496, 7994, 5938, 111, 2014, 1451, 2092, 4804, 863, 7766, 4426, 3956, 5332, 3670, 5476, 8798, 5957, 888, 469, 1300, 5631, 3115, 699, 7490, 5314, 2222, 2429, 4052, 7849, 9682, 5627, 4955, 1911, 4279, 4260, 1561, 6652, 6915, 4610, 1130, 1135, 1438, 9975, 6730, 9432, 6937, 4622, 5940, 2432, 8968, 6798, 8104, 581, 3416, 3102, 752, 1220, 172, 1874, 7722, 342, 6456, 4735, 4327, 6562, 4505, 8574, 8843, 9108, 446, 4096, 8434, 8811, 5092, 1406, 4065, 1463, 1683, 2057, 1403, 3887, 7987, 7723, 1481, 4104, 900, 6507, 9937, 5253, 2330, 3591, 8080, 7438, 4515, 8785, 2415, 7095, 604, 7043, 7892, 2519, 8943, 7951, 4579, 4534, 1614, 2044, 9069, 6807, 2321, 9952, 926, 5782, 4371, 6329, 1928, 7801, 6245, 2078, 3996, 7124, 9356, 4051, 5257, 6406, 8144, 4197, 8120, 2217, 6039, 3724, 263, 9462, 7334, 7629, 8014, 4262, 3429, 7376, 4280, 2006, 6993, 1524, 5317, 21, 7042, 2137, 494, 3615, 584, 6166, 2286, 1436, 7658, 3487, 474, 3442, 5245, 1145, 8910, 4792, 8277, 7875, 6831, 7937, 7055, 6963, 9911, 8917, 643, 6693, 6231, 172, 3751, 3278, 8765, 4667, 9628, 7388, 6211, 669, 277, 593, 44, 5169, 5807, 3497, 296, 8179, 6326, 2774, 9893, 5054, 6910, 8721, 6379, 7946, 8668, 7242, 3297, 5495, 8455, 6096, 896, 6648, 9075, 6820, 6049, 11, 3302, 266, 8774, 8658, 4930, 8750, 8517, 9260, 6506, 8277, 477, 8567, 218, 0, 3321, 3318, 851, 6465, 9225, 234, 6550, 2194, 8781, 5952, 3174, 6953, 4504, 6163, 8603, 726, 5684, 2770, 7507, 3257, 8179, 2419, 6873, 144, 305, 624, 492, 6489, 5095, 5025, 6462, 5617, 6851, 7740, 4009, 688, 1059, 7621, 5053, 129, 2972, 2490, 2077, 6365, 5677, 8851, 2887, 4237, 2622, 7188, 5919, 110, 4949, 6163, 7535, 516, 3659, 3371, 487, 8699, 3368, 9298, 2548, 4742, 3738, 1681, 2276, 8654, 3137, 6199, 4995, 807, 3482, 223, 6028, 7699, 7452, 8007, 4309, 5136, 3579, 7005, 7191, 8795, 8004, 6254, 3638, 6579, 9965, 8140, 2967, 6524, 3617, 3948, 8510, 9549, 6414, 8660, 8717, 1434, 3313, 3120, 7434, 8888, 4194, 762, 8347, 3179, 8889, 3332, 1770, 735, 669, 1973, 7370, 215, 3440, 437, 2369, 4771, 8801, 4310, 8873, 8656, 7277, 7410, 4821, 4265, 3040, 1490, 1738, 7971, 171, 6208, 5322, 5055, 7496, 614, 6030, 8269, 3931, 6350, 9638, 7146, 2624, 1257, 2291, 7121, 7209, 9469, 9837, 5421, 9624, 4942, 2426, 106, 4370, 5824, 7806, 9872, 5167, 8173, 4625, 74, 5012, 5973, 9840, 8586, 6041, 1864, 7702, 8866, 1446, 3222, 571, 994, 3798, 7200, 504, 9260, 3515, 5447, 7095, 5106, 5855, 9511, 2380, 4799, 3267, 7979, 6270, 919, 924, 7414, 4480, 8264, 110, 9770, 6688, 844, 7209, 9458, 2467, 931, 7153, 2604, 2474, 5570, 1983, 5870, 1756, 2743, 3332, 8317, 4581, 6899, 8744, 2548, 9868, 5638, 8025, 1350, 4030, 5224, 40, 3967, 7654, 5604, 2144, 7564, 3340, 5942, 7069, 5465, 8624, 2794, 8047, 499, 9020, 5708, 4804, 3532, 2312, 1761, 1249, 6416, 4936, 4045, 1423, 2897, 8452, 8251, 3643, 994, 4105, 7439, 382, 8147, 5587, 1787, 1361, 6980, 3049, 4339, 276, 4039, 7403, 1498, 4848, 7452, 8657, 60, 1505, 3601, 70, 4143, 3878, 9068, 7716, 2400, 2144, 6539, 4330, 1298, 4743, 4893, 9875, 6060, 5594, 3530, 1235, 963, 791, 7747, 7332, 1851, 9468, 1157, 9609, 2874, 7188, 2633, 6119, 7656, 6360, 3453, 3113, 4649, 9580, 6545, 2361, 1707, 2469, 6731, 4773, 2010, 8335, 9924, 2349, 9540, 4677, 3313, 6908, 7914, 1629, 7019, 7457, 4322, 7104, 6413, 507, 6829, 4660, 1409, 3383, 7889, 9192, 856, 5620, 5711, 5593, 1772, 6042, 2980, 6053, 9938, 6063, 6812, 5949, 8190, 8260, 7311, 9944, 6818, 2653, 5987, 4651, 5711, 9621, 340, 8522, 1376, 1472, 2334, 8030, 981, 4003, 8647, 1919, 8365, 3781, 4038, 1273, 2958, 4886, 4617, 5876, 8737, 1922, 6862, 5938, 628, 8771, 1677, 7335, 1276, 4511, 9142, 6216, 1813, 6466, 4377, 8184, 347, 8558, 7690, 486, 4897, 9362, 5046, 6769, 2835, 4132, 8412, 3640, 2650, 6753, 1854, 4801, 2594, 6272, 386, 1436, 6846, 5842, 4234, 7264, 9724, 2868, 4354, 4072, 7365, 9722, 8298, 1644, 3722, 2941, 4980, 8778, 9517, 4653, 4678, 1841, 3918, 6563, 7593, 2826, 9778, 8792, 8182, 4599, 1885, 8475, 5782, 3275, 555, 8421, 4135, 4889, 7182, 4321, 9397, 9025, 4393, 1492, 7125, 1062, 6353, 9102, 9435, 2157, 6985, 3615, 9123, 302, 5609, 3364, 6126, 1886, 5043, 5930, 5577, 249, 5493, 6255, 2222, 6509, 8580, 924, 3175, 6936, 2428, 8297, 2941, 7086, 207, 4044, 6592, 4789, 1468, 9222, 3809, 7799, 620, 5675, 1409, 7649, 8459, 6974, 3215, 3707, 234, 6616, 9241, 6015, 1503, 7233, 1362, 1921, 9235, 5861, 7698, 7308, 9430, 3538, 5188, 6228, 3914, 1316, 215, 1147, 9421, 629, 2825, 1332, 866, 1936, 7480, 7879, 8745, 2822, 9522, 7114, 939, 7489, 7542, 801, 4061, 6823, 6217, 6516, 5851, 467, 9156, 7997, 688, 137, 5446, 3397, 6205, 9492, 7644, 5818, 5469, 9028, 2611, 2913, 8722, 5633, 7640, 7650, 5300, 7298, 8241, 770, 7911, 4256, 6245, 4426, 5998, 6838, 5370, 9370, 8775, 9626, 9832, 1823, 5681, 3064, 4420, 9248, 4325, 4224, 1364, 8512, 8729, 4927, 4307, 2352, 4978, 6266, 2711, 257, 533, 7745, 3392, 7971, 878, 6931, 5596, 6553, 1557, 4906, 6865, 7500, 5799, 3160, 797, 4404, 6, 3531, 4295, 9165, 4949, 6732, 9335, 7937, 168, 5136, 7018, 9754, 4730, 7848, 4602, 4886, 1500, 1353, 4711, 394, 1298, 6656, 7167, 71, 8853, 6200, 5709, 1235, 2700, 2132, 6361, 9161, 8255, 8846, 6390, 4906, 7587, 5092, 664, 3715, 6184, 3698, 6554, 4947, 4231, 6728, 5108, 3346, 2665, 5727, 1721, 9484, 1302]
List Size: 5000
Insertion Sort Time: 1452.072800 milliseconds
Merge Sort Time: 31.492600 milliseconds
Built-in Sort Time: 1.407300 milliseconds

Original List: [2430, 8472, 9259, 3569, 7506, 7068, 680, 5800, 3416, 3609, 979, 2626, 8956, 3068, 6226, 1091, 2669, 787, 2069, 5426, 8164, 1169, 2542, 8461, 3010, 359, 4039, 9204, 1578, 9416, 1866, 903, 2548, 8567, 2309, 1925, 1481, 8699, 1332, 3144, 1439, 5614, 7427, 4871, 582, 7284, 9881, 56, 4691, 2521, 5173, 8452, 4845, 6301, 8463, 2249, 2985, 298, 8272, 734, 1923, 6951, 6808, 4007, 6662, 8850, 2026, 3803, 7660, 5806, 7306, 9019, 2883, 3870, 9431, 3381, 5706, 9040, 9931, 8286, 4835, 8565, 5291, 3646, 7557, 2541, 1266, 2705, 9993, 4281, 2327, 6222, 7717, 9006, 4698, 8402, 2365, 4922, 4020, 5876, 9849, 1204, 7195, 8158, 2578, 569, 5383, 8997, 6034, 536, 5324, 1936, 3660, 6180, 9958, 2619, 4072, 970, 4727, 80, 3619, 3053, 1351, 8661, 9130, 9122, 3360, 9621, 5032, 7213, 3734, 4986, 9821, 1976, 349, 5014, 841, 1036, 40, 8482, 4148, 735, 7196, 1885, 4685, 4185, 9912, 7913, 6473, 1901, 723, 7296, 3488, 4248, 5743, 7844, 594, 9176, 9065, 8892, 9104, 1444, 2849, 3710, 9292, 290, 7734, 6524, 5675, 2660, 827, 6631, 3970, 3053, 3584, 2344, 7209, 1730, 4991, 3129, 1576, 7350, 917, 4275, 1059, 2071, 4876, 9198, 2592, 2023, 163, 3511, 6569, 1125, 4079, 6192, 4642, 1649, 4633, 7407, 2745, 2055, 8817, 2374, 8085, 9653, 4856, 8776, 1533, 6008, 1014, 6891, 44, 7821, 3521, 4264, 202, 146, 4114, 2053, 2460, 2242, 4437, 2361, 1430, 7706, 4542, 7858, 1506, 5205, 2480, 7268, 7935, 8425, 7441, 4497, 7696, 7497, 4633, 5488, 7956, 6693, 7085, 8880, 6292, 7719, 7313, 8123, 7796, 1377, 2911, 3957, 9951, 8156, 3695, 3050, 4863, 2444, 9821, 7850, 4408, 753, 6407, 8555, 3759, 4009, 9059, 9284, 2864, 9083, 9368, 6603, 3361, 961, 6192, 771, 2370, 2945, 3111, 4235, 2011, 2119, 8152, 2905, 47, 8333, 8462, 1945, 1248, 7678, 5520, 6570, 2602, 1937, 2289, 6429, 1266, 4469, 9504, 2403, 1768, 6056, 2628, 8969, 469, 6688, 3480, 327, 5012, 5623, 6974, 8810, 3473, 4162, 9935, 6045, 7566, 7998, 157, 5719, 4897, 1010, 3900, 9125, 5905, 2782, 888, 1302, 4309, 2089, 3382, 1783, 3783, 167, 8842, 9430, 3428, 1552, 4369, 1271, 636, 4984, 9082, 5139, 6118, 5819, 569, 4980, 6185, 2737, 1690, 8457, 5904, 5067, 200, 6787, 2854, 4949, 8726, 692, 9960, 9410, 7891, 4611, 5375, 1915, 1382, 2191, 3778, 8679, 6406, 9652, 1683, 7143, 827, 7545, 9603, 9534, 1362, 1017, 9482, 9356, 6840, 3781, 4472, 8228, 1946, 2475, 3402, 5848, 8496, 7341, 8396, 6254, 2780, 6177, 8686, 7329, 9721, 4332, 66, 8609, 2900, 9837, 7824, 9740, 1433, 7906, 7036, 3022, 8365, 6576, 4866, 8458, 1500, 7057, 8341, 2694, 4802, 904, 6387, 8736, 5683, 6017, 5456, 1191, 9142, 9126, 8772, 2520, 3186, 3869, 6087, 6529, 9709, 935, 3600, 7285, 169, 3315, 6798, 2427, 8067, 9140, 6598, 5871, 8230, 1344, 7878, 2108, 8463, 2494, 5366, 586, 9489, 390, 7928, 9289, 2601, 3338, 582, 7038, 9390, 9770, 4556, 6806, 4797, 7007, 1982, 1058, 3104, 895, 3668, 8622, 7655, 4513, 7933, 7674, 9238, 9540, 1170, 9591, 3765, 580, 2645, 9389, 9665, 5098, 2101, 6072, 1369, 5671, 9423, 8352, 9521, 1855, 3905, 7969, 3826, 4137, 699, 543, 958, 2469, 1553, 5132, 3816, 1195, 8565, 964, 3699, 3135, 1337, 3249, 209, 1230, 2543, 4349, 3729, 4374, 1673, 6385, 5771, 5745, 6030, 7003, 3854, 6874, 285, 1229, 3240, 751, 3783, 8503, 7216, 4433, 6808, 6559, 5914, 4029, 8670, 5380, 7719, 9595, 3724, 313, 5723, 9290, 10, 6286, 5622, 3280, 483, 3659, 9137, 4505, 7631, 4588, 9509, 687, 8210, 8588, 8623, 6359, 8922, 8818, 8782, 6715, 6312, 2073, 6401, 7287, 7381, 169, 2663, 9254, 6297, 5281, 4769, 5360, 3015, 2937, 521, 7195, 9566, 5492, 6448, 3463, 188, 3141, 5250, 351, 660, 9273, 8074, 2224, 3383, 7286, 1707, 8850, 3157, 7349, 2097, 2184, 6488, 4175, 8061, 2184, 761, 9129, 4116, 1697, 2183, 9453, 2176, 6372, 895, 6279, 7803, 2317, 9609, 2190, 2463, 8155, 5814, 5720, 2615, 6126, 8290, 56, 8788, 2218, 9070, 2697, 8321, 4157, 3103, 2749, 1667, 6487, 8657, 3983, 7506, 4906, 8083, 483, 2288, 9720, 5957, 6873, 6111, 9277, 9797, 9535, 4825, 1356, 1843, 4863, 641, 3954, 3840, 1706, 5872, 7801, 1326, 8698, 2885, 9586, 8526, 9304, 789, 9444, 7622, 7683, 9778, 788, 1614, 9374, 4504, 1619, 9457, 3600, 992, 6297, 7735, 983, 5342, 2535, 5702, 6860, 2911, 7339, 7512, 5269, 636, 4548, 7834, 8626, 4386, 4114, 5496, 9019, 7611, 8317, 6143, 639, 653, 6324, 880, 2610, 2710, 3790, 8275, 9781, 7386, 2712, 9111, 6016, 7928, 5370, 2439, 6127, 6486, 3167, 9865, 3854, 9009, 7443, 3644, 3765, 6917, 8802, 9647, 1171, 9655, 2593, 3235, 6195, 6321, 1728, 7684, 6984, 7974, 6639, 5692, 5838, 4742, 9709, 1515, 55, 366, 8081, 292, 2585, 9311, 2582, 5128, 7601, 7261, 2362, 4688, 6943, 3052, 1405, 9854, 2751, 5730, 4960, 6547, 3962, 5220, 2338, 4738, 7968, 9517, 4552, 7107, 9137, 6682, 4657, 7746, 1517, 5216, 2798, 6849, 9945, 2660, 6451, 2320, 8212, 9934, 7056, 4435, 7166, 4923, 1729, 4634, 1798, 4596, 3059, 6539, 3272, 589, 7821, 2731, 4851, 9693, 5979, 7263, 7432, 5115, 5687, 2154, 2902, 3613, 1914, 970, 3880, 5711, 7084, 8463, 4048, 6432, 1776, 9310, 3308, 2789, 3245, 3615, 2141, 1451, 9064, 6886, 9537, 3683, 41, 5038, 9538, 7, 719, 9587, 8242, 918, 5591, 8711, 7920, 2648, 1099, 8583, 1768, 245, 4465, 9895, 9285, 1918, 2717, 7762, 8396, 9491, 1085, 68, 2265, 683, 3789, 222, 9386, 1485, 9138, 2377, 7442, 8083, 1109, 9146, 6726, 3542, 4076, 6830, 785, 5196, 3866, 5168, 4189, 2630, 5278, 5465, 3202, 5634, 8650, 5487, 8033, 5267, 8582, 2104, 6205, 7545, 867, 1056, 8386, 12, 1116, 7592, 4507, 2963, 7070, 9111, 2584, 954, 5474, 8665, 7378, 6724, 6540, 3710, 9266, 5640, 2446, 6025, 8750, 7862, 3129, 7463, 5157, 6850, 7804, 5663, 3756, 103, 1928, 7539, 3059, 8705, 1440, 300, 2948, 2332, 3669, 8997, 5300, 5164, 6274, 5854, 5706, 9103, 3893, 797, 6851, 8662, 1553, 2952, 3186, 8029, 8618, 5726, 4221, 5041, 9832, 8477, 3074, 5169, 2698, 4622, 6458, 8988, 1168, 6164, 4875, 3018, 8086, 455, 9326, 3416, 6338, 9665, 1778, 1098, 2544, 663, 9065, 2348, 8841, 6872, 270, 7012, 6604, 3608, 3508, 7404, 5160, 3682, 3311, 2712, 1674, 2366, 7836, 6815, 1137, 9469, 824, 3271, 7900, 2182, 5680, 5031, 2529, 874, 7974, 8875, 6494, 3284, 4643, 8406, 2536, 2319, 2987, 501, 7306, 6887, 5420, 4307, 5321, 9041, 1539, 8814, 7203, 3900, 4955, 9343, 2880, 2926, 439, 2098, 4148, 3337, 7613, 5334, 193, 85, 3361, 6186, 7007, 5966, 2116, 1795, 3335, 3142, 808, 2169, 1676, 5718, 7265, 6100, 2126, 6789, 8482, 491, 1517, 4122, 212, 1469, 64, 881, 6447, 9498, 6421, 5954, 7678, 4080, 5268, 4681, 9096, 9753, 4860, 5225, 4939, 5435, 5883, 7918, 6954, 149, 4766, 8950, 3476, 5645, 2549, 7548, 3498, 9829, 1898, 6146, 9367, 7548, 5231, 3206, 8328, 9753, 6876, 9040, 8481, 9423, 4456, 4447, 5773, 5879, 3381, 8488, 1247, 3218, 1331, 7439, 5465, 9953, 4347, 6312, 8663, 6151, 9741, 7303, 4524, 477, 7938, 8941, 4850, 9920, 8499, 430, 7421, 1697, 7000, 78, 3292, 9701, 2708, 7270, 508, 7961, 4187, 8156, 9550, 9813, 3462, 834, 5872, 6139, 2302, 3085, 9040, 6814, 8085, 8396, 6963, 2968, 3949, 1623, 9530, 2639, 5940, 9020, 3846, 5873, 8854, 9571, 8512, 4765, 3543, 5953, 3833, 2282, 7176, 3619, 3427, 2407, 422, 2755, 7547, 323, 8618, 4371, 7390, 4067, 2449, 1958, 9415, 2081, 5980, 1135, 109, 7675, 5399, 2426, 4794, 8456, 1565, 9963, 5994, 9657, 6403, 444, 1902, 9943, 4321, 5383, 2183, 251, 4334, 6075, 3120, 9007, 2860, 4415, 9801, 8303, 5182, 7051, 5512, 9123, 7074, 6671, 3461, 8399, 7008, 788, 6130, 383, 121, 316, 7078, 6767, 1714, 9903, 1020, 1859, 197, 8523, 4941, 343, 5972, 8725, 279, 6422, 3513, 9884, 7592, 5784, 1576, 2132, 1329, 3246, 2318, 9793, 8644, 5324, 8097, 9940, 2183, 6150, 4693, 6605, 8480, 4139, 7622, 827, 9453, 1128, 2933, 7984, 8352, 5597, 7207, 9219, 5274, 241, 3718, 463, 5430, 9808, 9013, 547, 6966, 6782, 2178, 2422, 3888, 7363, 6248, 9729, 774, 256, 4241, 1574, 2360, 4391, 8261, 9628, 7611, 7406, 7568, 238, 5967, 8438, 307, 5000, 7477, 5988, 3980, 7415, 278, 1499, 8715, 8879, 2094, 9700, 2405, 8800, 9894, 9706, 4304, 2299, 6955, 2734, 1148, 1444, 5603, 3042, 8366, 4471, 4838, 1188, 2167, 4796, 8385, 6753, 6391, 7902, 1976, 2466, 1322, 1302, 5947, 980, 4475, 3692, 2322, 6864, 8505, 8114, 4194, 1810, 3972, 3306, 2647, 7914, 9130, 1447, 9260, 8767, 6189, 8289, 2197, 4496, 1826, 2966, 5224, 5008, 8468, 1152, 3073, 3930, 1992, 9384, 2004, 4687, 4412, 7378, 4817, 1250, 23, 7467, 4568, 34, 4975, 5740, 7295, 6780, 7742, 31, 1175, 3421, 2400, 4908, 1108, 4529, 4303, 6540, 538, 2774, 6803, 1986, 5354, 3460, 319, 9936, 8568, 6597, 3942, 5300, 4844, 2607, 4441, 6994, 1896, 8407, 7157, 2558, 2066, 4140, 2721, 1200, 53, 4119, 9991, 8715, 8203, 2353, 3817, 8241, 4184, 3180, 6229, 8974, 7101, 7079, 7281, 3997, 6475, 8853, 6916, 7501, 5004, 3728, 6651, 7742, 8084, 2046, 9908, 4723, 9995, 9580, 3145, 4586, 7343, 7806, 3357, 5115, 7268, 2300, 7485, 574, 7853, 1835, 5514, 6442, 6794, 2290, 7574, 3458, 6624, 7797, 5664, 1268, 4499, 638, 4117, 9545, 1714, 4520, 4620, 4280, 2382, 322, 1338, 481, 7685, 6313, 1208, 5989, 5509, 963, 6794, 8627, 2982, 1620, 7491, 5962, 367, 1681, 2027, 1087, 4284, 7217, 9545, 6037, 3914, 8102, 1403, 2528, 1806, 3231, 4592, 908, 4807, 2949, 7516, 8247, 4439, 3404, 8871, 5608, 9785, 2769, 8409, 1237, 5626, 6015, 7840, 8111, 6210, 818, 9985, 8219, 7983, 7850, 7142, 9852, 1280, 3764, 4446, 5622, 9248, 5232, 8891, 2248, 8314, 665, 1778, 4192, 6193, 863, 6629, 3893, 4631, 3514, 1801, 802, 1877, 1182, 8696, 2491, 3470, 3502, 1322, 5739, 4175, 1672, 4278, 4362, 5571, 2163, 7655, 3184, 9787, 2777, 64, 7765, 9123, 4738, 4261, 822, 361, 7920, 3867, 9384, 5048, 8941, 4336, 4942, 4687, 8959, 8008, 6022, 5640, 6562, 728, 8114, 2394, 4829, 9209, 7466, 499, 779, 7859, 7328, 4267, 1291, 1866, 8662, 8160, 6761, 3317, 5278, 8553, 1661, 561, 1845, 3750, 896, 854, 8163, 2975, 6757, 2668, 4449, 8797, 3040, 7742, 3789, 3122, 8625, 9135, 6920, 8129, 2734, 5584, 1585, 3410, 7497, 8828, 1449, 4638, 4663, 6992, 210, 2329, 8100, 2965, 231, 4947, 5118, 9366, 5020, 7558, 5189, 9494, 5612, 150, 9391, 2947, 5975, 970, 9653, 5256, 3693, 1937, 6261, 6659, 3873, 8804, 4314, 2796, 4840, 8643, 2892, 6447, 4462, 9318, 6887, 6280, 546, 5922, 5957, 253, 7688, 1277, 9710, 4900, 3073, 5358, 8175, 9195, 2848, 1592, 4990, 985, 3041, 8455, 645, 2157, 4251, 1057, 8974, 4221, 483, 6484, 6363, 8869, 5867, 9596, 369, 1336, 7826, 2231, 9933, 1038, 5643, 8961, 2596, 27, 4976, 8600, 6302, 2443, 66, 5021, 4741, 8915, 2606, 4989, 9916, 1882, 8683, 5545, 6744, 8094, 9413, 9739, 6021, 5570, 8246, 7785, 2455, 4558, 9137, 7974, 8327, 8778, 6034, 801, 941, 4891, 5527, 5635, 4139, 6789, 357, 6195, 5694, 5948, 3228, 9537, 5454, 3086, 6532, 6228, 118, 612, 6179, 3297, 2533, 8710, 1767, 667, 2730, 4463, 168, 5222, 784, 6436, 4865, 511, 9629, 5407, 5429, 6256, 9624, 5843, 1420, 6725, 2513, 182, 4564, 630, 9481, 7983, 9233, 4247, 8166, 1331, 6268, 2188, 3530, 4506, 7653, 2863, 3523, 6809, 3316, 6503, 9158, 228, 8900, 7757, 462, 8746, 8055, 7240, 1884, 5187, 7741, 8768, 2952, 5622, 4449, 550, 5649, 8215, 1649, 4649, 7539, 9125, 3890, 6790, 456, 8689, 364, 5831, 237, 5018, 7807, 8464, 8149, 3940, 9680, 236, 5706, 4880, 899, 8122, 3453, 4266, 9913, 1136, 1822, 2620, 1439, 3384, 8257, 7488, 8339, 3600, 466, 3409, 5188, 3968, 106, 3945, 7561, 3622, 3807, 2527, 3782, 775, 238, 5534, 182, 8696, 7516, 9717, 8047, 5341, 6483, 6913, 7983, 8121, 3676, 3485, 4882, 9341, 661, 8276, 4217, 2946, 3401, 1041, 151, 3899, 3958, 4126, 7221, 9888, 2990, 9653, 2997, 9229, 954, 7646, 2164, 9642, 3100, 9043, 4659, 8149, 2274, 6307, 9176, 6971, 212, 2928, 1727, 3260, 6201, 9750, 9269, 1938, 1522, 2093, 7408, 782, 9495, 7849, 1407, 1482, 2403, 8344, 6571, 7590, 3600, 9412, 3347, 8115, 3162, 3053, 6698, 9250, 3332, 6923, 5763, 1936, 8526, 8651, 8686, 6659, 4029, 5891, 1200, 7720, 6348, 1960, 1322, 9975, 5345, 3105, 8784, 7181, 9483, 1413, 3921, 9139, 6234, 3862, 7798, 9222, 2354, 7589, 3636, 6686, 2768, 7664, 1509, 8156, 258, 7551, 9285, 9193, 9377, 3718, 2134, 1269, 930, 7758, 3298, 5537, 1649, 4, 1021, 3391, 7628, 8971, 7048, 1855, 8398, 9054, 2660, 6074, 5767, 6322, 1340, 3324, 5316, 8336, 6591, 6508, 4279, 537, 915, 2949, 2729, 1592, 2979, 8025, 1056, 9614, 6682, 6064, 837, 6349, 5657, 1197, 2412, 7529, 2543, 7615, 5658, 597, 4329, 9112, 2381, 521, 3233, 3260, 1904, 9090, 917, 1975, 834, 8047, 218, 4839, 7212, 9377, 255, 5204, 356, 3249, 715, 9982, 2510, 5701, 8422, 363, 4289, 7177, 6563, 8133, 6294, 9512, 8700, 4627, 4747, 1383, 9696, 985, 1163, 818, 7676, 4126, 3023, 9713, 7572, 7895, 3199, 9812, 2984, 1574, 93, 5523, 1734, 4788, 9360, 9772, 9724, 1277, 6159, 8121, 5932, 3892, 7968, 1280, 6058, 5648, 9377, 3012, 7293, 4067, 2676, 9078, 4255, 5266, 136, 1278, 9038, 3319, 8826, 8722, 9888, 2800, 1331, 7441, 986, 4462, 8776, 717, 4149, 9076, 740, 5126, 697, 2109, 5565, 2541, 1219, 7965, 6717, 1909, 2777, 7632, 4536, 912, 5751, 1682, 7018, 6344, 7782, 1019, 213, 1909, 8471, 9340, 8094, 4392, 3038, 3371, 5176, 2490, 3381, 4644, 95, 3591, 3400, 9205, 9112, 4442, 9473, 7885, 4591, 9956, 2525, 8696, 6367, 8440, 8737, 6323, 5595, 9242, 9937, 5879, 2296, 4275, 4398, 1294, 548, 6558, 7015, 7381, 9730, 3195, 7410, 7214, 3043, 5695, 5825, 581, 799, 7090, 1229, 5349, 5728, 2390, 2374, 4008, 9279, 5615, 6465, 9500, 8359, 5893, 8003, 8212, 3345, 2487, 8646, 6731, 6214, 6390, 2776, 7698, 2865, 8091, 6493, 4499, 418, 5147, 8351, 4914, 1584, 6117, 1424, 3114, 6638, 2542, 8823, 38, 5534, 5575, 5105, 8030, 6272, 6715, 2795, 2491, 5903, 301, 7926, 7960, 5440, 3098, 3318, 5227, 7169, 4707, 1018, 3951, 6112, 328, 1341, 7598, 9403, 6256, 4850, 3930, 9011, 2592, 8487, 2937, 6435, 3256, 6782, 2323, 1690, 3316, 2907, 466, 2310, 695, 3657, 8753, 1180, 2786, 4469, 7730, 8681, 2381, 4936, 2100, 9214, 8053, 5841, 3700, 171, 5054, 5956, 6974, 9589, 5173, 1012, 6211, 2824, 4232, 3377, 9806, 2942, 7737, 470, 5842, 6803, 3880, 3684, 647, 869, 8437, 1183, 2257, 958, 1521, 6358, 1845, 2102, 6222, 1169, 5496, 7129, 495, 948, 7643, 2537, 1626, 4366, 8183, 543, 7626, 7002, 861, 3508, 5014, 1638, 8719, 2336, 4999, 3479, 9924, 9276, 9414, 1158, 3864, 7810, 5545, 1461, 5835, 7274, 7683, 8939, 9537, 7635, 2077, 6416, 2451, 2795, 7049, 2036, 6226, 584, 2626, 7482, 2278, 3564, 7731, 1723, 7430, 8132, 1268, 5557, 6230, 6494, 8682, 9415, 8580, 1591, 4031, 9019, 8225, 6666, 394, 9215, 6669, 2842, 7527, 7472, 8, 7152, 6308, 3886, 613, 1031, 1294, 1268, 4830, 7736, 9765, 4455, 4400, 6357, 8727, 9307, 4383, 4282, 9699, 6434, 7615, 1202, 2186, 9943, 9585, 5756, 6538, 225, 535, 2530, 1921, 8087, 135, 5918, 7952, 2724, 2964, 1868, 8696, 9531, 1695, 8700, 883, 9459, 6229, 6635, 8678, 3716, 7074, 6482, 760, 3863, 1018, 9579, 2651, 9902, 4332, 1661, 1515, 2661, 4657, 4067, 9569, 1373, 4785, 1485, 6925, 7322, 7979, 9785, 5681, 9322, 8818, 2279, 657, 7465, 5895, 3524, 369, 8371, 3624, 5239, 9744, 3011, 889, 8642, 7737, 1431, 2270, 3681, 4549, 5269, 1348, 9121, 2176, 970, 3067, 5845, 3088, 6464, 2912, 6601, 5973, 1175, 8907, 8179, 1657, 2002, 8694, 5953, 9849, 301, 7839, 5344, 9405, 7430, 8722, 3733, 1084, 8468, 9315, 7191, 4989, 5373, 9276, 9769, 4236, 729, 5693, 8409, 7542, 5895, 7404, 5435, 2439, 7847, 6359, 504, 1084, 9307, 2536, 448, 7326, 511, 2365, 669, 6759, 9420, 8848, 8162, 9484, 4889, 6308, 2713, 278, 9846, 6449, 6129, 4657, 9687, 1075, 4477, 5551, 3074, 2289, 9988, 4889, 6866, 11, 5168, 2095, 8208, 4026, 9629, 9887, 151, 4958, 5616, 7196, 9819, 4638, 998, 2203, 1530, 7840, 6361, 9238, 7086, 1020, 984, 9798, 1818, 5331, 7283, 1694, 6364, 3963, 8486, 2601, 7900, 2290, 3685, 8928, 3188, 6152, 9940, 4296, 5443, 3765, 8549, 2785, 2816, 1754, 9900, 6203, 1796, 4500, 6082, 7061, 9539, 100, 2996, 4506, 4231, 5452, 1683, 3646, 4760, 233, 3849, 9455, 5631, 2506, 4845, 3169, 3743, 5305, 8627, 4648, 5652, 5912, 9803, 9335, 7061, 5660, 1345, 5989, 4280, 7475, 9141, 807, 6010, 5861, 2725, 3094, 8629, 6386, 5301, 5474, 9609, 377, 7366, 5952, 7008, 7462, 819, 3030, 2118, 9461, 8213, 6011, 5768, 9261, 9206, 3140, 7125, 333, 5651, 3872, 5817, 3883, 197, 3311, 1334, 534, 180, 4835, 8508, 7816, 206, 9335, 1687, 312, 3683, 1944, 4600, 8388, 8693, 2041, 6724, 3722, 2067, 9369, 315, 4286, 4898, 3937, 3897, 7642, 7698, 6879, 1843, 8589, 4901, 8118, 4230, 1459, 1914, 1199, 2505, 6326, 7007, 6868, 5506, 4295, 8036, 5804, 4123, 7488, 4226, 5108, 2478, 1546, 5477, 1445, 1629, 3863, 6531, 6968, 1676, 6454, 4860, 7601, 8661, 1008, 622, 6741, 2646, 6672, 4578, 3195, 7309, 7801, 7666, 8368, 9152, 9031, 406, 5037, 9751, 9382, 4547, 6497, 799, 9516, 7258, 1104, 8885, 6931, 5938, 9713, 6711, 9199, 9958, 3610, 126, 936, 9403, 2733, 2170, 1770, 8908, 9853, 3130, 8690, 9592, 6749, 5983, 8532, 1240, 2890, 9264, 3567, 9929, 7618, 1540, 8879, 2179, 5989, 190, 7806, 1383, 8193, 9427, 3341, 7280, 6845, 9509, 8856, 9960, 8239, 8330, 5870, 378, 8824, 9737, 6919, 1984, 8275, 7774, 1579, 6145, 945, 8784, 8170, 7149, 685, 2875, 3046, 3568, 1954, 4989, 5323, 2779, 755, 8654, 6559, 951, 6732, 4633, 5196, 4675, 175, 4378, 850, 2937, 3577, 8165, 4758, 5479, 8221, 9355, 4064, 203, 878, 8757, 4387, 9924, 1644, 767, 2213, 2305, 1441, 5736, 5102, 6581, 6598, 9324, 3279, 7944, 2981, 7062, 4137, 1982, 8502, 5395, 2098, 3603, 1344, 8065, 2557, 9485, 5706, 4760, 2436, 8720, 1698, 8620, 7469, 1763, 4498, 7361, 8997, 4911, 3178, 4763, 7955, 6410, 8219, 7805, 2791, 270, 6577, 5505, 8584, 8646, 4187, 8641, 677, 7287, 9448, 4263, 2430, 8541, 5034, 3707, 4376, 5196, 5492, 8707, 8049, 518, 1143, 9755, 4683, 9469, 6275, 1746, 4097, 2330, 6291, 5318, 8581, 2040, 6363, 1040, 252, 6778, 5677, 9129, 9179, 6018, 2363, 2246, 1814, 1395, 2940, 7035, 302, 4133, 3175, 4904, 3433, 9936, 6615, 8896, 7718, 6167, 1020, 4929, 3506, 4290, 460, 8878, 1369, 4626, 8591, 2244, 9934, 8427, 5104, 3164, 1373, 3329, 1268, 2052, 7753, 4237, 8572, 1988, 964, 9190, 6684, 1878, 1382, 3681, 6653, 6816, 1587, 494, 3661, 6280, 2852, 9139, 3354, 9790, 4275, 3681, 1990, 7811, 6709, 1860, 3992, 7069, 5486, 5255, 2444, 5157, 4998, 9471, 6668, 353, 4790, 1652, 4758, 5656, 3151, 5376, 4773, 5568, 3647, 4149, 5396, 1828, 9285, 6594, 8377, 959, 7741, 2358, 4052, 3350, 1297, 2830, 2058, 5914, 5283, 4030, 7829, 3559, 1435, 9229, 6461, 5190, 7716, 3140, 6710, 3195, 7850, 539, 2090, 7428, 2037, 4821, 3729, 1677, 4164, 5581, 6753, 1621, 3036, 8134, 11, 4827, 3504, 3135, 8496, 6529, 6373, 4569, 2595, 3099, 2892, 3223, 1981, 8702, 8379, 9750, 6853, 3085, 4104, 9563, 8404, 1844, 2707, 713, 7387, 9330, 6090, 6334, 1499, 8144, 189, 6885, 2248, 8891, 2872, 3274, 8855, 6778, 9401, 824, 3477, 2472, 4252, 9334, 7921, 3951, 2206, 375, 27, 607, 6850, 1988, 9851, 6906, 2002, 246, 4084, 2445, 9598, 7897, 6635, 2390, 7871, 7486, 9314, 5588, 414, 736, 6949, 2859, 9700, 1517, 1216, 6170, 6079, 3971, 4772, 9541, 1813, 9663, 520, 461, 5339, 3816, 8472, 3727, 684, 3579, 4852, 5700, 5272, 7827, 249, 862, 3594, 1171, 9401, 5876, 5854, 8572, 8968, 350, 6018, 748, 2636, 9008, 3122, 8775, 6970, 6030, 4099, 6786, 4511, 5362, 7183, 5563, 816, 2980, 5618, 457, 1990, 6132, 4367, 2145, 1805, 9686, 4641, 3560, 9326, 7982, 3310, 9113, 8170, 7638, 9422, 399, 6029, 8728, 5642, 5998, 5767, 2859, 6592, 6019, 5083, 8804, 5184, 3273, 7199, 1943, 1962, 8369, 9915, 6412, 6502, 6586, 2834, 5127, 6921, 353, 642, 5167, 7322, 2438, 9387, 4752, 8681, 6038, 9115, 7963, 2138, 8427, 1350, 8433, 1515, 87, 6159, 7463, 7553, 997, 1067, 547, 8298, 669, 5018, 3879, 8862, 5989, 2677, 6448, 2160, 4617, 9789, 221, 8025, 238, 2918, 1235, 8990, 3857, 9445, 3034, 2337, 1025, 585, 889, 7229, 5108, 6284, 4669, 86, 8145, 8465, 1147, 2456, 1211, 9727, 6010, 4123, 5581, 3476, 6412, 1113, 776, 2225, 4609, 9271, 5740, 1298, 2583, 482, 6655, 5476, 1883, 2125, 384, 4070, 9635, 226, 3401, 9936, 5576, 4697, 7392, 1114, 7443, 1939, 6280, 1444, 5759, 936, 3561, 6053, 6143, 7658, 9200, 2813, 1284, 5671, 445, 4691, 3441, 115, 4866, 9298, 5469, 572, 4862, 7103, 4140, 4763, 5226, 9387, 4140, 8445, 7064, 4427, 2183, 5926, 1726, 8723, 5889, 8636, 6194, 666, 9439, 3533, 4957, 9914, 3732, 4869, 8741, 3154, 9149, 4717, 1596, 8853, 4289, 5766, 6654, 4654, 8837, 3715, 153, 345, 3892, 2879, 8943, 3193, 73, 8268, 1092, 5292, 8193, 9477, 3767, 6021, 6300, 9261, 2169, 9954, 9361, 6393, 8658, 911, 9078, 3217, 1598, 9282, 7830, 9607, 3876, 7255, 2731, 4444, 3847, 6970, 5825, 7638, 9962, 3122, 7989, 6526, 4556, 6995, 5370, 6565, 4452, 4199, 5773, 5665, 4758, 7484, 8080, 8494, 8195, 7554, 5990, 2226, 8366, 5991, 3123, 491, 833, 4411, 6068, 1725, 4998, 4862, 5262, 8446, 4608, 6077, 150, 9078, 3131, 3197, 5370, 2736, 1157, 5877, 7808, 6900, 757, 6505, 9849, 3182, 4681, 162, 1265, 7513, 8615, 5145, 1792, 2719, 6981, 6059, 48, 3939, 7654, 3910, 2360, 3965, 402, 926, 7288, 7989, 7745, 6441, 8813, 8081, 1663, 6717, 8145, 1944, 640, 5718, 8088, 7462, 6836, 7666, 4233, 6294, 7300, 7412, 6586, 5259, 360, 1890, 7949, 3735, 7198, 6825, 4021, 616, 9544, 647, 454, 4603, 4087, 9426, 7927, 1984, 1455, 8251, 7114, 1595, 5219, 8982, 7458, 988, 4093, 3404, 5937, 2525, 6705, 1344, 999, 1433, 3969, 8507, 2385, 5571, 3073, 7426, 6131, 3014, 8472, 7828, 6371, 809, 5959, 7504, 1300, 1830, 4193, 8966, 8275, 5458, 3641, 4374, 8453, 206, 102, 1090, 5078, 3668, 4997, 3880, 7271, 2764, 7389, 6362, 6788, 5181, 7530, 1080, 2089, 417, 5613, 5807, 574, 3216, 7846, 5115, 3817, 6408, 9578, 4870, 2773, 1245, 7032, 7067, 9164, 6770, 1804, 2921, 1723, 6995, 4076, 5292, 9011, 7133, 6543, 8718, 4010, 7856, 8030, 9513, 6292, 504, 58, 794, 7601, 6116, 6026, 1815, 3223, 6056, 4016, 6485, 6234, 3739, 2705, 3742, 5510, 6276, 1801, 5959, 6366, 857, 1288, 4374, 8130, 8886, 1578, 2170, 3907, 4222, 4668, 3896, 4204, 3953, 7193, 5415, 9380, 6546, 5134, 1626, 8231, 209, 4725, 8457, 3852, 323, 2616, 3572, 7999, 4179, 4593, 61, 262, 9749, 3722, 5451, 2482, 9047, 7986, 7329, 2333, 4301, 7990, 4789, 6367, 853, 2334, 7122, 4867, 2935, 6783, 6451, 7773, 9788, 3484, 5865, 6010, 1565, 2499, 4663, 292, 4534, 9873, 2954, 2068, 1433, 5331, 110, 202, 2349, 1689, 6949, 6061, 5648, 5541, 5199, 8924, 5142, 2118, 7166, 8705, 6149, 2105, 2009, 2948, 6869, 503, 3824, 285, 7632, 5868, 4430, 8864, 8259, 5790, 7929, 385, 5337, 2058, 9047, 312, 3901, 560, 2740, 3157, 7966, 1017, 5267, 1467, 9788, 9525, 5008, 2721, 6036, 1560, 4726, 4794, 5793, 3869, 5427, 777, 8433, 6155, 2579, 6408, 349, 4722, 2206, 8561, 4166, 600, 311, 5805, 447, 980, 8500, 9920, 3228, 7353, 6913, 7127, 7765, 5566, 3310, 2726, 9317, 2577, 5378, 5624, 5755, 3144, 5857, 5289, 8478, 5989, 9380, 8483, 8766, 4966, 7166, 686, 2421, 6142, 3022, 3102, 5397, 3434, 468, 1710, 2436, 2385, 7904, 5080, 9795, 4942, 4346, 9532, 7215, 2370, 7981, 8473, 6068, 5710, 2157, 9809, 2740, 5886, 1880, 2464, 1853, 9810, 2921, 9731, 6009, 1174, 4991, 8404, 5577, 5077, 3625, 3475, 2629, 3266, 6205, 2462, 3647, 153, 37, 503, 7448, 1547, 9164, 4243, 7211, 5072, 6841, 8677, 5438, 3754, 1862, 8570, 3281, 9161, 1545, 7354, 1808, 1391, 4203, 2174, 811, 4607, 7031, 4730, 2517, 4854, 8855, 1698, 8957, 5508, 6336, 4056, 2484, 4838, 2991, 4911, 4928, 3821, 5244, 965, 8041, 8951, 9942, 8583, 7741, 4860, 5223, 728, 3655, 9327, 8879, 5837, 1886, 9415, 7457, 4678, 9468, 8694, 2609, 3703, 1358, 5292, 3757, 5313, 9126, 2613, 8602, 7137, 1709, 8083, 303, 2022, 1823, 5675, 9469, 1604, 1397, 3766, 7222, 3501, 3269, 301, 4104, 7676, 1915, 9198, 3877, 8530, 4545, 4323, 7576, 7478, 3347, 3905, 199, 546, 7044, 995, 3419, 3888, 7606, 390, 2333, 1663, 1038, 7021, 1448, 7801, 6287, 5505, 3764, 7077, 6894, 9429, 1773, 3540, 3854, 7170, 7255, 5728, 5155, 5083, 4298, 602, 4514, 1364, 1396, 951, 4333, 1439, 3621, 2981, 6309, 2708, 4356, 5415, 9424, 4554, 4604, 3072, 8804, 6453, 8414, 7481, 9394, 3684, 2721, 3635, 9071, 8200, 6404, 9735, 2872, 4617, 9407, 6798, 4768, 2328, 8110, 2519, 2253, 4483, 8643, 3089, 4977, 2708, 3325, 916, 197, 8266, 4346, 6152, 6960, 5711, 3651, 9505, 3909, 9618, 4358, 3973, 6803, 20, 7362, 6817, 3696, 3709, 4508, 361, 9313, 5603, 8660, 7343, 1153, 3004, 8951, 80, 7153, 9589, 1464, 5887, 7807, 6212, 3701, 1464, 2265, 8698, 270, 6811, 3538, 3937, 6147, 128, 5145, 106, 7859, 2773, 7441, 2248, 3669, 3888, 5345, 9115, 4653, 7336, 7912, 9591, 7145, 1003, 9318, 8682, 8768, 9170, 8677, 69, 8795, 2508, 9513, 3614, 7529, 1264, 630, 5169, 9285, 9104, 8794, 3961, 4996, 4433, 7383, 4397, 2565, 7162, 3829, 3116, 3857, 6349, 7710, 3458, 1886, 7831, 6735, 3084, 6321, 9833, 4291, 3497, 6914, 8638, 8030, 7337, 8608, 7413, 4881, 3209, 6422, 2286, 2841, 6796, 1610, 4628, 3538, 2119, 3120, 3136, 866, 3993, 5486, 5682, 4873, 7083, 9543, 8342, 1525, 5405, 1144, 2151, 422, 3771, 9498, 9654, 4599, 2297, 2091, 2287, 7424, 5623, 1555, 6472, 6899, 6571, 2228, 3369, 9729, 3233, 6283, 4316, 7710, 8501, 2333, 4225, 6980, 3030, 9227, 3424, 312, 1595, 3508, 2479, 1701, 4532, 3748, 130, 3533, 8676, 556, 9009, 2501, 6978, 5457, 2991, 4651, 7301, 1918, 6876, 5835, 6017, 6731, 647, 3055, 7123, 9095, 4359, 3969, 4475, 4540, 7511, 9510, 2770, 8337, 9741, 6429, 3227, 8639, 4821, 9976, 3213, 7878, 9680, 8867, 9052, 6905, 789, 8889, 1866, 6965, 6342, 5486, 4877, 8222, 550, 7154, 1171, 2989, 2680, 9184, 7434, 7735, 142, 6740, 735, 7139, 8724, 8301, 5924, 4184, 4345, 4978, 4821, 4303, 5546, 8264, 2780, 5104, 4400, 7880, 1590, 7699, 4342, 8264, 237, 726, 8752, 3040, 1502, 8127, 8211, 3486, 889, 1570, 9131, 2873, 550, 5156, 7874, 2830, 6896, 5249, 8094, 3408, 5789, 5599, 5815, 205, 8055, 6700, 7191, 214, 1266, 3230, 3021, 6408, 989, 1422, 3985, 9496, 4316, 3774, 2821, 8111, 2161, 9515, 9569, 4452, 7201, 5450, 1319, 1964, 2384, 6625, 8585, 8432, 6775, 2714, 9590, 4540, 6573, 1048, 2013, 2048, 5798, 4563, 9800, 759, 7917, 2918, 9455, 1414, 5401, 3214, 569, 6830, 5622, 6733, 4936, 296, 6274, 4480, 2397, 6137, 1796, 5557, 7948, 320, 2951, 1046, 1954, 5834, 1744, 4018, 7038, 8528, 5656, 6973, 2878, 5009, 2144, 9839, 9641, 7376, 846, 3128, 5192, 1599, 2671, 8709, 4912, 8593, 855, 1494, 3955, 7056, 2902, 7118, 4921, 6660, 3041, 305, 6108, 6251, 8485, 3591, 4196, 863, 5568, 3619, 4437, 3510, 6782, 943, 6146, 9970, 3047, 4059, 8118, 989, 1779, 1325, 2818, 7744, 4668, 2103, 5081, 8197, 3440, 8486, 6187, 3718, 3269, 6441, 6572, 4794, 4403, 8111, 9187, 6201, 7358, 9671, 4692, 1860, 2815, 1388, 903, 7062, 2793, 6386, 224, 1822, 111, 8413, 5456, 1367, 8401, 5834, 5118, 839, 3051, 6845, 2000, 3568, 4606, 6713, 7129, 3664, 1800, 8746, 272, 7504, 8866, 2058, 3093, 4974, 4163, 698, 1115, 6419, 1506, 3134, 7584, 3927, 8807, 5264, 527, 8187, 6948, 2515, 3158, 8731, 4443, 3606, 1640, 3851, 604, 6878, 7467, 2653, 3039, 4276, 490, 6552, 717, 9273, 3095, 4526, 3915, 1839, 6205, 3261, 4427, 7155, 5679, 2946, 1617, 7782, 601, 9387, 6852, 983, 5328, 1763, 6888, 1149, 2522, 5721, 6620, 8847, 1364, 4815, 2872, 4384, 6174, 9329, 3951, 4402, 3928, 4237, 8458, 3474, 8708, 2014, 8679, 5199, 9946, 9190, 4800, 9358, 8343, 6555, 6398, 5483, 9757, 2333, 3784, 2546, 5643, 5062, 7219, 3674, 8569, 3742, 3044, 326, 417, 3120, 5309, 9254, 4294, 3962, 9191, 488, 3646, 7688, 9786, 233, 560, 6014, 5091, 2737, 5582, 3720, 7747, 6598, 5895, 5149, 6805, 311, 3141, 4516, 5763, 9380, 514, 1816, 9566, 9479, 7712, 1699, 4600, 5190, 6422, 2577, 9071, 4874, 376, 973, 9197, 3009, 6331, 5205, 2509, 1077, 6882, 3732, 6645, 7501, 1049, 5341, 3796, 1187, 6693, 2951, 5436, 8001, 8297, 3512, 7562, 2349, 7486, 3493, 6591, 8388, 5492, 2940, 8972, 3761, 2116, 7168, 3340, 6431, 7766, 3139, 7112, 3597, 9997, 7880, 923, 2279, 6255, 2633, 2294, 6021, 5839, 6901, 1213, 3858, 7329, 7287, 2848, 111, 8128, 7883, 3556, 8229, 9874, 174, 1205, 6842, 7197, 4344, 4122, 8301, 1875, 3676, 6957, 6216, 5576, 1200, 8443, 81, 5519, 726, 3731, 5890, 8738, 580, 2595, 5878, 554, 9692, 6296, 716, 3924, 6631, 5654, 3690, 2647, 8915, 9420, 9654, 5894, 9653, 9063, 7095, 8345, 2778, 2758, 2089, 9067, 4942, 8833, 7472, 7869, 6615, 9129, 4253, 9944, 447, 9347, 1662, 3906, 723, 2114, 8178, 5846, 8073, 9842, 812, 6546, 6873, 436, 7228, 2971, 3485, 2388, 3497, 4108, 4433, 5535, 4030, 8564, 9378, 4903, 65, 2386, 3672, 220, 8858, 3076, 2142, 7581, 1998, 4141, 9817, 6402, 966, 7866, 2596, 5937, 2823, 9135, 6379, 9745, 3850, 6365, 9735, 2341, 5859, 4004, 9477, 8915, 6018, 2339, 4825, 9141, 2688, 8821, 3295, 9396, 3951, 1013, 2220, 9552, 7294, 400, 234, 7865, 3779, 340, 2254, 9616, 1993, 8321, 9716, 9757, 9137, 1121, 1699, 2964, 5358, 5071, 4289, 2159, 5663, 3433, 1933, 2607, 6876, 8209, 3483, 8011, 6705, 344, 9874, 4673, 1937, 5469, 4339, 5140, 7974, 7002, 9144, 3879, 2440, 2686, 6753, 7974, 2400, 1925, 7465, 8774, 5736, 2087, 3878, 2865, 8605, 5122, 917, 4353, 8122, 9966, 4452, 3962, 7561, 5451, 6929, 7104, 9435, 5713, 5028, 4551, 8406, 2086, 9705, 8356, 562, 2369, 5371, 4449, 2197, 658, 1943, 1153, 4529, 1167, 4875, 5473, 4720, 6820, 2084, 2668, 3559, 3874, 7413, 1406, 9679, 9196, 7128, 4766, 5944, 2636, 6160, 1345, 3051, 3524, 3525, 143, 2286, 3135, 4376, 6120, 2930, 3367, 1747, 8744, 7364, 9722, 8502, 1451, 2178, 4268, 9108, 8577, 37, 1470, 6029, 5684, 4772, 2913, 182, 9750, 5547, 9843, 3054, 5804, 6223, 7481, 3019, 2902, 5991, 5324, 3168, 1478, 7095, 2088, 8057, 7364, 3802, 5301, 937, 8653, 8766, 3893, 2694, 394, 3087, 2215, 9480, 5680, 9338, 5769, 37, 1494, 5048, 5507, 8481, 5687, 4127, 4126, 1200, 6568, 5551, 4025, 9439, 2136, 9882, 245, 9836, 963, 8668, 300, 7158, 8801, 4655, 2333, 8868, 2982, 996, 7753, 6620, 5894, 9265, 6766, 10, 5056, 1611, 6422, 5966, 8042, 4965, 5324, 2758, 4679, 2842, 9618, 1970, 778, 8113, 7456, 4975, 8545, 9761, 9495, 979, 7458, 605, 794, 6259, 7538, 6521, 3858, 7287, 5200, 7448, 7214, 6548, 8480, 7556, 6644, 4992, 8148, 8385, 3641, 1454, 4665, 3808, 8410, 6655, 6983, 1429, 1181, 2472, 4105, 5909, 7791, 6403, 4727, 1079, 6728, 6688, 2207, 2231, 8386, 1887, 2497, 3107, 7760, 5777, 4785, 6257, 4626, 6791, 6061, 9522, 9141, 698, 4424, 528, 2085, 862, 1270, 7958, 6234, 5792, 7020, 7143, 4006, 5351, 1091, 5723, 562, 4868, 2658, 9494, 9428, 6175, 8367, 1764, 6520, 2739, 194, 1591, 2151, 8153, 1305, 3308, 7073, 7381, 3032, 9677, 6944, 2716, 8578, 2124, 4585, 1014, 4159, 660, 7195, 5875, 4989, 8465, 6563, 8314, 1212, 7280, 2693, 234, 3712, 8380, 1700, 5728, 817, 5782, 6784, 2950, 4818, 5277, 7818, 6654, 8776, 6838, 4773, 707, 8151, 9328, 1859, 413, 2570, 8285, 646, 7391, 1939, 1378, 1846, 7313, 2485, 4743, 8265, 9732, 3056, 874, 1003, 8580, 7858, 7786, 6712, 7755, 1364, 6166, 154, 2619, 3756, 8346, 6312, 2133, 3259, 6027, 6755, 5961, 849, 7508, 123, 1236, 1335, 3002, 2604, 1345, 8413, 8103, 4711, 1782, 3822, 5346, 4858, 8561, 9236, 2988, 4042, 6260, 3864, 5937, 5407, 3184, 3830, 2918, 3754, 7423, 3899, 7045, 3344, 5236, 9546, 1701, 9021, 5764, 2476, 6496, 2402, 3916, 4188, 6648, 320, 8579, 5178, 6146, 7701, 9314, 237, 2844, 1937, 4303, 3468, 3843, 3816, 6597, 1885, 5533, 9043, 5112, 1680, 3667, 8165, 5673, 9074, 6418, 2285, 994, 4650, 3270, 5464, 6884, 7761, 715, 5395, 5325, 353, 1531, 7887, 8175, 7435, 3258, 6205, 540, 7700, 8372, 9038, 5861, 8464, 5071, 6993, 9116, 7818, 779, 2749, 1162, 550, 2725, 95, 9347, 7492, 1035, 9250, 4046, 9830, 1494, 2422, 843, 3536, 1442, 6753, 544, 3004, 8586, 3011, 7383, 3930, 3022, 4421, 448, 5912, 4648, 6783, 8627, 7901, 7094, 7012, 9855, 2971, 8864, 9095, 966, 8598, 3236, 7511, 3657, 608, 8202, 2547, 5800, 7624, 1916, 1054, 6273, 1248, 7867, 2108, 288, 542, 5194, 8208, 6039, 9189, 1841, 9196, 9767, 8232, 1181, 4925, 6497, 3269, 5231, 9366, 78, 8937, 5030, 7280, 5604, 4429, 4089, 4627, 163, 7506, 8853, 7356, 2200, 3931, 2960, 6957, 1707, 2414, 9713, 2481, 9427, 767, 4184, 1506, 4782, 4660, 6390, 875, 4832, 5565, 5387, 3331, 3715, 8676, 7923, 9323, 747, 9156, 5909, 4852, 8605, 2858, 4806, 9761, 4709, 8551, 5419, 6976, 4785, 9128, 2127, 2677, 9787, 6704, 4096, 5431, 869, 7295, 6986, 6972, 1570, 7533, 2551, 3636, 457, 9367, 8719, 3774, 1039, 3029, 6006, 1112, 1894, 2360, 1386, 6566, 7609, 8308, 1346, 9455, 6949, 762, 2627, 8967, 5386, 856, 1260, 2079, 3696, 3981, 660, 9590, 6386, 2014, 9949, 8011, 3795, 4494, 3555, 2621, 5636, 3505, 8413, 967, 7830, 8009, 2626, 1039, 7763, 5847, 3690, 6276, 6326, 3856, 2331, 24, 4755, 6246, 1771, 6896, 2520, 5810, 5904, 7443, 9914, 380, 7707, 6498, 440, 7816, 2949, 4517, 7153, 5476, 7340, 6340, 8971, 4069, 9812, 3578, 195, 4950, 8534, 6987, 2978, 8088, 5423, 2853, 1931, 9170, 1768, 878, 2660, 56, 3507, 485, 5920, 8690, 8228, 5385, 6062, 784, 3968, 8357, 8534, 4002, 1947, 3099, 1099, 8304, 2698, 3598, 7598, 3894, 5122, 1452, 8602, 7184, 5766, 1312, 1270, 1696, 689, 8954, 9387, 8892, 1837, 540, 9605, 3085, 1471, 4118, 7406, 9490, 6401, 4778, 3446, 2087, 5200, 8490, 8556, 6911, 5184, 3982, 7633, 403, 7285, 5227, 19, 9313, 3510, 7720, 476, 6539, 5657, 4788, 7481, 8895, 5786, 7287, 5349, 4321, 6546, 8462, 2264, 5697, 3019, 630, 3724, 558, 58, 2955, 523, 4539, 6520, 2027, 7499, 9073, 974, 9089, 2290, 6878, 6273, 885, 5563, 5571, 6450, 2596, 3088, 3575, 5577, 7298, 2594, 8807, 1832, 3195, 6993, 6920, 8287, 6705, 5060, 9876, 5582, 7541, 2769, 3140, 8349, 6440, 2197, 8582, 502, 2325, 7368, 8060, 1353, 2523, 3346, 3281, 5239, 9124, 5653, 1858, 4068, 15, 3586, 4519, 9699, 7226, 3536, 6926, 9244, 2812, 2943, 6506, 3329, 5517, 5794, 8686, 1990, 2231, 963, 9674, 5289, 7229, 1504, 4726, 8460, 2416, 2111, 4651, 2738, 9422, 2643, 6519, 827, 8220, 5145, 1817, 568, 6296, 7432, 2932, 4663, 9741, 29, 2054, 5598, 4699, 5394, 1880, 2581, 9589, 5452, 3346, 5895, 2599, 1527, 5813, 531, 4575, 2428, 8920, 8706, 9023, 2562, 1734, 6380, 9494, 9727, 5229, 2515, 9019, 7073, 6245, 8051, 3111, 7506, 1811, 3098, 983, 7302, 1472, 8305, 2068, 4281, 1805, 4715, 3547, 2069, 419, 212, 1117, 3268, 4900, 7432, 4891, 5226, 6495, 9375, 6862, 1627, 3156, 3351, 3106, 8188, 337, 7606, 5261, 9908, 7182, 5608, 9155, 302, 2929, 49, 2973, 4324, 9148, 5436, 6055, 8823, 7440, 8811, 1610, 7400, 4531, 7390, 7526, 835, 5064, 4863, 7772, 8923, 8347, 1851, 6622, 7632, 3265, 368, 8039, 8776, 2969, 7166, 1473, 3834, 6892, 5147, 7916, 3631, 8001, 4955, 8481, 291, 2730, 1646, 1924, 1876, 5884, 4392, 703, 1634, 9538, 4972, 3468, 3625, 3331, 2181, 59, 5046, 8447, 2834, 6083, 9317, 6292, 535, 6301, 1953, 6888, 685, 6344, 6860, 2575, 3422, 5636, 7017, 2768, 1630, 6022, 388, 8986, 9883, 3678, 6656, 5568, 1604, 4620, 9012, 9008, 6925, 7020, 9161, 5134, 3678, 4345, 2174, 4337, 287, 2501, 3128, 7860, 6474, 563, 4160, 4949, 8032, 3177, 9739, 8051, 1549, 4354, 1817, 4947, 3415, 3218, 5925, 9592, 496, 8693, 7011, 855, 4563, 5841, 2866, 2302, 5287, 4757, 579, 5347, 6703, 8670, 8376, 6645, 6483, 6505, 9291, 5029, 1032, 9502, 1559, 586, 2578, 5717, 4880, 7258, 3764, 4282, 2072, 6441, 7340, 756, 7025, 5334, 675, 4917, 824, 1101, 1266, 854, 8212, 4291, 1929, 8307, 2622, 415, 8706, 6723, 47, 4935, 718, 7485, 345, 5796, 3412, 9432, 7118, 7593, 1754, 1316, 4933, 3870, 607, 4595, 2064, 256, 5849, 6785, 3268, 463, 6001, 8536, 574, 491, 7918, 1302, 428, 50, 7603, 8819, 3568, 2522, 8476, 6939, 6237, 473, 8253, 6321, 9823, 8516, 9670, 9218, 9752, 2067, 1509, 2267, 8377, 3332, 1384, 5950, 7643, 582, 8757, 3151, 2781, 1857, 3351, 5229, 1621, 384, 7993, 80, 4331, 1827, 9379, 2719, 9029, 8370, 9770, 6590, 3512, 4889, 6456, 8041, 9412, 6251, 3467, 2977, 5648, 5268, 1093, 1902, 8410, 2666, 7863, 24, 2531, 6060, 1985, 1726, 9500, 4671, 6719, 3758, 1554, 2686, 6366, 1938, 2477, 6295, 4497, 2987, 171, 8510, 7857, 5046, 1683, 7572, 1741, 7779, 7222, 3147, 6727, 774, 5963, 1169, 6447, 1113, 7991, 9575, 1782, 2595, 8250, 4399, 8119, 1789, 7291, 954, 3643, 1898, 6181, 7211, 7280, 3222, 5766, 6242, 9738, 1367, 6470, 6150, 8878, 5114, 2935, 8245, 53, 3252, 2420, 8798, 7065, 518, 1461, 132, 3709, 2243, 93, 1858, 8411, 5899, 5349, 4813, 7374, 6003, 2961, 758, 126, 1131, 8023, 3902, 6742, 375, 5258, 2140, 2729, 9889, 3400, 1753, 3912, 9406, 2868, 912, 1221, 4299, 3681, 4211, 7435, 3754, 4084, 7600, 5901, 3581, 1195, 9888, 7940, 594, 6229, 9552, 8195]
List Size: 6000
Insertion Sort Time: 1928.229600 milliseconds
Merge Sort Time: 31.018600 milliseconds
Built-in Sort Time: 0.796700 milliseconds

Original List: [1334, 3413, 5800, 6512, 494, 4028, 4053, 214, 4705, 9285, 8938, 6162, 2231, 109, 7332, 1724, 9446, 284, 5331, 531, 2244, 5073, 8872, 4624, 4205, 3441, 875, 5047, 9253, 9717, 6981, 9407, 1421, 6102, 6684, 4865, 1093, 3644, 3380, 34, 6743, 4865, 4736, 2628, 10000, 9531, 9595, 8629, 3236, 5264, 3437, 3383, 8761, 6765, 6653, 535, 7914, 4174, 8318, 4483, 2594, 9563, 4996, 2479, 6871, 219, 4981, 3521, 9484, 2066, 7958, 7731, 6945, 171, 4029, 1907, 6368, 5116, 4983, 5682, 9560, 2414, 7367, 4567, 1083, 9139, 7801, 8571, 7504, 1643, 9646, 9913, 8065, 7888, 3397, 2836, 3133, 5744, 2013, 754, 1166, 6082, 421, 1788, 4493, 1076, 6954, 1540, 7381, 2072, 7325, 2857, 5118, 8287, 7766, 6347, 499, 294, 2707, 7861, 3020, 7684, 4153, 8923, 7309, 7347, 1024, 6837, 5470, 2211, 1729, 6916, 560, 3245, 8920, 2433, 5189, 3374, 709, 2541, 1220, 4769, 1515, 865, 6708, 5845, 6142, 1447, 815, 2191, 5160, 3994, 4371, 7726, 8218, 1891, 3019, 8806, 6448, 4065, 1023, 2060, 5143, 4536, 9639, 3927, 3561, 6527, 6627, 9473, 9874, 6882, 6818, 8452, 5440, 5197, 2030, 3363, 9875, 2813, 7218, 6018, 8998, 6387, 9761, 7682, 7606, 6003, 2662, 757, 2170, 9536, 653, 1902, 6090, 9605, 1845, 1767, 5305, 2632, 7724, 6513, 9965, 8101, 828, 9596, 7730, 8585, 8126, 5405, 2992, 3474, 5115, 6525, 6923, 1054, 5591, 5933, 4803, 3513, 2141, 6407, 3897, 1471, 7865, 6772, 3062, 5565, 8069, 8191, 4205, 22, 3896, 542, 5656, 8585, 4982, 8234, 9597, 9139, 9567, 4609, 6217, 7210, 1598, 379, 7372, 8966, 6898, 830, 306, 5946, 9510, 2349, 2401, 5517, 887, 8736, 67, 734, 3947, 5946, 6869, 6034, 920, 9848, 3192, 4196, 8111, 2804, 5083, 1627, 1221, 9936, 9803, 6675, 8443, 4954, 7687, 2136, 6814, 3184, 7733, 9625, 9660, 7102, 7664, 6529, 4957, 2985, 8835, 5906, 1418, 9819, 9008, 757, 8782, 6883, 2512, 3258, 2130, 7598, 2683, 8048, 5846, 8384, 7060, 8992, 9677, 7815, 1992, 5990, 3387, 5822, 363, 5282, 1620, 9266, 5179, 3817, 257, 7362, 2970, 2363, 1095, 9996, 7406, 1825, 8032, 1846, 7477, 5709, 2517, 8495, 9795, 943, 7405, 8574, 6333, 7891, 5016, 492, 69, 3612, 246, 2938, 8843, 4517, 8159, 1797, 7144, 8843, 1594, 8359, 4259, 1087, 9389, 6427, 2148, 1239, 4682, 9269, 8874, 1394, 3793, 9887, 1657, 2653, 5870, 8623, 9495, 5892, 6480, 1578, 4321, 2700, 5608, 231, 3390, 6798, 259, 6387, 4787, 4715, 2741, 3626, 1749, 3969, 4019, 3455, 241, 6488, 9296, 6888, 7428, 232, 2738, 542, 9679, 8315, 9195, 7303, 4900, 8835, 168, 3790, 2881, 5365, 2375, 7912, 2707, 1059, 9006, 8157, 5784, 5321, 6679, 64, 8053, 7692, 9463, 1443, 8632, 6813, 1564, 5168, 2141, 6634, 3292, 3069, 4966, 7883, 1881, 6330, 3259, 4124, 3241, 1862, 9914, 5884, 8449, 2055, 4055, 4274, 2224, 5320, 4252, 8753, 7245, 1102, 2896, 7072, 9718, 5057, 7031, 3976, 196, 725, 8676, 784, 8111, 743, 1969, 6724, 3554, 1221, 1841, 5936, 5888, 7344, 1784, 1285, 5035, 6438, 3738, 7325, 3655, 5163, 3583, 2378, 4836, 2534, 2182, 5421, 6045, 1925, 2208, 8598, 5709, 8418, 4286, 3038, 7606, 8809, 1916, 2127, 229, 6304, 862, 7001, 1286, 6011, 4701, 3574, 883, 9939, 8390, 6627, 5537, 6463, 5721, 353, 5172, 4889, 7135, 707, 4908, 1660, 8668, 2822, 1964, 864, 573, 8825, 1864, 9822, 3424, 4069, 1718, 8010, 3798, 8195, 7340, 3214, 5467, 653, 2484, 1188, 7364, 1223, 3461, 1928, 6249, 256, 8765, 4433, 6612, 3516, 2732, 1398, 4012, 744, 104, 6001, 4226, 6093, 4096, 334, 2108, 7224, 6043, 5325, 9106, 9589, 1141, 6487, 1151, 6519, 4555, 6939, 9089, 6821, 21, 123, 7415, 4189, 6765, 6888, 8691, 7401, 1527, 3727, 8604, 8983, 1072, 7909, 7590, 4661, 9006, 1488, 4254, 6960, 4674, 2429, 9093, 6730, 8386, 6141, 6193, 880, 2830, 8648, 2626, 5345, 3050, 7677, 5424, 2788, 9474, 3095, 218, 8790, 1065, 8614, 2711, 8241, 537, 2047, 7876, 1159, 295, 6421, 8436, 7318, 606, 6760, 3905, 6406, 6746, 2263, 147, 9561, 816, 8380, 675, 1316, 6516, 5536, 6646, 3444, 4879, 6545, 8477, 4203, 8491, 2876, 1687, 2919, 5226, 2595, 812, 2313, 367, 8168, 3016, 6845, 931, 4993, 6251, 9026, 5947, 2755, 9042, 4823, 967, 8864, 7346, 6258, 4343, 7899, 1777, 2066, 8288, 8195, 8616, 4582, 3568, 8791, 7391, 9514, 2791, 1272, 7350, 2303, 3981, 8973, 2051, 1163, 3925, 7217, 561, 778, 2719, 9028, 8032, 6704, 5646, 70, 3385, 8950, 9007, 6243, 7352, 6007, 1010, 8060, 2345, 5316, 9758, 9179, 7635, 1701, 3324, 8783, 8634, 2045, 3871, 9057, 7530, 6359, 3262, 5477, 3920, 5485, 3526, 3051, 2441, 3455, 705, 7530, 2215, 8625, 3586, 8331, 5699, 3364, 2081, 9047, 5881, 2681, 1778, 559, 5821, 585, 2102, 8924, 8514, 902, 5110, 4477, 6507, 77, 7257, 28, 3091, 7856, 2522, 8847, 4884, 8375, 4139, 4845, 903, 8034, 1141, 6977, 5182, 8300, 889, 4710, 6242, 5697, 5658, 7980, 407, 1349, 245, 3212, 4856, 1583, 3513, 6781, 580, 2256, 7155, 3237, 8758, 9591, 8291, 1224, 7314, 3966, 471, 4174, 9360, 1351, 7988, 2962, 1798, 8971, 1653, 7932, 9512, 3985, 4099, 9736, 3279, 5472, 3616, 7106, 6854, 7683, 3666, 6520, 8166, 2371, 3553, 4329, 3426, 7606, 6639, 8019, 2600, 1931, 5613, 224, 9595, 9630, 9247, 461, 3411, 9770, 850, 1261, 5191, 3572, 2636, 8746, 4057, 2444, 2218, 9748, 1934, 982, 3703, 3757, 8151, 7402, 3712, 221, 2862, 8664, 6467, 5101, 1575, 88, 5343, 3144, 114, 72, 8811, 4779, 7831, 8499, 5846, 8366, 1751, 5703, 8652, 4783, 1647, 8125, 5006, 8693, 6995, 127, 631, 6324, 6341, 6928, 5959, 4521, 2505, 1541, 3762, 3521, 9913, 256, 7773, 3510, 5887, 6184, 1019, 9913, 6849, 6347, 364, 4595, 240, 8995, 4865, 3910, 4771, 8808, 8843, 254, 1725, 8012, 4848, 9776, 3846, 2233, 4513, 5228, 254, 2689, 6112, 4283, 5897, 6836, 9403, 5858, 2287, 8878, 6355, 3875, 3974, 6430, 928, 9231, 6616, 5778, 290, 3598, 7932, 8187, 8586, 3161, 9541, 4944, 3398, 1239, 5813, 9991, 6409, 659, 6474, 6275, 9814, 5209, 642, 1750, 63, 1265, 6187, 348, 8211, 5135, 4751, 9885, 8063, 6583, 5613, 2031, 5845, 7293, 443, 1962, 4904, 3863, 4542, 5956, 357, 8422, 8580, 1651, 8948, 7764, 9485, 8174, 9544, 4233, 8757, 9229, 8756, 4155, 8547, 7633, 1063, 7976, 8081, 96, 232, 9809, 9435, 6926, 8332, 7082, 4749, 8469, 7502, 2759, 494, 1080, 2720, 3302, 6832, 8325, 5316, 6331, 3590, 4077, 2516, 4258, 1300, 2895, 3446, 7311, 5471, 9041, 5904, 9393, 7667, 2936, 1650, 7017, 9411, 1180, 4298, 7820, 6994, 9622, 5117, 3254, 682, 4377, 382, 9572, 4183, 9106, 5949, 7620, 7266, 7321, 6388, 1624, 2840, 5895, 7140, 4067, 7531, 5913, 3320, 3763, 3506, 3284, 1165, 182, 7440, 4207, 8014, 5090, 7841, 2720, 7550, 9571, 9593, 7116, 9546, 3149, 152, 3200, 5743, 9427, 539, 9334, 1368, 5099, 8311, 2462, 2328, 8944, 2074, 6603, 8342, 7029, 5859, 3540, 2198, 6537, 4437, 5312, 5688, 4707, 5325, 3585, 2879, 4598, 5308, 785, 3105, 4886, 1329, 8452, 1041, 949, 4531, 1599, 7367, 4062, 9531, 8319, 3806, 9044, 3633, 1800, 4022, 8476, 695, 4327, 1629, 9127, 2573, 7401, 3188, 6996, 429, 7765, 6573, 9044, 3345, 6052, 9661, 9199, 8301, 2095, 3460, 4636, 7626, 3978, 8652, 828, 244, 1135, 5615, 1504, 5571, 2175, 811, 6810, 5461, 8606, 4714, 4047, 2234, 4209, 7069, 5033, 5365, 4982, 3799, 8993, 5801, 4742, 489, 662, 2624, 2041, 6970, 9223, 2353, 7499, 7268, 6691, 4152, 2330, 1828, 1603, 8927, 4336, 1447, 4751, 2988, 5197, 1979, 6859, 726, 736, 5447, 5604, 442, 3047, 8490, 3323, 2202, 2550, 3683, 1665, 681, 6900, 4306, 9867, 605, 7912, 9639, 8376, 19, 2444, 1801, 5543, 6738, 9113, 1291, 2279, 1095, 5935, 8539, 6443, 2498, 7886, 4530, 7156, 6814, 6490, 6843, 2693, 3582, 2173, 6335, 787, 8987, 2318, 7180, 9627, 4311, 9503, 402, 5913, 1859, 2848, 5824, 406, 4484, 6670, 1153, 1908, 3614, 1832, 1319, 3210, 8452, 6446, 8542, 3344, 2456, 2085, 903, 1596, 8535, 9946, 5093, 5947, 2197, 8021, 1292, 6556, 1859, 6078, 8259, 3700, 2113, 845, 5639, 6301, 2648, 5671, 9454, 6944, 9919, 7792, 3263, 2692, 5503, 2926, 6689, 6345, 9543, 1293, 7933, 2124, 8499, 6397, 8674, 3407, 1674, 4734, 4249, 1204, 1339, 1979, 1381, 1917, 2301, 2641, 8500, 869, 6952, 362, 7344, 6536, 495, 3761, 1428, 2591, 5809, 8794, 5935, 5622, 338, 2667, 6925, 1, 7557, 5921, 6730, 519, 1126, 7699, 5025, 4468, 1076, 5540, 4194, 3348, 6347, 1494, 2193, 140, 642, 8875, 3804, 6461, 813, 9950, 1370, 384, 5997, 3982, 542, 2810, 1260, 3649, 1926, 7263, 6241, 7376, 94, 2149, 4949, 2051, 4258, 3732, 47, 4722, 7940, 3641, 3100, 1456, 7270, 3385, 4833, 3903, 5370, 3462, 9159, 1708, 3833, 1355, 2181, 7590, 5943, 1860, 4302, 8488, 3830, 3574, 3970, 4750, 2992, 4154, 3394, 9479, 9440, 9117, 2411, 8098, 1626, 3018, 4074, 1071, 4152, 1497, 6765, 722, 4295, 3641, 6754, 1679, 5997, 3731, 234, 2980, 4677, 3683, 5543, 5298, 5996, 8497, 4412, 2988, 8542, 2410, 9150, 7663, 5934, 2442, 3073, 198, 976, 1160, 9103, 5156, 5955, 8118, 1663, 6468, 7985, 3724, 7794, 3062, 4196, 9279, 5107, 3557, 8696, 2405, 6307, 7810, 3857, 8443, 4985, 2287, 831, 4301, 9798, 3654, 7933, 813, 1148, 1550, 673, 3149, 6785, 7268, 8003, 9055, 6272, 637, 8860, 829, 3937, 4623, 6809, 2024, 7398, 7607, 8402, 9138, 8458, 5939, 604, 9786, 5600, 9278, 9286, 8525, 3286, 2288, 996, 5981, 4401, 7624, 1655, 9039, 9382, 7916, 9268, 4805, 6924, 6637, 7712, 5005, 4146, 7935, 6408, 7715, 7024, 2161, 5236, 6077, 4315, 6031, 4545, 852, 5847, 4033, 390, 4596, 2318, 6937, 4303, 9216, 6032, 7650, 6061, 7323, 2697, 2387, 4563, 3389, 374, 3352, 677, 2154, 4101, 7088, 2220, 7184, 3430, 2043, 7683, 4461, 9399, 7863, 2295, 5530, 9534, 5619, 9312, 9100, 2173, 3488, 1459, 1673, 1027, 9251, 9702, 9351, 8973, 4557, 9037, 1975, 472, 4322, 9351, 5116, 941, 646, 2053, 5183, 856, 3377, 8951, 7758, 9208, 2594, 2202, 1333, 5525, 8, 3159, 520, 8839, 4027, 5046, 3111, 5333, 8033, 8876, 3742, 2472, 1267, 808, 1652, 3591, 5317, 7517, 4233, 4451, 2371, 2153, 2902, 3599, 8438, 7612, 7544, 7027, 5684, 1061, 7987, 7957, 1222, 638, 3448, 3007, 2467, 8779, 4005, 6321, 2555, 4883, 4548, 3861, 2807, 1110, 1654, 4760, 6657, 3920, 8509, 2373, 8625, 8145, 6800, 8125, 4986, 7835, 509, 4984, 281, 7055, 8799, 9069, 3651, 1093, 1377, 284, 2259, 9199, 9350, 856, 3770, 9454, 314, 3094, 1667, 2054, 5003, 516, 7138, 8969, 6431, 1221, 1976, 2540, 6622, 7153, 1839, 1234, 9161, 8414, 7837, 1705, 5441, 1014, 8825, 3147, 1799, 7501, 4246, 7462, 1487, 9471, 757, 5802, 3441, 5984, 868, 4104, 6644, 4129, 3934, 6975, 5945, 3348, 8022, 6482, 7760, 2904, 6674, 2712, 5161, 9582, 8300, 8689, 3923, 2806, 2370, 931, 4729, 4490, 5450, 5486, 6244, 2986, 3390, 7397, 4100, 3450, 8650, 4425, 6103, 9442, 8646, 2328, 5232, 2212, 1922, 9316, 8297, 9028, 6360, 5516, 6701, 4403, 7060, 6497, 6645, 5080, 6240, 5492, 6481, 4673, 1852, 7637, 2610, 3967, 3272, 927, 6380, 8805, 5347, 889, 8365, 471, 7119, 771, 7293, 6170, 3920, 4560, 8804, 2545, 2384, 9348, 1122, 3849, 8033, 4410, 1217, 6222, 2059, 1368, 3896, 2774, 1806, 7038, 2806, 2058, 6826, 9538, 7568, 3291, 4684, 6618, 8060, 6015, 8554, 7656, 1751, 7760, 5738, 2898, 6798, 9414, 6686, 235, 5868, 8895, 7679, 2533, 2083, 631, 7183, 8958, 922, 4892, 93, 5804, 5716, 2040, 1603, 168, 2145, 6186, 1809, 5314, 7787, 188, 6895, 1014, 2693, 3758, 5087, 619, 2304, 9648, 6124, 2416, 9801, 7937, 5537, 9259, 9980, 3187, 2409, 4578, 2629, 6836, 527, 8243, 3664, 9973, 9543, 6454, 8476, 2078, 8941, 3761, 6699, 4095, 9871, 868, 5991, 6676, 7835, 8459, 9588, 1974, 6669, 2266, 3805, 4073, 6282, 1390, 1615, 9360, 556, 7031, 2602, 3690, 4216, 3536, 9972, 718, 9337, 8929, 7638, 9785, 4497, 9797, 9549, 8681, 6759, 3090, 9529, 6584, 4790, 5009, 379, 7352, 3718, 4666, 5877, 9702, 5565, 9839, 4898, 7017, 8546, 8787, 5325, 2822, 4635, 8905, 2370, 7034, 232, 8398, 790, 4659, 6933, 393, 8929, 2618, 591, 5599, 8328, 5686, 5349, 941, 5995, 3435, 3095, 1871, 4146, 2409, 4480, 6013, 9497, 4963, 785, 682, 8470, 4838, 9702, 9138, 1578, 7328, 1786, 9832, 4179, 3870, 9266, 2204, 1051, 7894, 3817, 6784, 9410, 8171, 3295, 2559, 9638, 9174, 8320, 1253, 8423, 831, 9988, 7364, 6530, 3727, 4735, 9389, 4571, 9762, 1998, 6899, 1386, 2304, 2967, 395, 8554, 1157, 8124, 4738, 6359, 4198, 8795, 7929, 8894, 3273, 1270, 5894, 4026, 3827, 7892, 8227, 3705, 19, 495, 2972, 9232, 2887, 1548, 1713, 2757, 2506, 6972, 3134, 4892, 5960, 1115, 9525, 211, 7006, 3060, 2283, 8366, 4861, 6693, 7054, 2868, 6740, 7477, 6915, 4156, 2160, 9356, 5332, 6172, 1370, 4100, 1885, 7021, 7563, 4801, 112, 3480, 5323, 344, 3808, 9177, 4020, 497, 3054, 138, 5492, 6830, 9667, 7828, 46, 1963, 1508, 9846, 4285, 5225, 6539, 6318, 2647, 8875, 729, 1585, 7428, 8704, 490, 6191, 9289, 275, 7310, 5089, 16, 5471, 2551, 7932, 1577, 7938, 2365, 1822, 2411, 6431, 3555, 7184, 6672, 4495, 7618, 6359, 9695, 521, 9817, 8072, 8326, 1028, 6277, 8373, 8062, 955, 509, 1623, 3019, 4383, 4135, 6805, 3323, 3533, 1113, 2942, 8269, 1304, 9351, 3685, 6185, 1101, 6777, 8576, 9343, 5428, 4129, 6391, 3718, 322, 2679, 8663, 3361, 538, 3656, 8941, 2952, 586, 1287, 1939, 5791, 6409, 5533, 8589, 4645, 2894, 782, 1964, 6515, 7145, 6776, 2420, 9552, 6331, 910, 3292, 7017, 5794, 3432, 3642, 3410, 7935, 9833, 6910, 6333, 7583, 8674, 4878, 8467, 4615, 6470, 8591, 1591, 7027, 4940, 8373, 4527, 6805, 1184, 9190, 4839, 1861, 4407, 2104, 3247, 7185, 246, 7251, 2943, 8426, 3530, 7445, 6854, 824, 3781, 3277, 185, 7019, 4965, 2276, 3323, 3221, 9436, 3007, 5147, 6870, 9549, 2562, 8370, 3147, 443, 5794, 2876, 1385, 7437, 8781, 8149, 6963, 4645, 7732, 3275, 8791, 3215, 151, 5538, 6023, 1545, 3376, 2249, 9299, 9586, 6639, 698, 6349, 7542, 1906, 1925, 5801, 445, 7374, 2763, 5758, 9950, 5225, 2517, 3197, 8369, 6728, 383, 3543, 2914, 8646, 1244, 9755, 8550, 689, 3875, 5049, 3682, 2744, 5720, 3076, 7864, 2920, 9473, 1005, 348, 9228, 9002, 3174, 9439, 2983, 8593, 1162, 7061, 5357, 717, 2041, 7793, 6177, 5108, 539, 7409, 553, 1882, 5402, 8696, 3682, 213, 5593, 6569, 3795, 1016, 4930, 7206, 4366, 9302, 2407, 5206, 4502, 2833, 1457, 9291, 9585, 1555, 8029, 748, 4193, 8789, 1718, 4917, 1943, 5083, 5140, 6197, 6285, 9430, 3252, 4076, 4684, 2628, 7331, 1954, 7849, 3693, 1056, 9666, 9866, 8211, 3813, 9321, 3804, 5162, 1512, 7808, 1127, 1055, 7838, 9741, 934, 2440, 1219, 2138, 7965, 8613, 8322, 1475, 4017, 2181, 1979, 3750, 5386, 3374, 6473, 2138, 485, 6009, 4540, 5520, 5991, 7489, 5526, 1081, 1350, 7256, 1890, 176, 4509, 3736, 5680, 6882, 401, 5986, 3332, 1788, 1374, 2584, 3034, 984, 3750, 1340, 2763, 8694, 6410, 7471, 9817, 4760, 394, 3276, 252, 8593, 9088, 6451, 6135, 9312, 8045, 9029, 3932, 7977, 8204, 4675, 4833, 9444, 4419, 6328, 6614, 2693, 5878, 7566, 5407, 8448, 6395, 1380, 8860, 5343, 9731, 5392, 6249, 5885, 6793, 1048, 8744, 193, 7249, 9965, 564, 4111, 6790, 6746, 7514, 28, 3856, 3878, 7993, 5100, 8723, 6706, 1739, 5263, 1808, 265, 2400, 3334, 9948, 8230, 361, 971, 9151, 4093, 696, 5948, 1420, 4052, 5548, 1307, 8939, 7765, 6919, 9923, 2141, 1518, 9180, 1937, 248, 3365, 6353, 5614, 4801, 5185, 5683, 4157, 7848, 4039, 9390, 6800, 5567, 9892, 8585, 7823, 200, 9837, 5273, 6207, 6462, 8309, 9302, 6641, 1355, 6675, 9447, 7796, 5012, 140, 6480, 5015, 2316, 2573, 9858, 4610, 8892, 7832, 6014, 6193, 2403, 664, 9270, 3655, 7182, 7390, 9573, 1946, 9706, 1387, 2287, 4247, 37, 6568, 9774, 507, 7546, 7572, 7033, 367, 734, 5337, 276, 7446, 5506, 4021, 9361, 530, 3326, 5030, 743, 5988, 8824, 3761, 4062, 2535, 1825, 8578, 8661, 9375, 4173, 9308, 9869, 6765, 9403, 1772, 940, 8286, 6011, 8566, 1170, 4517, 6990, 9504, 8477, 1708, 4576, 572, 1399, 4436, 9799, 8249, 1084, 6091, 5062, 4269, 6668, 9364, 572, 9688, 6405, 3432, 8834, 5853, 9400, 3040, 4593, 353, 2431, 3917, 486, 2590, 6755, 3927, 9845, 7080, 613, 7944, 2632, 3668, 9675, 505, 4886, 7959, 7981, 2399, 6976, 220, 1587, 1109, 9851, 8574, 727, 3263, 205, 2808, 4047, 2744, 6128, 3581, 3196, 5701, 2377, 9713, 7401, 3723, 5004, 7174, 7446, 2620, 4982, 7050, 1851, 966, 5067, 490, 8422, 8071, 5527, 8389, 2109, 575, 9603, 3024, 6592, 7607, 7894, 9225, 5475, 4304, 8393, 3006, 9310, 4550, 7697, 2834, 5817, 3170, 7307, 9926, 273, 1338, 333, 2620, 8961, 6814, 2044, 6653, 4815, 8282, 9608, 2247, 9148, 3956, 3152, 2458, 9981, 1007, 5202, 4739, 3538, 18, 6639, 5642, 4081, 9507, 3075, 4450, 7141, 8287, 6859, 6423, 5039, 6874, 501, 6764, 4403, 7901, 9631, 6773, 3422, 4886, 1357, 6661, 7847, 1855, 7847, 7523, 7551, 8835, 351, 3959, 2043, 3770, 6582, 3634, 7771, 1143, 4880, 8985, 4899, 459, 5062, 9739, 1093, 9821, 7649, 9969, 2429, 4324, 4031, 1023, 751, 8325, 743, 4395, 8243, 763, 4797, 557, 6032, 4685, 8045, 9169, 1580, 9806, 5638, 1113, 2821, 9662, 8491, 832, 5997, 1808, 1036, 1700, 5620, 2977, 4267, 7328, 6180, 107, 3059, 1362, 7310, 9075, 7185, 588, 7213, 2013, 5586, 555, 7888, 9042, 3105, 2662, 3305, 4782, 9973, 4052, 6929, 3411, 5249, 3655, 5367, 6226, 2284, 610, 5690, 6939, 9937, 7849, 1529, 1764, 2134, 8330, 1964, 2651, 6545, 2459, 9396, 2789, 9314, 3594, 720, 5110, 8694, 4729, 5353, 8423, 2992, 4147, 1660, 5737, 3010, 9174, 3936, 5507, 110, 9096, 9408, 5134, 6665, 390, 3756, 6279, 1978, 2922, 9141, 2735, 8528, 1552, 7439, 149, 9138, 9103, 4862, 2149, 5414, 5158, 7726, 4176, 564, 2917, 4640, 9120, 3913, 8606, 3876, 3028, 5354, 6476, 2609, 6539, 580, 7052, 7882, 2807, 3978, 4006, 7754, 5873, 4516, 8372, 2457, 8396, 5298, 2665, 9906, 3118, 7492, 4561, 6092, 6585, 989, 6571, 7300, 5220, 2322, 6190, 280, 7956, 3009, 4111, 1236, 4313, 8965, 5863, 9876, 6938, 6256, 7403, 499, 4407, 9501, 8388, 419, 2882, 8770, 8802, 2483, 9691, 9933, 6799, 6084, 6316, 7307, 428, 4772, 3047, 213, 7195, 4251, 7012, 6159, 1675, 4225, 4130, 9042, 5646, 2931, 8520, 4354, 2056, 4277, 7271, 6220, 780, 3776, 7257, 9362, 4141, 9024, 7472, 1906, 8544, 3655, 4235, 7919, 7680, 8172, 2488, 5333, 2373, 2226, 3092, 1907, 2509, 5980, 7349, 8424, 8657, 4096, 5899, 4673, 5091, 1948, 5605, 8574, 2420, 9237, 1532, 5691, 6775, 7936, 3684, 496, 5280, 6716, 3425, 4087, 5851, 8437, 2207, 2028, 9567, 7519, 545, 3926, 440, 8799, 7614, 7178, 8597, 2048, 8899, 1609, 4050, 3662, 9176, 6338, 7436, 4730, 9349, 5678, 1045, 2172, 7411, 6551, 711, 4202, 7320, 8910, 3005, 7020, 2113, 6326, 1617, 8821, 1408, 1501, 8645, 5479, 7661, 17, 5468, 1784, 4859, 9773, 4755, 6609, 8010, 3824, 6138, 810, 5361, 1343, 7959, 4002, 7186, 3037, 3008, 8250, 576, 8079, 7263, 9102, 3109, 5272, 6209, 9229, 5910, 6987, 7109, 7074, 4389, 1849, 8859, 3230, 1007, 4452, 9298, 628, 1882, 9810, 953, 810, 7229, 5726, 7369, 7905, 2336, 7247, 7043, 6368, 6074, 5381, 193, 8673, 1919, 8427, 4028, 3496, 4071, 5475, 501, 4817, 3596, 5990, 8158, 5438, 5812, 8945, 6763, 7757, 4207, 4644, 5523, 4297, 4477, 3935, 5515, 7292, 7813, 6374, 2451, 7611, 8634, 9264, 2549, 5280, 8830, 2580, 1879, 5236, 3554, 9261, 6293, 5305, 3732, 3796, 7625, 9270, 9719, 6853, 396, 2432, 3033, 2965, 7472, 6003, 9922, 3189, 5509, 3200, 8515, 6847, 4076, 4682, 6668, 4389, 4466, 9641, 6981, 1855, 5445, 7757, 5415, 4126, 6076, 8406, 9923, 6107, 3347, 6460, 3027, 8954, 1182, 8923, 4357, 6747, 8367, 5539, 1836, 3390, 5943, 6755, 4483, 1054, 7435, 8787, 921, 4127, 9935, 5408, 5251, 2701, 5332, 7744, 4631, 1156, 4761, 2694, 1431, 7785, 6002, 9892, 3178, 4596, 7701, 9135, 8071, 8714, 6145, 3025, 1129, 5743, 3383, 5931, 9619, 2059, 9421, 7259, 8826, 5182, 363, 670, 9444, 1829, 783, 1511, 2491, 6021, 2943, 1977, 6840, 9796, 5861, 1959, 3950, 1399, 3200, 2669, 1695, 6743, 8947, 4365, 6367, 3422, 819, 7972, 8590, 2099, 7597, 7959, 8569, 3360, 8905, 5721, 217, 6061, 2583, 7146, 6140, 2439, 7885, 35, 2701, 1061, 9859, 1985, 646, 9256, 9611, 5411, 6106, 9183, 3907, 5494, 1567, 2441, 2110, 4394, 3617, 6642, 1583, 7065, 736, 1257, 909, 527, 3476, 6567, 624, 6907, 3402, 75, 8590, 7457, 6012, 5315, 7137, 4975, 9977, 3024, 3576, 5593, 4157, 6715, 5722, 1831, 9133, 3027, 1653, 2577, 8661, 573, 4566, 9763, 477, 4041, 600, 1302, 3463, 5977, 8467, 3846, 8254, 642, 8912, 2776, 4083, 3543, 594, 9062, 6719, 4146, 7159, 3477, 9774, 3818, 6284, 6808, 9119, 7824, 4481, 757, 2063, 9267, 227, 8119, 7688, 3323, 6416, 5780, 4988, 9963, 4441, 7344, 954, 4804, 433, 9731, 8395, 3835, 6529, 6724, 1205, 2782, 2417, 5331, 4924, 5267, 9730, 6929, 7109, 976, 7451, 3450, 3876, 5382, 7937, 4824, 768, 7027, 6142, 3069, 3510, 3617, 6927, 3161, 411, 6647, 6143, 9781, 9496, 2288, 3560, 8186, 2601, 870, 5185, 4696, 4392, 4317, 100, 8620, 7098, 8868, 6754, 3246, 791, 8877, 8752, 6633, 5388, 1594, 7740, 2297, 1400, 9958, 165, 562, 2153, 5668, 3264, 2684, 3674, 6355, 2892, 9240, 2365, 1538, 1710, 7397, 7179, 4476, 1028, 8323, 8196, 7538, 4522, 6697, 514, 5400, 3291, 4048, 1496, 6060, 5731, 9950, 5150, 5627, 4103, 3637, 749, 3204, 105, 3536, 7077, 4813, 3778, 4979, 4097, 7383, 9945, 177, 2936, 5816, 6660, 1694, 121, 3292, 2542, 6741, 1945, 8393, 4839, 7884, 906, 6486, 3674, 6121, 320, 4561, 828, 8012, 9853, 1079, 822, 6900, 702, 7670, 7865, 8701, 648, 4068, 442, 4270, 1064, 1928, 4533, 521, 7317, 6435, 5735, 4544, 4525, 8874, 3635, 9514, 6655, 1211, 759, 2131, 620, 3090, 7194, 2988, 2113, 1256, 152, 3757, 782, 9258, 5527, 3126, 4945, 9629, 1994, 1783, 629, 8002, 6786, 4530, 1998, 6536, 6311, 4543, 8970, 5261, 2101, 3015, 5369, 7047, 3107, 3246, 9483, 5411, 3352, 515, 6462, 3284, 6087, 2715, 1735, 2605, 2181, 3901, 4273, 9312, 4063, 970, 2658, 4983, 9714, 6141, 4426, 4841, 1277, 2062, 1942, 7810, 2259, 3773, 6101, 5448, 6546, 8480, 5598, 7978, 4471, 6606, 7302, 6000, 3646, 3926, 9498, 7825, 7213, 4997, 1333, 2726, 5608, 4527, 817, 4391, 18, 7256, 1980, 6898, 1051, 2340, 6405, 2774, 9585, 2972, 9406, 4300, 8764, 9699, 936, 2757, 6812, 9629, 1592, 7118, 1444, 1883, 6363, 4548, 4202, 7923, 746, 7112, 6972, 2444, 4533, 5542, 9501, 8525, 205, 5811, 7271, 8160, 6320, 9957, 9347, 6769, 6911, 736, 2283, 8807, 7092, 6937, 5632, 4427, 5049, 388, 9452, 2069, 8297, 3643, 4166, 3953, 3407, 6542, 3557, 2638, 549, 3717, 5449, 9360, 3719, 3274, 308, 6160, 6724, 377, 6291, 6694, 5458, 5129, 595, 9377, 1137, 3040, 5158, 5031, 7007, 2483, 444, 3912, 9553, 1183, 1733, 4480, 6056, 5219, 9985, 9556, 4163, 5631, 79, 6738, 7419, 6700, 169, 9421, 4825, 1694, 3612, 8922, 1751, 6715, 6717, 3188, 3621, 3102, 8034, 8451, 1745, 4752, 4708, 1467, 5874, 4664, 6159, 9423, 9506, 4861, 4261, 5117, 6540, 4641, 8298, 3632, 318, 6266, 9671, 8769, 7569, 6200, 7320, 8121, 6911, 1917, 5954, 197, 8122, 881, 9554, 7171, 8701, 166, 4161, 4889, 7124, 4659, 7096, 9780, 6104, 7668, 2517, 3559, 8909, 6306, 2670, 9064, 1807, 2431, 7423, 4052, 3338, 2123, 2093, 8627, 3137, 5789, 8863, 6878, 1164, 8839, 1771, 7049, 7649, 1282, 142, 6402, 8480, 5174, 9013, 8289, 9569, 6873, 3697, 791, 4201, 4276, 9061, 9450, 5030, 3235, 9458, 3716, 411, 4410, 5871, 1009, 8037, 4638, 8919, 399, 7040, 6086, 4858, 8419, 7362, 8652, 4085, 1721, 7876, 7868, 2869, 6529, 3520, 2263, 3134, 2801, 2171, 4398, 11, 5926, 5238, 7812, 8453, 4413, 8569, 5162, 1783, 1691, 2592, 2447, 6813, 7782, 5204, 2433, 3216, 2768, 4489, 7257, 2741, 5926, 4719, 8319, 2751, 7518, 9934, 3398, 3808, 5648, 1438, 921, 5500, 2744, 2715, 5055, 2922, 741, 6345, 4880, 7211, 1535, 7973, 7843, 3471, 8270, 312, 6269, 1460, 2532, 1487, 9803, 8726, 8425, 583, 5365, 6439, 3122, 6390, 264, 7683, 3916, 3991, 7666, 9665, 4381, 654, 8705, 9846, 9880, 2041, 1076, 6188, 9350, 2279, 2963, 3022, 4737, 8248, 5685, 3019, 9116, 849, 520, 9377, 4893, 8665, 8400, 5932, 6528, 5558, 5798, 3440, 5173, 1335, 6665, 7918, 433, 2657, 1367, 4629, 5025, 178, 6701, 1490, 804, 1100, 4933, 987, 7054, 6823, 6542, 8952, 5525, 7366, 1366, 7199, 7569, 9778, 1432, 5837, 3291, 264, 9289, 6442, 4406, 9634, 9008, 4332, 1321, 3664, 7384, 4531, 885, 9900, 7869, 4055, 4278, 5955, 5649, 2373, 1188, 7559, 1780, 8839, 7612, 919, 5943, 9331, 454, 2088, 8399, 2923, 4636, 7671, 5847, 1839, 9845, 8886, 840, 787, 120, 6884, 5181, 8712, 7235, 1235, 2085, 7042, 4723, 4352, 8889, 8852, 238, 7435, 7205, 2554, 9126, 8390, 9345, 7621, 3100, 9644, 1955, 8607, 6116, 3058, 3253, 9938, 8702, 3647, 1379, 3064, 1199, 4196, 7194, 2538, 550, 9173, 2526, 214, 1352, 7298, 8638, 3337, 2529, 9367, 4985, 6750, 9514, 3101, 4414, 6784, 5976, 7827, 803, 374, 5343, 8597, 7168, 42, 5619, 6576, 5890, 3113, 2980, 3495, 1221, 803, 7649, 6156, 8410, 5155, 892, 691, 8007, 4130, 577, 8028, 7708, 265, 1166, 592, 9091, 5756, 6851, 8607, 109, 4758, 4374, 2061, 1481, 5598, 17, 69, 929, 3974, 427, 9791, 5314, 966, 6636, 4880, 6634, 195, 1931, 9763, 6230, 6199, 5663, 7891, 825, 7942, 710, 433, 9939, 5816, 1187, 8702, 3976, 4256, 8031, 6088, 9013, 5137, 2355, 6856, 7145, 4973, 4348, 2427, 4551, 8703, 5816, 9638, 1647, 4413, 60, 1284, 9558, 9526, 3935, 5357, 5246, 6238, 5818, 3044, 966, 6357, 9890, 4061, 6160, 7698, 7354, 9197, 1584, 8662, 2327, 9413, 1564, 3460, 5923, 3963, 11, 6727, 2420, 5523, 4941, 8686, 6389, 9649, 8573, 7873, 6892, 5523, 9624, 3118, 8426, 3991, 4002, 9068, 464, 3536, 6310, 4496, 589, 4458, 2350, 5630, 6532, 8177, 1620, 5727, 7751, 4827, 323, 4612, 1634, 3017, 7553, 6010, 5057, 5430, 3487, 1576, 6899, 9490, 6594, 8027, 8272, 2487, 3461, 9579, 6893, 125, 8193, 8881, 5880, 7164, 7017, 499, 3794, 8434, 7298, 5513, 7905, 5026, 1677, 3200, 7034, 2631, 4938, 7522, 7054, 9920, 185, 3270, 1781, 215, 8376, 8620, 4938, 3411, 9357, 1062, 1643, 9612, 804, 1877, 9121, 1563, 3815, 3916, 9754, 6593, 3392, 3492, 432, 4864, 3615, 6850, 5378, 1613, 1129, 2775, 116, 8870, 6740, 2797, 7798, 748, 4651, 2082, 9365, 9729, 9928, 7289, 5994, 6020, 523, 3188, 2931, 1412, 8287, 9894, 9728, 554, 3139, 8280, 4282, 4264, 4230, 4726, 7110, 6945, 2676, 4117, 4251, 3064, 1259, 5787, 592, 3925, 4224, 1188, 6027, 4874, 4692, 6259, 8800, 6286, 6823, 9519, 1507, 3702, 1376, 327, 3625, 9649, 17, 5873, 9641, 148, 1744, 8223, 2591, 6055, 9076, 4449, 5857, 1775, 5385, 8817, 5252, 4840, 7503, 3254, 2128, 7961, 4289, 5951, 9467, 2971, 2995, 4460, 2984, 4759, 8508, 6593, 9755, 1316, 7270, 7347, 2005, 5632, 6141, 8418, 1936, 6616, 1844, 4175, 3732, 3467, 3784, 8135, 8107, 4693, 3425, 9115, 2451, 5215, 9947, 9303, 9859, 6158, 2277, 3339, 6048, 254, 6944, 2105, 7714, 5865, 4036, 5949, 3009, 7427, 7985, 5409, 8604, 940, 7468, 8839, 5351, 5202, 2895, 5887, 7974, 4647, 7080, 8526, 764, 9111, 5959, 4869, 1033, 4615, 7869, 9840, 1432, 3596, 4055, 1993, 9314, 9725, 8107, 1513, 576, 2797, 8135, 7098, 1693, 3981, 4380, 9869, 3684, 9189, 6926, 4796, 1895, 2516, 8088, 2192, 1480, 4469, 8148, 4634, 8897, 708, 391, 1663, 6952, 6761, 8759, 1081, 8975, 7523, 3744, 1977, 7520, 756, 2396, 5538, 2430, 8234, 8701, 8560, 8912, 5393, 3913, 7286, 6992, 5370, 8720, 3167, 2652, 3257, 3158, 9581, 661, 832, 7539, 7704, 7937, 2642, 4091, 1170, 2352, 7897, 9460, 671, 1839, 663, 3215, 9385, 1631, 3219, 8566, 1442, 8882, 2176, 6240, 9205, 237, 832, 8607, 3163, 9631, 3607, 7043, 2244, 5481, 2638, 6058, 2497, 9105, 2193, 9583, 1962, 2201, 7348, 9417, 8369, 5982, 3693, 5649, 5368, 9037, 4602, 9458, 8825, 9248, 1830, 5374, 9972, 4768, 9285, 9756, 4687, 1736, 5245, 2824, 732, 4566, 4962, 5268, 7580, 6846, 9849, 2111, 9585, 6821, 1226, 7640, 9924, 5045, 6708, 4954, 2182, 7275, 5026, 8948, 590, 4427, 2418, 8461, 2794, 8515, 2652, 7816, 6514, 913, 6886, 9873, 6511, 7779, 1462, 6123, 1982, 831, 8516, 1148, 5111, 8911, 1261, 1574, 1243, 7037, 4564, 556, 2481, 8871, 748, 2611, 6273, 9445, 996, 8948, 751, 8805, 111, 7501, 7587, 8942, 2702, 7455, 8676, 8841, 1106, 4607, 6205, 5168, 897, 5579, 4130, 6428, 726, 9046, 9448, 6015, 1539, 5201, 3597, 3227, 373, 4384, 2149, 1219, 8987, 487, 3112, 1604, 3992, 2502, 5792, 2348, 6747, 3557, 7784, 9990, 8010, 6170, 6785, 2395, 999, 5720, 1443, 225, 7075, 5138, 1969, 9924, 165, 4585, 6455, 8778, 2314, 283, 126, 4745, 174, 9752, 3404, 5307, 6389, 8536, 6369, 3050, 7009, 1548, 4188, 46, 6342, 8522, 9204, 3494, 9226, 1115, 600, 5979, 722, 3426, 7640, 2394, 9117, 3718, 9999, 2606, 6945, 6704, 8458, 8649, 1396, 5003, 5792, 2780, 619, 4867, 6543, 7339, 4025, 3281, 1427, 2818, 2745, 7397, 1286, 4468, 5017, 8099, 1295, 2525, 9581, 3376, 7979, 5636, 869, 7864, 674, 6708, 3395, 2329, 8805, 4221, 3088, 216, 884, 1915, 3362, 8087, 8903, 8962, 7623, 2009, 4989, 5312, 8694, 4117, 1722, 280, 1501, 2905, 6920, 5607, 5101, 5809, 1296, 5434, 7999, 2551, 5480, 8968, 425, 1220, 349, 8234, 904, 3952, 9431, 8754, 244, 9057, 5716, 1934, 6697, 4619, 8539, 7296, 6946, 2667, 3450, 3797, 1563, 1371, 3061, 2294, 4778, 5668, 667, 4774, 6840, 6043, 768, 1485, 7707, 8597, 2097, 7514, 2567, 489, 2631, 2062, 6155, 6147, 6365, 7956, 1346, 5843, 7122, 9293, 6198, 4224, 4168, 4445, 307, 7055, 9636, 460, 7203, 5154, 6979, 7758, 2226, 6390, 5948, 1771, 7425, 558, 5995, 3279, 490, 6289, 5662, 129, 9910, 4289, 8197, 378, 7595, 2748, 5301, 2825, 162, 6731, 4428, 7086, 3177, 5831, 4996, 2030, 4907, 4691, 3246, 8259, 8779, 5767, 2212, 1540, 8119, 1281, 6711, 7222, 9557, 9516, 1684, 6471, 1371, 9371, 9237, 8461, 5964, 2720, 6642, 3066, 3764, 2047, 6213, 2823, 3445, 3827, 3384, 1805, 2110, 7523, 4101, 3254, 6025, 4447, 3998, 8765, 7899, 7798, 7778, 157, 4164, 9634, 9264, 724, 7033, 5133, 5895, 1834, 6887, 3370, 4104, 7853, 4878, 2833, 7335, 6217, 3731, 5956, 8916, 8330, 8027, 3876, 5641, 4886, 8830, 2419, 1179, 8061, 3163, 2727, 6348, 2342, 7772, 4641, 2270, 3254, 5715, 1923, 9662, 1969, 6455, 1828, 7718, 7578, 3760, 8593, 9198, 1951, 3717, 80, 1954, 248, 581, 463, 6198, 9154, 4436, 6148, 7253, 2011, 3345, 941, 850, 1313, 437, 3768, 6530, 7365, 3417, 2417, 3286, 7245, 7987, 9982, 1967, 1544, 2777, 9684, 5975, 1125, 8078, 9092, 3041, 4289, 4648, 1529, 2875, 419, 7155, 5860, 2294, 9056, 5232, 5713, 5441, 562, 2744, 4389, 8633, 5006, 6658, 3446, 1047, 4722, 4146, 5078, 4907, 1636, 1494, 4657, 9462, 9551, 239, 3557, 2703, 5438, 997, 8198, 5733, 5568, 8289, 8361, 8137, 4641, 483, 7595, 8504, 835, 3351, 6315, 9470, 9443, 7349, 1839, 6670, 3065, 1404, 1275, 2622, 2161, 4359, 6372, 6112, 6324, 2896, 1096, 5712, 6103, 3948, 8654, 234, 7940, 2793, 1791, 5270, 2274, 8371, 6831, 1534, 6146, 7134, 7598, 4281, 6573, 3696, 4556, 7508, 9390, 7539, 430, 3808, 3603, 7433, 2693, 8731, 8075, 5947, 5945, 8647, 2880, 5135, 8681, 3314, 7533, 1455, 5151, 7161, 4280, 4468, 3358, 118, 8648, 7885, 6962, 721, 2358, 3974, 8103, 3828, 4732, 9730, 760, 5236, 5571, 3106, 4789, 7078, 6093, 1656, 828, 1113, 639, 5958, 7428, 5606, 7762, 9650, 7430, 4923, 4485, 1359, 9203, 7678, 5536, 5387, 3969, 4845, 2256, 7940, 6414, 8810, 3971, 1273, 8781, 3979, 7131, 6151, 3224, 7518, 3975, 7979, 744, 8763, 2664, 4109, 1239, 5612, 2556, 6165, 7930, 6309, 4939, 2196, 4577, 3395, 2377, 7, 3107, 466, 9301, 1520, 6754, 3062, 6518, 9443, 6604, 6141, 569, 2212, 7813, 3721, 1541, 7335, 6793, 2562, 3668, 8252, 1359, 2565, 2120, 8460, 6302, 9041, 862, 2166, 7973, 9943, 4156, 7978, 6373, 1391, 2888, 4314, 6044, 2777, 46, 7343, 2116, 9241, 594, 7011, 1169, 415, 5808, 2128, 1766, 7392, 6588, 6923, 2260, 1409, 1745, 4934, 2458, 2177, 4469, 2888, 6030, 2840, 4236, 3391, 3349, 3452, 7573, 5426, 9556, 848, 8114, 1222, 2938, 5100, 9084, 7375, 3550, 4618, 2362, 4048, 9992, 794, 1323, 458, 4744, 7384, 5376, 7102, 2285, 3153, 5405, 5612, 1924, 9312, 3279, 9596, 3483, 4695, 7495, 2882, 5518, 6665, 4559, 9454, 7450, 8845, 2225, 786, 8601, 1955, 7848, 4410, 6026, 1228, 631, 1037, 9249, 7593, 6521, 6956, 9426, 1303, 3005, 9434, 8119, 549, 330, 6479, 4651, 3947, 346, 251, 8649, 953, 3990, 6853, 9977, 7533, 6250, 6814, 235, 425, 9602, 3229, 6177, 849, 9935, 6958, 1065, 9759, 3588, 8428, 9636, 7970, 4209, 7367, 9694, 5743, 8198, 4422, 7743, 5526, 4778, 3673, 907, 9316, 5666, 8150, 597, 8514, 7622, 1492, 9150, 3923, 8262, 4367, 289, 7791, 8853, 3402, 5126, 881, 4679, 8980, 7516, 2999, 4548, 2283, 4295, 5178, 254, 9177, 5561, 5945, 9012, 9575, 4766, 3522, 211, 3351, 2782, 7973, 6986, 2028, 2492, 8440, 1672, 3530, 8897, 4622, 6318, 1109, 5958, 9202, 3158, 2248, 6915, 4651, 5823, 5185, 6204, 1629, 6899, 2740, 8353, 3539, 592, 4280, 9968, 1608, 9209, 4906, 5648, 4219, 197, 8966, 4029, 7090, 7451, 2855, 7641, 4748, 1456, 4992, 9211, 8398, 1368, 8330, 7751, 6366, 7915, 7243, 8297, 1655, 1595, 6406, 6023, 7368, 6257, 6662, 827, 6954, 186, 3483, 9391, 5504, 5806, 1488, 3821, 663, 4066, 3517, 7954, 5273, 6616, 1190, 6386, 9706, 8088, 2916, 9660, 8712, 3434, 8078, 3822, 4056, 6747, 2309, 7193, 3811, 6320, 4572, 6639, 8960, 4250, 916, 2861, 41, 1446, 6766, 8701, 4394, 7284, 6375, 791, 5527, 7032, 13, 1717, 8829, 785, 6213, 7040, 6749, 1994, 8900, 1172, 9721, 8984, 9230, 9545, 393, 1376, 8788, 4698, 5974, 7278, 9998, 7326, 767, 7367, 8471, 2382, 9548, 5306, 2730, 680, 479, 7584, 5621, 6592, 2633, 3614, 5129, 2350, 8923, 3658, 8798, 2920, 6164, 84, 9268, 4773, 2835, 9428, 3537, 6406, 9562, 5147, 1889, 6789, 8330, 6459, 7645, 7449, 2195, 8704, 6485, 8277, 8474, 2949, 4500, 1700, 2756, 1507, 7684, 6402, 1995, 4109, 9429, 4542, 4686, 9073, 7463, 1741, 5282, 4799, 6635, 6499, 4279, 9834, 422, 6140, 8502, 7694, 1057, 6889, 1492, 4387, 923, 3288, 5963, 255, 9816, 4540, 2541, 331, 24, 6301, 1985, 7088, 3252, 1140, 7414, 4376, 1032, 1857, 8598, 9696, 1047, 2295, 5794, 7121, 6789, 2035, 8069, 1382, 5743, 2686, 5381, 5084, 4842, 8182, 4109, 9560, 9941, 1172, 477, 9636, 407, 5401, 6200, 3347, 6034, 8990, 7102, 1242, 8098, 5303, 4647, 3507, 4796, 2664, 807, 6625, 3423, 4826, 1231, 6678, 2261, 5717, 373, 2426, 6305, 9718, 3420, 8170, 6059, 8116, 563, 5405, 2591, 6420, 5074, 3860, 658, 7639, 4109, 2727, 4019, 15, 4289, 8071, 4989, 9908, 4222, 5329, 2033, 234, 358, 4721, 3112, 2647, 8466, 234, 3561, 3362, 5004, 5772, 441, 4961, 1532, 8913, 2335, 820, 1092, 390, 9142, 1262, 8869, 1203, 126, 1749, 45, 5202, 6449, 4946, 1221, 4383, 4075, 877, 9383, 1420, 3548, 8584, 9633, 8303, 9819, 6375, 45, 4267, 7862, 6159, 252, 5980, 3233, 6444, 4129, 3312, 2336, 5387, 5168, 3239, 4985, 7343, 9568, 6141, 8910, 611, 7057, 1783, 7379, 8031, 8324, 6792, 9341, 1725, 9309, 595, 5056, 7444, 3603, 8689, 6167, 5971, 3601, 4646, 9569, 1770, 6430, 9133, 4001, 1372, 5699, 9459, 5752, 2657, 32, 8744, 7857, 1579, 4954, 437, 3482, 7454, 6347, 7803, 6558, 5821, 5291, 8804, 5735, 9737, 8088, 9078, 671, 9341, 5261, 1894, 5193, 311, 2903, 1499, 8803, 6903, 6471, 8173, 1571, 3558, 8081, 4427, 2606, 3618, 4238, 1729, 7633, 6299, 6790, 2019, 4785, 5572, 6921, 3364, 1672, 4651, 5783, 2662, 1612, 1558, 1744, 6570, 1699, 4012, 9056, 6008, 4298, 5340, 9501, 6249, 8407, 294, 9287, 3099, 8622, 9853, 711, 6330, 527, 8607, 1703, 5002, 3993, 1127, 9392, 9363, 2181, 680, 4985, 159, 9073, 224, 2489, 3589, 6238, 1661, 2471, 2680, 9052, 8836, 5704, 6149, 9961, 4188, 2766, 4970, 166, 3255, 9101, 622, 5373, 1675, 2445, 6275, 1793, 3886, 2829, 4081, 5149, 2039, 3282, 4387, 9328, 6028, 7189, 5317, 4609, 9147, 1681, 5008, 659, 5503, 8404, 1289, 2186, 4196, 3237, 4426, 2477, 1331, 561, 9267, 841, 9313, 9849, 4345, 6970, 8755, 3999, 3604, 7254, 5659, 5037, 387, 6704, 7406, 9936, 5298, 5764, 9702, 9741, 7462, 6583, 4304, 6165, 228, 2431, 9628, 9109, 9246, 6380, 49, 8466, 3067, 3289, 8193, 4119, 5943, 9328, 2543, 6726, 5072, 2730, 2573, 5052, 5748, 7903, 7844, 3587, 8097, 5352, 2797, 4170, 4579, 9400, 1512, 4761, 3883, 9296, 1187, 7117, 3322, 5215, 8627, 3223, 1538, 9712, 1255, 2293, 9937, 581, 7358, 559, 1161, 8055, 905, 6496, 363, 3310, 2298, 3782, 588, 9916, 1095, 3825, 5360, 2333, 1595, 3315, 337, 3382, 1820, 4345, 115, 7957, 4244, 1644, 4423, 8936, 3040, 2551, 7930, 6928, 6477, 4198, 9366, 1447, 6427, 5753, 9271, 1283, 2948, 8783, 2090, 551, 3657, 1186, 5734, 889, 4053, 1728, 7863, 1456, 4030, 2990, 7074, 7086, 4252, 7396, 8346, 6598, 1245, 1214, 985, 5662, 6193, 8357, 8835, 4583, 4192, 8699, 6039, 9604, 3918, 341, 2886, 469, 9923, 8153, 4847, 6546, 4810, 7265, 7423, 5947, 5878, 9810, 3523, 6665, 4517, 3367, 3730, 8816, 5802, 5875, 1449, 175, 2657, 878, 8707, 6596, 151, 9332, 1472, 2265, 5450, 7154, 4338, 1242, 7718, 4302, 8243, 8403, 781, 1158, 6346, 7055, 8376, 2913, 2306, 8710, 7231, 9668, 4937, 6584, 7756, 3178, 7222, 8885, 9251, 1087, 7357, 6656, 9422, 5624, 5044, 5773, 9717, 6740, 7817, 1485, 7344, 6534, 938, 444, 2699, 918, 3710, 6862, 6425, 476, 4656, 5791, 1851, 5745, 3467, 197, 687, 4929, 9540, 1744, 2046, 6314, 6218, 184, 4175, 4609, 3405, 4563, 9030, 2247, 1705, 3903, 2764, 9003, 5120, 5131, 1054, 9012, 9678, 3774, 8995, 526, 3911, 23, 9631, 7651, 4036, 1525, 739, 7717, 641, 7791, 6629, 7132, 8525, 9846, 2699, 6752, 9938, 4369, 1255, 1668, 9697, 3550, 8004, 859, 244, 862, 3015, 5755, 6216, 2319, 4232, 5906, 3685, 874, 6806, 8855, 6235, 1403, 9020, 2270, 9249, 521, 4380, 5526, 3459, 5801, 2034, 2506, 8922, 443, 3492, 5730, 956, 5934, 2437, 8136, 991, 1258, 1380, 17, 5549, 7164, 533, 3731, 3235, 3034, 5832, 559, 2634, 1769, 7999, 2198, 9779, 5491, 6269, 7562, 8573, 5227, 6886, 3272, 4339, 1211, 7647, 3328, 1108, 2644, 4559, 6027, 284, 1310, 9231, 5178, 9212, 7364, 6847, 939, 4682, 8738, 7795, 1444, 4042, 4728, 8601, 5002, 1865, 2210, 1786, 3971, 758, 521, 9494, 2891, 7018, 4802, 7599, 9586, 17, 11, 4242, 2171, 718, 5106, 9879, 3234, 2400, 7766, 9120, 3226, 6530, 8416, 5747, 9747, 5762, 9957, 2305, 7786, 2448, 391, 6204, 439, 8189, 5310, 685, 4119, 964, 1257, 604, 6788, 7464, 9182, 1940, 5375, 453, 7205, 2588, 2433, 8176, 3811, 4699, 1835, 9597, 1816, 9655, 920, 6762, 980, 8573, 5026, 1541, 5615, 6879, 1517, 248, 6324, 3509, 5980, 6628, 3623, 3166, 2959, 3809, 12, 3242, 7894, 1170, 4195, 8798, 6458, 942, 5618, 4323, 5684, 6221, 4021, 2000, 1520, 6645, 9566, 7054, 19, 6946, 6202, 3038, 5792, 3090, 7019, 7684, 5912, 9918, 3534, 6627, 4300, 2534, 3624, 5348, 4720, 8862, 8352, 4442, 2125, 6498, 3324, 1913, 2753, 6463, 743, 2708, 3705, 667, 2859, 3340, 8782, 9450, 9019, 4055, 9147, 4631, 3953, 7127, 7624, 1851, 9328, 8881, 9911, 3512, 5633, 5100, 4680, 7990, 3577, 4976, 6247, 7745, 2468, 3601, 1365, 9013, 8315, 7291, 1748, 1115, 3204, 8299, 7245, 2877, 709, 9237, 814, 9320, 6100, 3085, 7417, 6798, 2290, 1430, 4518, 1223, 7075, 1985, 7663, 7770, 9273, 4378, 7461, 1797, 4126, 1349, 6862, 2356, 8400, 524, 7681, 2011, 3518, 2091, 9942, 4240, 9909, 1155, 7620, 4886, 4718, 5742, 4876, 942, 5008, 6667, 1006, 8535, 9105, 744, 8839, 851, 9888, 16, 9287, 2281, 3497, 2257, 8269, 2273, 4237, 5724, 5649, 3966, 8403, 3665, 7328, 5470, 8998, 8454, 6957, 1446, 4122, 7398, 5696, 7902, 3282, 6061, 4705, 7481, 1507, 7302, 7223, 2892, 6167, 971, 1263, 8991, 4930, 1894, 6336, 1176, 6497, 3499, 3996, 9344, 2662, 3026, 9301, 4551, 57, 8525, 5249, 9613, 7150, 3765, 7604, 4464, 7941, 946, 8974, 2540, 6004, 9667, 2209, 5900, 415, 8382, 5659, 9233, 218, 8911, 5881, 3424, 7581, 1837, 9974, 2201, 7481, 7757, 6117, 5572, 2453, 6900, 6946, 4801, 2706, 6854, 1749, 7586, 4991, 2667, 1289, 1157, 5852, 7093, 3193, 3553, 1366, 7018, 1588, 3499, 1490, 32, 1619, 5666, 7693, 9919, 5006, 9086, 3786, 5932, 4453, 9369, 6262, 1056, 2146, 3994, 2365, 7531, 3001, 7680, 8106, 4306, 2136, 491, 6685, 4451, 9028, 621, 1900, 4045, 3159, 9994, 6946, 2853, 5436, 4969, 4825, 4116, 2309, 6479, 8628, 1035, 3082, 3261, 8651, 1154, 1571, 4212, 6942, 2898, 4131, 1946, 9511, 3142, 7463, 2945, 9313, 3265, 1233, 1137, 6738, 6219, 7002, 1260, 4217, 1160, 2023, 8757, 4500, 8100, 8309, 5093, 8684, 2088, 2713, 4361, 7096, 1537, 648, 4037, 8136, 3566, 7282, 6942, 7376, 9388, 2174, 5716, 347, 6691, 4853, 7988, 9443, 3539, 3302, 4661, 5214, 3665, 7029, 1839, 3843, 2168, 9292, 4856, 678, 114, 4861, 6436, 4371, 4408, 2983, 9517, 6081, 4780, 7488, 9164, 6513, 954, 1285, 7983, 3731, 9113, 6800, 1487, 611, 989, 2422, 7668, 9378, 1670, 4991, 4820, 1334, 1780, 8707, 7580, 3638, 6134, 1327, 7322, 2166, 7217, 7823, 8693, 898, 9881, 2193, 3590, 9736, 4671, 743, 3006, 4153, 6205, 8528, 6035, 476, 2212, 713, 4209, 1918, 5203, 366, 3679, 3702, 4702, 706, 8339, 8104, 7008, 5169, 3677, 1914, 7070, 919, 3748, 116, 7912, 953, 2051, 9641, 6566, 1491, 9634, 7176, 1387, 1360, 9561, 5832, 3824, 9418, 9383, 3673, 8428, 7728, 593, 4640, 2536, 6658, 2099, 3171, 5308, 110, 40, 7904, 1165, 3375, 6465, 7363, 2203, 7861, 5590, 3019, 9662, 6891, 6337, 3176, 7059, 803, 2328, 2086, 4358, 5834, 614, 1029, 2755, 2039, 8397, 5254, 7293, 5416, 4282, 7712, 7905, 8846, 9541, 2776, 6707, 6943, 4530, 9533, 4388, 3867, 4794, 9478, 1163, 6105, 5624, 1956, 8544, 5316, 7618, 485, 5615, 9214, 5972, 2941, 2255, 327, 4763, 6087, 5633, 6888, 9888, 3308, 5791, 5474, 1626, 4992, 972, 4849, 9160, 8102, 1164, 106, 8225, 1960, 4886, 4430, 1286, 7028, 8554, 5147, 3679, 8652, 7122, 3838, 8912, 2214, 8625, 3845, 7066, 5989, 8087, 9759, 98, 4337, 5320, 9956, 790, 6030, 3580, 1451, 1548, 8173, 4229, 1010, 9378, 1928, 4776, 3551, 5451, 8644, 7085, 4677, 5139, 6956, 8621, 2096, 3113, 6190, 7946, 2293, 1575, 6037, 7756, 8964, 168, 2963, 4577, 4943, 9156, 7859, 396, 7612, 6340, 8083, 952, 7490, 7165, 5194, 9864, 1424, 822, 9254, 3477, 8809, 4034, 4114, 2088, 4598, 6147, 5615, 175, 5636, 1621, 5938, 8020, 2097, 6621, 6035, 2268, 4188, 6636, 2013, 2964, 7551, 2554, 6862, 3482, 8713, 4773, 4241, 8772, 9117, 398, 9922, 2424, 4582, 5575, 2231, 943, 7324, 9929, 2735, 4992, 7354, 2519, 8203, 7764, 7767, 1993, 4601, 4306, 4820, 9824, 7882, 3462, 7244, 2721, 391, 9348, 1807, 3870, 8704, 7826, 4840, 7924, 3630, 6553, 6065, 5358, 5294, 9197, 7274, 7218, 6090, 7039, 8033, 3113, 5222, 3962, 5262, 1788, 3855, 1040, 9495, 1185, 6348, 3009, 636, 2722, 7482, 4417, 3401, 4487, 5476, 7063, 5740, 4445, 769, 4284, 3128, 7625, 5495, 2548, 5932, 3832, 5715, 4084, 7391, 7877, 4346, 6247, 9796, 2625, 3263, 7319, 9055, 9888, 9131, 3406, 655, 8766, 5283, 5530, 7251, 6877, 1381, 9815, 7239, 3936, 3981, 4017, 9302, 4031, 3474, 9870, 8590, 9501, 623, 7648, 4506, 1417, 6256, 5703, 3926, 9858, 1316, 6421, 8036, 8327, 2842, 1353, 5191, 5617, 5639, 3082, 4226, 4667, 250, 2713, 5093, 159, 6613, 866, 5884, 2866, 7232, 2220, 7417, 2309, 7474, 463, 4349, 5183, 7830, 1671, 1457, 6253, 3472, 5517, 31, 5955, 7182, 6679, 2850, 2584, 7858, 1359, 4626, 4033, 6222, 3335, 8090, 2528, 4861, 3207, 908, 2765, 8725, 3333, 1598, 2869, 5457, 9421, 9436, 9822, 469, 9657, 80, 8173, 9594, 6506, 8359, 6535, 1770, 5283, 3353, 2442, 6834, 3499, 9750, 2522, 4633, 9511, 6217, 9896]
List Size: 7000
Insertion Sort Time: 2900.719400 milliseconds
Merge Sort Time: 63.749500 milliseconds
Built-in Sort Time: 1.009900 milliseconds

Original List: [1218, 5971, 7101, 9222, 2551, 8395, 7090, 8131, 1992, 4287, 8525, 410, 4618, 5227, 7786, 4833, 1020, 1109, 7603, 6563, 8550, 5644, 9751, 8653, 7569, 3448, 2905, 5567, 4463, 2191, 2018, 9962, 1487, 4069, 7370, 6354, 2625, 1675, 2459, 1349, 6321, 3629, 8153, 8684, 5106, 2172, 3741, 1432, 7608, 1343, 1026, 4239, 5748, 767, 8540, 1794, 743, 5623, 323, 9461, 4152, 7458, 4030, 2943, 821, 2184, 8905, 6637, 3418, 4278, 7276, 6511, 7147, 1061, 5931, 3708, 6189, 8406, 7376, 9177, 8630, 2939, 1172, 9095, 703, 4234, 3323, 7557, 7653, 8314, 2968, 8011, 6622, 3170, 6242, 8203, 7609, 6338, 5221, 3098, 7343, 7506, 4181, 3039, 6676, 387, 345, 9735, 4283, 9276, 2843, 5448, 6399, 9578, 7301, 6101, 8966, 1683, 790, 3380, 7572, 794, 8798, 3316, 2105, 996, 3083, 6517, 1028, 7933, 4694, 7458, 4489, 6290, 2786, 8968, 4256, 3690, 1861, 5591, 4903, 8785, 1184, 2331, 2807, 9594, 9061, 2970, 9851, 8622, 2239, 3906, 4912, 4328, 3560, 463, 4818, 3605, 2337, 2437, 6887, 1665, 2588, 9121, 3075, 1644, 8922, 6598, 2203, 3048, 5242, 7434, 7472, 4017, 6169, 7655, 8594, 3416, 8756, 4727, 1579, 3578, 7284, 7141, 3881, 9272, 660, 3950, 1637, 5865, 1963, 1835, 3922, 7801, 5307, 1282, 5757, 2678, 915, 6477, 3344, 802, 1076, 3914, 3138, 955, 9634, 3569, 9148, 95, 8553, 4512, 3210, 8591, 3745, 2088, 8210, 4805, 4237, 6542, 9656, 916, 13, 8860, 6911, 654, 5758, 4175, 5190, 122, 5189, 3624, 1634, 7018, 3025, 2926, 1049, 5323, 9682, 8093, 5182, 9426, 8869, 9918, 1044, 7892, 7198, 7859, 6935, 8173, 2372, 9303, 467, 3257, 5571, 7686, 3407, 9326, 4629, 485, 6181, 8887, 8364, 5164, 3301, 2650, 9089, 8009, 3012, 7830, 7694, 4570, 3323, 2148, 6579, 9796, 8629, 2949, 195, 4457, 5097, 3033, 5690, 9443, 9674, 5087, 1951, 4962, 3101, 2094, 9587, 6565, 7844, 1510, 2990, 9332, 6447, 3723, 3416, 6293, 2598, 8179, 872, 2779, 5256, 9336, 8498, 1398, 8886, 7824, 4880, 7998, 4502, 6460, 8011, 4931, 4093, 6023, 412, 4863, 6659, 2536, 5355, 4503, 2412, 9184, 7618, 328, 5207, 6841, 700, 1406, 6887, 3185, 3350, 4112, 2161, 9139, 4781, 3407, 5344, 2304, 437, 3254, 5238, 3431, 3399, 8544, 1491, 4095, 5095, 864, 7790, 6284, 1864, 435, 6299, 2210, 8306, 4110, 6190, 6982, 8461, 8565, 8435, 1120, 5692, 6588, 4055, 7597, 2202, 8024, 4990, 7826, 6354, 4844, 9315, 12, 3067, 358, 3890, 7929, 2849, 8527, 562, 6242, 1455, 6018, 7788, 3870, 9883, 9564, 2068, 8535, 2638, 9020, 4345, 2683, 968, 3674, 3285, 8957, 3750, 1762, 3544, 3941, 1933, 9309, 9910, 7506, 1815, 9199, 8594, 1675, 3700, 6528, 191, 8831, 1637, 1563, 6904, 7360, 6624, 8229, 9262, 1496, 878, 6023, 1205, 2853, 2423, 6824, 9806, 8070, 8266, 8546, 4986, 9551, 1324, 7160, 3217, 4560, 8420, 6243, 4868, 3867, 2864, 4962, 5283, 7445, 845, 7738, 9553, 4413, 1366, 1324, 9147, 8052, 4911, 6568, 6633, 8152, 6273, 875, 3448, 3712, 3062, 1103, 7152, 1544, 2087, 5406, 7325, 2331, 5268, 2929, 8403, 9613, 4167, 6072, 5581, 6373, 5985, 6990, 5842, 9451, 8005, 9454, 6900, 9009, 8321, 9789, 8347, 5588, 1816, 8498, 6019, 6222, 6139, 5662, 2064, 5197, 9556, 9458, 821, 5719, 4850, 1714, 1904, 6055, 7074, 2916, 4120, 1764, 5695, 7817, 7884, 4240, 888, 1656, 5835, 8906, 8262, 8628, 8179, 3083, 327, 213, 7234, 3316, 4986, 9372, 2080, 6832, 4051, 7852, 4107, 2292, 8261, 4456, 7110, 6068, 7009, 9789, 4992, 6996, 1150, 3294, 2393, 6408, 6927, 9071, 781, 7141, 7724, 9457, 1130, 1982, 8279, 6879, 5567, 2363, 3658, 3427, 580, 7561, 2814, 5662, 2043, 131, 6501, 8339, 9037, 6066, 4034, 3324, 2861, 1287, 6512, 3417, 2522, 1740, 7891, 6364, 4299, 6448, 9197, 9419, 7450, 1849, 7614, 9598, 8688, 6198, 1057, 8898, 7515, 5490, 1360, 4816, 7284, 7493, 4714, 801, 2176, 5733, 6885, 2220, 2250, 8086, 3209, 1644, 6590, 9888, 1469, 5052, 8608, 1079, 1327, 5107, 7001, 2313, 9701, 1921, 2146, 5421, 1343, 2222, 6628, 9933, 8200, 1637, 2277, 5046, 7409, 7533, 1428, 6657, 8637, 4460, 1420, 8665, 7033, 9055, 9968, 5474, 9428, 6059, 6330, 7663, 7395, 6731, 1340, 7236, 1623, 4546, 2485, 132, 8970, 677, 3659, 7984, 7381, 2412, 2255, 9636, 9775, 5901, 2556, 3005, 9908, 9767, 7207, 4771, 2291, 9061, 1832, 525, 1436, 2797, 4846, 9579, 6107, 9859, 6869, 3091, 8657, 4954, 2223, 2400, 797, 1069, 2283, 638, 8005, 5359, 1775, 9239, 6436, 9459, 2655, 4420, 3533, 9817, 8385, 4964, 5575, 4498, 9904, 8886, 7616, 2790, 8154, 7805, 2941, 6182, 1171, 7729, 8247, 4914, 9245, 8483, 2698, 9486, 3034, 841, 2745, 8936, 339, 8591, 6246, 9280, 5918, 5448, 6460, 5086, 646, 1056, 9387, 7040, 6601, 7273, 8601, 4215, 8559, 5252, 6930, 752, 8244, 9652, 6035, 3955, 2061, 2997, 7069, 5733, 5412, 8179, 3793, 1905, 5461, 9653, 3848, 9740, 5128, 4703, 2574, 1571, 8604, 4951, 9039, 5531, 9544, 9846, 3841, 9131, 5306, 4266, 8708, 2489, 2113, 7955, 9307, 7607, 4149, 3942, 2949, 9576, 3980, 2145, 7466, 3061, 7752, 8235, 2998, 3918, 7468, 6860, 6232, 8102, 4886, 6519, 1243, 6735, 9246, 545, 7077, 2359, 3424, 5762, 6665, 5886, 1096, 6085, 1632, 240, 239, 6270, 9174, 7963, 2459, 2328, 8190, 5593, 2342, 6318, 7254, 8495, 4417, 5437, 737, 1331, 2377, 1695, 8679, 9411, 3200, 6707, 7995, 3095, 1433, 7360, 8589, 4168, 7176, 5402, 462, 2482, 4878, 9611, 9566, 4799, 1115, 3123, 7438, 3103, 9774, 6268, 4336, 2077, 9641, 7820, 4613, 3619, 7960, 4008, 6197, 5752, 9843, 4713, 9658, 9661, 2671, 1242, 4681, 1811, 444, 7314, 3961, 9715, 4206, 1549, 4248, 3277, 2259, 8030, 6256, 992, 2891, 1468, 979, 1005, 7865, 6143, 8169, 9433, 6302, 1240, 4690, 5014, 2148, 4874, 982, 7394, 5708, 3010, 1544, 4662, 9572, 8807, 2067, 3228, 3411, 6285, 479, 6554, 5980, 4899, 7227, 6933, 6316, 152, 1212, 9615, 4362, 9657, 377, 1991, 3040, 2465, 1512, 5019, 7363, 5634, 7839, 6846, 4360, 9828, 2299, 2858, 2758, 1356, 878, 700, 7024, 7476, 6057, 6149, 1049, 8560, 6928, 5982, 478, 1368, 8469, 1893, 4324, 9013, 6052, 7058, 8260, 5243, 9572, 9331, 2036, 9351, 1951, 348, 5164, 1482, 1147, 1928, 2504, 1926, 226, 5300, 7442, 9181, 2322, 9115, 4358, 7570, 7150, 6043, 280, 9429, 1034, 2685, 7576, 8564, 6090, 4421, 5966, 7802, 5956, 3156, 6811, 6815, 4623, 8343, 591, 9935, 5100, 7967, 6838, 6128, 1749, 3346, 3691, 8194, 8787, 4139, 5050, 2054, 9338, 2864, 3453, 9030, 6843, 8142, 6629, 2153, 8056, 8528, 5249, 9655, 7800, 8624, 5928, 883, 3810, 395, 5769, 6446, 7313, 9633, 9049, 6741, 756, 4353, 8219, 3686, 1855, 8664, 6345, 1470, 6731, 7111, 9491, 5143, 3571, 1925, 1994, 5566, 5323, 340, 7164, 2330, 7014, 9272, 893, 1170, 4108, 4499, 4212, 9665, 2698, 8578, 5378, 4574, 6928, 3128, 2851, 7921, 9980, 7029, 5976, 765, 9515, 748, 2721, 9503, 2686, 8346, 4385, 7223, 3793, 6651, 4253, 1491, 3416, 8374, 7326, 1098, 1412, 6799, 701, 8189, 1836, 8164, 9937, 3525, 9934, 4436, 4332, 9687, 6272, 9696, 7580, 33, 3525, 5514, 285, 8531, 8727, 5492, 7022, 3071, 5526, 2558, 8464, 7058, 5760, 9124, 9208, 7644, 4651, 3103, 2185, 7267, 1842, 2325, 7013, 2432, 1581, 2884, 4200, 8068, 4929, 9085, 8267, 7442, 3966, 2223, 2078, 6407, 3706, 2394, 1109, 8355, 2884, 8015, 1956, 6576, 5256, 9465, 8284, 7324, 7525, 9886, 5901, 6442, 2616, 9026, 4381, 5570, 7605, 5475, 3156, 6889, 7517, 601, 3165, 691, 1829, 2378, 4650, 7212, 2863, 696, 5216, 6540, 1244, 9395, 9014, 6656, 6689, 5902, 2414, 1558, 6364, 468, 5080, 9803, 2912, 8000, 2262, 6038, 4913, 7992, 6560, 8689, 7580, 7913, 3600, 6998, 8529, 1491, 1540, 4052, 2174, 4528, 3605, 6032, 2001, 4239, 8550, 4173, 9447, 2968, 5172, 2660, 8027, 1007, 4060, 4416, 8970, 9035, 9953, 5145, 8048, 2230, 8575, 7972, 3808, 4899, 244, 6694, 8012, 4163, 8665, 9156, 2820, 1583, 1014, 8335, 9601, 3251, 7256, 7361, 2384, 9681, 5405, 4428, 1727, 7742, 9955, 5367, 1480, 8950, 2575, 9918, 4153, 6219, 1687, 2281, 925, 5872, 7049, 7700, 6967, 3422, 2066, 3291, 9, 1179, 9339, 5170, 4171, 1898, 7352, 9354, 3435, 5652, 180, 5490, 9575, 3531, 6112, 2190, 5076, 1284, 939, 1241, 4505, 6285, 776, 4416, 9188, 1532, 7129, 2725, 5920, 966, 4036, 7379, 463, 4740, 1830, 5787, 9024, 1570, 6257, 8185, 176, 8694, 7480, 7701, 853, 8754, 6408, 5176, 1370, 3570, 1501, 8179, 9146, 1128, 6443, 5153, 7884, 4490, 8221, 8310, 598, 3016, 2680, 7363, 2529, 1902, 8590, 5305, 1163, 5468, 3330, 9585, 7888, 5995, 8886, 2131, 203, 104, 5371, 9033, 4154, 5646, 1297, 2943, 2870, 4096, 6769, 3511, 4821, 8202, 7240, 2634, 1128, 6954, 8182, 4664, 9761, 5260, 3823, 9367, 7564, 8409, 8045, 2113, 2817, 9981, 621, 96, 3834, 5621, 65, 1255, 6240, 9309, 8570, 8228, 7389, 1091, 6522, 2832, 5466, 8229, 9236, 1004, 568, 8143, 2689, 6758, 4906, 1114, 5267, 1434, 7339, 6584, 7682, 2626, 46, 808, 7085, 9451, 4583, 5036, 2333, 7299, 4938, 2774, 163, 6006, 9072, 7478, 6644, 76, 4191, 7613, 269, 3579, 579, 8630, 8623, 4183, 8693, 9818, 5203, 8346, 5772, 3673, 3546, 7738, 7719, 9129, 1308, 4514, 8625, 6161, 2589, 5188, 2438, 8970, 5595, 3107, 1298, 4102, 4113, 6165, 9826, 5956, 5966, 8300, 3500, 5828, 6229, 2336, 6172, 1470, 8882, 9609, 7932, 7843, 1655, 9604, 6602, 2800, 3554, 9604, 196, 9861, 523, 896, 6364, 6397, 28, 2402, 4360, 9884, 2513, 7624, 98, 5540, 7386, 9467, 4668, 9384, 3241, 7749, 5143, 5956, 1153, 9630, 102, 3056, 4369, 7330, 1029, 4309, 3536, 3092, 6473, 2061, 8504, 6769, 6544, 9445, 3068, 1838, 1310, 5235, 4065, 7664, 9690, 6871, 7607, 5077, 4762, 5945, 1195, 9322, 8979, 9228, 5582, 8754, 7966, 2396, 2384, 9524, 8063, 4974, 672, 9724, 3652, 7327, 1943, 7715, 3561, 6712, 7322, 4546, 1022, 2979, 6325, 3467, 5081, 8883, 7850, 8996, 3469, 7752, 4501, 5669, 7622, 6172, 6505, 7732, 8441, 7971, 4527, 5340, 5432, 1722, 637, 8991, 4607, 8816, 8361, 3, 5967, 2365, 8491, 492, 8498, 1669, 9996, 7725, 6204, 740, 6115, 2071, 9605, 866, 2677, 8801, 2795, 346, 5482, 3816, 9774, 2833, 6876, 4260, 6047, 2921, 4930, 9877, 221, 7322, 775, 6766, 7350, 4268, 2462, 9368, 2671, 7931, 8931, 2971, 4804, 839, 1443, 791, 8696, 9738, 3915, 9398, 3845, 9325, 4756, 6780, 6793, 9351, 4524, 1996, 7975, 8977, 8496, 5608, 7651, 4583, 5813, 9536, 7268, 1335, 7474, 1674, 7301, 1381, 1224, 446, 2132, 7060, 9466, 7774, 7938, 3993, 8624, 2121, 4382, 9251, 8284, 6306, 6167, 4025, 9203, 1036, 4214, 3626, 4208, 6374, 2289, 5355, 53, 2663, 8721, 4124, 1914, 952, 486, 6475, 5384, 3145, 9744, 564, 722, 9052, 7019, 8938, 122, 5276, 3092, 7008, 2420, 7749, 5151, 3633, 7216, 7674, 8872, 402, 3390, 986, 7765, 4878, 5173, 4952, 2530, 2069, 5929, 1457, 5071, 2895, 6484, 2437, 9482, 9309, 864, 808, 5394, 8820, 9926, 5434, 232, 117, 2057, 4776, 310, 9750, 4977, 5704, 7758, 2242, 6453, 1256, 3339, 1797, 4481, 4110, 5613, 7965, 8524, 9683, 3828, 9571, 8482, 9975, 8978, 3725, 8226, 1410, 787, 5854, 8174, 1930, 9525, 7802, 7623, 4162, 3256, 7754, 9006, 2645, 4312, 9175, 142, 3865, 4722, 8843, 2602, 9807, 2395, 3781, 71, 5241, 8581, 3721, 5752, 8355, 4916, 5190, 7401, 6847, 5996, 3472, 7113, 5668, 1619, 334, 4173, 2768, 7582, 1067, 3290, 8464, 3184, 3465, 3629, 7649, 8239, 2564, 1102, 5745, 8998, 9086, 869, 5007, 8935, 3392, 6783, 8178, 7504, 436, 2186, 9147, 6057, 4048, 4304, 1809, 2524, 8355, 5171, 7181, 7980, 3941, 1938, 9755, 3052, 3843, 6542, 1249, 5939, 9807, 1245, 4541, 4185, 6431, 5079, 8214, 1384, 7403, 8637, 7435, 4605, 5648, 8159, 5724, 2020, 2981, 4230, 118, 9550, 1627, 4276, 4227, 3341, 1238, 8416, 4695, 4654, 7097, 6245, 3392, 8207, 3084, 6136, 3893, 9618, 2598, 9072, 5118, 3759, 3191, 3966, 1125, 3062, 2299, 668, 4554, 6886, 9542, 6037, 8476, 5892, 37, 8595, 5069, 6221, 6240, 8343, 9218, 8571, 8857, 4512, 2424, 715, 9064, 9827, 5611, 5063, 5353, 2788, 1188, 7283, 6610, 6167, 6311, 8887, 8050, 2931, 6775, 591, 9019, 1670, 2451, 3176, 241, 9152, 8646, 189, 7732, 8612, 9679, 3027, 7464, 7423, 7467, 6466, 1506, 146, 1106, 6398, 5081, 5996, 5144, 9233, 7699, 7941, 1382, 9465, 3799, 4801, 7658, 9510, 3437, 817, 6661, 7972, 7553, 7986, 81, 7082, 7004, 3886, 6259, 7383, 5543, 5462, 7668, 2267, 4818, 6328, 4977, 5555, 5315, 2678, 3101, 8999, 7133, 662, 882, 3054, 6799, 5867, 6285, 1294, 795, 4593, 7728, 8397, 8900, 8339, 4372, 8995, 470, 9824, 7249, 7948, 7680, 2302, 5063, 1133, 9371, 2910, 6999, 4211, 9827, 4016, 3619, 2941, 139, 9709, 95, 807, 8134, 3836, 4268, 8116, 8649, 9714, 2529, 7345, 496, 1950, 2736, 2741, 6556, 9037, 9624, 8321, 7576, 477, 3893, 671, 8239, 8171, 3005, 5134, 9669, 5265, 1503, 1739, 794, 3844, 5758, 6110, 2001, 1186, 5586, 2923, 6626, 7710, 6079, 434, 1692, 3570, 4412, 9765, 3746, 6651, 1903, 8322, 1519, 3089, 506, 9807, 1401, 4615, 5982, 5766, 4324, 6636, 7696, 8109, 4750, 6751, 5257, 7398, 1006, 7264, 5880, 1869, 2323, 9329, 291, 9504, 8435, 1882, 306, 9599, 9965, 8988, 8524, 5627, 1651, 5234, 4316, 3800, 5982, 5289, 3549, 1532, 7488, 4051, 6770, 59, 4412, 5428, 7104, 2122, 5162, 6677, 3380, 7114, 6892, 3228, 276, 2668, 4922, 838, 9616, 886, 9489, 5940, 8821, 3680, 7032, 179, 1539, 6832, 6304, 4715, 2744, 6629, 3764, 9668, 670, 4291, 8403, 8550, 4721, 61, 541, 7272, 6068, 15, 6857, 6935, 1663, 3812, 649, 2035, 6791, 6112, 4453, 5691, 109, 5072, 121, 5578, 3104, 142, 2918, 8851, 4333, 3325, 7344, 7507, 7427, 5840, 4662, 9798, 9847, 1000, 4184, 6678, 5883, 5976, 9650, 9252, 5727, 479, 2796, 7704, 644, 4830, 315, 8791, 6158, 5143, 7888, 8988, 8081, 1208, 3083, 5628, 6691, 4017, 6921, 7764, 9209, 5190, 1103, 2916, 718, 3411, 9419, 700, 6251, 3438, 7883, 276, 9612, 2684, 497, 8338, 1236, 6603, 1194, 892, 8068, 467, 345, 3163, 7603, 5525, 642, 6823, 8786, 3679, 8725, 7827, 82, 8868, 4354, 6113, 8517, 6210, 4935, 7205, 6942, 8810, 8358, 9722, 6160, 4206, 6649, 6182, 3236, 3157, 1414, 7317, 1758, 1464, 92, 9872, 654, 3799, 6865, 2199, 2255, 8391, 8812, 2880, 2122, 9506, 5675, 7299, 8484, 5013, 7539, 102, 9650, 8971, 9435, 2181, 8945, 3928, 297, 4280, 3916, 6879, 8369, 8612, 891, 6683, 4951, 2058, 9868, 1704, 4449, 2074, 9599, 1349, 4172, 1012, 7391, 8956, 3453, 7324, 5420, 6999, 9887, 3343, 5254, 28, 7425, 8676, 9312, 9534, 1824, 659, 3745, 8819, 2924, 3571, 8659, 3750, 291, 8835, 4425, 6803, 4512, 7635, 1915, 1747, 6831, 7743, 3851, 1578, 8477, 7435, 2332, 418, 158, 9979, 1394, 8871, 4428, 2907, 4047, 1618, 1634, 7730, 3536, 6211, 3830, 628, 8762, 2408, 9121, 3129, 2499, 7013, 3402, 5195, 1484, 3144, 4875, 3534, 8471, 1966, 889, 9867, 5775, 5034, 8342, 7332, 9543, 1185, 3881, 1514, 5114, 6117, 6678, 5498, 6393, 8266, 8183, 4332, 9576, 7079, 8835, 2248, 5517, 3464, 4270, 1289, 8056, 4996, 6051, 2626, 8644, 8650, 2781, 8930, 4268, 9710, 587, 2205, 4345, 7824, 9816, 5398, 6494, 2211, 5967, 2956, 5621, 8229, 8744, 2100, 6813, 180, 8598, 5877, 1920, 5169, 3545, 8325, 3384, 929, 6428, 4951, 3720, 5358, 6907, 2980, 9089, 5510, 432, 2941, 9243, 2443, 2864, 8767, 7669, 953, 8084, 2166, 1011, 5264, 3241, 2053, 2465, 7856, 2676, 1798, 7002, 6675, 7880, 6501, 4269, 4655, 8778, 2235, 6538, 8723, 7540, 4793, 2791, 1797, 7765, 5896, 8504, 3097, 6547, 1570, 5075, 9048, 2379, 2763, 6036, 9312, 8807, 6051, 9989, 6065, 2346, 7442, 967, 6424, 352, 9843, 8755, 3974, 2275, 9785, 380, 9383, 1031, 166, 943, 8047, 2825, 7242, 9948, 1049, 5961, 1385, 4804, 264, 2361, 2268, 6425, 6129, 962, 7940, 7373, 3560, 2075, 9138, 774, 5433, 9310, 4030, 4363, 9697, 4584, 9912, 4590, 8232, 5300, 3877, 8914, 4288, 9932, 9439, 7041, 4841, 8489, 5755, 6456, 2782, 9594, 4748, 4870, 7968, 6377, 1230, 2935, 472, 2410, 6334, 541, 4478, 8746, 1366, 2919, 9331, 174, 7356, 6085, 6773, 9638, 1501, 8867, 7623, 8907, 1063, 4995, 1408, 1210, 7705, 2901, 7933, 363, 2125, 4535, 8369, 3636, 1773, 1930, 1219, 2491, 8009, 3951, 3264, 1492, 2810, 8431, 243, 3635, 978, 289, 8561, 8320, 9768, 5039, 1047, 8300, 1770, 4541, 8476, 7661, 7211, 9876, 8676, 1722, 3923, 67, 9887, 2431, 9667, 3468, 1204, 1963, 2650, 9681, 7527, 7066, 1722, 7631, 8554, 4961, 4728, 3124, 7052, 9777, 4884, 3001, 5113, 4482, 6518, 3493, 8146, 2081, 579, 3473, 3542, 3218, 3322, 6630, 1020, 6731, 3513, 4727, 5739, 7883, 735, 5815, 1976, 1666, 9741, 5000, 6531, 3075, 8930, 4197, 3272, 7587, 3346, 4670, 8714, 3244, 5411, 693, 6357, 8110, 7951, 3973, 521, 1381, 5724, 6950, 1204, 4273, 5214, 6567, 8487, 1588, 9750, 5831, 4400, 6508, 7965, 7445, 5277, 5635, 4501, 7550, 3902, 7453, 7773, 7734, 1094, 7357, 3361, 9291, 9361, 1020, 5952, 9001, 5038, 876, 401, 3650, 5713, 3823, 9498, 715, 137, 7892, 6994, 5972, 577, 2036, 6954, 2424, 8621, 4214, 3633, 5624, 9070, 1279, 5148, 2452, 4044, 9418, 3754, 437, 7279, 1745, 4042, 7655, 3723, 141, 459, 4754, 5101, 8306, 3959, 6509, 535, 4917, 4991, 5456, 9898, 362, 1981, 538, 4447, 3064, 7927, 9171, 2610, 516, 4932, 5628, 3673, 7902, 1162, 5243, 3742, 6865, 3496, 4273, 3701, 7244, 755, 4248, 3252, 9123, 4962, 6024, 5347, 4718, 285, 1486, 6507, 705, 9815, 2324, 8927, 325, 4405, 5043, 3693, 3314, 6766, 2192, 6654, 513, 7742, 5498, 7384, 1403, 9581, 893, 6340, 3883, 626, 1149, 4737, 8781, 5262, 2565, 7044, 295, 2121, 5171, 876, 8427, 5393, 658, 9261, 8425, 356, 1222, 1878, 2092, 3126, 6605, 9622, 9704, 6559, 1700, 582, 7224, 525, 3578, 9917, 7067, 5574, 6609, 6231, 1259, 2221, 6265, 5567, 4470, 668, 6333, 1357, 6226, 1692, 1819, 9623, 3841, 5716, 8108, 8700, 9638, 5941, 4734, 2311, 3834, 3323, 15, 1918, 3897, 2555, 2408, 6586, 2512, 9423, 9484, 3656, 3980, 6598, 72, 9536, 8080, 4448, 3814, 1632, 1265, 4339, 7100, 5323, 9693, 8922, 4717, 3532, 6266, 2396, 8695, 4187, 9430, 8097, 4886, 9902, 6624, 4265, 8512, 6602, 6648, 6699, 9291, 1149, 8001, 9651, 6082, 6123, 447, 8876, 9477, 6599, 5866, 3252, 2027, 3983, 5446, 5412, 1227, 5071, 5357, 3185, 1204, 794, 9709, 1943, 3772, 7342, 5666, 3217, 5328, 5212, 106, 3802, 1204, 8011, 1167, 4344, 2054, 1860, 4148, 4295, 6552, 3470, 564, 7458, 4050, 8037, 2705, 2747, 634, 3658, 3182, 6930, 1756, 1913, 7605, 3666, 2536, 8278, 6129, 3230, 1283, 1737, 2786, 9146, 6509, 6153, 6886, 83, 2391, 4163, 4024, 6282, 1702, 1784, 1700, 9759, 9117, 700, 2805, 8386, 5299, 5092, 2428, 3521, 6663, 5743, 3682, 1716, 5141, 6694, 9207, 4171, 5729, 3853, 410, 1300, 7709, 5395, 5205, 4504, 5515, 2003, 5145, 4965, 954, 1740, 708, 1257, 1552, 427, 5062, 4908, 8851, 6609, 7689, 1661, 337, 7212, 4716, 3650, 8254, 1567, 415, 2472, 9303, 9262, 2842, 7692, 4036, 9950, 3725, 1008, 2306, 58, 9868, 7894, 2611, 9245, 2293, 9717, 1428, 9457, 3922, 4552, 9764, 5629, 8000, 7340, 53, 3410, 9118, 9953, 1014, 2073, 2550, 6526, 8854, 5406, 861, 5677, 910, 1525, 7484, 5722, 6648, 4510, 6366, 7469, 5377, 715, 3866, 9279, 7481, 6608, 7072, 3359, 7071, 55, 2994, 3265, 4190, 6917, 2196, 896, 520, 1319, 8816, 3872, 336, 2523, 7929, 9827, 4178, 3631, 7663, 8859, 9487, 4227, 7970, 2165, 8288, 8536, 2606, 6461, 3176, 3121, 369, 8240, 4374, 1383, 7126, 5172, 5254, 455, 6067, 9015, 9597, 9610, 4735, 8495, 7156, 3665, 5112, 5411, 7407, 4712, 8888, 112, 4687, 1145, 951, 1375, 3243, 1479, 8396, 9182, 2674, 8206, 1959, 2218, 9306, 8498, 3458, 774, 3105, 156, 9792, 5821, 7987, 1378, 9511, 9704, 7572, 7798, 606, 9188, 7954, 6736, 9497, 1815, 7096, 8266, 9993, 8404, 6173, 4904, 6341, 6012, 5179, 2830, 8282, 4976, 4467, 6900, 5325, 519, 9951, 6313, 1866, 3427, 4200, 7613, 1901, 5758, 427, 6393, 7080, 9772, 9361, 4466, 3671, 9570, 3470, 3794, 3525, 3709, 5918, 8843, 4162, 9402, 9270, 2726, 5647, 5942, 8964, 5014, 6147, 6469, 6521, 8253, 1755, 6251, 7901, 8544, 5668, 3941, 9851, 9209, 202, 3105, 1825, 8075, 483, 2269, 8284, 6401, 624, 2696, 3353, 6567, 2748, 8597, 6967, 6344, 4689, 2049, 2278, 7037, 7440, 5565, 2553, 4074, 941, 8730, 889, 8640, 8835, 6346, 7414, 8677, 9021, 2756, 3360, 134, 2862, 5852, 6963, 5800, 5925, 2383, 2530, 4920, 3372, 5511, 667, 4726, 2434, 4236, 3680, 4577, 4558, 9028, 7667, 2464, 4602, 3153, 5753, 9392, 3104, 6897, 1237, 5272, 3483, 7559, 5086, 9034, 1176, 6030, 8715, 8162, 1265, 8614, 296, 9303, 5128, 9995, 887, 6348, 6335, 2395, 1672, 8033, 4644, 3181, 7394, 7765, 8886, 809, 7427, 7897, 1268, 4525, 1795, 2047, 7052, 4391, 1121, 1903, 8203, 9310, 5445, 9091, 2238, 86, 3412, 9974, 3177, 8136, 976, 2499, 6933, 3583, 580, 8164, 2518, 5964, 5275, 8928, 2621, 1781, 9052, 5240, 1671, 3902, 778, 3872, 8202, 2679, 2229, 1265, 6938, 2370, 6352, 3565, 2757, 8847, 843, 4179, 5831, 3463, 7794, 904, 7150, 6516, 2017, 614, 7071, 5390, 4180, 9996, 6111, 6027, 8206, 4898, 8716, 873, 7801, 9632, 8817, 2893, 118, 3397, 7173, 7449, 5488, 4237, 7303, 6031, 8769, 1464, 9028, 825, 426, 5175, 1735, 8943, 761, 766, 973, 9171, 2882, 9281, 7782, 6370, 2821, 5703, 3862, 9421, 9021, 2329, 6034, 3176, 8092, 4696, 5142, 4170, 4621, 4773, 4084, 1635, 236, 41, 9255, 9819, 457, 1670, 134, 3304, 5784, 9719, 2326, 9570, 1233, 4093, 3761, 4053, 1080, 9844, 4840, 869, 1758, 4149, 3539, 2900, 7378, 7214, 1343, 1713, 225, 7145, 1046, 2302, 2969, 7012, 174, 4449, 5342, 9499, 3972, 6675, 2246, 6681, 4289, 8964, 5637, 3387, 4647, 9021, 5335, 9862, 9410, 2315, 4122, 5112, 5508, 4260, 3331, 4119, 6358, 3404, 3423, 1450, 2740, 7975, 3279, 4046, 1173, 4450, 687, 3658, 3558, 2298, 8029, 9994, 3966, 2996, 6350, 6431, 9111, 8733, 9761, 5319, 3370, 6322, 7033, 8459, 1500, 7358, 7804, 6087, 35, 7406, 7551, 1276, 9979, 4349, 6910, 6882, 236, 5552, 5799, 6010, 3980, 8889, 5150, 6658, 3132, 6206, 6900, 590, 637, 2654, 8127, 3580, 3065, 180, 8826, 6058, 1891, 5342, 7420, 8674, 9531, 7571, 2971, 727, 7211, 5069, 4873, 4304, 3897, 3736, 4742, 3759, 2039, 6016, 2370, 3497, 6691, 1014, 42, 753, 4721, 1237, 3637, 1157, 1466, 9663, 6099, 4631, 6814, 7050, 4762, 5462, 9528, 7064, 6797, 7791, 3159, 4521, 9995, 9823, 782, 2144, 80, 7246, 6329, 1255, 3956, 8173, 4971, 7305, 891, 2753, 4275, 3142, 8818, 6298, 2074, 3658, 8868, 4638, 954, 4894, 9182, 5542, 9422, 3608, 3341, 5309, 1112, 955, 9564, 1119, 8778, 2641, 1998, 7009, 1229, 8937, 6840, 1212, 2805, 8384, 8254, 7025, 9193, 2734, 345, 5933, 1546, 866, 146, 3325, 4418, 8510, 9406, 3234, 4269, 2676, 5319, 9859, 2495, 3083, 4626, 4018, 3110, 6171, 8175, 9340, 9619, 8748, 6870, 2194, 8486, 9997, 779, 9874, 4367, 3196, 5182, 5077, 8806, 421, 291, 1299, 8203, 5495, 427, 3904, 3627, 6830, 6453, 7476, 9750, 164, 3490, 5323, 8476, 4362, 9018, 8797, 8553, 2662, 3163, 2309, 1666, 4300, 5801, 1065, 344, 4232, 794, 5379, 3883, 7073, 1365, 8823, 5129, 5221, 7107, 8318, 8039, 6635, 1436, 5759, 692, 2291, 8147, 1750, 1357, 1133, 6480, 1359, 7334, 9090, 8229, 4635, 7042, 3051, 9440, 8613, 1300, 7631, 8762, 1590, 6427, 3629, 9479, 7461, 7932, 7646, 1145, 2625, 9779, 6453, 5122, 6909, 7040, 379, 6613, 6197, 8922, 4181, 1002, 400, 41, 1156, 8758, 980, 6594, 7370, 5833, 5048, 5329, 545, 528, 6026, 2795, 1047, 7312, 8705, 1575, 1974, 6986, 5027, 742, 1252, 5360, 9562, 1027, 5391, 1206, 7122, 5465, 2690, 9340, 7853, 3889, 8602, 9776, 263, 3082, 1639, 334, 9765, 6052, 6387, 2111, 3530, 2589, 1765, 1040, 829, 8806, 7790, 5497, 9550, 6560, 8018, 834, 3373, 8095, 5351, 4784, 5504, 49, 3470, 6044, 3522, 5358, 244, 9976, 3348, 9987, 5927, 8886, 9167, 6507, 5110, 5714, 9862, 7579, 5122, 3051, 1828, 5869, 4628, 669, 2792, 1253, 2920, 8030, 8576, 8271, 8868, 6778, 6247, 5306, 2631, 6009, 7848, 5660, 2723, 5121, 7646, 4526, 2913, 9400, 6052, 8497, 4031, 757, 3855, 5181, 1207, 9233, 9778, 6322, 8902, 7107, 7828, 4873, 5914, 7190, 859, 8570, 996, 3659, 1574, 4156, 2518, 968, 7741, 5388, 7691, 7221, 4486, 5824, 9745, 7466, 6257, 2465, 5467, 4141, 9773, 459, 2127, 4350, 5322, 7700, 489, 2009, 1506, 244, 7970, 4583, 5022, 8666, 7960, 413, 8081, 3336, 5830, 9889, 5742, 8828, 4644, 7031, 5110, 2161, 878, 4477, 3945, 796, 1563, 7915, 6181, 8815, 506, 6810, 4600, 2591, 2233, 4009, 5603, 1824, 3873, 7833, 3122, 4173, 3492, 5129, 3133, 9771, 3242, 7053, 9657, 4099, 1465, 4885, 7023, 1491, 5161, 5403, 2358, 9199, 2321, 467, 1203, 1929, 8005, 6672, 1576, 7844, 632, 3059, 7029, 8961, 242, 2041, 2696, 8346, 5686, 8990, 504, 6829, 2331, 1495, 5417, 6585, 8890, 5654, 6237, 2360, 1770, 8895, 3685, 3288, 3868, 7794, 8917, 3864, 5222, 544, 6666, 5629, 5312, 9765, 4645, 4531, 9209, 1941, 5912, 7949, 9981, 5477, 6470, 3243, 3085, 7798, 4717, 5350, 1408, 1534, 3103, 6325, 3355, 880, 3313, 4201, 3964, 6449, 6703, 1820, 9179, 8966, 7015, 7264, 1557, 3866, 2365, 2929, 1895, 7716, 4529, 8361, 3946, 6573, 7394, 4801, 6790, 3974, 1665, 4280, 1121, 7019, 9601, 1958, 955, 1430, 8280, 104, 7782, 3648, 933, 3973, 3037, 8409, 4175, 3581, 5927, 3620, 3238, 2012, 9541, 3296, 5466, 3193, 2872, 258, 9393, 7583, 6572, 4663, 2795, 7133, 260, 3416, 780, 3465, 342, 8722, 2201, 1173, 4373, 9703, 147, 4966, 5131, 3203, 3014, 8270, 9422, 5969, 1443, 3884, 8946, 6775, 5482, 7388, 8855, 2995, 6920, 1362, 717, 778, 1480, 2459, 7996, 3994, 9115, 2779, 2115, 4558, 1871, 481, 9151, 2281, 3943, 2971, 7719, 8670, 860, 6090, 4532, 7565, 9067, 557, 6158, 1335, 7150, 5373, 3923, 477, 7542, 4452, 9750, 6396, 7511, 8333, 2743, 9677, 4162, 5903, 1510, 3300, 6959, 1074, 9008, 6762, 4753, 932, 7993, 8446, 1791, 459, 8045, 7180, 2509, 1104, 782, 8525, 2560, 7560, 5261, 6793, 5223, 7984, 262, 3715, 6878, 4520, 2166, 6740, 9856, 5524, 4296, 6602, 3591, 4458, 790, 206, 4428, 6125, 3120, 3630, 693, 4250, 1630, 1373, 66, 2163, 1267, 8956, 3233, 5832, 2966, 7331, 7208, 1778, 8448, 3811, 9816, 3615, 161, 8191, 5553, 6196, 1058, 6335, 8671, 8694, 518, 447, 286, 8058, 6813, 9276, 8741, 7433, 2943, 2523, 2860, 5240, 1982, 7580, 244, 8674, 6619, 652, 8114, 6696, 7543, 2692, 3129, 8662, 4979, 3815, 5062, 9780, 1815, 8224, 2825, 5298, 4506, 3463, 9301, 1850, 8496, 3009, 7872, 7177, 4136, 1769, 6616, 861, 2644, 9357, 7247, 2984, 7221, 7978, 5895, 3997, 7027, 5914, 8637, 7580, 7507, 9369, 7809, 9289, 8563, 9626, 2496, 1971, 1197, 5897, 8241, 3868, 1090, 3497, 5701, 6829, 3294, 9774, 1206, 7496, 4680, 72, 534, 5844, 2102, 191, 1803, 5266, 395, 4099, 4632, 3381, 6103, 3362, 1467, 6410, 9773, 4180, 4588, 7859, 8529, 3261, 1727, 8461, 6715, 3504, 1236, 4581, 7241, 4261, 4765, 7318, 156, 8739, 607, 2964, 472, 9417, 9753, 5581, 3086, 8659, 5169, 3226, 5178, 807, 3601, 7910, 3188, 7489, 4258, 7680, 5149, 9736, 5703, 4046, 5146, 4308, 7019, 8754, 8848, 3733, 3731, 7502, 9482, 9360, 7332, 2607, 1885, 3901, 4246, 5058, 4106, 4525, 2910, 8654, 9223, 9380, 4789, 8909, 9653, 6622, 2543, 2768, 9064, 3847, 6101, 4234, 9515, 451, 9416, 991, 3713, 1963, 8337, 8145, 1258, 2191, 2705, 8382, 3251, 2246, 4973, 5363, 7819, 1579, 9714, 8121, 185, 2175, 7437, 2049, 9199, 542, 748, 5256, 1546, 8494, 9646, 6241, 6916, 7517, 1328, 1731, 9435, 900, 7862, 9197, 6674, 9203, 1109, 408, 9622, 3815, 7086, 8077, 2066, 788, 6164, 652, 8586, 3461, 907, 4724, 1608, 574, 6716, 6611, 238, 2748, 1545, 3614, 2034, 9134, 9152, 5080, 3328, 2282, 5392, 8912, 745, 3906, 9800, 4264, 973, 8584, 2595, 7054, 3008, 5992, 2855, 378, 7320, 1238, 6221, 2574, 399, 3959, 9400, 6855, 273, 530, 8092, 2903, 1876, 6415, 9859, 8368, 1558, 4122, 9222, 6256, 8567, 8320, 6624, 7160, 2306, 6655, 4938, 7049, 3093, 3822, 607, 3839, 6318, 2805, 4008, 9639, 6968, 4744, 4738, 5478, 1607, 3607, 2035, 5474, 2188, 7047, 1715, 7104, 4791, 1724, 5241, 5878, 6552, 1263, 6893, 9621, 4358, 5221, 3439, 5469, 649, 4010, 7648, 4953, 6860, 5818, 4283, 915, 900, 7859, 963, 3910, 5319, 9097, 9251, 2633, 8468, 3525, 6778, 3074, 9498, 3072, 3075, 3146, 5284, 2423, 4144, 6609, 8366, 7797, 3515, 8166, 1714, 3238, 6311, 5651, 4724, 9089, 8850, 3814, 2244, 6671, 8084, 8332, 5807, 3999, 5957, 3360, 3934, 4075, 2149, 6757, 5826, 5424, 1819, 886, 5561, 783, 4642, 5767, 7771, 7682, 7244, 61, 4544, 9468, 5095, 3840, 6986, 109, 1804, 6818, 3279, 7588, 2781, 4047, 6553, 1110, 4619, 4617, 3731, 7736, 9395, 1407, 345, 799, 9968, 1851, 8427, 2485, 4273, 1025, 2427, 2518, 236, 3588, 2182, 7272, 396, 8451, 8093, 9402, 1383, 1642, 8937, 5230, 3539, 3030, 7363, 5622, 7771, 974, 5057, 1145, 2443, 5224, 9504, 7343, 9393, 1510, 5056, 2520, 6346, 1669, 3080, 823, 4079, 1176, 8716, 8039, 180, 441, 7165, 7618, 9142, 1551, 5602, 1782, 9084, 8467, 5647, 9654, 3394, 3157, 7377, 4229, 5577, 7359, 7003, 6167, 7351, 348, 5772, 7286, 7432, 3714, 8138, 8722, 169, 8901, 6401, 3943, 2632, 5253, 3951, 470, 8432, 1199, 5725, 5740, 8623, 904, 5996, 1087, 9813, 4068, 5875, 3922, 8874, 9248, 3678, 2589, 9845, 6381, 6857, 9028, 2775, 6547, 2595, 2265, 9896, 8366, 8088, 4214, 9511, 3101, 2247, 2934, 7251, 8820, 2234, 539, 6854, 5059, 1395, 3121, 8668, 8902, 2466, 2600, 8231, 5224, 9917, 2930, 3781, 3680, 5533, 6608, 9778, 5037, 186, 5115, 6082, 2497, 5671, 8553, 8523, 1873, 1370, 9559, 9640, 2500, 2607, 4105, 9735, 1480, 815, 6676, 262, 653, 9979, 4940, 4273, 8482, 7348, 2907, 481, 6172, 9528, 6317, 6260, 5147, 9194, 8306, 4466, 713, 4362, 3336, 2136, 9046, 5902, 6257, 8220, 2790, 9072, 7359, 7799, 441, 4724, 1142, 7130, 6817, 3636, 7048, 9146, 1852, 7377, 4581, 5697, 2904, 3536, 1581, 5798, 3633, 5387, 5460, 7683, 7773, 2529, 5609, 6944, 5072, 3362, 6380, 8832, 8108, 2261, 5095, 4416, 7882, 1998, 6661, 4723, 103, 1008, 6447, 6899, 3522, 5134, 1499, 5734, 816, 2782, 1676, 1029, 6464, 5905, 3581, 7885, 5305, 5591, 7123, 9332, 9426, 84, 4220, 5968, 4076, 6215, 4331, 4633, 5850, 5468, 8074, 4049, 7694, 3526, 7094, 6422, 9327, 8340, 6321, 7248, 3441, 8992, 1813, 4314, 6942, 5938, 9197, 1996, 9265, 8116, 4293, 8747, 7269, 6520, 5695, 7036, 9220, 3842, 6400, 5127, 2886, 7397, 8181, 3572, 1252, 7808, 7855, 6395, 7341, 1309, 9201, 5879, 6871, 7901, 449, 4966, 9972, 5409, 123, 1596, 1535, 147, 7459, 2941, 9075, 463, 9764, 5648, 6843, 7174, 8359, 185, 2524, 8830, 7998, 7951, 4879, 1583, 5769, 6013, 4217, 9773, 9510, 7370, 4087, 170, 6113, 8359, 172, 2817, 7249, 6442, 2515, 1252, 8300, 9346, 8020, 5032, 6755, 1801, 9111, 4388, 6288, 6263, 5412, 3485, 2857, 6189, 2518, 611, 3450, 6525, 6802, 5704, 2046, 3437, 6082, 211, 3979, 3096, 9945, 7465, 9608, 6606, 7281, 2098, 1742, 9581, 572, 2068, 589, 4424, 4248, 8654, 8661, 1321, 449, 4476, 5435, 6926, 2104, 5964, 8646, 1170, 7723, 3652, 1818, 6389, 6966, 9278, 7083, 1664, 2261, 5327, 515, 209, 9322, 9131, 1645, 4492, 9709, 2656, 1331, 1003, 301, 3629, 4155, 1028, 2414, 4013, 1500, 6145, 621, 3829, 3250, 7751, 8705, 9819, 9242, 8856, 2410, 1465, 8898, 4954, 1541, 5071, 7569, 1282, 6674, 6800, 383, 7768, 9083, 4874, 2968, 6607, 2425, 9979, 9693, 4591, 3664, 2001, 2810, 7380, 9681, 1798, 2265, 1428, 1523, 7779, 8487, 2160, 653, 4135, 4982, 4039, 4514, 2208, 6074, 7352, 1394, 8302, 5961, 3100, 2851, 9038, 2677, 9441, 6426, 6849, 7894, 1400, 4075, 8567, 5370, 1194, 4533, 6280, 8670, 1510, 2988, 1872, 5781, 4861, 5675, 1985, 1126, 2399, 2756, 4710, 5821, 3204, 1045, 9730, 888, 1346, 3316, 9589, 4757, 1952, 7004, 7047, 2788, 4785, 8789, 7140, 5678, 4520, 2818, 4545, 5094, 6289, 6317, 3133, 56, 304, 9846, 3319, 7379, 3591, 1693, 9392, 1008, 1382, 6647, 6640, 2242, 4509, 9519, 2124, 4012, 2861, 3247, 5716, 5978, 8681, 7398, 8299, 9382, 4727, 4453, 7177, 374, 4566, 4923, 8585, 8240, 8306, 8175, 9811, 6176, 3941, 4600, 9295, 8179, 8440, 7446, 4120, 470, 9937, 918, 9923, 5588, 1733, 153, 6160, 389, 6910, 5530, 9231, 879, 9100, 9019, 5344, 6741, 4623, 1778, 9967, 2430, 7789, 2494, 6157, 6060, 528, 1063, 9397, 8666, 6761, 2924, 5171, 7702, 7839, 7424, 57, 2998, 674, 7708, 498, 1955, 4393, 8371, 1414, 5583, 4249, 2223, 3945, 2574, 6132, 3007, 386, 6267, 2599, 5643, 3671, 9223, 1189, 8309, 7706, 3387, 1747, 5694, 2351, 1982, 6629, 2678, 8873, 615, 1097, 4001, 5658, 6278, 8144, 1656, 2048, 8937, 8620, 9995, 2343, 5613, 4326, 9313, 1791, 7309, 6468, 1747, 2840, 456, 3500, 928, 1263, 3478, 7913, 3073, 7799, 9843, 1883, 8370, 4273, 6183, 8302, 1500, 6725, 6343, 2030, 6957, 9712, 7001, 8850, 118, 579, 1322, 6262, 3051, 6378, 5539, 1884, 8922, 1760, 9237, 1706, 4393, 2556, 3601, 9950, 7814, 9196, 5328, 6893, 9263, 638, 9745, 8465, 4117, 6066, 2967, 4805, 9741, 284, 6502, 4771, 1909, 3996, 4368, 5978, 5309, 2611, 2952, 6834, 546, 6326, 2658, 6041, 421, 5649, 3435, 590, 8898, 3570, 9227, 9462, 5286, 4610, 5616, 2065, 6224, 582, 815, 9028, 700, 7553, 4031, 5255, 8830, 4346, 9156, 4207, 167, 7884, 2178, 1414, 1922, 9999, 3684, 9111, 7741, 8969, 3801, 4158, 2571, 3902, 8, 8564, 1661, 9588, 5910, 3106, 5207, 777, 4633, 9292, 5598, 2679, 7911, 4556, 3822, 6373, 6529, 7091, 3076, 8793, 701, 3068, 7161, 997, 3161, 170, 6837, 4088, 6351, 5843, 9764, 7214, 995, 8119, 5627, 6562, 8238, 7358, 9097, 842, 3294, 6593, 4394, 4110, 9002, 2539, 6572, 5828, 1207, 9039, 7404, 6801, 9291, 9257, 4254, 1388, 9091, 3693, 4053, 2803, 455, 6147, 7640, 5786, 8275, 5025, 8941, 8740, 8728, 1697, 5202, 2070, 952, 8900, 362, 744, 8147, 8764, 3134, 6014, 5714, 7154, 1605, 6452, 4831, 9249, 5391, 7568, 9753, 1404, 2886, 4614, 2074, 5903, 6675, 2937, 7305, 4027, 7502, 1736, 7858, 790, 7946, 9, 2572, 7347, 5964, 6783, 8459, 8448, 9190, 7976, 9117, 4350, 1206, 2734, 5642, 8518, 694, 54, 5734, 3612, 442, 9971, 5480, 9394, 106, 1020, 5410, 5174, 6577, 1270, 8901, 2761, 7779, 4607, 3955, 7792, 8830, 9809, 5442, 7588, 9040, 2484, 4006, 7863, 296, 8728, 225, 8772, 7978, 9956, 6070, 5179, 5385, 8057, 4280, 4640, 5672, 3098, 8864, 5740, 7219, 1486, 6484, 6455, 6310, 5522, 2225, 1366, 7865, 5185, 3948, 3052, 5570, 697, 1223, 7579, 2200, 6650, 9562, 4197, 7214, 8836, 4963, 9247, 5913, 1363, 9805, 1868, 6575, 6624, 2913, 8386, 3826, 4349, 2389, 8744, 6835, 3493, 5131, 5829, 3088, 9679, 6809, 1518, 1860, 4784, 3609, 8886, 6120, 8531, 7088, 206, 6365, 6227, 8353, 2435, 8975, 4445, 4638, 7600, 2577, 7365, 7153, 7041, 6525, 7752, 4160, 1646, 9084, 9313, 8195, 473, 2974, 3622, 210, 2289, 4411, 2380, 6267, 5998, 3941, 466, 2948, 9957, 7379, 6069, 4094, 8443, 8014, 2509, 6395, 5747, 9194, 7943, 6585, 2113, 8767, 9025, 4700, 5418, 7639, 5830, 73, 1374, 5480, 2881, 9400, 9565, 6294, 5875, 6144, 4187, 4005, 6040, 16, 5441, 8792, 9418, 1191, 8661, 4142, 9623, 8196, 8750, 3819, 6047, 3134, 4288, 9580, 5016, 2648, 2643, 5172, 5386, 4870, 1124, 6710, 4505, 5288, 1765, 8085, 5068, 9109, 4729, 5825, 1133, 2696, 8974, 5329, 2163, 1701, 1583, 7077, 7637, 9492, 3859, 4624, 5152, 3192, 201, 639, 2739, 550, 3436, 5894, 7224, 2071, 331, 7499, 5312, 8376, 9555, 3517, 4445, 8566, 5088, 7, 1608, 6858, 6161, 102, 873, 6373, 8613, 1068, 8406, 4544, 590, 2271, 2183, 9818, 109, 9632, 3746, 8581, 9112, 3724, 2711, 6412, 1922, 8828, 2472, 1509, 8726, 3980, 9983, 7712, 8377, 9900, 3192, 565, 8986, 1344, 542, 9167, 9278, 8853, 4184, 7382, 8366, 3255, 5250, 7459, 1415, 4695, 1524, 5359, 5351, 9569, 5322, 8559, 9836, 6497, 5352, 3506, 7669, 4468, 8499, 4150, 4339, 3116, 5334, 7415, 7564, 3865, 7792, 5433, 1926, 7213, 9072, 1673, 1123, 6570, 6645, 4856, 9925, 8407, 8787, 630, 3093, 8566, 481, 8491, 7137, 2191, 8561, 7256, 1061, 5324, 3179, 8351, 3458, 1801, 8573, 9142, 3693, 5056, 4127, 4451, 1315, 13, 305, 4864, 7858, 6608, 9314, 8657, 9962, 2176, 8407, 8498, 2120, 7159, 2893, 5261, 6433, 6286, 4044, 3655, 2010, 6759, 7670, 6314, 3766, 8958, 4828, 3662, 530, 4313, 2334, 3926, 8128, 7219, 6541, 2581, 1820, 8117, 333, 4814, 3393, 5096, 5739, 6174, 5821, 2111, 9632, 2355, 9887, 2176, 8641, 244, 5054, 9875, 5011, 735, 9469, 3454, 7719, 2380, 7619, 6517, 2812, 9438, 4007, 9381, 2327, 1007, 5433, 1720, 8078, 8333, 6815, 1382, 8834, 8734, 3789, 4963, 5343, 6148, 5508, 3252, 2765, 6029, 5185, 5561, 3173, 5853, 1229, 2942, 7080, 4992, 8183, 7604, 2927, 5401, 7870, 8265, 2473, 844, 3376, 3788, 3180, 1773, 4206, 9970, 2303, 459, 365, 3527, 7219, 8041, 5145, 359, 6247, 8600, 9646, 5068, 9315, 7417, 649, 4904, 8753, 6755, 137, 9860, 3948, 8485, 1895, 2839, 7725, 6639, 3496, 6225, 2172, 874, 3874, 5453, 6253, 4030, 3567, 1132, 740, 4535, 2296, 2186, 8614, 9627, 8096, 5197, 4873, 4278, 5962, 2754, 1085, 5215, 5713, 5920, 3924, 2489, 4717, 3783, 5193, 1927, 2420, 3028, 1823, 7941, 150, 451, 4131, 8122, 5509, 6246, 1460, 4018, 2866, 7776, 2682, 302, 5585, 5995, 2987, 1547, 9996, 6295, 5818, 8328, 9762, 2555, 1754, 1388, 8074, 9143, 8870, 1554, 7436, 2281, 1544, 5569, 3097, 1465, 6726, 3429, 2659, 8806, 5314, 6265, 7830, 6329, 1099, 5527, 1760, 9498, 7423, 7958, 4912, 1220, 2965, 6167, 6162, 1036, 8093, 3298, 7395, 1416, 926, 1444, 3653, 9024, 6491, 1803, 2416, 416, 9748, 7401, 1323, 6915, 4317, 7097, 5570, 4426, 7802, 921, 6422, 4756, 1542, 8307, 3240, 476, 4151, 144, 4817, 5135, 241, 4946, 4173, 7353, 667, 9026, 6846, 558, 1918, 6926, 6360, 4356, 2447, 2057, 2153, 594, 5288, 205, 3456, 1932, 7752, 3761, 9808, 3474, 4208, 65, 799, 2585, 5989, 6847, 2497, 5746, 9500, 1954, 9056, 223, 4665, 7533, 8953, 2396, 5405, 1542, 813, 5511, 4224, 4232, 4700, 9037, 1725, 6865, 7194, 4131, 7760, 6884, 7733, 348, 9396, 2113, 1034, 6915, 2806, 2919, 5840, 1164, 9161, 8619, 9074, 7524, 6422, 5689, 4832, 675, 6158, 8536, 2142, 6752, 8464, 9031, 6853, 8887, 3206, 6388, 9549, 2355, 5064, 1443, 3658, 2826, 6340, 4820, 6402, 2809, 3989, 6862, 4727, 6388, 5128, 5002, 657, 8338, 5459, 7820, 8772, 3955, 2814, 4130, 3937, 3813, 4002, 3177, 5990, 7292, 2595, 9993, 2700, 8053, 5438, 5175, 2154, 7237, 7452, 9186, 6565, 8097, 2768, 9030, 356, 7337, 4602, 7740, 1706, 7470, 4860, 5086, 2916, 366, 1343, 5147, 1884, 7163, 8473, 619, 8822, 6798, 6411, 3544, 8052, 4047, 8099, 4431, 918, 3846, 6412, 9922, 2628, 7957, 1048, 206, 190, 6464, 4401, 5767, 8968, 2295, 77, 3537, 5321, 3274, 1239, 818, 2685, 2803, 5265, 6786, 5505, 5895, 7494, 8672, 5870, 5522, 8998, 3037, 4119, 6302, 7964, 2696, 6398, 1409, 293, 1426, 8683, 6924, 7965, 4970, 5568, 122, 5882, 5974, 9717, 5017, 7446, 1336, 6174, 7367, 2144, 8899, 3021, 6651, 8645, 2325, 2208, 1990, 533, 9646, 2734, 9965, 2574, 6937, 8171, 4908, 5793, 4399, 4697, 2071, 6107, 3411, 8725, 6735, 1217, 2571, 7603, 6319, 8552, 6385, 660, 2668, 8336, 4332, 3679, 5425, 3103, 7853, 7896, 401, 6515, 7050, 2350, 3524, 5208, 2979, 5342, 2456, 6022, 7564, 3057, 5800, 5339, 6383, 9163, 9741, 2852, 8042, 7708, 5015, 3923, 8455, 701, 9030, 5102, 8219, 3060, 9366, 656, 6887, 8917, 3380, 2084, 9649, 8697, 5732, 8810, 3000, 7866, 2345, 3098, 6784, 656, 2385, 3407, 5120, 9563, 6249, 378, 92, 3627, 4810, 9481, 7805, 8274, 1410, 3637, 5816, 7403, 4694, 7164, 8583, 4941, 5725, 6444, 1234, 7780, 3525, 7626, 9289, 4369, 6117, 8869, 6513, 5262, 8314, 4758, 7648, 4143, 5411, 5432, 7072, 8784, 486, 3453, 6689, 860, 5771, 887, 5455, 4190, 5506, 7834, 9712, 8146, 8008, 2085, 4551, 4165, 7455, 9581, 7918, 2519, 4203, 4998, 6241, 1769, 905, 2683, 1107, 2578, 8795, 2199, 4308, 5484, 6269, 8969, 1343, 1053, 7122, 2504, 5754, 194, 1867, 1203, 3880, 9739, 553, 8209, 9434, 7621, 5744, 9705, 1631, 8374, 1131, 4456, 7900, 3959, 9719, 6164, 1229, 2360, 1790, 2029, 6932, 8216, 5155, 9939, 6559, 622, 939, 4156, 7345, 9938, 7796, 7627, 6242, 514, 2118, 8437, 7546, 642, 4081, 8473, 8373, 3576, 4166, 1833, 2794, 6035, 6977, 6764, 6054, 550, 5274, 1849, 8912, 2104, 916, 8065, 3722, 2657, 2475, 8180, 7107, 7623, 7307, 4997, 3153, 9585, 5342, 2981, 7649, 7110, 8989, 8059, 3728, 4505, 9623, 1131, 7008, 3792, 3898, 2300, 9374, 1626, 2027, 1013, 3194, 303, 634, 6164, 1936, 1835, 609, 8700, 1449, 1215, 4325, 629, 531, 3957, 1803, 181, 9733, 1758, 9275, 1822, 8104, 7799, 4194, 230, 4202, 6955, 5945, 5666, 5142, 4440, 2987, 9631, 4146, 1684, 1872, 8535, 6269, 4967, 8697, 6221, 3454, 2975, 8706, 2997, 2290, 4092, 9655, 9881, 1055, 6693, 8028, 5205, 1166, 4555, 5465, 9463, 7855, 1453, 6698, 4789, 5661, 456, 4358, 793, 819, 4251, 2652, 8444, 5428, 1981, 9735, 169, 6224, 7121, 2748, 5673, 6673, 4027, 411, 1381, 6265, 7922, 4544, 547, 1562, 6765, 7735, 2090, 1945, 7874, 5660, 5468, 9024, 3053, 6177, 5669, 5534, 7222, 9107, 2451, 9060, 3666, 8855, 7734, 4257, 399, 2430, 2853, 8500, 5662, 586, 8469, 5761, 8329, 9786, 2869, 1665, 4984, 4737, 5563, 9227, 4077, 6722, 8556, 423, 5464, 9805, 8868, 7537, 2348, 3804, 1467, 5396, 6722, 1690, 7782, 2292, 4672, 4660, 6840, 5947, 52, 9954, 9887, 4082, 2943, 3742, 3989, 8042, 5719, 1057, 9899, 2520, 5979, 4549, 7921, 141, 4644, 2678, 1914, 2530, 4720, 2122, 1611, 6826, 8711, 1774, 4216, 5520, 4926, 7683, 4774, 7149, 3034, 205, 1511, 7344, 4291, 7333, 5900, 881, 6688, 4953, 6294, 2103, 1212, 288, 8906, 9935, 3579, 3883, 6708, 8534, 7755, 2710, 402, 6999, 55, 8424, 1638, 2131, 2909, 7929, 4591, 1722, 9927, 1087, 382, 2395, 768, 8463, 8294, 5481, 9345, 5600, 2252, 8776, 6254, 1649, 7973, 9303, 7092, 5000, 1172, 549, 9106, 4388, 81, 7681, 4458, 6557, 8217, 2585, 9343, 2871, 2925, 8691, 3676, 1530, 5895, 1836, 544, 8205, 3428, 439, 9392, 7277, 1787, 1310, 6, 7737, 7670, 2260, 1217, 9406, 7233, 893, 3571, 6284, 8566, 6878, 4041, 921, 5844, 5791, 3979, 5869, 8750, 3910, 5014, 5870, 8087, 690, 7027, 945, 3327, 2751, 4827, 6573, 3981, 1364, 7418, 5326, 1367, 7300, 6420, 7126, 5577, 5175, 8757, 4976, 6454, 7760, 7632, 1420, 6109, 4905, 8104, 2517, 94, 5250, 6559, 9481, 6265, 3546, 4069, 6954, 8837, 3233, 6451, 443, 7057, 9858, 8261, 1365, 7666, 3201, 1976, 8614, 6223, 5109, 2574, 6238, 8856, 4830, 7620, 3237, 2007, 8430, 9624, 9888, 7697, 832, 3141, 8288, 1915, 4158, 2449, 2993, 854, 6784, 5527, 4710, 7284, 9166, 9265, 3673, 6407, 3167, 6353, 132, 5920, 2054, 9059, 1806, 1820, 8553, 3487, 6508, 7253, 2737, 3747, 4163, 2173, 8420, 3927, 2010, 7923, 7008, 2001, 6675, 9979, 5060, 5049, 4297, 5539, 385, 9153, 1282, 9783, 6378, 4773, 3019, 4155, 3909, 4887, 9075, 6977, 2811, 2434, 7657, 6293, 8746, 1924, 7592, 9661, 9222, 3100, 8886, 9477, 7960, 945, 8996, 3341, 6276, 2157, 3533, 1178, 4543, 7319, 6521, 1527, 1001, 8618, 3163, 2375, 3756, 7948, 6227, 7454, 6759, 5365, 5848, 9199, 3364, 5588, 7844, 1870, 2702, 2599, 1543, 1600, 756, 2683, 9934, 3473, 1230, 2981, 9089, 5576, 6550, 4925, 1642, 5258, 2053, 5995, 6770, 3813, 7727, 6081, 9021, 1899, 9326, 2460, 8144, 4870, 309, 3303, 1681, 3642, 5463, 5853, 7486, 2908, 7592, 2713, 1671, 6727, 7247, 6652, 6229, 5601, 4910, 1784, 6273, 1188, 7731, 5565, 7849, 3584, 4874, 6073, 5033, 8247, 1079, 5704, 4271, 8500, 233, 7841, 1576, 8840, 5903, 641, 2819, 7029, 4530, 6652, 7671, 118, 3379, 2670, 2625, 3351, 1414, 5798, 3860, 6210, 6190, 1052, 7266, 7187, 6013, 5816, 8427, 5705, 6604, 5526, 5641, 7608, 4405, 4999, 6646, 2836, 7717, 9046, 7199, 2912, 4271, 2231, 1680, 5915, 4065, 9846, 3848, 6761, 297, 7977, 9551, 2205, 8080, 7594, 8276, 9067, 4303, 6325, 2412, 4987, 1232, 3788, 3306, 3348, 2154, 2873, 472, 7358, 5334, 7750, 6248, 717, 1785, 4232, 7355, 6005, 9325, 1355, 7424, 9887, 4530, 4957, 9640, 7832, 5460, 3866, 9553, 7989, 6317, 9634, 2676, 2135, 2242, 6812, 3401, 8545, 6375, 1641, 318, 8578, 5471, 6236, 6706, 2691, 653, 7880, 457, 1699, 2429, 9735, 2409, 9661, 3988, 1343, 4365, 2483, 9569, 7821, 5164, 8651, 2640, 8710, 1767, 3714, 8283, 733, 3807, 1952, 6420, 3918, 9765, 1882, 9794, 730, 5821, 7200, 9707, 1209, 6028, 6557, 771, 2772, 3651, 9680, 1331, 6033, 6382, 9354, 1223, 8947, 5605, 578, 675, 7472, 9270, 5079, 295, 3266, 5705, 4720, 7454, 566, 5431, 610, 9048, 1671, 4490, 8435, 3830, 6560, 558, 8941, 2225, 4917, 9286, 6215, 6229, 4491, 6218, 1383, 3019, 2068, 4580, 6261, 4782, 6284, 5911, 2792, 4473, 9904, 7715, 8144, 2824, 7615, 2895, 477, 8539, 659, 6004, 6855, 5426, 6483, 9881, 181, 9779, 4523, 6682, 2868, 2441, 6362, 101, 563, 2000, 7818, 6512, 7283, 6211, 1622, 5170, 4696, 7036, 4970, 3925, 3968, 2026, 9384, 935, 7392, 8419, 5002, 6922, 9148, 5585, 1318, 2304, 4454, 1878, 8343, 5749, 4666, 7522, 2095, 288, 4830, 1802, 7406, 8436, 5076, 3375, 5046, 2164, 2123, 6445, 4503, 997, 2550, 6987, 6050, 3265, 8547, 7646, 7123, 8336, 119, 3513, 7760, 739, 4347, 8284, 4268, 1222, 4871, 2455, 388, 4017, 1048, 9840, 3068, 930, 611, 6919, 3657, 1178, 9057, 1527, 9439, 3103, 7654, 7470, 8061, 4254, 9934, 653, 5520, 2094, 7122, 1343, 6161, 2221, 4822, 4086, 9848, 2987, 3593, 3817, 4431, 517, 1706, 4340, 6295, 8452, 7425, 8384, 9507, 573, 681, 522, 6218, 6047, 8886, 9841, 4581, 9706, 4724, 3277, 7916, 6719, 8296, 3629, 9415, 7689, 4922, 7064, 7954, 2685, 6749, 2607, 558, 9942, 9467, 572, 858, 633, 4384, 5806, 220, 3506, 9833, 4638, 1407, 3242, 7647, 590, 941, 9542, 1688, 5314, 3298, 8580, 2428, 2202, 1337, 1982, 534, 118, 130, 2825, 4033, 9905, 7170, 7568, 7874, 9510, 1380, 2610, 9262, 671, 5542, 568, 4905, 4999, 1943, 6851, 4179, 6145, 3419, 2933, 6277, 4394, 2682, 3499, 1614, 6754, 8017, 7425, 9775, 6198, 7874, 6083, 6768, 9067, 1842, 3135, 7808, 9719, 8933, 2879, 3167, 1194, 9271, 6358, 7531, 8873, 7956, 9571, 3470, 5414, 2774, 3052, 892, 4029, 8354, 3396, 7919, 3024, 9049, 6023, 5927, 3436, 8327, 8857, 6858, 613, 8362, 5294, 2222, 8686, 8383, 2093, 6341, 6944, 1188, 5493, 5919, 339, 2667, 1309, 4069, 350, 8483, 4016, 7840, 8607, 3825, 8860, 1678, 5211, 3027, 1968, 1633, 1881, 9431, 6839, 2429, 2697, 8870, 6803, 2268, 9503, 244, 8575, 1820, 7916, 8506, 1548, 3783, 7228, 5330, 4855, 514, 4749, 1539, 2081, 6260, 6105, 5821, 5029, 9300, 6944, 2076, 9114, 2048, 5258, 3541, 8575, 2619, 4679, 7318, 6214, 2421, 7252, 8293, 835, 918, 2432, 9277, 8059, 4454, 4961, 4256, 8269, 4605, 5133, 8625, 1575, 1073, 2529, 6973, 6678, 4257, 6574, 7176, 4439, 3635, 1640, 7549, 5861, 6290, 8591, 7883, 4044, 927, 5912, 618, 6141, 3802, 1158, 9637, 7611, 1616, 5821, 800, 2043, 8174, 3412, 1146, 2720, 1350, 5243, 4082, 5785, 5978, 2332, 6570, 1925, 2820, 7358, 4986, 4128, 5679, 9891, 6773, 2323, 2702, 5625, 9735, 3972, 6299, 4627, 5730, 6089, 8480, 8738, 7710, 1503, 8114, 3289, 6930, 8622, 2630, 7725, 9168, 4001, 1795, 7826, 1096, 8519, 7051, 1983, 1880, 9580, 9052, 9590, 7682, 3925, 7309, 1237, 5252, 3221, 3454, 5857, 4599, 9307, 7334, 7867, 9472, 7407, 8736, 6586, 1472, 5682, 6178, 4086, 7296, 2520, 1125, 40, 2144, 5813, 2525, 6124, 1486, 4753, 6373, 4188, 6126, 90, 5587, 5416, 7130, 8819, 7120, 5800, 5298, 3162, 5720, 1279, 3099, 9273, 2201, 1111, 1291, 8611, 1649, 4404, 6256, 859, 4145, 7915, 2319, 3129, 53, 4610, 8641, 7389, 2306, 6440, 6990, 1531, 7792, 2754, 8026, 9990, 6511, 6613, 4370, 6294, 475, 2432, 5269, 641, 5350, 7036, 5555, 4924, 6229, 3232, 2309, 3948, 684, 5321, 5702, 5474, 366, 5993, 9723, 9220, 8315, 9120, 9224, 8962, 1114, 5800, 1922, 3490, 7830, 6885, 8196, 9971, 99, 8199, 8285, 4384, 7309, 2185, 2851, 3691, 818, 1304, 1586, 2467, 5224, 276, 2755, 9109, 6996, 1276, 4214, 8712, 4929, 8282, 3179, 4447, 5273, 2183, 6422, 1969, 3018, 2974, 4879, 4960, 9417, 8916, 1694, 7825, 1330, 9064, 6551, 4828, 6539, 7703, 7640, 4158, 7460, 91, 3311, 4817, 6218, 2109, 2955, 7035, 2347, 3695, 8533, 5624, 3159, 8726, 4091, 2818, 6534, 3669, 143, 9048, 182, 689, 308, 9051, 4849, 7105, 5647, 3150, 1004, 2798, 7736, 3844, 799, 3697, 9849, 5264, 4457, 3178, 1831, 1130, 4866, 7038, 8163, 7422, 4709, 942, 1718, 8406, 6348, 6785, 9319, 3033, 5057, 180, 359, 9715, 5206, 5328, 4897, 7153, 6869, 4662, 9992, 6181, 1497, 999, 1250, 2976, 8547, 991, 6003, 9249, 6926, 730, 9742, 3973, 8201, 814, 9514, 4216, 3179, 8876, 4761, 8994, 9360, 1447, 7037, 8754, 1374, 3777, 1522, 9171, 7118, 3496, 4509, 357, 4023, 9014, 1304, 7786, 2189, 8030, 6786, 1748, 9769, 5491, 3476, 491, 2871, 9426, 2525, 4649, 219, 532, 8081, 8948, 896, 1899, 8006, 5237, 1571, 6497, 2325, 1170, 6756, 7016, 634, 9002, 3458, 1117, 7863, 5898, 3947, 1648, 8573, 6443, 3964, 8187, 6173, 8196, 896, 6880, 6037, 3838, 5952, 2440, 8807, 4168, 1614, 4194, 2899, 4944, 4105, 2745, 5348, 9684, 8950, 6738, 3335, 3260, 2694, 1428, 7097, 6662, 5875, 4848, 357, 2416, 9476, 2584, 3544, 5778, 9430, 5467, 8568, 175, 5194, 7049, 5972, 6280, 8332, 2676, 6731, 9060, 2951, 2306, 661, 2298, 9103, 8689, 3911, 9534, 2959, 5341, 1109, 3074, 681, 5921, 1257, 756, 5747, 6048, 3402, 3706, 5612, 8171, 5579, 1563, 2501, 3275, 6393, 3773, 1705, 1862, 4856, 9802, 1089, 8700, 1634, 5995, 1912, 9609, 7503, 3830, 5783, 1885, 5853, 1517, 4650, 2555, 9029, 3722, 8390, 8176, 429, 7847, 5413, 478, 8209, 1597, 6876, 1368, 7697, 7242, 905, 6410, 4674, 7648, 6076, 7272, 3379, 1675, 2422, 165, 5106, 8410, 786, 5254, 5951, 2164, 2951, 5814, 6029, 991, 4479, 3191, 5603, 4690, 1669, 7389, 3897, 9148, 4652, 3533, 923, 2193, 8160, 7517, 5754, 7254, 4367, 4258, 8395, 5071, 9441, 7328, 8284, 1397, 2574, 7678, 4738, 9164, 7312, 9447, 3504, 6118, 1320, 9119, 4004, 4626]
List Size: 8000
Insertion Sort Time: 3903.188700 milliseconds
Merge Sort Time: 49.068000 milliseconds
Built-in Sort Time: 1.108300 milliseconds

Original List: [254, 6311, 1958, 4964, 8623, 9962, 2985, 1485, 924, 3833, 8713, 3549, 4824, 2151, 7916, 3443, 5719, 5609, 2397, 2068, 6844, 561, 3390, 7762, 1099, 1812, 4562, 2320, 2670, 2098, 8049, 8762, 2615, 9213, 516, 8656, 7830, 9221, 5338, 4364, 473, 4869, 7608, 3129, 222, 141, 3240, 337, 5061, 2979, 8213, 5552, 1703, 2206, 5707, 2166, 4047, 278, 5373, 7853, 1386, 9789, 3712, 2060, 4923, 292, 4054, 4609, 3806, 1147, 3577, 7817, 7053, 3359, 1098, 1662, 8661, 3082, 8201, 4117, 7522, 9173, 5118, 970, 9206, 1580, 7431, 2896, 7063, 4045, 4795, 3824, 1060, 7279, 1637, 231, 3260, 996, 5671, 2078, 1925, 6823, 8001, 3036, 5589, 6485, 2243, 8179, 4764, 665, 3774, 2278, 4767, 8651, 6803, 2504, 7759, 4344, 2302, 5813, 2060, 8894, 5655, 2277, 8613, 8173, 1467, 3843, 2740, 1269, 9332, 7309, 7015, 6677, 6680, 47, 6130, 112, 9920, 4754, 630, 568, 9317, 5175, 2431, 8945, 6, 4480, 1361, 6834, 5621, 6222, 4491, 6847, 4747, 3212, 7446, 6718, 7475, 3951, 6429, 1545, 6175, 4142, 2958, 2670, 7352, 3079, 4060, 4035, 5385, 4001, 6853, 3313, 2622, 2180, 2786, 7822, 5338, 235, 8105, 6641, 2479, 920, 4530, 4279, 9833, 4391, 8289, 5650, 8387, 340, 4302, 5149, 3119, 4387, 1778, 2897, 6253, 9475, 9132, 6133, 3340, 2920, 2670, 6195, 9351, 5602, 6996, 9624, 9565, 4809, 1284, 4570, 2073, 9296, 2953, 8870, 3472, 1513, 5980, 6765, 6274, 445, 6469, 676, 5071, 2352, 1864, 735, 4237, 3930, 4567, 5778, 1134, 4959, 4750, 9532, 4371, 5948, 2585, 8167, 335, 3372, 1026, 7838, 1950, 1795, 9619, 939, 7937, 3557, 329, 3705, 6008, 2604, 1835, 7808, 609, 8968, 8631, 166, 9704, 9255, 3073, 5264, 7030, 3969, 1544, 8216, 3167, 3559, 1184, 7144, 7112, 7618, 8777, 5130, 6969, 2398, 3268, 3868, 917, 8195, 775, 2231, 4787, 5553, 8630, 7322, 8732, 3759, 9262, 8067, 2127, 372, 2600, 6597, 672, 5764, 2159, 8325, 6293, 5400, 6436, 9399, 2049, 2454, 4909, 2296, 9559, 4463, 6145, 6011, 1312, 4315, 7222, 9310, 8147, 8640, 5531, 9074, 1870, 688, 2719, 9437, 6113, 793, 9409, 9684, 6670, 4965, 1923, 8104, 3771, 5260, 8178, 9947, 6252, 9473, 4393, 206, 8740, 2897, 4363, 557, 148, 5919, 9318, 6763, 7861, 8121, 1440, 8179, 5872, 8715, 9842, 8350, 8862, 8135, 9941, 35, 2170, 3957, 4850, 1051, 1594, 5596, 2843, 6528, 8896, 7555, 5590, 8443, 8857, 2019, 6318, 5412, 4011, 5302, 24, 8547, 4838, 8212, 4957, 1889, 5261, 8972, 3343, 2412, 6822, 2400, 3097, 4711, 9931, 654, 6363, 1900, 2491, 5517, 5099, 6634, 8465, 158, 5651, 3467, 5740, 9516, 4476, 6391, 8934, 2081, 1703, 5135, 8017, 1505, 1132, 1013, 1315, 5955, 514, 7670, 7355, 9860, 8822, 5934, 844, 3883, 5057, 9970, 6920, 6651, 4433, 8052, 1566, 7388, 330, 7794, 3324, 8299, 2703, 6768, 1734, 4205, 985, 5500, 2697, 738, 9489, 4227, 8706, 3253, 2001, 4180, 7142, 3984, 412, 4439, 5683, 7170, 3601, 6208, 8599, 9090, 2974, 3538, 7698, 5312, 2461, 9620, 9156, 3070, 1510, 6036, 1034, 6726, 5660, 8816, 8392, 2115, 1645, 1328, 7717, 8085, 3876, 492, 6429, 2621, 2979, 4045, 1256, 6573, 2961, 3817, 3830, 3947, 1551, 9892, 4432, 2592, 1619, 3941, 1734, 2098, 2139, 2886, 575, 1277, 175, 1915, 7249, 5684, 8744, 6085, 7896, 5026, 5739, 9454, 3821, 5885, 2218, 6784, 2695, 3947, 2816, 6180, 9635, 4412, 8074, 2592, 1688, 3444, 2868, 2383, 9250, 2596, 7520, 284, 1535, 1567, 5262, 807, 1304, 7619, 549, 1064, 6361, 5992, 8423, 4969, 1822, 5409, 620, 5214, 5609, 2695, 5286, 3101, 1371, 1555, 2880, 8204, 3915, 4566, 6544, 4355, 1255, 6462, 8996, 3975, 6649, 4574, 9922, 3692, 84, 3907, 5851, 3357, 3683, 6863, 9635, 1422, 6174, 6824, 323, 1085, 3049, 4342, 6117, 6642, 1478, 3237, 8451, 232, 3657, 4460, 6784, 3455, 7224, 5574, 6731, 1806, 3536, 407, 2402, 4359, 4101, 7018, 2605, 955, 2120, 2899, 5124, 3747, 4677, 1890, 7771, 4569, 5397, 4342, 939, 2107, 1418, 7336, 7676, 6184, 1905, 2701, 7630, 9395, 8801, 6696, 4175, 51, 8415, 7208, 3877, 9220, 4016, 7165, 4377, 9316, 6221, 1171, 164, 4286, 8165, 3180, 3347, 4207, 8779, 9505, 1915, 8230, 2411, 1590, 3837, 8606, 1817, 4708, 200, 7269, 7614, 7602, 6459, 444, 2645, 5315, 3066, 2401, 2517, 2534, 4774, 8907, 5697, 5595, 9791, 805, 1327, 8116, 4580, 6783, 9100, 8649, 1566, 3922, 7624, 4004, 6461, 3580, 8986, 4871, 1979, 5123, 9026, 4213, 6344, 6843, 352, 7833, 9059, 8901, 2996, 5714, 2510, 7026, 6829, 8859, 6372, 6239, 5725, 4002, 5151, 4007, 5039, 1850, 4697, 8540, 9780, 9817, 542, 7544, 183, 9044, 5106, 8344, 7665, 6216, 3432, 3712, 6771, 9141, 9736, 8705, 948, 4837, 5577, 8751, 3805, 1891, 3897, 8057, 3813, 7339, 5649, 6550, 7631, 1934, 8752, 8177, 1884, 5122, 3498, 5191, 5753, 7830, 6236, 6478, 6372, 8627, 6669, 7141, 3564, 7386, 3573, 2414, 6409, 5797, 6513, 1477, 97, 7322, 5352, 6074, 4520, 2206, 687, 2173, 760, 2826, 7124, 3731, 4102, 4173, 3161, 5047, 6351, 2898, 6080, 4052, 1121, 9543, 1931, 6072, 1706, 6435, 6574, 3338, 1740, 3633, 8538, 6713, 9821, 3625, 728, 8277, 4140, 6403, 4050, 1745, 1902, 3375, 8084, 5198, 9264, 2074, 2442, 1942, 5244, 4302, 4332, 3678, 7324, 5027, 6928, 4229, 2338, 1287, 159, 4379, 8991, 7327, 8048, 3836, 4253, 6223, 5917, 4881, 2690, 6601, 5783, 6301, 6500, 6832, 3210, 1507, 8593, 5989, 4271, 6822, 7793, 4828, 4405, 1354, 9661, 2508, 64, 2168, 3688, 7861, 4521, 8569, 4929, 2551, 8375, 9254, 5240, 8190, 4469, 718, 776, 6801, 4990, 1039, 395, 6867, 5498, 5312, 3389, 463, 6270, 2750, 2269, 3254, 9156, 2559, 6034, 4526, 7272, 8563, 6889, 2625, 7246, 4669, 4694, 17, 243, 2658, 9283, 3454, 8356, 1888, 6275, 2727, 1900, 2541, 917, 7877, 8383, 4991, 1195, 796, 1522, 4968, 9109, 9218, 2655, 3483, 963, 136, 1690, 9227, 9620, 1488, 5197, 861, 3584, 750, 6371, 2112, 4503, 1023, 9575, 2730, 9217, 7358, 6216, 4192, 9601, 4486, 8827, 8492, 6206, 6396, 9614, 4011, 6985, 4581, 7366, 5850, 4449, 1535, 5007, 7035, 2714, 9194, 7551, 7521, 1227, 4512, 446, 6756, 9700, 9088, 446, 6800, 4911, 409, 1851, 253, 4527, 155, 9441, 9653, 2332, 393, 4267, 9956, 102, 4588, 287, 2131, 7277, 4888, 5869, 5336, 5053, 4527, 2841, 7631, 4065, 1829, 1007, 9684, 2821, 1502, 2751, 3573, 4796, 6346, 8612, 4600, 27, 5440, 7486, 8680, 4451, 1743, 5826, 623, 8833, 8739, 314, 9739, 1672, 5548, 708, 2375, 1870, 9579, 4049, 512, 3031, 8176, 709, 6275, 257, 641, 6567, 5787, 8659, 2810, 105, 2341, 4408, 5530, 245, 9109, 9587, 2263, 6691, 4346, 1834, 2395, 3525, 2688, 3899, 1241, 5369, 7066, 3989, 6368, 9608, 3889, 1935, 6760, 3201, 1621, 2542, 4562, 2397, 8616, 404, 9453, 7220, 8973, 6214, 7753, 2524, 3610, 3891, 7115, 636, 1429, 9271, 8531, 4248, 4407, 9442, 1344, 8144, 1048, 6406, 7332, 2099, 9448, 8516, 5760, 4836, 925, 5970, 1503, 2293, 7903, 1730, 2930, 217, 6296, 9538, 3698, 9691, 9318, 2046, 4201, 8534, 5926, 8795, 2698, 1422, 9900, 1088, 4229, 5043, 4399, 4572, 1194, 7129, 3943, 473, 6155, 3352, 4945, 3782, 5688, 8790, 4455, 5497, 3446, 6841, 6760, 4888, 2141, 9917, 4269, 6495, 5077, 5190, 7199, 9922, 2318, 5180, 2528, 7136, 3203, 2898, 4258, 7453, 7634, 7931, 2366, 4773, 1776, 646, 6204, 2352, 2155, 5474, 7691, 6204, 5187, 8798, 321, 7992, 7550, 6199, 4910, 6290, 4354, 3664, 305, 536, 4485, 693, 4582, 1891, 9065, 6890, 9334, 7319, 3306, 9133, 2128, 8184, 7351, 1399, 2580, 5784, 5410, 5281, 454, 4330, 1653, 894, 8597, 8815, 4077, 7188, 6126, 9673, 4711, 646, 1529, 7105, 7946, 5559, 7678, 4202, 6292, 9670, 5023, 7857, 5002, 5288, 4785, 2926, 7238, 7123, 2626, 6451, 3593, 5731, 1344, 6184, 7578, 3275, 537, 2519, 3057, 2487, 9878, 2325, 6870, 2730, 5138, 8463, 1310, 8997, 5205, 9507, 1695, 4611, 4621, 3841, 1778, 9164, 8117, 3689, 6573, 4756, 8935, 4073, 3299, 4651, 6974, 5285, 9282, 9407, 8427, 7225, 6026, 9324, 2622, 2746, 550, 8456, 2057, 5926, 9451, 8291, 5811, 1342, 6728, 988, 2414, 7505, 209, 4815, 9346, 6480, 8436, 8796, 8539, 2944, 4034, 4458, 516, 582, 7239, 1608, 967, 1147, 4728, 9517, 3335, 3339, 896, 1796, 1152, 7044, 4615, 9519, 331, 560, 3840, 6506, 6050, 9, 9902, 1319, 2874, 1837, 286, 1378, 6377, 9336, 4748, 6280, 288, 2692, 9976, 3445, 1655, 9447, 6217, 5619, 5373, 7944, 5165, 7964, 34, 7404, 502, 9968, 2632, 2250, 270, 5890, 5957, 5199, 5288, 5488, 6007, 3617, 3788, 953, 5252, 7652, 8339, 1878, 4077, 5873, 931, 7254, 4345, 8155, 2295, 9659, 1406, 1762, 4746, 2491, 7710, 7970, 8316, 1792, 2449, 8817, 61, 977, 9754, 7422, 2115, 5957, 4252, 5364, 6432, 8191, 3790, 59, 8929, 3264, 2684, 7060, 1069, 8957, 7648, 2617, 2033, 9951, 2287, 7146, 2845, 4862, 511, 1823, 3948, 6200, 7417, 2970, 9951, 1548, 1398, 5056, 6318, 3467, 4637, 5647, 1916, 2424, 6727, 4761, 9477, 239, 2347, 3668, 6918, 5835, 8863, 8884, 5158, 5390, 7420, 427, 6085, 4301, 3060, 7374, 3841, 6760, 4313, 3434, 1708, 6063, 1462, 5067, 5219, 366, 8125, 4697, 6092, 3704, 6953, 2276, 4457, 7166, 8302, 8523, 175, 456, 8930, 8159, 7070, 5845, 5979, 1087, 1526, 4813, 6797, 8716, 983, 588, 1905, 8472, 2061, 9578, 8106, 4012, 9577, 2144, 4285, 1951, 7706, 1165, 803, 156, 703, 2003, 390, 9770, 2803, 8647, 2165, 4568, 7985, 3698, 7569, 493, 676, 6364, 9344, 3845, 7769, 1111, 2856, 1346, 7956, 3756, 5806, 5218, 2432, 6837, 3003, 1357, 8504, 4909, 6392, 4062, 1810, 4718, 2624, 3541, 8136, 3506, 3998, 8470, 9230, 5827, 2179, 9167, 1157, 8423, 2456, 1414, 2635, 9384, 9923, 4320, 3695, 8612, 454, 8421, 3710, 2784, 6289, 6508, 9767, 5327, 3736, 261, 8188, 6729, 7934, 264, 9419, 1484, 4818, 696, 2468, 1280, 6233, 685, 5782, 530, 7521, 1609, 226, 8686, 7168, 7282, 4551, 4858, 3045, 8229, 6822, 5373, 8987, 2908, 5736, 3106, 9044, 7931, 2280, 1950, 3966, 7152, 735, 9801, 7975, 8497, 733, 3338, 9545, 5604, 6095, 8058, 8729, 5006, 4290, 2915, 387, 8462, 1495, 9378, 4061, 4534, 1887, 1142, 601, 4212, 9884, 5606, 1743, 7109, 2303, 394, 4389, 9764, 4194, 3511, 3399, 7591, 5948, 1447, 4089, 2577, 9198, 6533, 9753, 4947, 2536, 975, 6253, 7014, 7151, 5010, 9728, 4235, 7843, 6832, 3317, 9207, 7060, 3074, 2019, 1102, 3127, 7106, 2765, 9810, 8072, 6444, 4305, 6305, 3510, 124, 40, 8308, 8194, 8280, 1070, 8144, 4047, 4550, 3830, 4888, 9904, 8698, 3191, 4876, 2995, 2377, 762, 2351, 5584, 4226, 7037, 7965, 1966, 2903, 1282, 7185, 5186, 4519, 5656, 6186, 2511, 346, 4180, 7532, 1006, 2575, 8889, 3865, 686, 5559, 1270, 4901, 7154, 5231, 4844, 719, 2433, 1539, 7415, 1541, 409, 4741, 706, 435, 1825, 8740, 3701, 951, 2391, 6558, 416, 8924, 4745, 3957, 6553, 8944, 928, 1715, 417, 5537, 4122, 6116, 1140, 1521, 552, 1903, 1955, 7619, 4145, 8949, 4260, 3699, 2881, 3810, 2087, 6170, 9137, 3404, 5622, 2194, 8298, 1494, 7598, 3643, 789, 758, 378, 6684, 9677, 983, 7382, 6499, 3635, 3105, 3488, 5248, 163, 1322, 7643, 7008, 5676, 5730, 6565, 2605, 1228, 8185, 4728, 9899, 9436, 299, 7616, 6158, 3955, 9495, 7836, 5199, 5122, 2908, 5136, 7567, 6345, 1485, 5472, 1225, 4485, 9628, 7331, 1257, 8537, 5462, 4690, 5447, 1348, 4734, 8111, 2456, 4990, 9212, 2804, 3693, 667, 2988, 3492, 926, 7888, 4565, 2987, 3831, 4672, 4369, 5276, 5115, 956, 1722, 4008, 3827, 5452, 4269, 2256, 1196, 86, 4276, 6159, 5107, 4034, 1321, 7271, 3682, 9298, 627, 8418, 2271, 6858, 4606, 9019, 2430, 3563, 3283, 6926, 1564, 5362, 5479, 3213, 7082, 3118, 8368, 7187, 8081, 3211, 547, 1317, 6150, 5262, 5426, 1421, 1892, 68, 9286, 1550, 438, 2624, 7877, 5500, 4555, 7495, 9307, 7640, 5350, 1909, 7550, 6653, 9595, 1793, 7697, 2469, 958, 7768, 8564, 4434, 2011, 8582, 6656, 7442, 9994, 7397, 8696, 7847, 278, 4922, 3480, 4546, 7681, 1063, 7677, 228, 6643, 9006, 8485, 4470, 7466, 136, 6920, 5513, 8210, 6999, 1587, 8087, 629, 9219, 427, 6350, 2355, 3928, 1323, 9328, 9957, 6410, 5327, 2542, 2639, 6754, 1319, 755, 5904, 7423, 5651, 9384, 6464, 9258, 387, 4565, 6886, 3429, 6959, 8719, 1424, 3665, 8669, 7213, 8755, 4088, 75, 5786, 1243, 8539, 8562, 7042, 9720, 9249, 9605, 4237, 8324, 1446, 9911, 6519, 9678, 6145, 4569, 8835, 1345, 2344, 6155, 9779, 3092, 2608, 7865, 8108, 3106, 6290, 1925, 3918, 8211, 4678, 9045, 5135, 8008, 9322, 841, 235, 2776, 4802, 5965, 3065, 5777, 4773, 6830, 2260, 3754, 8233, 8284, 6049, 5923, 3686, 9199, 1382, 4710, 9315, 9876, 4321, 9311, 5033, 435, 1404, 8970, 5838, 1717, 8521, 486, 596, 2837, 3962, 7577, 3577, 7639, 2762, 5419, 1076, 9386, 6243, 7650, 8491, 5422, 4536, 5433, 9354, 7877, 2096, 8867, 5540, 5222, 2327, 3328, 4596, 9785, 3517, 5024, 300, 7855, 4206, 7419, 8514, 7416, 4281, 9320, 517, 8419, 6315, 6857, 8659, 7281, 8328, 7669, 4004, 7676, 1699, 7131, 346, 6969, 3999, 6939, 8990, 6644, 159, 3326, 2319, 3438, 7345, 3172, 2080, 4373, 6170, 693, 1487, 9894, 5862, 9582, 3602, 6423, 6081, 3753, 4118, 345, 696, 1476, 6057, 550, 3170, 7723, 42, 1909, 8520, 4646, 7765, 2955, 9326, 8928, 9820, 2687, 4825, 6116, 9884, 7138, 896, 8602, 4640, 6061, 7959, 7704, 9184, 9164, 6896, 3782, 344, 1677, 3506, 812, 6217, 3080, 691, 3344, 1897, 7081, 1279, 6666, 1418, 8560, 7568, 3434, 8418, 8718, 937, 5946, 7983, 7182, 8332, 688, 3762, 8343, 6902, 4131, 3312, 6428, 276, 6827, 2136, 4472, 437, 2129, 4791, 7501, 3898, 1335, 5625, 519, 6431, 2018, 3237, 9558, 4365, 2807, 9582, 4959, 1296, 1583, 1858, 1892, 5052, 7531, 6451, 3452, 8775, 418, 413, 8892, 5861, 3842, 6414, 5756, 3072, 4853, 3763, 2381, 9671, 4017, 1157, 6998, 8875, 8461, 8169, 5733, 2608, 3095, 8368, 7494, 5006, 9336, 2130, 6644, 9962, 8056, 5576, 7116, 6538, 5133, 5187, 1643, 2409, 9956, 4303, 5090, 18, 3604, 6929, 7203, 8664, 7811, 4183, 1437, 4995, 2669, 4792, 5818, 7724, 5848, 1823, 110, 1622, 9612, 2308, 5290, 2720, 375, 9338, 8749, 640, 2073, 9391, 1812, 1127, 6159, 1602, 4248, 8114, 4197, 8756, 6537, 3127, 4885, 8069, 6226, 6710, 3911, 2484, 7926, 1354, 8856, 3124, 9787, 6921, 7056, 9268, 226, 5316, 9250, 4795, 3342, 2160, 6991, 1317, 1508, 8319, 2779, 5160, 3864, 2327, 4906, 5941, 5061, 9428, 489, 4450, 1910, 8849, 3800, 3173, 1553, 9429, 5079, 895, 7935, 4590, 4445, 2786, 5063, 2911, 2521, 5988, 9879, 8317, 9195, 2971, 3831, 3939, 8709, 5809, 9532, 9577, 9096, 4440, 3761, 2489, 3707, 7322, 6079, 544, 4063, 2797, 6879, 1392, 8552, 3674, 169, 3537, 1343, 9379, 3728, 8821, 8146, 6876, 8477, 7782, 9897, 8342, 9825, 4501, 3312, 2552, 2075, 8084, 2105, 1375, 5337, 5825, 617, 6356, 8878, 60, 553, 9178, 8845, 1687, 7138, 7950, 8747, 4598, 2381, 4889, 3985, 2848, 9683, 2230, 296, 8084, 1689, 3045, 8064, 6189, 7483, 8496, 891, 7157, 8790, 7439, 6448, 3544, 1110, 86, 8023, 3057, 9325, 6258, 1306, 8727, 7253, 7360, 3960, 8045, 1681, 6499, 8150, 2062, 7562, 1534, 9403, 5989, 4153, 795, 3795, 7011, 4324, 4876, 3277, 8718, 7231, 868, 5186, 3398, 6176, 3318, 8205, 7246, 4855, 9378, 9857, 2665, 2292, 1216, 6398, 3085, 5798, 2057, 4485, 6267, 8567, 8010, 749, 9964, 6320, 4457, 6215, 1614, 3359, 8911, 6789, 518, 5979, 4361, 4504, 6331, 5335, 7568, 6012, 5688, 7433, 3801, 3050, 394, 355, 7736, 8187, 8274, 7592, 8721, 9703, 5017, 2377, 7367, 2559, 9972, 5268, 2620, 3430, 2204, 4458, 9712, 6659, 6693, 1362, 8420, 930, 3412, 8814, 4144, 9727, 4787, 9199, 3666, 7369, 8709, 6539, 1807, 9186, 1634, 1958, 473, 626, 545, 5301, 6610, 3846, 4126, 738, 1338, 4836, 8002, 8895, 3797, 4275, 3027, 1971, 5044, 9055, 4244, 5155, 9228, 5601, 1111, 480, 6311, 6778, 6832, 8736, 7636, 8243, 7438, 4583, 333, 6065, 3064, 674, 7167, 6301, 8070, 5162, 658, 9081, 5454, 8214, 3500, 6365, 7749, 1665, 6535, 5973, 6004, 1429, 8831, 5178, 9795, 8575, 6331, 3552, 4778, 9582, 9395, 8328, 7146, 485, 8992, 1384, 5898, 9640, 6438, 1028, 8643, 2742, 4518, 3936, 9576, 5736, 9203, 3528, 4015, 1110, 4704, 9464, 5310, 383, 8161, 5601, 7696, 4957, 2036, 5910, 3126, 5759, 2490, 3476, 1399, 3577, 7454, 6233, 8247, 306, 9407, 3491, 636, 6821, 72, 1455, 6501, 6436, 5380, 1876, 9480, 1196, 5476, 3199, 2229, 1446, 4042, 8983, 6219, 7826, 1344, 8207, 4165, 3152, 4512, 1998, 4046, 3449, 5526, 835, 422, 2415, 8682, 6193, 9311, 8323, 6404, 5074, 9259, 5722, 3972, 5351, 8695, 7649, 5585, 7613, 838, 7390, 5365, 407, 6707, 7819, 8616, 8565, 6646, 6780, 4676, 5402, 8513, 4012, 3752, 5147, 2653, 5467, 2491, 2100, 390, 6343, 9561, 7450, 9486, 2880, 6585, 3270, 7953, 8919, 9206, 4374, 7912, 606, 2910, 1462, 5921, 9342, 5888, 2579, 6866, 5330, 2225, 4484, 400, 2405, 3572, 4062, 9333, 1094, 4285, 2495, 9529, 8266, 5394, 1250, 8503, 323, 1929, 8226, 4180, 7343, 4624, 9368, 5569, 9058, 3294, 3027, 5405, 4500, 7995, 3357, 6607, 3931, 1893, 2073, 8435, 5927, 531, 9927, 6266, 2829, 5930, 5189, 1162, 3011, 9410, 9922, 8801, 3208, 645, 4682, 3249, 8952, 8676, 5671, 5633, 6119, 5435, 8832, 8682, 871, 6796, 3567, 2734, 2812, 6151, 9388, 4683, 4901, 688, 9045, 2236, 9667, 3484, 7149, 4798, 1374, 3178, 452, 113, 5140, 9755, 1765, 3084, 2030, 9388, 5245, 8520, 7439, 672, 2360, 4264, 2205, 8900, 1720, 7780, 218, 7989, 4628, 1914, 4102, 5848, 5813, 8154, 9043, 4474, 2850, 18, 4805, 4753, 7861, 3950, 2894, 9202, 5916, 9281, 9359, 2763, 3215, 8378, 2360, 5610, 4827, 1885, 4576, 9876, 4098, 6643, 2486, 2246, 9674, 5980, 3136, 3803, 5408, 6449, 8367, 6940, 8, 5179, 5824, 6230, 2746, 4645, 812, 1214, 9569, 5878, 3975, 6152, 5958, 5060, 6795, 5269, 1968, 524, 1911, 6778, 7397, 6650, 7256, 9658, 9125, 1533, 3972, 6577, 965, 4489, 4867, 4717, 8023, 2420, 3949, 2918, 1735, 6677, 3725, 3936, 2008, 1594, 6816, 4161, 7558, 2480, 3554, 9912, 9212, 1619, 9650, 3640, 6803, 9851, 2244, 2908, 2235, 5391, 614, 255, 4511, 6989, 8312, 3499, 7075, 341, 8479, 2391, 6896, 1997, 9354, 6380, 5687, 3866, 9883, 3453, 7914, 6094, 7900, 4174, 9966, 9023, 4194, 7983, 9024, 5786, 353, 2998, 8098, 1905, 9654, 8415, 5069, 117, 7723, 1771, 8969, 1473, 3542, 6689, 439, 2404, 4917, 8720, 9239, 1858, 5525, 4795, 4601, 8740, 9041, 4534, 5735, 9988, 7720, 6248, 6822, 188, 305, 5056, 2880, 53, 5149, 5927, 2739, 5412, 9867, 4026, 3422, 7700, 1697, 6581, 7224, 4700, 1858, 796, 6248, 2826, 2777, 4891, 7346, 8333, 522, 852, 7104, 1434, 5406, 3623, 6199, 7843, 3873, 3904, 8179, 3178, 1058, 3590, 5560, 2216, 1828, 7183, 7123, 770, 2875, 1999, 6405, 8078, 1497, 5181, 9222, 4043, 6953, 478, 534, 8775, 8946, 2850, 272, 8483, 3903, 1858, 4322, 4645, 5211, 4388, 4333, 9711, 6384, 9973, 976, 5474, 8141, 9161, 8665, 8899, 6016, 8997, 7408, 6974, 3405, 1932, 3542, 2588, 8491, 2323, 8256, 6563, 577, 9357, 2553, 5738, 7090, 5409, 1238, 7489, 2300, 369, 1087, 3548, 3709, 9753, 2274, 9530, 8264, 701, 2831, 6339, 7214, 4991, 7051, 1167, 4519, 2482, 7331, 4564, 6469, 6184, 1611, 8748, 6, 4209, 6498, 1587, 8682, 3728, 2732, 4746, 5447, 981, 8694, 231, 3074, 6059, 992, 3515, 5188, 5293, 3384, 2150, 2167, 9467, 5339, 946, 5122, 7706, 5325, 8086, 3545, 1924, 4000, 2368, 5788, 8735, 9391, 3365, 2072, 8617, 4091, 6620, 8890, 3597, 6024, 4834, 9277, 4296, 5820, 7711, 526, 4931, 5488, 3189, 8188, 1786, 3489, 8312, 5374, 935, 6476, 7141, 5487, 4893, 5015, 8252, 8242, 8808, 4202, 1128, 1306, 7388, 3028, 8399, 9456, 2821, 7082, 1062, 5441, 7461, 881, 5757, 8246, 7090, 4699, 8331, 4669, 8320, 8469, 1006, 5146, 1033, 5854, 7647, 4891, 5925, 9633, 9739, 28, 5980, 6637, 6450, 4096, 52, 9610, 6123, 7599, 2872, 5163, 9656, 9728, 5257, 6682, 4183, 1500, 1823, 6547, 8679, 1320, 8178, 9843, 9698, 3090, 2937, 3677, 7791, 6508, 9650, 353, 4651, 7959, 5121, 8788, 545, 836, 5681, 9930, 8445, 6066, 7149, 3002, 6729, 2086, 1718, 5238, 742, 3860, 9701, 6325, 3719, 9783, 8308, 8755, 7734, 3403, 3369, 8713, 1797, 7919, 2197, 113, 1801, 5173, 8532, 9332, 7952, 6813, 9705, 9194, 8813, 3221, 7620, 8354, 1297, 1901, 8245, 240, 8585, 8095, 982, 8820, 8165, 1127, 7086, 5060, 3779, 2646, 5728, 6889, 6324, 2699, 9953, 2630, 9485, 493, 8167, 5308, 2021, 1195, 793, 4225, 4747, 1594, 807, 4510, 1103, 4977, 6, 5793, 4408, 9205, 6498, 2371, 8280, 932, 4189, 4777, 7085, 5110, 9342, 1148, 2047, 9732, 5860, 1069, 8931, 8383, 6479, 9666, 3057, 9547, 1445, 3566, 5939, 3627, 369, 1927, 8371, 8941, 1044, 9927, 9282, 5772, 8204, 4422, 5198, 781, 1592, 3519, 1706, 7954, 1884, 8328, 3090, 4310, 2184, 6509, 3844, 2150, 9187, 8312, 8895, 151, 8339, 8441, 6960, 812, 4105, 7536, 1768, 1874, 4072, 4210, 9093, 4019, 9696, 1118, 6007, 4743, 3486, 2897, 5038, 1102, 4991, 6201, 5347, 2306, 1633, 5804, 5900, 1609, 759, 2086, 2410, 8444, 1958, 9282, 2729, 3457, 628, 6390, 1202, 6324, 6731, 6185, 8568, 4906, 2006, 2505, 1915, 7013, 8653, 2190, 1311, 103, 4524, 8360, 2774, 9280, 6986, 5215, 2325, 9904, 4962, 2658, 7781, 2171, 3420, 9117, 3297, 9809, 7533, 1648, 133, 4394, 9290, 9994, 1578, 5981, 1413, 5731, 8709, 7089, 4930, 7226, 7198, 1588, 2652, 9305, 6783, 7496, 1058, 6539, 4514, 9912, 1823, 967, 5524, 45, 3384, 1878, 3633, 7517, 5016, 8970, 3412, 7761, 3830, 8343, 5476, 5097, 3763, 4539, 4053, 6992, 7945, 6504, 8194, 369, 4801, 8314, 4645, 7964, 2623, 3796, 2839, 3834, 6654, 6179, 9947, 4953, 2076, 3351, 3012, 9523, 7649, 5580, 4792, 3093, 6283, 6896, 4804, 8473, 3330, 8248, 8280, 4585, 9239, 3996, 80, 5631, 3110, 4339, 9995, 2852, 9153, 4142, 441, 4706, 1766, 3800, 5000, 5429, 2355, 5817, 9712, 382, 8750, 6570, 8998, 1855, 4872, 3653, 697, 1620, 5603, 8999, 5133, 2969, 6293, 9730, 5790, 9655, 3918, 4410, 5995, 8317, 7176, 8242, 1897, 9799, 764, 3768, 8098, 3658, 7376, 5254, 6470, 2162, 5059, 7287, 2017, 3847, 4998, 5310, 9894, 5265, 9923, 8162, 5657, 1354, 1812, 2110, 7634, 5164, 60, 2492, 3698, 5200, 6409, 9045, 687, 3471, 844, 7867, 1474, 9605, 5777, 1510, 9606, 839, 9620, 4075, 691, 7912, 1393, 1287, 2993, 2334, 7300, 4586, 6276, 3117, 2194, 7113, 2145, 3391, 9349, 255, 1622, 2484, 1432, 992, 2637, 1340, 1987, 6185, 5331, 6304, 638, 3120, 1933, 1470, 2315, 1480, 9110, 4660, 8101, 4882, 7510, 7593, 7731, 1830, 7475, 4590, 5409, 1869, 7833, 9430, 826, 2598, 2371, 7470, 3831, 3462, 7785, 9359, 5387, 4501, 1023, 7906, 3430, 4439, 1027, 812, 3400, 7379, 4184, 3706, 2300, 5830, 5756, 3614, 2064, 2017, 9146, 8773, 8730, 3834, 5398, 6128, 4731, 2530, 4975, 5710, 6930, 8280, 8237, 1804, 564, 6522, 7812, 8231, 6790, 4795, 227, 7782, 2437, 6387, 2536, 6562, 8466, 1148, 9985, 4516, 1246, 7168, 5391, 6303, 956, 3915, 9496, 5163, 3118, 6000, 5752, 1912, 5720, 7886, 2327, 988, 9630, 2048, 7954, 3423, 4753, 1563, 2061, 3747, 7202, 5352, 5685, 3072, 8848, 3857, 6658, 3982, 4946, 8202, 1311, 8768, 5678, 3104, 8469, 9735, 2517, 1880, 3849, 624, 1723, 8100, 1584, 9805, 2046, 9979, 9977, 6772, 6515, 6117, 2609, 4923, 4610, 7733, 6480, 4603, 4576, 5243, 4734, 9199, 2156, 3549, 4305, 5767, 8788, 8033, 8521, 1164, 1444, 9046, 1317, 2713, 1253, 3165, 2541, 3963, 8293, 4073, 3457, 9061, 2394, 6744, 8395, 9547, 5456, 4102, 5943, 8242, 9438, 639, 8322, 3837, 2448, 1603, 4993, 724, 1714, 669, 1403, 1292, 3651, 3298, 5760, 773, 6440, 3919, 9657, 8693, 8046, 5097, 5278, 6705, 2453, 1218, 9169, 8589, 430, 96, 2326, 4953, 4934, 6421, 6292, 1286, 1972, 4628, 9890, 2721, 9387, 3800, 744, 6363, 6410, 3799, 3610, 4823, 7672, 4453, 1861, 5745, 1561, 2315, 1231, 433, 3589, 3476, 4898, 9667, 4702, 6319, 8122, 6191, 4781, 6026, 8852, 5972, 4809, 2681, 8444, 2409, 3869, 203, 4752, 366, 2613, 4944, 4989, 7753, 357, 8500, 9068, 3043, 1704, 8347, 1435, 6447, 8864, 5371, 3498, 6507, 2625, 9020, 2917, 3755, 1507, 5409, 8512, 7704, 8034, 7238, 640, 599, 7083, 2433, 1354, 6878, 330, 5723, 8052, 9725, 28, 346, 1252, 5036, 2149, 7396, 2264, 4073, 3256, 9234, 8090, 132, 1614, 205, 7311, 7394, 295, 8227, 3705, 4112, 7332, 5944, 9262, 4570, 8292, 6418, 6362, 1344, 8037, 4218, 1413, 1379, 2408, 9248, 127, 3159, 7121, 9341, 161, 2264, 1168, 2945, 3596, 3822, 4009, 5633, 9013, 379, 8112, 2742, 9340, 1128, 9691, 4865, 999, 9754, 7615, 8608, 817, 6193, 7276, 7610, 1208, 3182, 2317, 4668, 2749, 4225, 4539, 6080, 1309, 8199, 6991, 7718, 347, 5373, 6302, 1445, 496, 7036, 5199, 8158, 4141, 6931, 8137, 6016, 5767, 457, 3983, 1165, 6046, 484, 3702, 829, 9427, 7540, 757, 8721, 8025, 9473, 9654, 8128, 6541, 4533, 4267, 9919, 2102, 398, 1649, 958, 1663, 5391, 9551, 2309, 3203, 1546, 9556, 831, 2183, 3806, 1585, 2782, 2062, 3198, 9825, 2443, 685, 3927, 2080, 3933, 3118, 9648, 5305, 7457, 3892, 3557, 9246, 669, 3738, 154, 8451, 2200, 5054, 2316, 4447, 9451, 7131, 2029, 5607, 1885, 4664, 8057, 6319, 6085, 5004, 9724, 1452, 9150, 6290, 8643, 5529, 7227, 433, 978, 7361, 8293, 5065, 1806, 5278, 1805, 2829, 1068, 3209, 3728, 3957, 4156, 750, 534, 4175, 1685, 119, 8559, 2176, 4964, 7585, 4629, 4382, 5849, 7221, 1307, 4961, 6382, 8510, 5529, 9345, 9728, 5003, 4811, 1002, 2161, 8407, 7460, 1406, 6630, 8910, 7805, 2692, 1303, 6102, 280, 883, 1428, 122, 5840, 7078, 4846, 6534, 4246, 202, 5581, 2469, 2886, 3433, 5097, 9935, 5943, 5773, 4130, 5059, 8372, 4166, 9533, 9082, 5441, 7829, 6739, 8269, 1411, 1242, 2104, 8094, 5529, 8297, 9437, 8282, 4660, 4749, 4858, 2019, 9165, 3176, 6532, 9171, 3454, 8958, 5217, 3936, 9459, 6751, 7424, 6672, 8818, 934, 7380, 4788, 685, 6364, 9271, 8447, 6740, 7211, 7586, 9577, 4669, 6669, 36, 3690, 5545, 1074, 5384, 5835, 366, 2744, 861, 3088, 5671, 7630, 594, 6762, 5621, 4246, 7443, 6288, 6322, 183, 3462, 6292, 9867, 6112, 4671, 2645, 5067, 2508, 1727, 1245, 614, 7456, 6699, 4507, 1877, 4937, 9861, 2435, 5187, 7579, 2357, 5527, 3077, 6884, 97, 130, 4414, 1372, 1439, 8839, 3680, 8570, 2498, 6011, 9816, 4882, 3261, 2547, 9506, 6158, 6895, 5654, 1049, 3226, 4083, 6206, 5983, 8899, 7540, 4494, 4140, 577, 9723, 6676, 5532, 1094, 636, 5297, 9361, 8522, 8105, 8199, 9167, 1759, 3101, 9478, 4607, 2883, 9777, 9200, 9778, 5418, 7540, 8424, 7070, 5506, 8961, 3706, 8682, 4963, 8756, 7825, 4819, 2833, 6936, 9182, 9711, 1586, 8197, 121, 8947, 7435, 6931, 1699, 9594, 6365, 5314, 8085, 862, 2714, 259, 5186, 3734, 5692, 4570, 4341, 9964, 4696, 8198, 4964, 5225, 7430, 5513, 2615, 2530, 5171, 4806, 4445, 9527, 3002, 4055, 970, 774, 3000, 1678, 7317, 7213, 8244, 7159, 5603, 491, 2020, 4564, 807, 1048, 5317, 7707, 8859, 375, 9645, 314, 8199, 8682, 8157, 1695, 1658, 8851, 6245, 4751, 5450, 159, 2483, 2400, 3081, 2661, 3895, 8980, 992, 2755, 3254, 5506, 1853, 6976, 635, 6669, 8297, 2698, 5800, 3066, 7283, 5025, 2439, 538, 4656, 2667, 5691, 2199, 8802, 5416, 6290, 7058, 9858, 2183, 8000, 94, 3184, 8453, 5565, 6510, 8427, 9176, 7972, 3261, 7504, 8100, 4821, 1170, 8271, 1791, 1980, 7863, 6167, 6807, 6278, 3548, 1012, 2126, 339, 6207, 319, 7753, 4259, 7294, 170, 6919, 2137, 1343, 918, 9846, 930, 7544, 6991, 3292, 4178, 2861, 7500, 7992, 9233, 8786, 8118, 2618, 4402, 1205, 3184, 9327, 5466, 2913, 2154, 3352, 2019, 8082, 9089, 8682, 4018, 109, 8784, 7015, 1802, 2780, 1662, 9602, 8198, 9874, 8148, 183, 4651, 6060, 1993, 18, 4203, 7564, 2186, 6702, 8178, 7488, 8820, 9946, 3732, 3082, 1518, 6131, 1611, 2595, 2583, 353, 768, 1300, 1163, 6162, 3086, 8123, 8270, 949, 213, 1267, 4870, 725, 6611, 1225, 8248, 2957, 5422, 4178, 5364, 7368, 9766, 5266, 2952, 273, 2990, 7573, 4720, 953, 3007, 8001, 977, 7766, 4589, 8196, 7823, 5534, 5172, 3926, 3406, 7435, 6943, 5666, 8529, 5743, 9782, 598, 3413, 7821, 5923, 6759, 5516, 1769, 210, 2339, 6668, 966, 3336, 3202, 3789, 3291, 4982, 8719, 2443, 5404, 8536, 5578, 5495, 8962, 7389, 5374, 2890, 5270, 5982, 1386, 6633, 7222, 8713, 6455, 995, 9365, 60, 9252, 2747, 5228, 8838, 3910, 2664, 8622, 2962, 9245, 3013, 4864, 8014, 773, 1871, 8468, 7165, 1793, 2291, 9390, 6060, 4688, 9430, 3141, 5688, 7081, 6481, 36, 3458, 5750, 9343, 2415, 5913, 9037, 3372, 8229, 7027, 6947, 7133, 9648, 8259, 8693, 1836, 7676, 8052, 4553, 694, 249, 1394, 249, 2877, 4885, 274, 4063, 162, 7726, 799, 6215, 7557, 1081, 2186, 4295, 4675, 477, 5937, 3289, 6713, 241, 7274, 7357, 6027, 3551, 3273, 1770, 2125, 5736, 412, 3063, 9442, 5355, 8546, 7807, 6784, 8874, 4426, 8082, 3339, 8722, 6169, 9974, 573, 9213, 7458, 7393, 5091, 8753, 2883, 9641, 6413, 4343, 7596, 819, 1387, 3210, 8127, 7106, 1872, 3064, 6543, 5398, 2151, 5691, 6031, 7724, 1773, 2647, 2786, 5845, 2707, 6201, 482, 6312, 786, 1572, 3037, 1579, 384, 8750, 7501, 4844, 7222, 6571, 2866, 8938, 9572, 753, 8826, 8900, 6584, 9319, 6065, 4240, 7131, 4052, 8781, 8366, 932, 1113, 4241, 3759, 2368, 7262, 229, 1480, 8029, 6800, 4836, 4850, 2286, 5316, 9467, 8869, 468, 8507, 4728, 100, 9428, 3857, 1133, 688, 6005, 4725, 7486, 4285, 4458, 7670, 260, 6699, 2162, 944, 1867, 2290, 7073, 6029, 4361, 8473, 489, 8020, 6400, 7208, 9591, 3775, 8850, 2243, 3511, 3775, 5571, 423, 6940, 1542, 571, 6023, 3298, 7370, 2386, 3368, 1576, 2939, 4236, 1995, 5499, 2507, 1928, 851, 661, 370, 6581, 4355, 2096, 9343, 5841, 2463, 3359, 5270, 6105, 957, 8823, 8836, 1537, 9821, 7728, 4368, 1115, 7977, 1173, 5674, 9916, 831, 9650, 9391, 1604, 7214, 2135, 6739, 6663, 5743, 4286, 8847, 7651, 1931, 1055, 1199, 6943, 5682, 5157, 4309, 297, 8842, 3565, 488, 757, 4155, 9830, 7515, 4198, 5231, 3015, 4378, 4573, 5556, 9501, 6500, 6213, 4688, 1474, 7564, 8400, 750, 3602, 5522, 8670, 8970, 768, 9443, 7523, 6136, 8297, 1731, 7741, 1317, 4650, 6450, 7630, 2898, 1954, 1630, 2225, 6091, 1667, 4931, 7150, 9101, 6383, 527, 1062, 8804, 2452, 2961, 2915, 1588, 1059, 9602, 8622, 6839, 365, 9790, 8133, 9274, 7041, 6113, 4570, 6732, 2876, 8514, 291, 5261, 2318, 2877, 2465, 5408, 7448, 7271, 411, 4098, 7091, 8430, 1484, 9381, 1538, 6111, 2080, 4361, 794, 4797, 8591, 2898, 1632, 2872, 7337, 9454, 3701, 4850, 230, 6840, 4521, 3948, 9559, 3596, 5129, 9042, 9020, 9987, 1705, 8150, 1588, 7315, 764, 8552, 3886, 9664, 1548, 9419, 4851, 6740, 8436, 5586, 9227, 226, 5452, 7854, 9580, 3006, 8541, 7761, 4880, 4226, 8284, 1195, 9153, 3684, 6024, 9032, 1587, 9879, 3168, 1376, 3944, 3047, 1790, 9115, 1564, 1926, 2870, 2389, 3860, 9333, 4902, 7738, 6509, 9834, 5494, 3935, 7769, 2382, 1596, 981, 3331, 1336, 653, 690, 6171, 4069, 7372, 6491, 7929, 897, 4945, 8774, 3766, 1605, 4655, 6321, 4215, 7590, 1758, 3860, 8898, 6078, 32, 1297, 6133, 5195, 6170, 3511, 8541, 1407, 8232, 756, 8229, 2758, 6630, 7568, 5987, 795, 5404, 2595, 1337, 1641, 8780, 6364, 2986, 46, 311, 7863, 3611, 3163, 2924, 7596, 9381, 6370, 8105, 3567, 2131, 3659, 4996, 8917, 9965, 2511, 3083, 1355, 619, 1695, 2143, 5399, 5217, 4583, 3634, 7191, 4255, 5900, 3055, 700, 5355, 8864, 1623, 2713, 8269, 9800, 4433, 788, 8527, 2949, 9707, 6025, 6099, 5142, 7141, 5309, 4062, 326, 1342, 5615, 7506, 6486, 7439, 9006, 4215, 4841, 671, 1410, 4665, 6787, 6317, 6099, 7423, 8381, 9451, 3298, 4852, 8078, 6597, 1829, 3334, 1501, 8767, 3587, 9720, 223, 65, 2553, 6214, 9915, 565, 4456, 6485, 5248, 9566, 2174, 8766, 2912, 4898, 3687, 4233, 5314, 6359, 4443, 6619, 8268, 4411, 8805, 7417, 9714, 3076, 4435, 5945, 886, 1414, 7281, 8191, 3230, 3716, 1287, 8710, 4294, 5902, 5190, 547, 7194, 9212, 3105, 5495, 6047, 4770, 5695, 8289, 8749, 8410, 6642, 1883, 5961, 5234, 8493, 9252, 168, 541, 6072, 2493, 4254, 5482, 1899, 6554, 1610, 465, 1278, 7599, 2110, 864, 6529, 8842, 9774, 1886, 2107, 80, 3487, 5965, 2790, 7738, 4301, 5207, 4093, 1670, 5721, 4311, 8774, 8618, 8234, 3421, 4118, 7063, 9953, 5438, 1009, 9904, 1192, 536, 9747, 7889, 4964, 2543, 4631, 7232, 636, 7777, 2192, 4189, 1216, 5194, 4396, 8766, 5637, 1601, 8996, 8440, 5358, 5616, 8769, 2824, 5279, 5911, 6219, 3611, 4200, 8566, 7853, 7124, 5297, 9440, 9511, 8781, 7846, 5819, 6950, 2618, 3858, 596, 6405, 7, 8443, 8306, 3194, 7290, 6918, 4663, 3204, 4333, 906, 3534, 5662, 6187, 232, 4115, 3856, 4528, 7105, 8332, 384, 4671, 1707, 5076, 6393, 7337, 4709, 5112, 7540, 5319, 8891, 7580, 667, 7578, 7980, 4221, 8600, 9588, 8897, 8310, 4647, 9379, 7537, 7788, 8574, 7525, 7060, 3646, 5529, 952, 8883, 4277, 4086, 5714, 4030, 9395, 1491, 825, 9944, 6170, 3233, 3862, 9045, 5311, 3891, 8677, 5374, 2601, 8791, 9676, 8807, 1755, 2552, 8287, 4369, 4389, 6601, 6280, 1628, 6637, 1340, 8763, 4211, 1347, 6594, 6009, 3983, 2419, 1560, 7430, 3747, 9902, 2801, 6607, 1115, 4308, 2236, 8668, 152, 7402, 3006, 3153, 4204, 2925, 8921, 5550, 9474, 6349, 4055, 8952, 7926, 4472, 9884, 4095, 7537, 9693, 1078, 3250, 2260, 9842, 5847, 2094, 4392, 7911, 9418, 7196, 423, 8947, 2090, 7859, 728, 7803, 7379, 1911, 8491, 653, 5812, 7619, 2383, 914, 4206, 1987, 3382, 7055, 416, 707, 3472, 2682, 2100, 5952, 4617, 1483, 8221, 1584, 4925, 6646, 3100, 5770, 7853, 2498, 1073, 1690, 8096, 4071, 3791, 9332, 8035, 8243, 8425, 3716, 9116, 5028, 6167, 3032, 7029, 7841, 3316, 5449, 5918, 9219, 9486, 2869, 7705, 3165, 3271, 2159, 7087, 5298, 9499, 4617, 662, 2245, 3928, 5166, 1787, 1036, 5712, 2712, 2509, 5452, 7549, 6747, 5817, 3088, 9026, 9476, 8828, 6626, 311, 2620, 8469, 3094, 2455, 2132, 7622, 3574, 1965, 4236, 2894, 3055, 5587, 5520, 7366, 2661, 398, 1714, 753, 7910, 9372, 6897, 259, 2574, 9322, 1904, 3251, 8855, 9728, 1124, 7130, 2696, 8833, 9050, 4805, 210, 5678, 3029, 2769, 3286, 1936, 6929, 772, 7886, 3868, 4714, 4707, 4429, 2349, 6473, 1959, 698, 1190, 7926, 7361, 5996, 2831, 4902, 825, 4696, 5161, 115, 5411, 9952, 1002, 1568, 2337, 2363, 4432, 2776, 185, 4848, 8986, 584, 7260, 2978, 5578, 4441, 9122, 7063, 2049, 7634, 5444, 9826, 75, 2450, 1204, 3365, 7793, 5144, 1181, 3262, 5803, 4165, 7534, 1161, 4262, 4816, 1352, 7281, 7197, 1307, 7487, 7372, 6913, 845, 6892, 6873, 9384, 1641, 101, 563, 4563, 1727, 494, 7926, 8614, 6045, 625, 1952, 6250, 3088, 1684, 7392, 7777, 1962, 8612, 2579, 3092, 6483, 9285, 8346, 4390, 757, 432, 9579, 9134, 7829, 9745, 1231, 7728, 1983, 5723, 2074, 8382, 1947, 8332, 3117, 5684, 2168, 2420, 1765, 8505, 3480, 5459, 131, 1119, 9636, 9094, 5757, 2770, 8211, 9882, 142, 3101, 7910, 6589, 7812, 3302, 4518, 5863, 9661, 1805, 2034, 1376, 487, 7734, 5677, 5890, 7954, 4827, 9122, 2505, 468, 7773, 6182, 2118, 5355, 5374, 4600, 2414, 2718, 8976, 8849, 9413, 9669, 2559, 7817, 1129, 8069, 1511, 2900, 6294, 3428, 1209, 6535, 6431, 8640, 4954, 6106, 4988, 9272, 519, 6506, 9526, 2694, 1761, 3378, 6224, 6816, 2624, 2728, 2466, 5579, 9842, 8116, 2476, 8519, 8765, 7591, 2022, 2564, 5550, 307, 9932, 6694, 8953, 7733, 3726, 4838, 896, 4205, 1297, 9251, 2433, 6034, 4438, 4540, 926, 5304, 7315, 7287, 9036, 3549, 3249, 5717, 3224, 3218, 1039, 2279, 5484, 7197, 9096, 4183, 9731, 2397, 2208, 4529, 8212, 9284, 4253, 4748, 3920, 5142, 2905, 7623, 7958, 5440, 3449, 3693, 5255, 5150, 7582, 1480, 8354, 5932, 2832, 698, 6228, 8021, 4075, 6346, 3670, 473, 9754, 218, 9595, 5453, 6872, 5072, 7725, 8605, 2058, 3720, 3054, 8177, 4928, 698, 1683, 9919, 4470, 5469, 8306, 7025, 6197, 2565, 5710, 4690, 2075, 682, 6224, 6041, 6405, 3625, 2238, 1787, 6440, 7242, 2212, 3910, 6573, 1280, 148, 7592, 1600, 4800, 7287, 7071, 9177, 0, 8791, 2410, 3678, 256, 6351, 1960, 7050, 5441, 1093, 5216, 4921, 6336, 8610, 512, 8879, 1622, 8941, 7196, 3484, 1271, 3081, 8537, 8365, 6666, 3696, 7377, 132, 3531, 9, 815, 9588, 6647, 9930, 6763, 3305, 6368, 2032, 7185, 6744, 9382, 7850, 6140, 6011, 3716, 6544, 995, 9572, 8935, 3402, 7716, 6582, 555, 9989, 6979, 3102, 3355, 8151, 8302, 4702, 6487, 6496, 8834, 8484, 7652, 8566, 4572, 8377, 5728, 1004, 5445, 1993, 2794, 6905, 2311, 1058, 4229, 6206, 9164, 8713, 7580, 300, 4032, 35, 8765, 7865, 1365, 4318, 7082, 2926, 5612, 4098, 2965, 1237, 4065, 6957, 4877, 9787, 5357, 2969, 1582, 2306, 5614, 1469, 4896, 7350, 446, 876, 5874, 6381, 2074, 9212, 2071, 2430, 9352, 9450, 642, 272, 1983, 7221, 1218, 9025, 4616, 4490, 440, 7071, 2174, 7116, 8729, 3483, 3286, 5114, 2313, 7668, 5276, 2688, 3448, 2890, 132, 7910, 1043, 4376, 7999, 7951, 4090, 891, 5168, 3103, 3141, 2367, 7820, 5969, 6095, 731, 2706, 3648, 8740, 433, 7953, 4493, 4201, 6181, 5498, 7991, 7423, 6843, 9457, 2167, 3993, 8112, 8181, 4438, 6561, 3489, 3904, 7869, 7887, 3759, 8147, 3414, 3844, 2669, 5694, 6462, 8979, 1764, 5345, 5982, 5218, 349, 7277, 7521, 3196, 5785, 4378, 5199, 5039, 4431, 671, 6252, 9885, 4370, 3588, 4328, 6015, 1963, 3510, 9644, 5824, 6698, 3943, 6986, 8915, 7974, 195, 6124, 45, 8883, 7633, 1544, 8910, 309, 8189, 6664, 5263, 1603, 5576, 1733, 3941, 9661, 9965, 5575, 3526, 6652, 9171, 2721, 2555, 7138, 2829, 3481, 4000, 4398, 5866, 5156, 8765, 5112, 4880, 1244, 2371, 8284, 1262, 1752, 2690, 199, 6907, 9674, 684, 4087, 3036, 8319, 7448, 5661, 229, 1919, 3697, 8393, 1264, 3882, 4850, 7547, 9596, 3427, 5381, 8272, 8569, 7228, 1981, 1839, 7490, 1496, 2389, 6170, 8444, 3937, 6597, 6667, 738, 6578, 8766, 9140, 9117, 7685, 6730, 322, 7490, 3582, 5126, 4133, 8368, 4217, 5288, 4173, 9614, 9381, 547, 5129, 3858, 1506, 437, 8080, 8936, 2561, 2421, 4048, 8076, 6363, 9309, 2726, 5026, 3854, 3029, 1976, 9270, 937, 4940, 7092, 5023, 5213, 9464, 822, 2320, 2716, 8827, 7272, 297, 4840, 2710, 7170, 5315, 7256, 7859, 1231, 3710, 2493, 5411, 1992, 301, 7764, 626, 4319, 2309, 4011, 958, 9794, 2153, 6619, 1881, 736, 1000, 818, 9512, 2998, 2298, 8862, 9645, 2397, 7166, 8288, 5361, 2873, 8041, 6170, 194, 5013, 8476, 729, 1692, 6008, 3790, 5083, 1576, 8659, 1756, 7644, 6219, 8077, 8839, 6037, 5229, 8073, 3667, 9949, 8841, 3732, 5695, 88, 9340, 7628, 6812, 4998, 9756, 2638, 3207, 3191, 6212, 3472, 9401, 7408, 8231, 2143, 1010, 4651, 6372, 2365, 4296, 2310, 9483, 9180, 107, 9917, 3004, 4216, 6784, 9002, 2073, 8256, 160, 2286, 6552, 9103, 4779, 3377, 1854, 9729, 4665, 6929, 7137, 4943, 3890, 4320, 840, 1518, 2384, 9247, 5639, 5675, 4195, 6965, 2824, 8924, 923, 5955, 5658, 26, 544, 9949, 543, 8713, 5192, 9713, 9742, 8758, 2095, 1948, 7318, 6153, 1374, 981, 7225, 7158, 5666, 8841, 9906, 7708, 9347, 3446, 6054, 2080, 6481, 2839, 4390, 3528, 475, 245, 7495, 6011, 8826, 9135, 9768, 5889, 715, 8705, 5931, 6863, 5630, 184, 1155, 8179, 535, 8816, 5029, 106, 5657, 9370, 5940, 2572, 9240, 8823, 6285, 692, 7076, 5924, 9847, 9309, 2390, 2020, 7736, 2700, 8260, 572, 4104, 2752, 3273, 6030, 3392, 6224, 8827, 5667, 381, 6320, 6414, 6651, 1375, 231, 571, 6992, 2766, 7925, 1094, 1674, 1955, 9404, 8206, 3997, 3242, 9725, 1559, 435, 7152, 7208, 2856, 2941, 3923, 2655, 1987, 4081, 7404, 716, 7423, 3790, 3966, 1370, 7414, 5879, 724, 6382, 3322, 7852, 4514, 9959, 7298, 7941, 501, 2470, 302, 8916, 2405, 6174, 5340, 3820, 1238, 3042, 4982, 9562, 7898, 8492, 349, 766, 7989, 4762, 5005, 6081, 7800, 8657, 3088, 127, 4715, 4718, 2123, 1002, 7110, 3579, 2877, 3081, 4008, 7789, 4017, 7201, 9635, 2973, 2317, 5742, 9058, 4012, 2713, 1654, 1849, 1085, 4077, 4937, 1074, 8513, 714, 8152, 2159, 4103, 4684, 1213, 6104, 9397, 468, 953, 5423, 9191, 6562, 4285, 4508, 357, 6813, 9931, 5379, 6413, 1797, 606, 5305, 352, 3479, 204, 2032, 6396, 7661, 5488, 224, 3852, 8632, 4812, 1694, 1713, 3131, 4204, 5855, 3619, 2440, 602, 4364, 1980, 7385, 6230, 5634, 2329, 1160, 3441, 225, 2835, 1915, 9135, 6149, 4887, 135, 1618, 6980, 2718, 7211, 1192, 7442, 7293, 6963, 7838, 7357, 9349, 1366, 8685, 8423, 2248, 9415, 3073, 9940, 8258, 1426, 1492, 4101, 6836, 2773, 4047, 1467, 6172, 8708, 8811, 3328, 487, 942, 7395, 760, 2141, 4585, 145, 471, 3535, 9752, 5899, 6793, 5163, 7422, 3840, 5073, 982, 9235, 542, 6408, 7937, 8013, 3444, 7899, 7653, 6776, 6136, 6413, 1090, 845, 9871, 9604, 647, 5567, 7286, 1401, 1524, 8004, 9350, 8005, 7999, 4429, 2588, 3821, 9410, 1679, 6494, 2917, 4281, 6118, 7343, 1917, 2671, 4159, 6106, 4195, 6579, 6121, 6918, 7672, 9976, 8414, 5702, 9699, 1849, 1682, 9449, 353, 23, 8272, 8481, 779, 3842, 1497, 3075, 9176, 5352, 5057, 8339, 6820, 4704, 2093, 9556, 9737, 5355, 23, 3599, 5863, 8345, 4521, 5073, 9077, 3738, 9318, 154, 5143, 9443, 3187, 9787, 2046, 2515, 3540, 9989, 8847, 1320, 2606, 6706, 1323, 7522, 160, 7827, 2733, 9975, 9726, 8293, 8334, 6775, 7706, 3791, 4060, 7068, 910, 2235, 8533, 7373, 6001, 4238, 5894, 5984, 3007, 6904, 4938, 2113, 7049, 6887, 6757, 3960, 2903, 8585, 5230, 377, 1828, 4425, 3653, 1269, 5352, 8952, 5369, 6688, 6392, 564, 8169, 2029, 1814, 9633, 2869, 6780, 2571, 281, 7234, 6192, 1432, 9612, 7705, 3201, 1520, 5291, 2628, 513, 6562, 967, 8295, 8475, 6339, 9887, 9217, 2731, 7077, 5546, 1995, 4717, 7381, 937, 2876, 6998, 6327, 3066, 1185, 3820, 1900, 8501, 1162, 9039, 5902, 6507, 5735, 4079, 2123, 4462, 4862, 7197, 1276, 6919, 3381, 4718, 9745, 9572, 8810, 1324, 5688, 8563, 3361, 979, 6817, 1117, 478, 9033, 6072, 344, 7263, 3856, 3579, 8724, 9549, 7342, 3409, 7987, 674, 1165, 6091, 4439, 6822, 6243, 6120, 6361, 2792, 1878, 7901, 7711, 8690, 5371, 6323, 5847, 3897, 4991, 5126, 1295, 5442, 1927, 3970, 2500, 7460, 9467, 9758, 6476, 8706, 9482, 6173, 2390, 7089, 8281, 4239, 4453, 9800, 788, 1067, 6883, 2759, 3770, 1914, 5180, 1216, 1178, 2341, 8155, 9904, 5924, 3965, 2519, 6309, 447, 3366, 4034, 166, 9265, 1780, 9568, 6058, 3558, 1894, 512, 6143, 8137, 2019, 9695, 8879, 9513, 2041, 7759, 6068, 4958, 9096, 8234, 6595, 911, 7440, 8258, 7235, 6430, 5745, 4981, 5947, 4127, 7993, 328, 7959, 1049, 7307, 8474, 3018, 6227, 9686, 1645, 6880, 7724, 9733, 9418, 348, 4024, 7317, 8487, 5664, 4780, 8956, 6408, 6524, 7888, 8767, 4190, 1882, 9694, 6721, 1337, 7424, 9970, 2148, 1395, 11, 2699, 4526, 6061, 4588, 9415, 2650, 4263, 5933, 9401, 894, 194, 2919, 8154, 360, 1003, 700, 1773, 5061, 8371, 1007, 1979, 9539, 123, 9886, 8403, 5418, 8870, 6935, 8178, 3540, 1873, 6145, 284, 2538, 5963, 7973, 9578, 5916, 4261, 1561, 4778, 4698, 6603, 6920, 9256, 4407, 9238, 5306, 4600, 2745, 5346, 9215, 7811, 8672, 7273, 6434, 3794, 5389, 3244, 1319, 3456, 1764, 9219, 5731, 892, 782, 402, 8842, 2472, 7025, 2263, 9763, 1456, 2341, 7489, 3392, 4589, 3116, 8063, 9774, 3270, 5104, 6029, 5906, 6779, 9460, 2011, 7088, 6061, 2565, 1942, 5112, 5873, 711, 142, 9740, 8762, 3029, 4309, 6925, 6223, 4887, 294, 210, 4304, 5089, 5971, 420, 3669, 9298, 4723, 9833, 2009, 3391, 9363, 2549, 4569, 3127, 141, 3332, 7928, 8073, 4879, 3041, 3148, 3473, 4031, 9067, 2535, 7546, 8793, 6072, 8391, 5809, 8689, 1493, 4320, 3113, 4522, 4808, 1710, 2602, 9538, 6276, 8973, 9932, 1264, 3008, 1446, 929, 1209, 5221, 8273, 3658, 558, 8982, 8716, 8044, 1987, 4392, 142, 3576, 8166, 8260, 802, 2575, 2783, 1118, 9665, 3409, 1330, 2428, 5923, 6021, 5314, 9901, 987, 8160, 7833, 4976, 6409, 7122, 2396, 4144, 9351, 8596, 7816, 249, 4951, 8862, 6387, 8875, 8685, 134, 9755, 3521, 915, 735, 6113, 5868, 9422, 3673, 9539, 3663, 8227, 5424, 8564, 2687, 961, 4753, 7873, 4847, 4482, 872, 3483, 6796, 6761, 8372, 926, 5925, 1431, 5047, 4484, 8904, 5427, 604, 1599, 8261, 1194, 2725, 6245, 6451, 2708, 2197, 4390, 6656, 402, 1123, 8319, 2268, 5076, 1870, 1644, 6616, 2356, 142, 2573, 7884, 4803, 1311, 232, 2051, 185, 7280, 646, 3192, 8153, 815, 3146, 5810, 7790, 120, 4519, 9072, 5158, 2818, 8915, 2445, 4557, 5092, 5486, 790, 8138, 6783, 4362, 7377, 2914, 8160, 4197, 4151, 2224, 6342, 8705, 5959, 2986, 208, 1500, 4879, 1514, 7209, 9923, 2366, 8625, 7925, 1045, 5551, 2627, 7754, 5370, 1261, 2214, 7563, 858, 9288, 8847, 3362, 4642, 9811, 7018, 6884, 3760, 5904, 3735, 6545, 8732, 6677, 4996, 834, 3327, 331, 8673, 9237, 8747, 5976, 5914, 7607, 9961, 21, 4773, 9979, 2660, 878, 2938, 446, 5663, 1024, 2340, 3749, 9541, 8316, 3454, 934, 4060, 2313, 6150, 7021, 9093, 7576, 8018, 1355, 7683, 4045, 4601, 1838, 2496, 8841, 1555, 4368, 4175, 1954, 894, 5010, 402, 7536, 4578, 7375, 6884, 9245, 9424, 9134, 1409, 219, 5981, 751, 6699, 3769, 6040, 8912, 5787, 657, 3541, 9576, 5542, 5812, 1181, 9737, 4389, 4781, 1530, 5015, 7243, 1679, 6776, 5636, 6844, 6797, 6534, 538, 330, 1740, 8746, 3259, 8094, 6821, 9409, 6471, 1910, 4522, 5291, 7782, 1458, 4461, 7067, 55, 623, 289, 4576, 3622, 3850, 7867, 1453, 9788, 1566, 3287, 5888, 5054, 2749, 2940, 4787, 1141, 9711, 1056, 4892, 2461, 2308, 4694, 6380, 8691, 3895, 9368, 1557, 9498, 4233, 5047, 361, 6361, 1483, 9413, 9652, 6670, 8615, 6511, 7052, 6265, 3639, 8894, 4069, 9820, 4841, 7149, 7294, 7745, 7496, 2155, 4888, 6593, 488, 4348, 1631, 2137, 936, 5615, 6754, 9290, 8369, 2332, 708, 7037, 5574, 1235, 3390, 2470, 1436, 4341, 3782, 3364, 5251, 3132, 1112, 3041, 3281, 7097, 4994, 8202, 2280, 5310, 5, 860, 5793, 7045, 1966, 2360, 5543, 8058, 3797, 7969, 5808, 2093, 5809, 3385, 9475, 8470, 2953, 9221, 751, 5543, 6533, 4446, 3793, 6840, 1074, 8857, 553, 5717, 3984, 8545, 9540, 7618, 9277, 5853, 1964, 8023, 4946, 9538, 9652, 7996, 7144, 2726, 8928, 9456, 1368, 7115, 8994, 2991, 1334, 7750, 8206, 552, 9207, 3571, 846, 2231, 9392, 4665, 5590, 8227, 3305, 6572, 3102, 5133, 1070, 4914, 3818, 304, 7517, 8848, 8181, 6947, 83, 3600, 7780, 6712, 2170, 9194, 7765, 1588, 5809, 7713, 7463, 1897, 3359, 140, 6708, 9327, 9319, 99, 2822, 1869, 6145, 1475, 6444, 4144, 255, 5959, 8367, 6498, 7582, 4458, 7226, 5689, 8591, 1641, 1529, 6287, 4834, 2985, 9368, 5715, 5759, 2811, 411, 2777, 6550, 9788, 4434, 9972, 8103, 4485, 3632, 4589, 1274, 7184, 111, 3021, 9771, 4291, 6738, 7311, 9966, 1705, 7895, 4113, 2362, 8882, 8280, 9274, 324, 9865, 4238, 3882, 4451, 8849, 6211, 9665, 2502, 9725, 4544, 9593, 8135, 9165, 7471, 1177, 2297, 4832, 1012, 9637, 1968, 3525, 1617, 7290, 4801, 6238, 5791, 5715, 2127, 1296, 2314, 933, 6254, 9894, 2733, 9352, 4829, 781, 3633, 6792, 2708, 5664, 2510, 6563, 2587, 9289, 3968, 7146, 4404, 7642, 172, 5760, 6069, 7762, 3481, 4189, 1214, 3204, 8611, 4566, 7781, 9150, 6300, 8585, 6910, 6719, 9846, 4974, 1259, 2966, 2271, 6544, 3127, 2518, 1551, 4660, 8437, 7537, 7289, 7470, 353, 5559, 5393, 8663, 8993, 5477, 93, 1735, 6018, 8629, 5316, 5173, 9985, 4544, 1999, 4946, 4162, 3337, 6758, 7977, 1044, 2603, 7403, 1720, 5906, 5404, 9314, 4768, 4937, 8700, 8055, 4998, 5478, 8043, 7118, 7395, 2166, 4057, 455, 7051, 2545, 511, 9097, 6450, 2808, 4557, 4675, 75, 7868, 171, 2914, 6560, 3038, 6081, 9433, 2648, 8664, 51, 3568, 3725, 5008, 4598, 1403, 5391, 4337, 2210, 9569, 8945, 890, 2465, 9894, 8549, 9829, 3674, 5705, 5574, 4007, 8808, 4541, 6396, 5781, 5178, 1699, 6842, 6405, 3788, 1966, 1881, 3111, 2885, 1742, 1787, 4262, 9035, 6225, 3302, 5259, 3551, 5908, 6179, 9022, 2082, 5563, 9793, 4062, 6140, 5995, 867, 6307, 1142, 8381, 6987, 1450, 2529, 9642, 4035, 1221, 7744, 889, 3118, 9894, 488, 7315, 4145, 9191, 2753, 8774, 6269, 2458, 8000, 7461, 1931, 5244, 1830, 4610, 7972, 1306, 5044, 3489, 8738, 2952, 9873, 8568, 3441, 9654, 5421, 638, 293, 5878, 8378, 55, 6479, 5106, 9036, 6405, 6585, 1005, 7532, 6657, 1471, 1566, 6016, 6497, 2345, 7215, 1922, 3053, 4006, 5972, 7924, 7716, 9189, 2122, 2032, 7716, 8585, 2682, 6754, 2273, 1296, 460, 2231, 7654, 922, 948, 1858, 5068, 9429, 300, 9187, 2936, 7506, 3592, 6831, 9900, 4575, 3968, 6423, 8411, 5041, 9347, 2521, 3939, 8520, 7410, 7489, 1589, 5933, 6041, 6506, 8404, 7581, 8882, 3890, 4683, 4428, 4502, 9447, 592, 7115, 4979, 6952, 2211, 4921, 8961, 7607, 9683, 4287, 8478, 5231, 2456, 3290, 2194, 520, 4454, 5073, 9679, 617, 1765, 2134, 672, 5116, 4006, 378, 9028, 6307, 3651, 9816, 4466, 8623, 5694, 5250, 3111, 1061, 8252, 6003, 1982, 8395, 9308, 6113, 8651, 3751, 1052, 8731, 8502, 2022, 6444, 5026, 1161, 4192, 3350, 4790, 7314, 8302, 1110, 4068, 5037, 7832, 22, 357, 7297, 613, 5039, 7596, 6153, 8958, 8116, 2288, 1409, 1266, 8991, 8045, 7337, 7463, 1078, 6246, 8217, 1811, 7297, 5649, 8346, 9513, 4417, 4893, 9204, 4547, 1933, 6275, 801, 158, 7502, 1822, 2303, 8621, 2168, 5456, 6741, 6, 1981, 3242, 3884, 4570, 6746, 4586, 9708, 4311, 7642, 3536, 8721, 5643, 8308, 3247, 6147, 3323, 4781, 8299, 5312, 9437, 4156, 9099, 5922, 894, 6541, 7326, 7847, 893, 6090, 5726, 3938, 8421, 1376, 7023, 1931, 5618, 192, 3365, 2708, 1265, 2091, 5974, 4731, 2466, 838, 2014, 8364, 487, 7570, 2765, 2942, 7597, 8407, 3941, 4782, 7367, 748, 2472, 9742, 9698, 7061, 6758, 3598, 9529, 8731, 7537, 5784, 9848, 6613, 3282, 2402, 119, 8025, 786, 3598, 7092, 9250, 1034, 4187, 2110, 4473, 1938, 7822, 4144, 2516, 4966, 2027, 9483, 3624, 2111, 6152, 8839, 4726, 1203, 7913, 6691, 4789, 4384, 769, 6281, 6125, 7014, 9449, 6676, 1570, 2394, 6328, 8827, 2756, 978, 9316, 7083, 3268, 4758, 9205, 3771, 4907, 409, 8032, 9375, 7770, 7757, 9508, 4993, 4371, 9611, 3795, 4163, 6507, 646, 784, 3720, 2880, 6314, 2526, 1647, 8335, 1211, 5566, 6452, 7634, 7059, 8570, 2107, 2237, 9356, 3012, 6028, 5146, 4372, 9429, 2200, 8520, 977, 9690, 8498, 5127, 6990, 5543, 204, 9901, 2236, 9507, 1041, 9199, 896, 2535, 9005, 5439, 6174, 5036, 7902, 1102, 1871, 354, 8567, 9213, 3511, 3055, 4822, 6817, 6021, 8587, 5947, 2918, 2863, 4094, 2474, 5940, 4735, 7892, 2082, 9596, 5493, 1299, 9586, 4763, 241, 6045, 9584, 1072, 5380, 8596, 4905, 6693, 9515, 6717, 7473, 5489, 8746, 1742, 4935, 7330, 7729, 3469, 306, 356, 2626, 7843, 552, 5013, 2164, 8890, 5074, 3037, 8133, 9036, 8347, 3480, 5042, 934, 3188, 783, 4438, 7096, 1044, 6915, 1268, 520, 4708, 1828, 5146, 5037, 4357, 7459, 9628, 3838, 9204, 8262, 4001, 3931, 3679, 2484, 8997, 9878, 3465, 445, 3975, 8405, 2319, 3208, 7536, 7418, 3501, 9402, 8609, 581, 6509, 9785, 9242, 3779, 5069, 7303, 4664, 1814, 9716, 1745, 1844, 7255, 5702, 9981, 6652, 3110, 5362, 5509, 3533, 1397, 8409, 7323, 8267, 2641, 8944, 3441, 5172, 6956, 4628, 7676, 9439, 3400, 505, 804, 3774, 1845, 4198, 2717, 1019, 5215, 6452, 4131, 6310, 7386, 9998, 5507, 5953, 1806, 8594, 9422, 7287, 7730, 6743, 6659, 6814, 9106, 3117, 395, 1962, 5374, 8849, 8237, 9971, 5118, 3236, 4292, 1214, 615, 6107, 2759, 9837, 7184, 7788, 6071, 4941, 2229, 8701, 9686, 1055, 7658, 2010, 388, 7962, 4630, 2933, 8127, 3538, 3837, 2412, 9178, 5768, 6154, 3106, 1083, 9447, 6509, 5582, 9671, 9285, 7566, 5380, 6845, 9737, 2163, 3864, 774, 364, 9451, 5954, 8344, 8593, 7099, 4105, 8349, 1562, 8813, 1577, 3439, 5689, 6485, 2320, 5033, 5691, 4006, 5995, 6025, 9265, 7465, 8702, 3629, 1200, 5222, 6511, 4938, 1472, 915, 6880, 176, 3718, 5167, 4887, 6183, 6747, 4895, 4887, 9558, 347, 5920, 6042, 1493, 2845, 8816, 3967, 9501, 3212, 1407, 1369, 1156, 876, 5276, 6048, 7165, 3367, 9215, 9069, 3602, 26, 1211, 5876, 6047, 1355, 2776, 4891, 2192, 4190, 5800, 1464, 7374, 7878, 8059, 2922, 2425, 3695, 7747, 4404, 9499, 4118, 5389, 1851, 431, 1375, 7134, 9499, 1170, 1510, 4712, 2359, 2114, 2976, 1818, 1426, 3358, 3593, 4374, 9216, 8584, 5105, 9050, 384, 9668, 7879, 4352, 4246, 3893, 3491, 1032, 8694, 8865, 565, 8300, 8103, 7219, 2017, 8705, 4757, 2694, 9468, 894, 317, 5489, 4354, 1621, 2379, 5717, 4352, 6659, 268, 9055, 1715, 5903, 6681, 9419, 5459, 3361, 1694, 5183, 1557, 5969, 709, 9272, 6815, 8369, 3849, 156, 9354, 3469, 7818, 6407, 7638, 1200, 7198, 3897, 3479, 20, 8247, 1264, 6583, 5632, 5927, 3685, 2218, 5710, 626, 8333, 7675, 7401, 6695, 1223, 2731, 2934, 6676, 3814, 3610, 8107, 2623, 4984, 729, 5762, 5216, 1539, 6467, 8194, 9056, 289, 11, 9731, 8863, 8440, 527, 2826, 5376, 8416, 9472, 7548, 6328, 8808, 1850, 6729, 8435, 266, 5927, 2299, 1308, 923, 2875, 7260, 5617, 6151, 9154, 2376, 2788, 2365, 4457, 6697, 9919, 1963, 7231, 4262, 1512, 8438, 4548, 4061, 7989, 4009, 5593, 4173, 1562, 4564, 1877, 5689, 3245, 2992, 5440, 3680, 7849, 1724, 5504, 9079, 8918, 9010, 1173, 7353, 8974, 837, 3652, 7787, 9350, 8731, 6719, 7005, 4124, 9840, 6771, 3497, 5732, 1466, 3590, 1346, 43, 8328, 3245, 5370, 697, 6069, 3069, 7055, 3656, 2422, 8172, 6129, 6838, 7467, 8055, 6378, 5258, 1063, 9908, 3050, 6041, 3570, 5224, 2781, 7897, 7142, 593, 5051, 9733, 1211, 8954, 8462, 2695, 8734, 6345, 2936, 6254, 1378, 4818, 2071, 6375, 5888, 3543, 300, 7161, 2823, 7342, 6972, 9486, 4468, 3751, 203, 8649, 6585, 1253, 2236, 6088, 8705, 4527, 6254, 8962, 4557, 8378, 4468, 7958, 2490, 5647, 9754, 4098, 4843, 5298, 8828, 4557, 1539, 1388, 2199, 9789, 8703, 9453, 1946, 8160, 2934, 7093, 7076, 8583, 9273, 7571, 6300, 4918, 4519, 16, 119, 6768, 8613, 2674, 899, 8223, 242, 5832, 4996, 4960, 4927, 2730, 1528, 6865, 9082, 1992, 2154, 2369, 4383, 681, 9782, 7325, 9496, 4085, 5100, 9928, 7846, 2614, 8087, 8857, 6586, 4889, 6731, 2375, 1765, 8643, 2591, 5366, 6694, 7082, 733, 2819, 4639, 8206, 8513, 8318, 5624, 1802, 6278, 9784, 5566, 8061, 2630, 8225, 1342, 9209, 2064, 1928, 4141, 6858, 6423, 9485, 2250, 9923, 1516, 8396, 9753, 5512, 9487, 4607, 4951, 6782, 3647, 9812, 3108, 5428, 3851, 6545, 8329, 6787, 9183, 8238, 4706, 8846, 364, 7218, 9134, 7844, 8804, 6071, 6069, 1235, 362, 7736, 8404, 787, 8843, 4507, 4526, 9155, 5043, 3619, 4581, 9078, 1085, 1137, 1930, 7316, 2931, 1603, 5776, 8707, 8196, 4169, 5382, 3703, 1806, 9841, 9529, 9925, 7860, 646, 2862, 9653, 7020, 4798, 7001, 644, 5648, 4421, 1307, 1170, 6811, 6772, 7501, 4108, 3931, 6696, 9133, 8976, 32, 4281, 3811, 1971, 4688, 1847, 4926, 8695, 1480, 869, 4174, 9064, 3900, 1653, 9580, 4887, 5070, 8427, 9296, 2263, 6275, 8820, 3881, 9064, 3106, 7752, 6457, 4048, 9905, 8429, 9528, 4818, 3924, 3099, 3583, 1430, 3681, 9588, 2785, 318, 7365, 9706, 1104, 8191, 4937, 9380, 5476, 1555, 7730, 4007, 6845, 6682, 6461, 4281, 6285, 2916, 6809, 5454, 4801, 9841, 2348, 5851, 2394, 3788, 9682, 1710, 4572, 2990, 7729, 1450, 7266, 5845, 1597, 3445, 3901, 9400, 7348, 9396, 1593, 4459, 4759, 7980, 9471, 7806, 9031, 8348, 2307, 7881, 3500, 184, 36, 8164, 7848, 8091, 6142, 6311, 5635, 9466, 6202, 1052, 8962, 8086, 8731, 5602, 7061, 2164, 7698, 2403, 1090, 1011, 4327, 5740, 1638, 4028, 302, 7270, 2160, 9543, 1335, 4094, 1068, 977, 1399, 3427, 8740, 5697, 5871, 1852, 157, 7114, 1613, 7500, 3243, 5648, 1613, 7988, 9387, 7841, 7978, 7027, 8412, 6395, 5520, 9041, 3343, 4794, 1879, 2432, 1184, 1639, 2105, 9971, 3773, 8795, 6431, 7754, 6250, 5094, 5940, 1455, 8399, 3474, 7540, 8952, 1294, 9916, 8885, 8980, 3441, 4904, 2634, 3431, 3761, 147, 9194, 8417, 1282, 9814, 1104, 6288, 8134, 6150, 9862, 7485, 5928, 8740, 1859, 517, 1331, 8717, 7134, 1109, 7114, 7652, 9263, 1775, 7933, 6738, 5555, 6374, 4690, 4403, 3238, 5106, 6576, 4775, 3338, 4343, 8955, 3661, 4496, 3916, 4895, 843, 3326, 1569, 5462, 1312, 5381, 4192, 1561, 1267, 4956, 665, 862, 8517, 2550, 6344, 3082, 9735, 5634, 8120, 4885, 7873, 3759, 7244, 1904, 8544, 9564, 9220, 6600, 6497, 6117, 2391, 1718, 2287, 7621, 9206, 6744, 9093, 6389, 9350, 3629, 3542, 4483, 242, 9490, 9220, 4848, 197, 1602, 2214, 9317, 4829, 8031, 6302, 3495, 8141, 5717, 6300, 776, 4686, 4537, 924, 5605, 8786, 5800, 6229, 4142, 5250, 904, 324, 6405, 1653, 7210, 3727, 9068, 9825, 5249, 4500, 3787, 5315, 3121, 6915, 3200, 4088, 4471, 4237, 9693, 8759, 8026, 647, 9184, 1525, 198, 3026, 4767, 3745, 7600, 7827, 2954, 5703, 8560, 3500, 4240, 7377, 8871, 3346, 3259, 9677, 8152, 5714, 3339, 6581, 2060, 9996, 9135, 5018, 912, 6024, 9516, 5943]
List Size: 9000
Insertion Sort Time: 3884.460200 milliseconds
Merge Sort Time: 55.113300 milliseconds
Built-in Sort Time: 1.664400 milliseconds

Original List: [5555, 1106, 4135, 141, 9278, 3499, 6027, 9668, 5395, 7534, 7661, 586, 2584, 7415, 3978, 6519, 4245, 8100, 9875, 5438, 3666, 4093, 4008, 3838, 8827, 380, 1299, 6682, 2864, 4300, 3288, 6905, 2708, 4875, 2913, 7506, 5505, 172, 6453, 9087, 126, 6800, 5856, 9380, 5303, 1079, 8293, 9806, 4503, 5210, 471, 1301, 8987, 1898, 9739, 3496, 85, 4004, 9927, 5215, 5199, 8392, 1241, 2981, 7954, 7238, 9359, 197, 9840, 2479, 4783, 2206, 8113, 4364, 7265, 2760, 1441, 2036, 8513, 5103, 7148, 5192, 8503, 5158, 5040, 6048, 9901, 6707, 9091, 6857, 9066, 707, 5011, 9700, 2862, 5905, 9195, 2643, 5475, 6910, 7783, 707, 4368, 9911, 1641, 469, 3700, 6012, 1557, 1049, 6184, 2723, 956, 9717, 9323, 2073, 5787, 44, 2580, 701, 3948, 1503, 7737, 9218, 7568, 9172, 7817, 9179, 6050, 1517, 2853, 8916, 790, 970, 8040, 4081, 4357, 7981, 5896, 1513, 4129, 9616, 8700, 5387, 2461, 4554, 5613, 991, 8680, 8977, 975, 7998, 422, 1866, 5990, 1827, 42, 1119, 4540, 1965, 6543, 7199, 994, 5035, 9086, 4348, 9090, 5484, 8282, 9527, 410, 6053, 1541, 6288, 2301, 8587, 9698, 8082, 3980, 9381, 2734, 2365, 8156, 69, 655, 1937, 1100, 219, 1480, 9257, 6808, 8800, 6004, 3632, 1851, 7243, 9860, 6771, 6839, 637, 7309, 4848, 1128, 9373, 866, 4076, 7347, 7989, 8026, 6399, 5434, 7928, 8935, 663, 6557, 2295, 1440, 5441, 4655, 7728, 7193, 5326, 540, 4183, 4997, 3033, 4135, 7833, 5239, 8810, 5643, 1112, 3000, 6002, 6336, 4260, 2216, 2132, 7806, 8141, 3035, 162, 3440, 1349, 239, 964, 1525, 4817, 1529, 5636, 215, 7186, 4305, 665, 8173, 4221, 3117, 5221, 4504, 6433, 1263, 9826, 7341, 8212, 8045, 207, 8845, 1490, 8637, 7124, 5407, 9778, 9921, 1872, 6708, 8679, 1128, 3227, 8674, 8725, 2850, 6192, 4241, 2246, 8126, 9774, 7852, 6486, 4742, 1158, 9273, 2477, 8963, 2618, 1929, 9909, 7436, 8732, 2205, 3596, 9149, 3559, 9215, 9338, 1169, 6567, 2501, 5259, 3347, 4552, 6674, 7960, 7720, 2335, 5993, 5617, 4183, 6574, 5845, 7796, 803, 6768, 1814, 8214, 3943, 6730, 7385, 5462, 9030, 6033, 4359, 3984, 7908, 6799, 4904, 4132, 8054, 505, 2058, 8191, 6221, 8852, 2436, 8692, 695, 8964, 1740, 2664, 225, 5950, 1875, 2428, 2638, 2413, 2284, 529, 6019, 2731, 6313, 9716, 2816, 758, 9067, 2014, 468, 9767, 899, 1503, 8222, 8180, 1888, 9200, 8513, 6904, 758, 679, 1360, 7996, 3282, 5638, 6813, 7278, 4755, 6423, 9983, 5255, 7238, 5086, 3076, 8239, 4771, 6243, 6773, 7417, 1505, 825, 176, 4853, 3352, 265, 5659, 998, 7796, 7735, 6766, 1918, 5795, 2708, 7812, 5462, 3052, 5330, 6327, 6521, 6801, 8401, 4316, 233, 7164, 6333, 5375, 3336, 7982, 4269, 7765, 3937, 2346, 2067, 1309, 7542, 7198, 8849, 4337, 4772, 1395, 9107, 502, 6351, 8212, 5158, 7945, 463, 9774, 3149, 1475, 1659, 4169, 2970, 8555, 8559, 7332, 3944, 8252, 4157, 7900, 8933, 6485, 3269, 3449, 7178, 3552, 2743, 336, 8952, 2801, 4126, 5187, 1004, 908, 9162, 5665, 6212, 1663, 6665, 9401, 4903, 9891, 928, 2135, 2031, 3612, 4192, 7271, 18, 8952, 1931, 9633, 613, 8116, 8778, 9713, 3321, 1879, 4494, 7762, 1347, 2823, 654, 5230, 2768, 2808, 6141, 5250, 8382, 3916, 8700, 2499, 8260, 6937, 2390, 5559, 3813, 2823, 1046, 4409, 3775, 7650, 5887, 4322, 8435, 143, 5678, 1649, 6898, 7454, 6504, 8614, 5683, 9394, 3822, 6313, 9679, 362, 2982, 4906, 9278, 1654, 7761, 8603, 4187, 6153, 8250, 3958, 7368, 1610, 6968, 4976, 6925, 7664, 1518, 9756, 3476, 632, 5244, 9826, 637, 132, 9940, 7850, 8729, 4756, 1436, 2981, 3067, 5444, 3556, 4767, 7151, 8176, 6287, 2742, 6997, 9714, 8572, 9043, 4327, 5325, 8048, 6447, 3026, 2841, 6972, 3931, 9115, 5308, 3354, 5813, 7267, 9905, 3773, 598, 1798, 220, 7625, 3513, 6089, 1986, 5383, 5952, 1609, 1507, 3917, 2014, 5593, 2498, 4966, 5079, 7044, 563, 3719, 9391, 2551, 2320, 9469, 9926, 1767, 6773, 865, 7167, 7453, 4154, 3065, 3205, 1066, 3970, 3087, 5882, 6767, 6583, 5681, 2298, 2159, 8930, 9272, 6161, 6219, 4957, 3388, 9549, 7192, 916, 948, 8904, 4883, 8135, 6675, 1917, 6520, 7112, 4070, 7267, 8290, 6834, 9278, 709, 1684, 5454, 2859, 7512, 5653, 9557, 5057, 5244, 584, 950, 5317, 3520, 7035, 3857, 1664, 5295, 4376, 2545, 8498, 6412, 3889, 6349, 149, 188, 5469, 7235, 3458, 839, 478, 5882, 4726, 8820, 791, 6913, 9327, 3602, 1753, 2606, 4800, 2519, 4519, 8430, 5504, 8524, 9916, 9040, 5241, 4362, 9890, 1362, 4118, 9542, 6961, 3949, 3252, 757, 7179, 972, 1136, 4911, 7805, 3628, 960, 8810, 7163, 1575, 6013, 1997, 3489, 6321, 2597, 2292, 7655, 8694, 9193, 8620, 7338, 4519, 462, 7171, 524, 4174, 5781, 845, 3368, 5676, 2566, 3134, 4986, 6957, 9259, 4325, 1222, 7175, 4343, 3560, 4329, 6042, 1604, 6391, 2996, 58, 3905, 1535, 4583, 7307, 937, 9824, 5590, 5799, 9542, 8573, 7263, 8325, 3796, 4458, 1653, 2870, 8998, 851, 6800, 5657, 8373, 8499, 8747, 869, 9284, 1539, 3112, 5387, 4844, 8875, 82, 8125, 1530, 9967, 2638, 797, 7541, 4299, 1172, 4835, 7489, 8538, 2692, 6350, 7376, 4982, 7314, 9028, 5899, 3372, 825, 5911, 4908, 4179, 7381, 9820, 364, 4764, 2997, 166, 9662, 9417, 2374, 1759, 3103, 2746, 4008, 9341, 3434, 6260, 9062, 4829, 9996, 8514, 7841, 8089, 4183, 426, 16, 8632, 1202, 7043, 5394, 3522, 3463, 7519, 9614, 8185, 3566, 2755, 8178, 6622, 9540, 5284, 359, 6419, 383, 4241, 6253, 6967, 8984, 8525, 315, 2359, 5280, 780, 5559, 7371, 248, 8803, 4303, 6582, 520, 1876, 3868, 6271, 975, 154, 7115, 2471, 7857, 4609, 6450, 9313, 4210, 1253, 2190, 8549, 2369, 3099, 5703, 7702, 5375, 6404, 4388, 8261, 6372, 5291, 5728, 9543, 7947, 8105, 229, 9786, 372, 7526, 52, 3409, 5733, 3410, 9232, 7549, 4602, 344, 9559, 1807, 9599, 1551, 5656, 5951, 2344, 8195, 9933, 6812, 6495, 1899, 505, 7048, 4900, 6967, 7363, 5193, 9987, 4566, 8097, 7584, 444, 3885, 1809, 8567, 9988, 6799, 5347, 4560, 3718, 386, 1543, 537, 5452, 7730, 3868, 4550, 6050, 3490, 1361, 4624, 9282, 5924, 432, 2054, 6067, 5750, 2042, 8749, 638, 3214, 7028, 975, 7597, 3424, 9821, 9839, 9133, 9608, 8366, 3445, 318, 9913, 6937, 3593, 1663, 6826, 9901, 5524, 5728, 7691, 8058, 9188, 8482, 5694, 9214, 8275, 7428, 2776, 7750, 9357, 1479, 3998, 27, 9865, 3133, 6460, 2848, 4360, 3660, 8698, 2583, 1207, 4569, 9325, 2542, 781, 4585, 1364, 2743, 1016, 3933, 3095, 1943, 682, 3790, 4084, 1134, 5891, 2000, 3737, 795, 9894, 1024, 7144, 9016, 1678, 9285, 5352, 8559, 2610, 1676, 2170, 6010, 7250, 410, 1356, 7762, 9229, 1880, 5466, 1745, 1265, 9878, 1722, 3674, 5806, 8752, 310, 9239, 1818, 7871, 7618, 9981, 2775, 6097, 911, 5412, 6634, 6319, 4268, 6787, 7149, 1195, 8330, 8162, 9545, 3900, 2143, 1542, 6042, 1925, 9971, 5861, 8228, 4507, 1160, 7603, 7942, 9342, 1792, 1226, 2792, 7270, 3167, 3758, 7906, 5480, 278, 3850, 7435, 1527, 2267, 8393, 7785, 634, 7075, 3373, 6852, 5233, 126, 3853, 6275, 5664, 781, 1781, 7, 9768, 5566, 2731, 5716, 140, 5092, 838, 2715, 9341, 2804, 8547, 6698, 5541, 2034, 9022, 7976, 6889, 413, 4025, 8278, 7045, 4182, 8967, 9142, 3305, 201, 277, 7871, 5649, 6984, 9803, 3818, 2388, 9561, 1883, 3235, 9427, 1679, 7607, 4928, 5275, 5965, 1913, 4386, 4401, 4544, 3346, 2957, 2648, 8807, 2506, 5127, 8196, 8847, 968, 397, 9741, 6097, 2313, 4877, 3400, 1312, 3856, 9479, 9678, 1489, 5860, 3568, 8716, 6227, 8613, 3563, 9117, 9636, 3167, 4482, 4336, 8011, 5391, 756, 5468, 2678, 944, 2647, 2757, 8277, 805, 5616, 9766, 5183, 9631, 3168, 8177, 5561, 2925, 582, 6570, 9025, 6608, 8570, 3496, 4308, 2306, 3482, 6790, 5216, 2670, 6345, 7482, 7481, 4329, 1375, 5612, 7955, 4235, 8496, 8121, 490, 8324, 1236, 4015, 7805, 1750, 5098, 3319, 9414, 9461, 7482, 919, 6053, 141, 6482, 7695, 987, 6073, 5091, 6911, 89, 435, 1473, 6192, 1853, 3698, 9514, 2001, 3630, 6230, 8080, 613, 8358, 8765, 339, 652, 5973, 639, 7759, 5503, 6343, 17, 9978, 2703, 3752, 2792, 1905, 166, 8361, 3329, 2931, 8602, 7878, 6456, 9421, 9893, 9276, 7555, 1832, 3685, 589, 8632, 9747, 7043, 1981, 4657, 320, 7870, 5583, 4112, 3109, 5246, 2497, 5874, 3505, 1243, 6550, 1979, 968, 158, 2520, 4499, 8243, 4096, 9472, 6505, 9257, 8494, 2983, 2002, 5124, 9455, 9011, 5944, 6350, 9807, 9147, 3669, 6570, 1209, 8073, 5904, 3263, 2972, 9281, 3360, 5585, 5730, 2324, 6901, 5086, 4732, 6327, 9409, 9010, 1567, 1091, 4931, 3906, 5619, 5938, 2114, 8276, 4242, 429, 387, 9926, 516, 5494, 8017, 6674, 732, 3104, 9645, 347, 3708, 8678, 2148, 1052, 2788, 4669, 4219, 74, 6738, 7770, 9250, 2285, 8706, 8008, 1657, 8779, 458, 7652, 3195, 7782, 3350, 8932, 618, 1397, 2059, 5564, 4460, 1007, 641, 9292, 9827, 1021, 6159, 1019, 7385, 5557, 8916, 2330, 6286, 1019, 7691, 6498, 3630, 1057, 4245, 6896, 7905, 1398, 9003, 2836, 7012, 9778, 6357, 4158, 1726, 4487, 7132, 9019, 5769, 5934, 3625, 6592, 3929, 3294, 2769, 8345, 6021, 1835, 445, 2241, 7276, 6053, 8985, 8508, 2949, 3092, 3628, 3311, 9529, 5611, 4552, 6192, 5476, 756, 241, 336, 3745, 3059, 1942, 473, 9654, 613, 5672, 4430, 5561, 8189, 1687, 2212, 9646, 2147, 575, 4352, 2490, 7501, 111, 6481, 7385, 3377, 5766, 9200, 8595, 3681, 5759, 3313, 3234, 8613, 7932, 3791, 1335, 1935, 6915, 4022, 6739, 3626, 2938, 8478, 2831, 4715, 5996, 5089, 9662, 2119, 2736, 6906, 6914, 5644, 5879, 2877, 4840, 7402, 9509, 4462, 7113, 6721, 2130, 340, 4136, 6486, 1528, 9628, 2886, 6744, 3516, 8094, 7451, 319, 1294, 9706, 2206, 8230, 5214, 8484, 1502, 2327, 3482, 4443, 691, 5958, 7250, 7422, 8672, 794, 9913, 9310, 1835, 8160, 5255, 5784, 2254, 2512, 1788, 4125, 7861, 2811, 1859, 7908, 794, 7809, 4979, 2628, 9361, 1698, 5848, 4764, 4439, 1433, 8650, 5148, 8923, 3865, 4272, 9547, 9113, 3429, 4481, 5654, 8115, 7531, 3862, 4964, 3976, 4014, 9293, 9606, 2739, 6225, 2624, 7100, 4944, 1727, 7126, 2413, 7597, 2008, 5649, 7124, 3131, 4690, 1876, 1239, 7869, 4685, 3771, 340, 2940, 918, 3397, 7672, 2762, 414, 8164, 5962, 7956, 2495, 1098, 458, 2851, 1755, 7638, 5768, 3949, 8185, 208, 7597, 3894, 1613, 3670, 3049, 7054, 4847, 7311, 9520, 5882, 423, 4083, 8177, 934, 3024, 9691, 1817, 2376, 133, 3792, 6599, 1850, 8288, 3019, 6565, 9667, 6201, 1557, 6348, 7255, 4324, 5950, 9525, 8413, 1641, 4354, 5260, 7461, 2833, 1553, 6555, 9414, 3673, 3429, 42, 5139, 7911, 3517, 6585, 7001, 2832, 8823, 2392, 8777, 350, 924, 2733, 8946, 7436, 88, 7008, 7906, 9313, 3098, 8915, 3827, 4708, 2090, 9462, 7759, 8612, 8179, 8028, 9918, 3793, 822, 4857, 109, 7269, 5263, 1014, 712, 8875, 748, 197, 5169, 2615, 8465, 5087, 7685, 6273, 6087, 4222, 9005, 7203, 4437, 9345, 8693, 4229, 7979, 3537, 1430, 243, 9873, 2374, 8875, 1925, 9270, 2058, 4764, 5606, 5580, 5863, 2886, 5026, 4743, 8905, 8850, 9382, 5075, 5100, 7668, 4491, 4926, 2179, 9397, 3152, 1518, 716, 3081, 7349, 9191, 263, 3724, 4489, 7532, 7970, 2551, 1925, 5354, 8688, 5728, 3031, 378, 5471, 9439, 8599, 7363, 1914, 3632, 8478, 6752, 2572, 3282, 8649, 5908, 2300, 7872, 4750, 6178, 3263, 966, 3841, 3611, 9659, 4961, 5757, 2987, 1482, 7623, 3758, 5662, 744, 6258, 8257, 8877, 5734, 7478, 4252, 462, 231, 3436, 1527, 5551, 8518, 5874, 8872, 3679, 1823, 6623, 4763, 7009, 7919, 5293, 3307, 5592, 5288, 1080, 7021, 6731, 9274, 6154, 7161, 5362, 9234, 5022, 2091, 2268, 7472, 915, 1824, 7089, 5825, 5542, 7920, 7901, 7616, 2603, 7100, 9603, 7860, 5730, 9437, 1563, 2863, 9343, 34, 3930, 180, 6309, 3521, 8009, 2972, 6927, 6434, 9889, 447, 1319, 4707, 4099, 6849, 3402, 2127, 6301, 6646, 3288, 718, 2429, 1275, 8259, 7502, 6798, 4057, 3424, 3913, 9428, 5440, 4675, 8228, 3271, 2267, 4153, 2747, 5951, 4982, 3029, 6088, 7451, 3036, 9623, 5400, 4906, 4687, 4614, 8711, 9240, 8491, 6418, 6446, 7233, 5338, 7469, 7909, 7638, 3860, 8314, 9467, 4765, 8367, 8107, 4634, 9132, 8384, 8634, 6157, 9543, 3953, 8971, 1079, 1622, 6349, 2412, 9089, 484, 5785, 9817, 6969, 7311, 2806, 6133, 5153, 1484, 3604, 1015, 4578, 8393, 7354, 6947, 1521, 976, 6340, 7817, 4384, 9427, 2763, 1493, 6550, 9572, 7416, 8090, 7595, 7347, 6522, 5928, 4560, 1807, 7855, 9869, 3941, 1486, 9683, 9707, 866, 8954, 5057, 7873, 559, 6097, 1179, 5649, 8961, 6323, 8838, 9087, 4671, 8971, 6719, 2885, 3516, 1659, 8952, 8258, 7821, 4158, 8306, 7720, 4337, 8683, 6604, 3211, 4580, 5808, 8124, 615, 6347, 3910, 5008, 2037, 3069, 7965, 5594, 3488, 6474, 1061, 1964, 7612, 9711, 2304, 2240, 3146, 131, 4131, 1215, 4885, 200, 8432, 6531, 3371, 4953, 5990, 5168, 2039, 1632, 6377, 8331, 2607, 7481, 4757, 5552, 7054, 2894, 2462, 7135, 2371, 2248, 9606, 2875, 9537, 8621, 6931, 2732, 5944, 3663, 4887, 7406, 9253, 3049, 8796, 8465, 3105, 1601, 7906, 4544, 3332, 8992, 2049, 9741, 6328, 3743, 6827, 8344, 2720, 8081, 1970, 1417, 4185, 965, 6906, 8344, 355, 5722, 7173, 6035, 3051, 4535, 7673, 511, 4907, 2525, 3833, 9912, 126, 5619, 6264, 9697, 8058, 8441, 8647, 42, 432, 3643, 5307, 6990, 4690, 4033, 8641, 7855, 3973, 6831, 8430, 6059, 2245, 3732, 4209, 7684, 9917, 1637, 2740, 2783, 4490, 3412, 4662, 9033, 646, 9557, 5360, 9743, 7040, 7948, 9530, 9491, 3717, 1120, 5815, 5945, 1056, 2704, 345, 5630, 2138, 6533, 3702, 1886, 6030, 9730, 1927, 2144, 401, 1761, 7842, 8440, 8508, 1561, 392, 2875, 1802, 9809, 1442, 1374, 9419, 243, 444, 8295, 6043, 2267, 3272, 2259, 774, 1471, 2450, 4754, 1488, 7540, 4320, 5164, 1832, 820, 2518, 4921, 595, 6080, 8015, 9980, 7550, 9964, 3881, 2070, 5766, 4715, 4040, 9557, 8619, 4060, 2715, 8208, 8399, 2217, 9479, 923, 4454, 5266, 5905, 8682, 8070, 1189, 7688, 3246, 1591, 2472, 5757, 3533, 8571, 2519, 6967, 2381, 639, 8585, 4346, 3610, 4679, 6403, 503, 6640, 5405, 7060, 4835, 3055, 8727, 1744, 2910, 3004, 3854, 9244, 1441, 6081, 5708, 9046, 9420, 4469, 8682, 5145, 440, 8395, 7993, 5487, 6905, 678, 6492, 6376, 7629, 6035, 4404, 8306, 3293, 3065, 6092, 9884, 6050, 6894, 3161, 2465, 1198, 114, 8068, 8142, 312, 8022, 2029, 9703, 2393, 2792, 1793, 2593, 2437, 1890, 1779, 1672, 4553, 7268, 9414, 1858, 2723, 91, 3870, 2486, 9098, 5623, 8264, 946, 2191, 2886, 5782, 9806, 5451, 2142, 4356, 6203, 7309, 3501, 4076, 358, 769, 2507, 1219, 3372, 600, 3920, 8703, 4516, 7101, 1877, 8477, 1084, 2371, 4567, 869, 944, 9929, 2979, 2439, 1275, 3630, 8268, 6312, 9537, 6887, 1428, 4744, 6466, 5855, 5285, 130, 2311, 6253, 8120, 5072, 9932, 9332, 3752, 5466, 6187, 5487, 888, 3585, 7363, 4140, 406, 6524, 2137, 4072, 9982, 7656, 1567, 9986, 6605, 7240, 8375, 3476, 384, 5337, 6532, 433, 267, 6953, 4917, 6222, 6627, 2190, 1768, 1193, 5647, 7340, 4803, 7594, 2078, 692, 1989, 4099, 5252, 8440, 5761, 1466, 4833, 8154, 6593, 6440, 4359, 4952, 4214, 9861, 7186, 1983, 8553, 937, 563, 1210, 7577, 198, 3723, 5840, 3090, 2615, 5807, 2624, 5300, 2484, 1951, 1212, 4185, 1062, 8796, 6532, 8599, 8343, 1737, 4711, 8666, 88, 3119, 4245, 3944, 4999, 8439, 5311, 7698, 7781, 1018, 9832, 5383, 2932, 3658, 4762, 6691, 1377, 6133, 6023, 8615, 9220, 9144, 7480, 5766, 1056, 2365, 9444, 2644, 6458, 8346, 6470, 1837, 2082, 4597, 330, 984, 630, 2751, 5833, 3902, 2746, 7845, 4513, 8323, 5604, 161, 358, 7948, 5698, 2128, 4174, 5223, 6453, 5193, 5888, 7778, 1290, 6829, 5605, 9812, 3828, 7288, 4049, 2729, 4461, 7527, 8381, 9618, 1671, 2184, 1107, 7184, 9459, 4856, 6555, 8093, 472, 7974, 9206, 8944, 8279, 7655, 2520, 3049, 4842, 7807, 1850, 7897, 9138, 1999, 9585, 1668, 2565, 7734, 3875, 7209, 7456, 4788, 7214, 5965, 5761, 8084, 1208, 1194, 7509, 4667, 4937, 5260, 3270, 6513, 6252, 3398, 1133, 923, 7132, 6710, 6457, 1185, 807, 5394, 1272, 6845, 6653, 4710, 7753, 7206, 7402, 6218, 4204, 3542, 1761, 9415, 5039, 840, 5356, 8615, 1357, 8092, 3363, 2710, 212, 1765, 1697, 2847, 7781, 7856, 7379, 5436, 7390, 3399, 2980, 1304, 129, 5543, 9969, 4720, 598, 9940, 9954, 6918, 7556, 5389, 4813, 273, 4760, 52, 6112, 3482, 4583, 7832, 9019, 4429, 168, 4188, 3193, 244, 6997, 6113, 8750, 5086, 5604, 1172, 2177, 2624, 7963, 8796, 361, 8208, 6348, 2951, 4914, 657, 1057, 2357, 299, 6237, 6927, 2848, 2069, 6813, 770, 1092, 2731, 9859, 5123, 6632, 6842, 46, 5586, 9053, 1687, 6086, 1658, 9929, 819, 6128, 6264, 4034, 9988, 3412, 8315, 3988, 8279, 69, 5067, 3999, 7469, 232, 9606, 7842, 9920, 2841, 9783, 9283, 5967, 2082, 175, 5751, 261, 233, 6455, 509, 5961, 726, 2074, 886, 3664, 3108, 9059, 9449, 2579, 9462, 6025, 6596, 4002, 8075, 5731, 2041, 3063, 6112, 2217, 9917, 2045, 8104, 6462, 2422, 6790, 2190, 5398, 436, 4276, 9293, 2737, 4398, 1097, 1645, 4718, 8642, 4373, 9107, 212, 1337, 9074, 6537, 8837, 8836, 4433, 9227, 6268, 3544, 1360, 611, 9691, 222, 4786, 4731, 8544, 5016, 6740, 4067, 9059, 1147, 7513, 6319, 395, 4078, 971, 2452, 618, 3620, 4568, 5024, 1847, 9071, 1411, 5448, 572, 3780, 7129, 499, 1789, 6041, 7412, 4988, 4036, 4331, 4301, 2224, 9268, 9369, 3481, 7053, 8461, 6890, 5595, 4467, 2950, 8, 2245, 7869, 1728, 1272, 9840, 8854, 7786, 5637, 4338, 2304, 4440, 1329, 8179, 5985, 3956, 7212, 7219, 4418, 6431, 9941, 4927, 6892, 2578, 2675, 6801, 2610, 3975, 4118, 8722, 4308, 5865, 943, 9489, 5178, 1517, 9020, 6109, 3859, 5408, 8509, 596, 7184, 7910, 8147, 3278, 3261, 9156, 3080, 4334, 8001, 3601, 5811, 5724, 5090, 3111, 171, 763, 8907, 4504, 3591, 1980, 8186, 7635, 950, 6068, 41, 4186, 2438, 7145, 4250, 1911, 7000, 8507, 4338, 2288, 3588, 1211, 6978, 6391, 8967, 4149, 5123, 2474, 8670, 2068, 1685, 6429, 4738, 7040, 9189, 9685, 9723, 6900, 9342, 756, 6037, 5830, 8430, 1764, 7638, 7030, 1790, 1140, 671, 9222, 4516, 360, 5739, 5056, 6644, 5725, 8198, 1092, 1049, 2779, 1251, 503, 941, 4141, 2683, 4330, 1539, 8761, 4182, 3809, 9457, 7462, 5106, 2530, 7976, 3958, 2397, 7499, 1664, 3041, 8687, 6740, 4701, 2664, 747, 9423, 2757, 8797, 5366, 4011, 2998, 7322, 2782, 9292, 4512, 61, 7639, 8062, 3168, 3032, 8614, 6438, 611, 988, 3635, 1549, 2369, 8016, 3576, 9979, 2202, 823, 6741, 6724, 678, 6709, 9026, 8763, 4825, 8855, 5649, 4149, 6794, 8342, 3204, 1307, 441, 5014, 9497, 5466, 7808, 5510, 4123, 5793, 7621, 9267, 685, 1794, 4830, 6480, 2259, 3997, 9872, 9544, 2824, 4410, 7555, 2699, 8968, 7208, 770, 5855, 7378, 5969, 2877, 8525, 6445, 1925, 8898, 4410, 8927, 8287, 5739, 506, 8881, 3666, 2351, 7841, 8572, 9257, 2292, 7535, 2821, 4712, 2701, 6083, 6121, 7665, 7443, 6871, 1172, 7002, 8995, 6101, 7227, 8081, 502, 7165, 5593, 3863, 569, 5529, 2557, 6368, 5464, 4801, 8473, 1312, 3185, 3158, 2859, 5649, 1463, 3039, 637, 8800, 6230, 1046, 2354, 8386, 5775, 3691, 5196, 4424, 9597, 6426, 5028, 9393, 3824, 4152, 3182, 1288, 6629, 2224, 1164, 2487, 8617, 5096, 2530, 5694, 8636, 3153, 2070, 4590, 7958, 1818, 5795, 588, 9596, 3351, 3453, 2531, 7041, 4998, 5388, 4562, 1748, 1032, 2005, 7385, 4427, 7591, 3522, 9106, 6400, 7003, 9404, 5364, 3000, 1198, 7011, 4548, 9335, 9783, 9533, 5348, 871, 6106, 1979, 6470, 1812, 7360, 4887, 1364, 9249, 844, 5383, 2288, 8045, 7289, 2471, 9031, 9677, 2395, 705, 5245, 420, 6268, 8360, 3763, 5649, 6720, 6014, 7491, 4040, 269, 9812, 4271, 1145, 7394, 7740, 2389, 9237, 9631, 9527, 1344, 3893, 4985, 5887, 9403, 9027, 1455, 238, 8382, 7114, 9621, 2329, 129, 6233, 9572, 4927, 4353, 5319, 9228, 2577, 3758, 1550, 9897, 1174, 90, 135, 7709, 1886, 3101, 6724, 8853, 6280, 2045, 6183, 7565, 8961, 8019, 3901, 5133, 3092, 7401, 5413, 4025, 7029, 2759, 9104, 5408, 820, 8926, 955, 2697, 413, 4508, 1702, 5872, 8172, 3259, 267, 5303, 1966, 3070, 4741, 2470, 1663, 590, 3935, 8318, 4526, 8844, 4465, 3290, 1958, 6221, 8783, 224, 850, 2567, 3028, 554, 2798, 5542, 8908, 7079, 2459, 5218, 6878, 5273, 4961, 3129, 279, 5512, 4953, 987, 3043, 6528, 9169, 5370, 4512, 5824, 1437, 3964, 5707, 4195, 2691, 6146, 644, 3589, 258, 9642, 62, 4788, 7581, 6824, 1119, 1228, 7091, 200, 9025, 8123, 9721, 1047, 4957, 3331, 81, 4816, 7019, 1320, 2937, 4909, 6518, 6345, 3923, 9392, 6427, 2483, 106, 6000, 9475, 3568, 5988, 2249, 9828, 1414, 4461, 9172, 8342, 4028, 8738, 6796, 3842, 5687, 7265, 7503, 7803, 6167, 5041, 9427, 8118, 7752, 2552, 8360, 5230, 5195, 324, 9470, 5371, 1768, 4298, 8137, 9988, 5769, 1303, 609, 5893, 2793, 1991, 2709, 9374, 8355, 953, 7648, 1317, 649, 388, 3180, 4521, 4911, 2327, 9126, 6776, 5203, 5648, 5531, 2345, 5116, 5364, 2252, 7260, 2347, 5456, 341, 9750, 689, 4195, 9015, 6555, 352, 1190, 7420, 9437, 1595, 2372, 8743, 5050, 2958, 2029, 4992, 7071, 7198, 616, 2798, 2020, 2761, 2465, 5942, 1760, 1433, 8578, 6684, 7387, 7061, 4530, 1173, 5184, 2357, 6717, 928, 1418, 1338, 6344, 4624, 2533, 1376, 4923, 3208, 6624, 4194, 4901, 6637, 3008, 5849, 7276, 9720, 3082, 9856, 4026, 908, 4334, 7371, 1135, 2081, 9334, 6042, 5096, 9130, 4406, 8835, 2456, 5479, 3090, 1319, 3818, 9222, 7968, 1528, 7570, 6711, 2336, 4916, 7302, 7166, 8048, 7947, 6261, 2058, 1117, 6260, 301, 7114, 1146, 9428, 526, 5456, 5815, 7156, 5466, 5939, 9395, 9353, 2166, 4933, 1158, 6762, 4189, 7818, 2309, 4998, 7872, 7262, 8262, 8870, 6424, 8586, 3182, 3725, 7164, 8077, 4369, 4405, 5559, 9177, 126, 4144, 1379, 717, 8469, 9924, 9350, 6382, 4, 9108, 1445, 4430, 7474, 4173, 4118, 5272, 454, 824, 2806, 9605, 8903, 2407, 63, 9428, 9430, 5513, 2932, 4490, 8201, 2802, 8996, 9603, 3932, 2413, 7361, 5741, 5733, 1401, 3971, 1681, 9354, 7682, 7501, 2133, 6060, 9359, 1724, 2111, 7934, 1735, 2066, 1347, 3880, 7307, 7672, 4063, 4260, 628, 6324, 7514, 9134, 1072, 6756, 9662, 8570, 9508, 2644, 5583, 1514, 625, 7397, 6028, 6442, 7836, 5574, 5216, 8157, 7729, 5222, 3960, 5397, 4361, 4148, 2085, 9276, 3119, 8529, 5462, 3629, 4830, 3821, 7684, 5578, 8140, 1863, 9575, 367, 7327, 2734, 3921, 2916, 7614, 5578, 7528, 3203, 4343, 4263, 20, 7498, 9408, 8439, 3757, 3095, 2856, 6773, 4768, 2196, 5755, 1549, 4038, 3703, 3564, 930, 7189, 4790, 3313, 6234, 428, 7351, 9589, 770, 7012, 1863, 5348, 9739, 4856, 1496, 783, 2057, 9133, 6744, 1898, 8917, 7983, 4153, 8114, 7597, 6414, 8435, 8499, 9328, 8706, 8240, 6019, 2550, 1733, 8583, 2447, 3734, 8879, 7946, 9875, 3004, 3399, 5337, 5840, 8616, 5490, 104, 7248, 4980, 393, 2681, 8619, 1131, 2120, 6446, 2978, 4585, 4242, 6331, 6447, 2052, 7682, 242, 2580, 5045, 830, 672, 8616, 6984, 6882, 6441, 9696, 681, 3606, 427, 8873, 6592, 4671, 9827, 15, 5917, 3497, 306, 1195, 9836, 9349, 3591, 3511, 1595, 3287, 5200, 4170, 6801, 9819, 3945, 7949, 9382, 2265, 9151, 3104, 4358, 3902, 9910, 5090, 3700, 6748, 5564, 4195, 3526, 9706, 9099, 9210, 4482, 6816, 3636, 7585, 9582, 586, 9729, 1208, 4200, 423, 728, 5334, 5405, 7381, 82, 424, 366, 4945, 115, 1652, 9246, 830, 6782, 9134, 3013, 6489, 6464, 3281, 7006, 1657, 4611, 2625, 9231, 3810, 6646, 3440, 8436, 2141, 5528, 6837, 4811, 9528, 5169, 7957, 1565, 8679, 399, 5980, 6863, 8926, 791, 7014, 8639, 3027, 3293, 3735, 2543, 5022, 2674, 6644, 8030, 2457, 9034, 6351, 2191, 7246, 5176, 829, 6799, 6707, 771, 8687, 7609, 2150, 5134, 7446, 7767, 3797, 5042, 254, 1050, 2345, 4672, 7911, 8779, 7044, 8149, 1698, 288, 180, 386, 3577, 9970, 6795, 1085, 996, 7045, 9682, 6699, 4732, 2965, 6026, 9940, 6465, 3642, 2587, 1302, 5542, 7198, 3192, 2517, 2184, 5517, 4970, 7491, 8064, 717, 2496, 1064, 2087, 1124, 1851, 9132, 4186, 6704, 8010, 5343, 548, 803, 4145, 5746, 394, 8777, 304, 5200, 6200, 9176, 5938, 601, 8696, 1315, 3359, 4420, 5445, 991, 3136, 2119, 1729, 35, 7419, 4480, 4433, 8018, 9151, 4863, 1720, 3354, 148, 117, 3316, 4557, 5748, 852, 5734, 289, 2448, 8655, 1163, 98, 7406, 5594, 6070, 9403, 9929, 7044, 6756, 8982, 6940, 5437, 8866, 6404, 542, 3933, 3411, 8583, 8234, 1055, 9698, 2123, 5884, 6332, 4614, 6562, 4287, 7506, 6037, 9720, 8442, 7351, 7920, 3033, 3317, 5572, 4119, 5709, 7786, 6236, 1118, 5144, 3803, 2357, 5056, 9882, 6524, 8341, 3443, 4967, 875, 8366, 5061, 8539, 9992, 9563, 1442, 7088, 5212, 2609, 2648, 8064, 6518, 5649, 4974, 5368, 692, 1632, 8807, 1212, 1553, 9181, 3372, 855, 612, 2248, 4983, 6181, 3462, 8809, 2409, 5426, 9129, 1670, 562, 4687, 743, 1708, 4925, 2612, 6194, 7517, 8701, 485, 1223, 1729, 3377, 2921, 9917, 3151, 7984, 4658, 2961, 1626, 765, 606, 7091, 4914, 2271, 9041, 1034, 3263, 8304, 5975, 8851, 3696, 6531, 5123, 4583, 5364, 4934, 2571, 6640, 7497, 9022, 2502, 239, 3686, 6558, 8816, 6626, 8688, 5883, 2991, 1650, 6802, 7973, 268, 822, 3452, 3362, 5945, 5989, 6207, 5321, 5607, 6244, 6353, 1819, 6105, 4646, 3150, 4951, 1480, 6802, 9042, 4459, 5981, 6590, 3835, 7099, 5816, 9210, 4111, 9157, 2836, 2912, 9382, 8548, 1486, 7140, 2798, 3806, 1326, 3048, 7310, 9715, 3011, 3982, 3936, 9278, 8085, 4090, 657, 2781, 5293, 8180, 483, 2398, 7156, 9277, 4097, 9312, 2167, 9541, 2128, 2789, 627, 8596, 8312, 7401, 462, 8507, 3741, 8656, 2887, 9510, 2437, 7550, 1822, 1966, 6492, 9232, 8774, 3813, 4601, 2164, 5571, 679, 2537, 6824, 1483, 8246, 372, 8315, 9463, 2544, 9857, 5346, 7936, 7449, 2873, 9908, 5717, 6925, 3524, 7701, 5670, 1105, 9853, 5033, 2393, 5800, 7048, 3065, 3336, 6743, 947, 8760, 2860, 480, 5700, 9175, 3020, 2750, 7556, 3646, 1493, 7656, 1407, 6462, 8958, 5768, 9664, 6624, 1527, 3220, 6827, 6889, 7149, 1615, 3585, 4632, 9497, 2276, 7648, 4271, 879, 7139, 8860, 9580, 7701, 86, 8865, 3435, 1275, 2971, 5508, 7057, 8310, 9661, 1102, 7183, 5964, 2668, 7108, 677, 1072, 901, 1608, 5918, 6351, 3617, 368, 35, 8021, 9101, 6516, 5502, 5345, 4839, 9008, 4349, 6702, 6160, 2828, 1190, 2541, 3863, 6942, 9318, 8174, 6459, 8964, 7719, 8360, 3234, 4611, 7835, 7187, 7454, 8231, 2939, 6872, 4476, 3879, 9500, 6696, 3107, 3739, 7204, 2420, 4161, 6933, 1683, 8067, 8233, 9207, 6844, 7209, 8019, 6829, 6743, 355, 5381, 8802, 9226, 2679, 3237, 5322, 323, 9663, 7256, 1843, 7914, 9729, 5669, 9287, 276, 9699, 9609, 3064, 9733, 3003, 6327, 2080, 6820, 1315, 2999, 6064, 7515, 6646, 6939, 7536, 1234, 8931, 9368, 2301, 5001, 7673, 6137, 6010, 9250, 6429, 4142, 1897, 7037, 4415, 9350, 322, 1146, 2913, 7844, 5419, 4221, 2599, 8107, 7678, 6479, 9739, 1074, 6434, 1590, 1378, 5025, 1397, 8947, 7942, 7098, 5924, 6448, 9255, 6997, 7107, 4585, 9443, 4775, 1701, 9989, 1974, 2476, 5102, 1560, 1603, 8525, 8828, 7114, 1506, 7506, 4496, 9309, 5876, 6073, 2697, 6092, 8565, 2187, 3460, 8664, 710, 4165, 2615, 5062, 2816, 694, 9166, 7278, 2452, 1906, 8049, 8636, 2370, 3211, 7523, 8747, 1235, 7967, 4039, 6582, 2036, 8214, 561, 5928, 6150, 7240, 2296, 5777, 1430, 6661, 14, 430, 7665, 4182, 6203, 38, 794, 7688, 4561, 6697, 2017, 993, 6862, 307, 210, 732, 8093, 4734, 3326, 2400, 9054, 9247, 2379, 8481, 7423, 3240, 4338, 688, 9361, 2459, 9481, 8851, 8394, 6094, 3359, 8231, 1216, 4585, 2393, 3500, 4366, 8509, 5605, 7495, 3918, 8800, 6545, 9680, 4895, 1569, 4059, 1165, 6613, 6848, 4524, 2394, 9071, 3977, 8025, 4444, 4750, 8309, 7843, 2992, 7131, 1646, 7783, 7622, 2455, 693, 9372, 7397, 6458, 57, 8156, 6788, 215, 4895, 3913, 8387, 8603, 8416, 1821, 9479, 8707, 7777, 9838, 671, 7754, 6652, 9428, 9390, 7854, 1624, 8241, 1175, 8175, 375, 8261, 1536, 8939, 422, 4821, 9698, 9471, 1652, 6296, 889, 8172, 7400, 8915, 6241, 3402, 9498, 6370, 5530, 450, 9770, 9265, 3064, 1742, 5759, 6319, 2685, 9676, 1629, 8057, 894, 1770, 2652, 649, 1686, 9968, 5246, 971, 967, 3083, 2759, 3118, 588, 7698, 3953, 4511, 486, 6966, 4827, 4419, 5534, 4678, 3001, 4256, 7873, 6953, 1161, 2267, 8652, 73, 2097, 3532, 3325, 8876, 5402, 9334, 6232, 5626, 4596, 8082, 9077, 1118, 5641, 4341, 5122, 6324, 8237, 5165, 7120, 2702, 6478, 1705, 1279, 530, 7815, 3691, 3460, 2461, 6369, 6671, 4579, 5222, 1420, 6448, 2979, 1636, 4795, 701, 9116, 2001, 9972, 5942, 4909, 9130, 753, 9466, 1347, 4661, 8579, 3136, 7425, 2092, 8492, 2555, 9357, 1642, 372, 8155, 9287, 1648, 7249, 8400, 8220, 4747, 5917, 672, 188, 863, 9422, 1282, 8107, 5307, 2124, 5394, 3408, 5371, 5073, 7194, 6045, 3392, 8518, 2049, 913, 1951, 6925, 8761, 5451, 387, 346, 1382, 2012, 8500, 5458, 2800, 1224, 6606, 7436, 8973, 3573, 3527, 5731, 7609, 4574, 9989, 4530, 9157, 1332, 6200, 710, 174, 6800, 8262, 2636, 2370, 1, 218, 487, 9618, 9587, 6585, 688, 7589, 1809, 418, 2845, 150, 6764, 2840, 5889, 2217, 5713, 9504, 8680, 786, 3049, 835, 3984, 8622, 3177, 6525, 5570, 6141, 1009, 8640, 7848, 1020, 9072, 3809, 842, 1845, 8586, 3934, 3519, 8100, 7698, 6978, 5207, 4024, 2638, 5742, 1466, 1525, 8082, 4835, 2220, 7984, 4566, 3552, 2612, 7173, 7380, 7931, 6351, 9996, 4458, 4660, 3544, 3854, 6864, 8689, 5270, 3710, 3042, 3589, 5609, 8677, 6589, 2611, 9667, 3075, 5810, 3321, 5787, 5134, 87, 9217, 664, 843, 3316, 2972, 2786, 7231, 5426, 9682, 532, 4582, 2713, 6586, 6884, 3515, 8692, 395, 3509, 972, 0, 1807, 8230, 7557, 2707, 2267, 7726, 4019, 3395, 6160, 6286, 4582, 2280, 7883, 4146, 5026, 8495, 5496, 8302, 4862, 8131, 6525, 4599, 9194, 1867, 158, 2394, 9290, 9373, 126, 8982, 3663, 9389, 7416, 2127, 4961, 6738, 2457, 4070, 9251, 3440, 3023, 2939, 160, 6731, 7747, 7623, 8192, 2497, 5803, 8707, 278, 7710, 2690, 6574, 3022, 8080, 817, 4809, 1586, 188, 6151, 7103, 4792, 5172, 8003, 4417, 9285, 2786, 620, 4341, 540, 1307, 2805, 1570, 7281, 4004, 8682, 2593, 4987, 5288, 1431, 8827, 8054, 8635, 6734, 4435, 9411, 6910, 3175, 4209, 765, 2201, 3661, 1104, 8042, 9337, 7277, 4903, 9009, 9657, 9950, 9389, 2047, 2407, 5644, 3466, 3074, 9456, 9831, 5720, 7506, 8581, 990, 7715, 676, 1829, 6801, 9515, 2193, 8430, 8899, 7920, 8768, 4269, 3003, 4870, 717, 1337, 2062, 9475, 9533, 3679, 541, 3772, 4053, 5650, 8934, 2608, 3496, 5846, 1892, 8471, 5512, 7750, 753, 6227, 4568, 8661, 2213, 1563, 8707, 5834, 5034, 4686, 1762, 9129, 4332, 8615, 7718, 482, 8831, 2221, 6987, 982, 2088, 5736, 4384, 6975, 4152, 4309, 8851, 5688, 7870, 2663, 5182, 6226, 3351, 2611, 9760, 3500, 467, 7479, 9939, 6164, 3765, 719, 1293, 8140, 7405, 8995, 2595, 8358, 7533, 8184, 9165, 8235, 6401, 1262, 5533, 3546, 7114, 2321, 5015, 5411, 9460, 8359, 1507, 3667, 4869, 9933, 2106, 6195, 3443, 2771, 1897, 2271, 228, 3234, 6335, 8902, 4282, 922, 781, 8541, 7102, 5877, 2589, 4711, 5112, 2065, 3505, 8723, 9230, 2187, 8592, 8969, 5508, 4468, 5454, 3917, 5898, 3244, 1665, 8024, 3569, 5090, 2736, 1616, 2079, 8513, 526, 7072, 6902, 6359, 817, 3205, 8850, 6970, 6768, 4193, 8599, 4258, 1518, 272, 2307, 6331, 8952, 9774, 7315, 3953, 965, 4867, 3531, 3654, 1305, 7828, 8775, 5158, 9248, 9010, 8176, 9326, 5185, 8294, 9218, 7577, 4601, 1027, 3570, 5027, 2159, 5368, 2335, 2488, 8329, 8135, 6726, 4500, 8525, 2990, 1822, 8554, 8610, 7800, 8372, 1223, 3503, 7855, 8601, 1792, 2291, 8798, 6986, 2389, 795, 8990, 2463, 4205, 8251, 8309, 3833, 6805, 6522, 8162, 279, 7505, 3522, 8800, 5235, 5135, 2973, 7536, 3675, 8169, 9730, 8165, 5965, 6036, 6943, 5525, 7076, 3317, 7751, 7702, 6007, 3189, 9127, 4751, 8052, 6691, 658, 8032, 5962, 3614, 2004, 8967, 7103, 8495, 3312, 3403, 2210, 3059, 3197, 3614, 8902, 1872, 8950, 6150, 1337, 9424, 3714, 4594, 7747, 8623, 5817, 8678, 5542, 9913, 3835, 6994, 8070, 5149, 1041, 4839, 515, 7213, 1468, 4634, 5863, 9976, 5934, 3955, 1988, 4356, 5883, 2093, 7475, 488, 5272, 8462, 2629, 686, 4059, 7995, 1008, 8753, 104, 925, 878, 3684, 2457, 9524, 3332, 9121, 7036, 3041, 6735, 2705, 6366, 9747, 126, 3350, 7826, 1741, 1920, 4507, 1360, 5459, 502, 7054, 9686, 4344, 3626, 7441, 8557, 9243, 377, 7184, 5214, 556, 5476, 8835, 9307, 1228, 9020, 5498, 6647, 3562, 629, 1242, 692, 3512, 3079, 7079, 5334, 6923, 4265, 7136, 1304, 8016, 3956, 1496, 9832, 9113, 3321, 3225, 4786, 8011, 3631, 6718, 6683, 1394, 3771, 9249, 2436, 8408, 1067, 3653, 3507, 9065, 1629, 5623, 6464, 6375, 71, 8941, 420, 6093, 627, 9342, 7993, 5113, 9525, 2377, 3301, 5225, 1367, 2899, 974, 578, 4230, 1273, 4987, 4791, 6200, 7099, 7239, 8482, 2586, 7741, 1037, 3259, 6938, 2279, 5347, 1527, 5587, 4566, 3033, 8837, 4206, 4498, 5405, 7996, 3643, 2338, 3425, 1760, 2767, 9615, 3257, 3186, 1890, 8993, 5830, 1330, 102, 3262, 4740, 5628, 4063, 752, 3888, 1098, 1089, 1982, 2463, 6496, 7111, 4075, 1427, 2095, 8314, 2731, 1631, 3278, 9906, 8082, 5553, 4689, 5133, 9303, 5720, 775, 7114, 4925, 3025, 3617, 2978, 3856, 7969, 4340, 7982, 3157, 3468, 9596, 8303, 1264, 9682, 8021, 1529, 5891, 2842, 1740, 5253, 4277, 7486, 4429, 9482, 7505, 9613, 5412, 5006, 3452, 8873, 3497, 8573, 3964, 9126, 2359, 408, 8992, 2001, 1130, 9327, 9869, 7861, 7701, 3982, 1296, 9021, 141, 8005, 328, 4395, 861, 6104, 2851, 3855, 8426, 8550, 3003, 2822, 6262, 5327, 3839, 6031, 4755, 3542, 2081, 2860, 3168, 3574, 6549, 1826, 74, 5794, 3076, 6799, 1178, 9542, 6102, 4438, 3950, 6507, 7895, 4777, 1940, 3075, 9217, 7069, 9821, 1270, 7162, 7336, 7005, 6695, 2707, 2687, 6417, 6286, 1016, 2890, 824, 5017, 1295, 2154, 8482, 8090, 4100, 7579, 4705, 3940, 8866, 4357, 2493, 6367, 9649, 4197, 6955, 545, 5174, 8379, 9813, 3045, 3417, 6888, 8213, 4546, 6273, 1167, 2252, 3510, 3739, 3974, 1584, 4221, 5592, 4419, 8754, 1471, 1627, 8468, 6165, 2455, 8998, 3528, 1308, 8313, 3561, 1188, 2568, 3067, 8926, 8655, 6551, 3406, 3481, 1076, 6854, 7955, 792, 9183, 5739, 9620, 2826, 6468, 2824, 3568, 144, 1928, 5306, 1692, 2698, 9194, 2806, 5950, 4778, 9031, 191, 5354, 4565, 3620, 236, 8321, 4832, 1067, 1792, 9471, 6855, 3895, 154, 132, 8718, 8280, 3583, 7319, 1205, 4348, 5492, 7238, 7796, 8234, 6672, 377, 8200, 58, 4780, 6520, 6740, 8364, 9931, 1934, 4040, 8443, 1857, 593, 3991, 7448, 8889, 5055, 3439, 116, 7563, 6318, 2828, 9446, 4312, 4041, 5320, 7982, 1487, 3755, 4947, 5879, 8576, 8471, 5639, 4285, 8970, 2909, 1336, 4509, 4329, 844, 2196, 678, 3200, 662, 7010, 6052, 9540, 8710, 8661, 7597, 2064, 5405, 8674, 7827, 7005, 8335, 5339, 4934, 8194, 3353, 8268, 3250, 8694, 5774, 210, 815, 1658, 9954, 4104, 8747, 8570, 7865, 819, 2091, 6424, 563, 8262, 3710, 3615, 2411, 3318, 7030, 3913, 9023, 3816, 7002, 9514, 3284, 2642, 3157, 9860, 3090, 1730, 2340, 8891, 9822, 8504, 1848, 5293, 3958, 8471, 4303, 7568, 8822, 8925, 2890, 9633, 6332, 5046, 3884, 4162, 9323, 6273, 8417, 8109, 4688, 7733, 9535, 1489, 6095, 1514, 582, 1792, 4116, 6500, 7845, 7053, 7130, 1211, 6694, 1711, 6030, 9374, 5005, 5299, 2037, 2837, 8728, 1998, 2922, 3090, 8943, 5663, 2538, 3653, 8417, 5758, 7071, 3062, 3509, 9619, 212, 6728, 9127, 150, 4530, 2995, 4273, 3435, 664, 429, 9931, 9184, 1962, 5767, 3144, 2538, 3867, 1850, 4324, 543, 4119, 8556, 8481, 9852, 8751, 6260, 867, 7048, 5227, 9457, 9119, 2724, 9277, 7429, 8065, 7169, 5740, 8288, 6692, 3856, 7612, 4998, 6110, 2292, 184, 4834, 1788, 7484, 2401, 7496, 8714, 3267, 740, 2255, 605, 4394, 4247, 3264, 2893, 3331, 9101, 2150, 3039, 2844, 6914, 4285, 6642, 9091, 9232, 2224, 5637, 9860, 2170, 4543, 9721, 5982, 3243, 9482, 755, 3292, 7613, 8837, 8816, 2722, 9305, 7489, 1743, 5331, 5924, 1438, 5477, 6902, 6515, 7446, 3057, 6865, 5111, 8549, 2823, 8006, 2575, 3181, 8915, 9355, 3257, 617, 6532, 4792, 683, 5964, 9209, 3367, 1975, 6826, 6075, 4888, 2132, 9190, 4501, 6934, 26, 8165, 4548, 8675, 7553, 2558, 6444, 9874, 8520, 4527, 6823, 7366, 1466, 5623, 3656, 140, 9899, 2489, 944, 4016, 2922, 6729, 2885, 4276, 5167, 1767, 7402, 9400, 522, 3320, 9437, 6009, 569, 9729, 7765, 9102, 5994, 7923, 9627, 4300, 372, 6523, 284, 573, 1147, 7576, 110, 1179, 8615, 8478, 5717, 3713, 7899, 7331, 2394, 5802, 828, 8992, 1009, 5170, 7683, 4474, 2072, 846, 7954, 5327, 4270, 5273, 7083, 6527, 2585, 1980, 1705, 2203, 955, 8305, 8639, 8156, 9973, 1380, 6543, 4671, 8976, 9399, 7464, 6843, 3882, 6015, 8952, 869, 7440, 2828, 3826, 2663, 1287, 9390, 3419, 7652, 9130, 1119, 1599, 927, 6591, 5891, 4291, 9175, 9516, 7677, 5108, 2651, 5113, 962, 5262, 5385, 3989, 4546, 2293, 4232, 2362, 2268, 4894, 7024, 452, 1021, 3794, 1198, 6964, 6952, 1611, 6886, 4834, 850, 1580, 3902, 5413, 4390, 3, 3287, 4587, 626, 1232, 5643, 4778, 2259, 8071, 1640, 6587, 1813, 5659, 6433, 2680, 3750, 7106, 9329, 7783, 2696, 8947, 4108, 4627, 5872, 1802, 1136, 288, 1519, 4258, 1898, 5790, 9763, 627, 1899, 6956, 3018, 1146, 2524, 5521, 9414, 8648, 1629, 1673, 3429, 843, 9580, 8506, 191, 3658, 249, 5330, 2378, 7804, 153, 8738, 941, 8864, 1509, 3369, 6862, 4460, 230, 7407, 5331, 3553, 3112, 3394, 7457, 4026, 989, 753, 9108, 1257, 6705, 3333, 3518, 9755, 3881, 2822, 9651, 1810, 7470, 8127, 701, 3160, 7165, 6859, 8803, 8216, 1768, 2307, 6193, 2207, 6369, 4681, 1821, 440, 9347, 1429, 2045, 3443, 2888, 4269, 7256, 1586, 2241, 4714, 9109, 5428, 1381, 5779, 5275, 5789, 1368, 5071, 7821, 4276, 1959, 225, 2553, 5021, 3614, 9410, 8894, 8106, 1660, 2041, 5171, 2141, 7982, 1850, 8340, 5847, 4273, 1228, 8578, 8676, 8875, 5897, 1315, 579, 9185, 2023, 1941, 6398, 4727, 9041, 8616, 9949, 9041, 6807, 8354, 1104, 391, 9040, 628, 6209, 8808, 1590, 6267, 6107, 3986, 5600, 5724, 820, 5469, 3672, 8306, 3072, 2499, 1448, 3827, 3777, 2861, 8525, 6842, 3245, 4799, 8988, 4775, 2893, 7976, 2974, 9963, 5210, 2731, 4533, 6524, 591, 2256, 8313, 9917, 6204, 7128, 3630, 331, 9954, 2192, 140, 4645, 8760, 890, 9050, 570, 1639, 1245, 5717, 4106, 0, 8284, 4252, 3341, 8651, 1162, 9600, 6159, 2807, 8723, 6226, 7689, 1679, 4491, 3875, 1382, 5523, 6202, 7464, 401, 3517, 6781, 5289, 2460, 6353, 9780, 3604, 1199, 4832, 7739, 8206, 6172, 5395, 7255, 2956, 6070, 6082, 7578, 6514, 8830, 927, 1804, 7605, 8687, 5530, 2020, 9407, 7863, 9077, 7788, 7251, 4381, 7077, 8421, 7132, 5668, 1680, 4444, 2825, 2177, 4278, 4721, 5732, 8302, 6834, 2593, 4329, 3485, 1669, 2171, 88, 3492, 6266, 8336, 2767, 6302, 7079, 6841, 4641, 2693, 1689, 2932, 5956, 1270, 8760, 824, 4079, 1330, 6866, 4697, 8287, 5001, 7931, 7343, 7861, 4334, 3222, 8906, 4645, 4964, 8497, 2280, 3826, 1281, 9170, 8479, 8824, 6856, 4409, 6798, 330, 1536, 1194, 6138, 6510, 7894, 4107, 4680, 5576, 3743, 746, 822, 3522, 8086, 8544, 8110, 8445, 8003, 6305, 8177, 7684, 147, 6223, 6037, 4879, 8211, 2146, 582, 2385, 1412, 8989, 5310, 6076, 6034, 1885, 6444, 6101, 150, 4000, 2684, 7357, 8238, 6912, 1741, 4834, 9847, 8908, 4126, 5150, 5420, 5626, 6917, 1638, 4615, 5852, 8282, 1401, 8990, 463, 2349, 5416, 6056, 3724, 7258, 7002, 6313, 9773, 7387, 350, 2159, 8173, 122, 1681, 1349, 7580, 7165, 8341, 6948, 3454, 7558, 3699, 1144, 5061, 3680, 4775, 2293, 2494, 2740, 4828, 3431, 3162, 1579, 5236, 7357, 6353, 1913, 5280, 9210, 9626, 2026, 7316, 7857, 2809, 9976, 8148, 4091, 2635, 8017, 8036, 9980, 7307, 477, 67, 9036, 9586, 1289, 8200, 421, 1633, 8140, 3562, 6167, 2234, 2802, 2349, 1314, 4333, 4134, 3245, 5469, 7855, 4318, 8243, 7508, 9857, 7451, 6489, 1847, 2338, 6714, 4056, 3317, 7616, 5905, 666, 7475, 7046, 1751, 6777, 2621, 4634, 9064, 3843, 4057, 3448, 3631, 32, 9300, 1385, 6055, 5838, 7728, 8706, 108, 4879, 7168, 5309, 5444, 2277, 466, 6205, 7198, 7385, 2975, 245, 86, 313, 1038, 7152, 546, 5529, 1877, 3144, 3749, 9868, 6736, 1501, 5204, 5237, 4341, 5601, 5162, 1871, 4010, 8696, 4136, 961, 3216, 2151, 2325, 7367, 4253, 9441, 5364, 8699, 7834, 4141, 9345, 3345, 7801, 6799, 5815, 5807, 6808, 4772, 2634, 9122, 1094, 8619, 593, 4940, 6848, 5760, 1112, 9729, 3935, 6317, 5164, 1776, 3318, 5262, 4569, 3584, 9325, 18, 1354, 3589, 5443, 551, 4800, 1876, 4770, 3179, 4292, 9222, 46, 9013, 5472, 2755, 6693, 2956, 2037, 8795, 3501, 3621, 6418, 7821, 6542, 7544, 3774, 2463, 8668, 682, 9854, 1983, 1549, 213, 5624, 7889, 7148, 7936, 5367, 9845, 6578, 3873, 2205, 5676, 2018, 7296, 1501, 1939, 2627, 141, 2524, 3030, 6187, 2581, 5455, 4511, 1854, 5590, 9252, 3382, 2539, 4880, 136, 6265, 666, 3655, 9443, 4960, 1892, 5732, 9821, 997, 386, 7917, 6027, 4019, 9302, 4958, 9644, 804, 3043, 1329, 2102, 4608, 1404, 6717, 2705, 8883, 932, 5565, 7546, 4171, 3489, 8661, 2112, 5224, 7442, 5177, 8933, 304, 7609, 9274, 6528, 9836, 1369, 5274, 729, 6101, 7110, 1593, 5279, 4830, 9864, 9875, 4696, 8046, 9548, 8355, 5419, 3619, 5507, 3161, 7802, 331, 339, 2891, 2215, 267, 8010, 8305, 2518, 452, 9666, 4795, 3334, 1372, 4772, 1819, 6641, 7872, 6759, 2727, 1058, 7554, 2629, 9502, 316, 7784, 5760, 1501, 9483, 7653, 5812, 3831, 2897, 4432, 7745, 7957, 8410, 686, 5759, 4795, 6800, 8501, 3386, 3877, 7615, 131, 2893, 4521, 8082, 9770, 3919, 6153, 7678, 5071, 2231, 8035, 5186, 9202, 9683, 3319, 6016, 3750, 2417, 9795, 7107, 8426, 6328, 1602, 4173, 3935, 8982, 5744, 9021, 7412, 1415, 2280, 7198, 5618, 4309, 1621, 3568, 7687, 7033, 1842, 4994, 6296, 2079, 8907, 8720, 6718, 9139, 144, 6575, 9272, 5195, 1607, 6499, 4691, 204, 9768, 4320, 8748, 6043, 3419, 3609, 3460, 6984, 1359, 8804, 2621, 3653, 7371, 5935, 1683, 8501, 3256, 4206, 7864, 1060, 5468, 5556, 6327, 3150, 250, 236, 6499, 7256, 6622, 6764, 8392, 7146, 51, 4567, 8452, 3214, 2889, 6536, 9009, 9708, 2187, 3661, 4448, 2684, 4627, 9434, 7846, 79, 809, 5168, 3930, 5093, 7425, 4167, 9185, 9862, 6252, 7676, 2051, 136, 4522, 6601, 4414, 205, 6865, 8481, 6147, 7141, 6658, 2039, 1476, 546, 5901, 1578, 4571, 6226, 2966, 9202, 2889, 9495, 9184, 4793, 1779, 1344, 89, 4752, 5453, 5405, 8166, 8717, 9710, 4636, 2468, 3738, 8320, 5658, 7484, 1586, 6376, 3510, 6005, 3245, 2657, 5548, 930, 1522, 2330, 3351, 5331, 1017, 1387, 9050, 3035, 4120, 1881, 9634, 2556, 8136, 7329, 7424, 7753, 3512, 7712, 3323, 4677, 6739, 3236, 485, 1760, 8237, 5955, 3471, 3017, 4024, 9095, 9706, 8854, 2111, 74, 4389, 2832, 2841, 1253, 1900, 5146, 4483, 3266, 7489, 7361, 9797, 6334, 831, 6897, 4694, 7917, 9395, 8300, 9542, 8619, 2555, 6656, 4355, 2666, 6799, 2138, 1174, 9060, 5937, 7636, 4355, 2152, 5850, 7492, 2113, 3825, 3814, 6491, 2792, 1371, 4793, 3213, 1646, 941, 4609, 406, 963, 6381, 739, 1913, 7395, 6299, 5445, 2944, 9938, 5865, 2909, 8683, 7753, 9096, 474, 800, 5039, 7880, 1600, 5675, 5057, 3152, 499, 5999, 7619, 2824, 7314, 8033, 2795, 688, 1365, 2869, 9403, 962, 9148, 3986, 2140, 1980, 3577, 268, 1701, 1395, 3266, 7182, 617, 7162, 5781, 5571, 4102, 6396, 7803, 3545, 2325, 6858, 8832, 9683, 17, 1494, 8481, 405, 6242, 7991, 2511, 2269, 3599, 118, 3157, 1626, 3025, 775, 7182, 6603, 3710, 5259, 5535, 84, 6644, 1470, 1925, 3996, 2993, 6620, 5038, 9670, 5507, 914, 2013, 3493, 5564, 1558, 9227, 2415, 8736, 8075, 774, 7982, 1284, 9543, 6631, 7556, 4457, 2124, 2675, 516, 1898, 5656, 6814, 8094, 8840, 1643, 5619, 5580, 4556, 5492, 2155, 7977, 4946, 4724, 3442, 9363, 4107, 4981, 1290, 7793, 6963, 1981, 2976, 8421, 6326, 3411, 1908, 5982, 7797, 5761, 3804, 7270, 5927, 105, 2300, 8222, 7400, 6589, 4393, 9797, 9796, 3886, 264, 1993, 1878, 4436, 9392, 6419, 1430, 1362, 8119, 4360, 4687, 4329, 5016, 529, 2252, 8944, 7309, 1174, 2801, 2995, 6554, 9738, 9832, 1991, 927, 3048, 6192, 8853, 7648, 7706, 263, 3717, 9065, 1790, 7436, 3419, 7507, 5142, 7947, 1258, 7540, 9262, 348, 5568, 8626, 395, 7114, 4726, 7590, 2291, 8241, 9731, 2938, 1225, 2204, 6377, 1436, 7131, 2048, 1188, 3243, 6725, 540, 6196, 2048, 1665, 433, 2038, 2430, 3755, 4452, 7582, 5971, 1422, 2288, 4892, 1290, 4126, 9675, 399, 906, 8619, 8082, 1691, 7637, 2531, 1905, 8300, 5312, 2994, 4897, 5358, 8693, 2454, 8248, 3703, 4578, 6378, 8132, 8392, 100, 9208, 3427, 8397, 4206, 8340, 7674, 4454, 6426, 6, 3547, 9503, 9497, 8557, 1762, 7582, 4780, 8670, 3561, 2113, 3225, 8088, 9381, 4977, 2242, 35, 4436, 4108, 6082, 437, 6818, 4323, 4338, 2590, 7833, 792, 601, 1021, 5729, 6474, 3131, 4032, 5935, 5386, 5113, 2893, 8923, 8097, 1919, 2393, 6519, 5237, 8722, 8699, 8173, 473, 8362, 1654, 8679, 1053, 3513, 3145, 1431, 7875, 1145, 7050, 729, 3387, 1450, 9651, 5412, 5935, 6618, 6123, 397, 942, 5796, 4235, 6535, 423, 3274, 3815, 8986, 3010, 9168, 1072, 8462, 6512, 412, 1648, 4751, 9537, 6852, 6266, 8222, 6417, 458, 1847, 4892, 5945, 300, 5891, 650, 4141, 2718, 4502, 5706, 3218, 4622, 3587, 1712, 7165, 2789, 4936, 7112, 7626, 7616, 4204, 6432, 1496, 6783, 3555, 6389, 2657, 9995, 4561, 36, 8252, 9482, 5668, 2002, 1702, 9803, 9429, 6575, 8707, 6538, 9000, 8802, 7305, 4800, 5206, 7296, 4120, 2414, 275, 7588, 1838, 1359, 6460, 1798, 5584, 19, 5604, 3893, 2786, 1691, 919, 1204, 4738, 9530, 8549, 313, 2555, 5822, 6432, 1767, 3017, 7898, 5093, 7875, 1700, 9783, 4372, 3331, 2988, 9068, 1841, 9518, 7662, 4768, 9357, 6486, 9712, 461, 4820, 3833, 9498, 843, 3564, 7519, 5119, 7127, 9594, 6372, 6573, 6760, 5336, 1276, 7597, 2342, 2641, 6133, 2082, 7960, 3543, 4561, 2190, 6935, 7026, 1394, 116, 9397, 1742, 5485, 4710, 996, 8733, 8094, 4390, 7434, 3296, 7424, 4993, 7155, 6433, 1356, 8689, 502, 1093, 7629, 9968, 5889, 1621, 9969, 9469, 443, 8861, 566, 2286, 7797, 9441, 3872, 4432, 7077, 4455, 3543, 6578, 6374, 5421, 5771, 3553, 9745, 6441, 238, 5619, 9852, 69, 1606, 6307, 8469, 4754, 4291, 8770, 9875, 2997, 2550, 7517, 2153, 952, 9802, 3611, 1245, 6503, 9562, 2825, 8526, 7174, 6686, 4756, 1330, 7039, 2379, 9966, 1556, 9544, 3273, 9571, 4049, 5953, 6463, 8249, 652, 5031, 35, 9287, 4011, 4268, 5272, 5608, 5203, 7462, 7431, 1027, 3980, 3364, 9607, 7920, 6730, 483, 9867, 1789, 6134, 3102, 8195, 1383, 9281, 2388, 3089, 3165, 433, 6951, 949, 5428, 6016, 3177, 9992, 1958, 5616, 9157, 1063, 2800, 6942, 3469, 1680, 7886, 5908, 3539, 3361, 9370, 913, 8628, 1416, 8564, 8026, 2582, 5410, 2124, 8113, 8935, 3007, 5184, 4474, 6745, 5707, 3265, 886, 6236, 7033, 8100, 8235, 303, 4690, 6569, 4447, 6988, 7780, 510, 5493, 9086, 5975, 5268, 5087, 9390, 9893, 2224, 5364, 4975, 6256, 3486, 7867, 867, 6420, 292, 4894, 6889, 374, 4813, 174, 8687, 3049, 2702, 3331, 1709, 2165, 9853, 4685, 9219, 9993, 2066, 5896, 9575, 9438, 6720, 189, 4283, 6439, 1809, 5777, 8961, 478, 4470, 8484, 298, 2545, 5201, 4950, 8273, 1329, 4595, 6968, 378, 1219, 8929, 9185, 5243, 598, 8972, 8109, 629, 8095, 6409, 9057, 1596, 3247, 3870, 9149, 2433, 6254, 3025, 7888, 4833, 5299, 8681, 9315, 6120, 1303, 3399, 7188, 3561, 3306, 9425, 8949, 3236, 1159, 7762, 7262, 5593, 1538, 6421, 963, 9865, 8463, 9314, 2341, 630, 3623, 1792, 7618, 3043, 4485, 6668, 9288, 3923, 9625, 7509, 6457, 6346, 5831, 5189, 3394, 5271, 8518, 786, 4176, 6234, 1778, 5245, 8503, 8154, 7311, 3023, 9423, 3242, 5289, 9327, 5732, 8610, 4656, 6544, 4089, 8760, 1288, 5041, 6440, 7378, 574, 4179, 7490, 8580, 4679, 7288, 6298, 8776, 9781, 3126, 2678, 9168, 6154, 2246, 3745, 8722, 9947, 5216, 2516, 8121, 6363, 8570, 8238, 7531, 9661, 7032, 5219, 8092, 8341, 9257, 3079, 2537, 1214, 4571, 8739, 7866, 1756, 2209, 5019, 3829, 3726, 3366, 4007, 9114, 8150, 2128, 6811, 7426, 7929, 8737, 405, 7607, 193, 6909, 2189, 4089, 6425, 5214, 6728, 6617, 7918, 8811, 1038, 647, 4234, 9822, 5357, 48, 9472, 4297, 6458, 1356, 7017, 7622, 7184, 5792, 6834, 7684, 2387, 909, 8552, 1314, 814, 809, 9229, 1147, 4614, 6212, 1798, 1921, 3914, 4668, 81, 1055, 4815, 9730, 6701, 7258, 2933, 7890, 7509, 1944, 7663, 5310, 3432, 6649, 9171, 4965, 974, 670, 7843, 518, 7766, 7806, 8742, 5648, 7785, 8043, 6263, 3256, 7224, 1940, 374, 5980, 8538, 9952, 2276, 8834, 9826, 6177, 3990, 2022, 3329, 8170, 6055, 5080, 1020, 7, 1489, 9613, 3530, 1032, 2308, 2571, 9209, 2856, 1657, 6156, 7177, 9256, 3905, 6188, 2860, 7292, 8428, 3947, 5011, 4145, 9917, 5995, 7642, 2657, 2435, 2739, 6985, 5875, 2389, 5101, 3889, 1410, 2665, 647, 4080, 3173, 1672, 2436, 7062, 8210, 1520, 6405, 7218, 7699, 7213, 9610, 8034, 6504, 8564, 2582, 7023, 4709, 2674, 3272, 1110, 1017, 731, 2514, 3801, 7527, 9666, 164, 9858, 3170, 1061, 7763, 3978, 2228, 9768, 397, 6372, 6198, 9292, 8077, 4098, 5503, 6967, 7851, 4615, 1693, 6864, 2933, 4576, 5351, 4779, 3455, 3031, 7614, 524, 3039, 8780, 38, 7070, 2786, 9735, 4731, 55, 4976, 7054, 8608, 4690, 5608, 9336, 5515, 7899, 2839, 7139, 694, 6428, 4833, 918, 5574, 1558, 1770, 5541, 6889, 5299, 7350, 4417, 331, 5088, 4516, 6125, 3818, 135, 2492, 3810, 2728, 3236, 3201, 6693, 6387, 2780, 9222, 1657, 49, 597, 1043, 2132, 2069, 6481, 9719, 639, 6829, 3466, 5482, 4861, 2161, 5374, 5488, 2375, 8960, 6130, 3194, 6001, 5309, 1498, 8888, 4144, 6463, 489, 1376, 6148, 2648, 7775, 3086, 4308, 4317, 9037, 7473, 4015, 4208, 9495, 2384, 1229, 4374, 7562, 5392, 3752, 1041, 786, 7308, 4908, 7066, 8430, 4273, 2774, 4219, 5145, 3705, 4936, 2967, 3463, 1188, 2290, 5648, 5114, 5270, 8193, 6056, 9177, 5920, 7183, 1104, 4812, 1171, 470, 150, 4644, 6139, 7502, 809, 1608, 5220, 5411, 9091, 827, 4405, 858, 2799, 4044, 7621, 4222, 7849, 677, 9863, 7326, 8677, 7298, 9765, 9852, 7784, 4368, 2064, 9057, 9739, 4253, 7588, 3819, 3689, 8473, 1611, 5393, 5702, 3418, 4554, 9275, 1646, 4103, 6607, 4220, 1905, 8929, 5166, 4636, 7510, 9858, 3513, 6979, 5664, 6432, 6336, 2910, 7380, 9638, 3293, 1182, 5189, 7998, 2325, 5773, 3352, 5982, 3386, 8794, 8379, 1429, 7594, 704, 9880, 7415, 9014, 9055, 2541, 2806, 3983, 1078, 9900, 1189, 6301, 1001, 1598, 8074, 5183, 7582, 1264, 2625, 8892, 226, 5321, 494, 8807, 954, 2326, 9383, 8977, 524, 7484, 9402, 2028, 6621, 9557, 7378, 8309, 5076, 7470, 4968, 7434, 5399, 2111, 1195, 6009, 3742, 4796, 4801, 3035, 8308, 9019, 2587, 7466, 8604, 6102, 5653, 1544, 9811, 2643, 204, 3897, 1530, 1742, 8040, 2545, 6253, 4144, 5207, 1884, 9692, 9695, 469, 2573, 8949, 45, 1927, 9540, 6578, 2849, 2508, 2458, 319, 826, 8491, 9168, 6832, 7233, 7163, 3796, 6892, 2577, 1758, 9177, 2199, 4577, 8397, 5211, 8499, 3597, 619, 1979, 187, 9049, 452, 3457, 3897, 4876, 9978, 2274, 5699, 2963, 5182, 9402, 2594, 3205, 6249, 8930, 6209, 9626, 4584, 5623, 8631, 3828, 9212, 4192, 2039, 4585, 7661, 4318, 5899, 1589, 547, 6682, 602, 55, 4415, 5651, 7119, 4082, 6202, 9911, 3361, 4916, 7921, 5804, 227, 1701, 8235, 6821, 2746, 1147, 3181, 7848, 1205, 3876, 3329, 4800, 6075, 6612, 4314, 3181, 5734, 7546, 543, 593, 1528, 9550, 4223, 4487, 2396, 3597, 704, 4548, 1060, 8245, 3653, 7794, 7604, 3926, 1147, 7167, 9282, 589, 1915, 4704, 9124, 3974, 732, 4396, 3395, 5924, 2247, 1610, 7740, 7525, 7854, 8942, 6925, 1055, 7283, 562, 7430, 2435, 7387, 4072, 3276, 1201, 7828, 7478, 4130, 6763, 7549, 1397, 9220, 2150, 444, 1455, 9310, 1602, 9057, 5752, 7591, 6042, 3873, 1444, 8534, 1392, 5338, 3361, 1409, 2434, 3403, 1265, 7212, 8048, 6934, 2303, 12, 2139, 1611, 8007, 5531, 4459, 5373, 8086, 9440, 7539, 1662, 6172, 1814, 449, 4513, 9566, 3325, 7650, 1768, 6973, 8502, 4291, 3637, 8215, 8429, 8164, 7710, 2769, 285, 6305, 1380, 2658, 7869, 7619, 176, 9495, 5351, 1189, 4099, 1636, 5533, 1935, 564, 7384, 3644, 5516, 6929, 7589, 282, 7584, 2011, 5505, 9484, 3430, 2170, 2555, 9549, 6245, 9223, 9605, 5818, 2100, 5923, 4757, 1305, 8136, 3254, 2310, 39, 4345, 5449, 7524, 5883, 1082, 9476, 5192, 960, 4542, 2763, 2097, 6512, 6656, 557, 5610, 51, 3723, 9442, 4902, 3305, 693, 3454, 8432, 2254, 1358, 2237, 7966, 25, 8100, 9582, 8761, 4596, 9660, 5944, 2280, 6651, 7479, 496, 3260, 2987, 854, 7263, 1532, 3425, 437, 8573, 9178, 6669, 467, 4862, 3766, 361, 4380, 5283, 3787, 5358, 2739, 7971, 9780, 2357, 9800, 4033, 2428, 4823, 6539, 7588, 5519, 3154, 3350, 920, 3355, 3103, 2668, 2461, 1267, 6917, 2375, 6695, 7643, 9591, 9614, 135, 4049, 7225, 6917, 6939, 4792, 1076, 2017, 9760, 4682, 4776, 3513, 2919, 3178, 4712, 1354, 913, 1477, 3183, 1266, 988, 5515, 3436, 8357, 6479, 4959, 3453, 9038, 1196, 8475, 6696, 2778, 1384, 3535, 112, 7532, 386, 4235, 378, 2918, 3282, 5859, 5636, 1714, 1366, 9338, 6124, 9792, 7629, 6506, 1783, 8407, 6808, 6645, 8791, 5081, 3167, 2827, 8753, 3790, 879, 17, 3222, 4090, 3558, 5535, 277, 8930, 7293, 2552, 7383, 4308, 3569, 3719, 780, 869, 8280, 1584, 2584, 6392, 5512, 666, 9356, 6614, 5468, 7318, 8881, 1072, 4696, 5491, 2801, 3556, 630, 8028, 5019, 6388, 3264, 5766, 6586, 702, 2750, 588, 8328, 3070, 6427, 8607, 3449, 162, 7728, 9337, 702, 7461, 5058, 3914, 556, 6200, 2922, 4915, 283, 3108, 4208, 3457, 4904, 203, 8321, 2412, 1202, 585, 8729, 1415, 891, 594, 1612, 3465, 7610, 3330, 4992, 1101, 545, 5326, 3966, 5357, 8312, 773, 8509, 6742, 7056, 2789, 9444, 8146, 1722, 1844, 1458, 6155, 2444, 3849, 5293, 2887, 8812, 4808, 3768, 1170, 6468, 5317, 2294, 3198, 1670, 6815, 3129, 5226, 9635, 4989, 9840, 2463, 4977, 8792, 5055, 9906, 9211, 2775, 7378, 2820, 2716, 3561, 1381, 4256, 9219, 1598, 6695, 9665, 1152, 2681, 3528, 6043, 4158, 4590, 9378, 5524, 4979, 9875, 2802, 8770, 5225, 6389, 3650, 4470, 6874, 4604, 2036, 861, 7626, 4716, 3452, 5024, 7843, 4938, 2174, 2098, 9844, 3740, 3, 5488, 4824, 6768, 4980, 7611, 6124, 792, 2942, 516, 5800, 478, 872, 6307, 1304, 5161, 1667, 7873, 5723, 4688, 9879, 4018, 244, 8849, 9020, 4445, 5269, 3824, 1162, 5908, 1112, 2562, 9799, 2200, 7839, 3023, 5944, 2988, 3193, 7046, 4164, 3794, 4182, 5408, 5411, 2145, 4673, 915, 3298, 9445, 4956, 7803, 6046, 4793, 2027, 3932, 1583, 501, 8071, 2563, 8402, 1922, 7749, 7227, 9440, 3554, 395, 4796, 815, 3272, 2958, 7994, 9447, 2558, 9220, 5338, 488, 5037, 8401, 5223, 2029, 9333, 4758, 9930, 2188, 6702, 4360, 2542, 5048, 128, 1712, 9182, 1241, 5032, 5314, 8702, 7832, 3546, 2833, 6867, 8863, 5586, 7847, 1800, 9506, 6234, 1454, 1725, 2649, 1448, 3434, 522, 1029, 9520, 1664, 3413, 2172, 1790, 9232, 4153, 9505, 4234, 8478, 1908, 8616, 8821, 9301, 850, 5470, 526, 6041, 172, 9751, 6551, 8527, 3155, 6651, 4140, 3000, 9355, 9986, 8742, 1148, 3613, 8833, 4566, 9171, 4240, 2289, 2218, 1467, 2432, 979, 5967, 3695, 6561, 9999, 768, 7740, 948, 8996, 1596, 2494, 7997, 3871, 3846, 7712, 576, 7565, 2382, 5358, 2724, 9017, 7361, 8657, 2169, 4598, 1247, 9822, 8081, 6208, 57, 6964, 4517, 931, 8151, 3727, 7727, 9717, 7760, 9641, 2020, 4457, 1186, 1861, 8985, 7137, 4634, 333, 5312, 2468, 7353, 1555, 3657, 3263, 3833, 1444, 8478, 9511, 1763, 5336, 6118, 9448, 3344, 9499, 4904, 4159, 4715, 6652, 7312, 3332, 1962, 5645, 492, 7820, 9498, 3769, 3666, 87, 8548, 9625, 156, 4354, 9963, 3503, 4456, 4570, 5798, 502, 2479, 6595, 339, 1242, 6503, 8846, 6050, 4577, 9471, 0, 6013, 5687, 1064, 9300, 3591, 744, 2609, 5668, 3418, 3047, 6083, 334, 3352, 29, 9191, 8576, 8116, 9554, 1010, 7781, 9552, 3796, 902, 4215, 5790, 5682, 1483, 2255, 4590, 6695, 5224, 7097, 9566, 3666, 634, 1672, 8485, 8605, 1291, 7480, 7766, 3335, 6905, 8719, 3530, 7988, 9006, 5085, 4394, 1175, 8815, 2931, 7327, 8054, 5394, 735, 944, 1190, 3819, 8907, 3652, 9261, 6302, 1338, 1998, 3197, 9663, 3483, 946, 3117, 6390, 3559, 6064, 9308, 8610, 7804, 4926, 9898, 2003, 3563, 67, 9487, 4435, 1873, 2839, 4679, 2710, 162, 1701, 679, 6183, 4161, 6309, 5428, 1124, 517, 4584, 3734, 8391, 9924, 4528, 8084, 461, 7905, 8340, 6305, 1137, 7151, 4937, 4599, 4339, 6534, 8104, 770, 6003, 4613, 7777, 1020, 5790, 9490, 1621, 2165, 5021, 219, 9088, 9027, 6085, 9436, 1732, 1698, 6505, 6321, 190, 6894, 5477, 565, 7380, 1321, 490, 8616, 1198, 5041, 6938, 4612, 4195, 390, 8195, 9426, 4622, 178, 6827, 2904, 3300, 758, 3751, 2207, 9209, 2221, 6731, 8042, 5688, 8062, 2721, 7057, 3780, 3701, 7791, 9250, 4326, 2271, 1876, 9199, 8096, 4087, 9200, 3148, 9393, 3068, 4148, 4640, 2265, 9896, 4876, 1088, 5883, 6870, 9273, 372, 2024, 4170, 7137, 2416, 7797, 9791, 1, 4807, 5121, 624, 7273, 617, 1869, 6746, 7671, 7447, 8903, 1536, 3623, 3944, 8928, 3043, 5841, 7150, 3173, 422, 24, 5114, 6518, 7360, 9241, 8469, 5540, 3351, 7139, 1446, 8987, 1765, 6250, 8077, 2060, 7921, 2036, 3613, 909, 8793, 3806, 2268, 1824, 5955, 215, 9559, 3433, 5148, 966, 9065, 2084, 9122, 78, 3704, 8437, 870, 3671, 2181, 848, 1935, 5768, 8208, 9715, 7703, 4380, 4357, 1048, 2668, 9594, 6393, 8890, 7479, 4232, 6105, 3428, 6694, 6313, 1968, 6829, 7636, 2898, 4794, 5442, 8591, 5758, 2043, 427, 5849, 2487, 7729, 9925, 9425, 1332, 6486, 4229, 7075, 2222, 339, 6778, 3897, 8857, 702, 4630, 3278, 6212, 8979, 292, 6076, 2495, 322, 8402, 3452, 3862, 5004, 9536, 8608, 3500, 9021, 9079, 3208, 829, 7974, 5213, 9263, 2037, 359, 2173, 8013, 5695, 3666, 7980, 3602, 9925, 4667, 2772, 8350, 3288, 1350, 1254, 6728, 6523, 5317, 5024, 3177, 9643, 7673, 9194, 7982, 2939, 9556, 5195, 966, 7365, 9824, 8057, 9881, 7792, 7263, 8983, 3182, 3116, 3725, 8827, 1206, 180, 5804, 7826, 8364, 7462, 5324, 9525, 7843, 3150, 8033, 2314, 452, 3943, 3652, 4420, 4022, 556, 8487, 7406, 5214, 3102, 777, 3536, 1691, 2511, 5371, 2220, 42, 4283, 1051, 3607, 6230, 6687, 2368, 9545, 6190, 7669, 6517, 5676, 3274, 743, 7978, 1542, 5716, 9178, 4367, 2694, 301, 6100, 3720, 4445, 5485, 630, 4272, 6085, 3741, 777, 4897, 6730, 4714, 6234, 6163, 5921, 2465, 6009, 7095, 7894, 8192, 4402, 6566, 8098, 7961, 7943, 5671, 8493, 3621, 4347, 8346, 9556, 3443, 961, 8153, 3126, 9552, 1983, 7332, 9164, 3390, 1677, 3224, 922, 6631, 949, 1474, 1920, 9796, 2094, 3327, 1157, 2477, 4428, 3744, 1362, 5854, 1740, 8635, 6715, 5120, 279, 6958, 1700, 5091, 5324, 7005, 2334, 5388, 7786, 4138, 4170, 5779, 838, 272, 9695, 4061, 9006, 7838, 9981, 6627, 5314, 368, 7752, 7287, 1749, 4042, 9687, 8716, 6042, 5260, 8899, 4945, 2451, 3740, 9794, 2414, 3872, 3248, 9370, 3658, 3229, 5334, 5918, 8974, 7362, 3200, 8440, 2264, 8676, 277, 3092, 6098, 7467, 1354, 3023, 3710, 9742, 7118, 8550, 73, 1681, 7357, 4868, 8998, 5189, 946, 6895, 6768, 9505, 4086, 4328, 8880, 3530, 8400, 4220, 6122, 8243, 9628, 6291, 7246, 4964, 5189, 337, 3353, 6599, 5712, 7535, 7181, 8917, 651, 2789, 7713, 1380, 1998, 2290, 6439, 1888, 1910, 4651, 7292, 523, 4065, 3893, 4599, 5719, 6247, 6798, 6609, 2202, 7463, 1939, 4284, 2467, 1235, 9358, 9165, 4748, 3968, 9927, 4683, 7670, 6471, 9796, 6958, 5610, 6568, 4849, 1685, 3395, 6979, 5763, 9164, 8207, 3295, 9710, 5047, 6057, 8868, 4728, 4175, 324, 8522, 3300, 5154, 39, 5719, 7180, 7144, 5537, 1051, 5818, 2298, 1415, 3101, 2791, 2614, 615, 5648, 3975, 7356, 5834, 4090, 7083, 2239, 2242, 590, 8800, 7836, 6769, 5864, 7295, 9501, 9573, 3552, 5065, 6842, 9293, 8251, 804, 3882, 5465, 3153, 2480, 5834, 1978, 697, 6748, 4281, 1041, 8543, 2710, 6540, 108, 7436, 782, 7583, 9705, 9987, 3460, 9955, 8898, 5229, 4692, 1847, 6162, 7599, 4303, 6170, 9192, 652, 222, 7976, 403, 4900, 399, 5561, 2473, 4068, 544, 1716, 9851, 3925, 8210, 2229, 4545, 9064, 710, 4484, 7824, 9870, 7993, 2925, 8799, 4209, 9057, 417, 3126, 2889, 603, 455, 3706, 2368, 6005, 4212, 618, 7900, 988, 1950, 3578, 1461, 1155, 8410, 990, 7598, 7504, 769, 494, 8190, 7462, 563, 9281, 8863, 2983, 6900, 9841, 2838, 6333, 2697, 7133, 2248, 6423, 8996, 563, 340, 2329, 6291, 630, 5105, 5351, 1261, 1337, 1033, 8583, 9814, 3034, 4965, 7648, 3782, 1805, 8705, 922, 1072, 1396, 9716, 465, 435, 1848, 3916, 5438, 6362, 6265, 1956, 9120, 4344, 6417, 1221, 8757, 4103, 3498, 8870, 9736, 2762, 4886, 8038, 7049, 5348, 8536, 2760, 7746, 6004, 6337, 7501, 1508, 5999, 7097, 6716, 9672, 313, 8271, 7532, 4858, 4146, 1925, 3159, 6620, 2760, 3257, 2117, 226, 7129, 2114, 7500, 1638, 200, 88, 6725, 2847, 2958, 8564, 2248, 399, 9303, 4087, 8785, 27, 42, 9975, 6399, 3003, 1569, 906, 3045, 3247, 4380, 7288, 5961, 8621, 3837, 2288, 9670, 2280, 6713, 2018, 1319, 3013, 9506, 9119, 2713, 3147, 297, 3236, 1289, 7983, 8519, 3747, 4536, 1491, 6207, 6897, 5069, 3042, 6547, 4150, 9139, 7223, 7874, 6546, 7328, 6647, 5656, 3342, 7058, 7531, 1574, 5833, 980, 7639, 2893, 1991, 831, 4164, 7150, 7930, 2641, 4286, 4965, 7684, 9131, 8452, 9920, 6775, 3746, 4469, 4531, 1761, 2876, 1141, 8745, 3541, 7576, 3473, 9928, 838, 3831, 9623, 565, 2355, 5545, 3036, 5740, 1338, 4387, 8433, 60, 1104, 5050, 4539, 6286, 4450, 1378, 4610, 4914, 9977, 4184, 4639, 8724, 3057, 4563, 3041, 2353, 2037, 8311, 3308, 6718, 3552, 3082, 1671, 7112, 8038, 8656, 363, 8344, 4987, 1244, 8790, 9643, 7187, 886, 7998, 8599, 5154, 4684, 93, 9176, 43, 1436, 9004, 2467, 2551, 6110, 5437, 7586, 7632, 1820, 60, 8990, 5763, 8141, 8169, 5063, 4987, 5106, 7152, 7838, 5916, 6667, 50, 3193, 5085, 1952, 6303, 1960, 4479, 6984, 3834, 1996, 294, 7774, 2487, 1544, 7716, 9924, 5958, 5145, 9530, 7863, 3712, 2008, 5485, 833, 5962, 9232, 3616, 9215, 31, 1526, 4872, 8017, 4183, 9329, 3661, 1510, 7164, 4240, 3263, 5156, 4171, 9692, 570, 8391, 2829, 7363, 264, 5193, 2911, 4996, 9225, 4628, 3270, 6881, 5512, 2076, 8224, 6188, 6038, 1779, 6916, 856, 8687, 9406, 9012, 552, 9875, 6791, 7862, 6539, 5142, 1188, 8475, 9745, 6966, 733, 7641, 6588, 78, 2101, 4813, 1470, 6822, 3615, 4365, 5963, 1993, 624, 2802, 8873, 8844, 715, 6484, 6117, 3631, 5667, 5951, 5131, 5789, 6538, 4639, 3252, 8827, 3775, 1179, 9603, 2469, 6574, 4131, 5186, 3252, 2388, 9648, 6962, 8623, 2679, 6398, 4737, 7255, 9490, 3547, 6553, 1650, 5175, 6917, 3752, 5272, 6603, 9300, 3647, 4435, 390, 2996, 3943, 1798, 3280, 5842, 7011, 3829, 2737, 1857, 6871, 5842, 3888, 7707, 1859, 8729, 2534, 5736, 4417, 1093, 5061, 7912, 7786, 2058, 3988, 1324, 3506, 8264, 2682, 6709, 3977, 7841, 788, 5969, 3699, 8787, 3254, 2583, 4313, 4585, 7212, 4542, 5303, 5039, 5408, 9846, 5141, 2834, 4448, 7605, 8531, 1386, 5338, 9875, 3455, 2885, 1309, 5642, 6170, 7075, 5504, 4228, 5338, 9838, 603, 4981, 6145, 4396, 5361, 5039, 7385, 8788, 6249]
List Size: 10000
Insertion Sort Time: 6112.915900 milliseconds
Merge Sort Time: 51.181600 milliseconds
Built-in Sort Time: 2.458100 milliseconds

