Original List: [6860, 2816, 2858, 1936, 7309, 9598, 1602, 6523, 126, 2123, 4673, 3626, 1722, 5358, 3769, 1956, 1183, 6715, 2856, 8182, 3472, 9448, 528, 6520, 4840, 9469, 8583, 9677, 790, 6622, 9234, 9701, 310, 6828, 8816, 9149, 2903, 8254, 8271, 4779, 1389, 8252, 8433, 6044, 4029, 9303, 3943, 8849, 89, 7645, 2820, 2916, 6964, 338, 7139, 3166, 4999, 99, 1149, 3416, 8620, 4240, 1678, 4722, 569, 2504, 8969, 5994, 3285, 9383, 560, 8961, 644, 2249, 6779, 4987, 3645, 8981, 5712, 3999, 477, 358, 7146, 3646, 1140, 4806, 5091, 5128, 9292, 9898, 4616, 6563, 2369, 2632, 1595, 7407, 6407, 7907, 1996, 4179, 8527, 4403, 7702, 3192, 1519, 906, 6561, 1256, 7713, 6154, 5313, 5148, 6867, 6618, 4182, 9300, 6015, 2688, 4189, 8730, 5027, 9062, 7174, 8360, 1194, 4348, 1222, 3344, 1125, 2962, 225, 8937, 974, 8155, 5352, 8857, 6053, 7803, 3474, 3201, 9067, 3397, 9766, 2839, 4034, 8536, 5360, 4949, 531, 3302, 2506, 4972, 5382, 2724, 9271, 6587, 163, 3821, 8692, 3391, 557, 45, 5700, 7708, 5536, 8672, 3210, 5799, 2069, 6159, 6589, 2355, 3098, 6122, 629, 4086, 9907, 5809, 1444, 6996, 9002, 4015, 6980, 8460, 1572, 6684, 4787, 313, 8038, 7026, 3491, 489, 9200, 376, 6306, 9786, 6991, 5673, 288, 3241, 69, 9272, 7780, 232, 7484, 8090, 8629, 1265, 3111, 8938, 7562, 4405, 4824, 1423, 5133, 599, 2063, 3122, 401, 4577, 2204, 4255, 6958, 736, 4969, 8947, 3829, 2879, 1456, 8993, 4340, 2717, 765, 4854, 4056, 6075, 2419, 403, 2656, 7029, 5743, 7488, 8650, 3872, 8444, 9120, 4815, 4876, 9310, 5437, 7332, 3753, 1284, 8411, 4456, 3352, 9851, 4674, 6635, 5707, 2626, 4526, 7120, 3565, 1611, 6655, 5144, 5093, 4140, 3499, 1312, 7862, 4163, 5332, 17, 6727, 7898, 1544, 2557, 5691, 6723, 1707, 5488, 8627, 5208, 1218, 4022, 3113, 556, 144, 8573, 9329, 7754, 6657, 7068, 8674, 6704, 4789, 9179, 1189, 8671, 1763, 3809, 8236, 1105, 6756, 4269, 760, 3572, 5664, 904, 7059, 9593, 1948, 7048, 8278, 1328, 8502, 9163, 9556, 3948, 8735, 6825, 5932, 5461, 2982, 5558, 4007, 9433, 7026, 7570, 9372, 553, 1024, 1904, 2977, 3786, 6999, 3533, 1586, 9782, 8467, 4250, 1225, 5041, 8543, 3010, 3045, 5765, 7853, 6988, 4867, 8626, 7307, 3035, 4722, 3130, 4478, 454, 2587, 4853, 3824, 274, 1660, 479, 3355, 6555, 7006, 5331, 743, 8805, 9858, 7995, 8462, 7527, 6081, 960, 9779, 1847, 9734, 2672, 5436, 6206, 1917, 2282, 3185, 7125, 7213, 6317, 3400, 9752, 6151, 4136, 2029, 1599, 5517, 4082, 4528, 5784, 5628, 3244, 2369, 6667, 7687, 7469, 5882, 622, 3574, 3528, 6042, 2855, 6639, 7632, 6893, 8941, 3427, 886, 8842, 7741, 9601, 4315, 6899, 241, 7869, 9879, 9334, 2728, 7013, 7876, 6906, 1094, 592, 4563, 3390, 1589, 6911, 7162, 2866, 857, 3114, 7239, 8495, 2654, 2249, 8998, 1885, 8965, 8884, 5587, 7152, 2702, 7625, 4876, 5908, 5139, 1083, 7953, 7279, 2458, 3975, 8494, 4434, 118, 3270, 8508, 6718, 8666, 9345, 2738, 9710, 2174, 1529, 1464, 7811, 3290, 2743, 5885, 1835, 2733, 1211, 8462, 765, 1956, 9559, 1102, 7868, 9366, 4750, 5631, 7338, 3463, 5986, 14, 8383, 2628, 8276, 1580, 8076, 2735, 5911, 1520, 4981, 6370, 1905, 8877, 6348, 8711, 7939, 7359, 8219, 4891, 9817, 9182, 1239, 4325, 7662, 4817, 5173, 2908, 9690, 3019, 3056, 5982, 3623, 1997, 4703, 9793, 7595, 1384, 2449, 2442, 5867, 8774, 1375, 4560, 6488, 8224, 3887, 2390, 4837, 4694, 1665, 8719, 6268, 4282, 1264, 6960, 4276, 3138, 2691, 2959, 2889, 1373, 2564, 1692, 8155, 9857, 7352, 5433, 5518, 8258, 9914, 3335, 6320, 3630, 2598, 5219, 1212, 9196, 2623, 8900, 9672, 2376, 6266, 4899, 9133, 7852, 8983, 6248, 7352, 9463, 828, 7, 7257, 5625, 4616, 5676, 997, 6166, 9756, 6124, 288, 3820, 7950, 7087, 9082, 8317, 9320, 1838, 6538, 5716, 8351, 3991, 2734, 6177, 4886, 5895, 9279, 3684, 4795, 9967, 4193, 3882, 4502, 2410, 7037, 4930, 2974, 2694, 9524, 3083, 4180, 8249, 9689, 6288, 2751, 4746, 7124, 6697, 4371, 7422, 9310, 7311, 9081, 8937, 3320, 8952, 6555, 4237, 6285, 3240, 4898, 3070, 2323, 8306, 1270, 3245, 4566, 9765, 7557, 2049, 5179, 4020, 6853, 3180, 6524, 1830, 9916, 7917, 2667, 498, 6519, 692, 7268, 5691, 7468, 3110, 4998, 2463, 539, 5054, 8807, 6666, 5391, 739, 2797, 1670, 2697, 9465, 9178, 8282, 1279, 7879, 1824, 1977, 1623, 2517, 6837, 538, 1304, 2287, 167, 1748, 9061, 8736, 7213, 3227, 2433, 1101, 3372, 1079, 4926, 9395, 1012, 5318, 4375, 9406, 2861, 5467, 5209, 1946, 6212, 7017, 5052, 3257, 2174, 7676, 5403, 3137, 4528, 109, 4276, 800, 4977, 5262, 8756, 3830, 6118, 2202, 8024, 1257, 1698, 5328, 5917, 8268, 1548, 6209, 4545, 2711, 8285, 4803, 3884, 7134, 9620, 5713, 2097, 9521, 3037, 5871, 959, 1059, 1334, 5600, 912, 4482, 1065, 8745, 5620, 9080, 9997, 5643, 5508, 3277, 5439, 1310, 9346, 5685, 8928, 8960, 6955, 1546, 7809, 4458, 3572, 4845, 9329, 7120, 2139, 6627, 6775, 5518, 432, 4925, 3365, 6291, 937, 2706, 1984, 2413, 1913, 5867, 1259, 5065, 228, 548, 9323, 3816, 3794, 9077, 7687, 9419, 7837, 159, 2848, 6703, 7400, 9763, 919, 988, 5650, 7395, 6640, 3591, 8440, 638, 6011, 6532, 1754, 4236, 5803, 428, 6945, 4103, 3551, 629, 5155, 5226, 8091, 4441, 4034, 293, 5322, 5218, 3258, 1913, 7741, 7253, 8153, 2291, 2437, 304, 9942, 3085, 8983, 8681, 6239, 1901, 8868, 1456, 7490, 4701, 6664, 9638, 2175, 8262, 3671, 9787, 7372, 8891, 6719, 7222, 7388, 8057, 7553, 4808, 2419, 6194, 4197, 7887, 4785, 5656, 4896, 3929, 6939, 4345, 1398, 7384, 7278, 9050, 8895, 9836, 1453, 987, 6262, 835, 8019, 4692, 6757, 9548, 4166, 7108, 590, 6640, 6601, 3249, 6953, 5737, 3674, 3426, 8568, 2043, 9345, 7438, 360, 5644, 6230, 4889, 45, 5937, 7748, 2756, 916, 4968, 2096, 859, 4970, 5928, 7709, 6896, 3860, 6530, 7249, 4583, 9541, 7429, 2828, 5148, 4612, 2445, 307, 655, 4584, 4069, 4709, 9697, 3394, 8598, 1690, 344, 7824, 2159, 6768, 8000, 154, 8854, 7198, 2235, 7486, 5937, 158, 5180, 9065, 1375, 4978, 8208, 6605, 3141, 9032, 5902, 4899, 3672, 5950, 6120, 938, 3071, 304, 1349, 6157, 1833, 6976, 1338, 4748, 948, 9127, 5274, 4929, 6103, 759, 852, 5924, 4883, 8906, 440, 6967, 7253, 4438, 4665, 9167, 2181, 5588, 2467, 9100, 794, 9427, 11, 4237, 1525, 3375, 2620, 9926]
List Size: 1000
Insertion Sort Time: 50.409000 milliseconds
Merge Sort Time: 8.328500 milliseconds
Built-in Sort Time: 0.140300 milliseconds

Original List: [3456, 3078, 9102, 641, 1761, 5737, 5661, 5006, 834, 2976, 7379, 4364, 9692, 8555, 2044, 9624, 1044, 9209, 2133, 4053, 2829, 386, 3122, 9178, 1659, 4630, 1838, 5708, 1769, 9227, 8370, 7744, 3390, 8519, 2711, 666, 7689, 4389, 5856, 7118, 4741, 9204, 5131, 359, 3222, 4793, 2372, 1457, 762, 2589, 1756, 3960, 2205, 5427, 5478, 17, 2614, 5224, 2649, 6302, 7169, 268, 782, 7904, 6788, 1031, 1132, 9289, 433, 4429, 4919, 3465, 7808, 7416, 4229, 1088, 3856, 2894, 3925, 2811, 5530, 8982, 633, 9073, 4449, 5319, 3388, 8473, 8937, 2769, 5639, 1918, 5714, 1880, 6908, 3483, 612, 5425, 3446, 2151, 3298, 8194, 6037, 3954, 875, 3876, 814, 9598, 2869, 5136, 4483, 3435, 1963, 6505, 1911, 278, 1832, 6884, 6456, 2860, 9755, 4879, 95, 1392, 137, 2163, 9930, 5687, 3177, 8828, 2490, 3687, 6149, 2590, 3153, 2812, 7417, 514, 9349, 7796, 1910, 3008, 839, 5774, 5410, 9637, 5571, 9676, 3868, 5287, 6838, 8874, 4558, 206, 9699, 8744, 5280, 4447, 3442, 9542, 1642, 7344, 6728, 2861, 888, 8769, 699, 2672, 5372, 4871, 4712, 9784, 4943, 8924, 4505, 6794, 9272, 5652, 7566, 9505, 3535, 1027, 1651, 5208, 6315, 8275, 3307, 2498, 7265, 2586, 6856, 3879, 7188, 3742, 7913, 5683, 7942, 8792, 9981, 8075, 391, 6304, 5899, 6976, 2521, 8882, 3650, 9671, 8755, 2331, 7974, 4580, 2620, 1505, 6040, 4124, 1475, 6659, 8026, 1461, 4879, 7740, 2626, 791, 1389, 9786, 1689, 3153, 9707, 1945, 3810, 2272, 3916, 4895, 4371, 6299, 8430, 2597, 3142, 1392, 3714, 7307, 3376, 3713, 3915, 4734, 725, 2426, 1874, 4193, 7676, 802, 1837, 7043, 4891, 1958, 7925, 6404, 9823, 8208, 9401, 3322, 8041, 2732, 2627, 4700, 5512, 7777, 5435, 296, 4988, 9317, 4331, 2120, 1742, 5650, 5477, 3059, 5839, 7586, 418, 3649, 6088, 7463, 4463, 9749, 3040, 8336, 2343, 8979, 2150, 1535, 1769, 9823, 6729, 3465, 7121, 2228, 943, 544, 9975, 19, 4695, 8763, 8585, 3907, 3046, 6912, 4680, 6910, 8514, 1730, 5425, 7402, 9589, 9626, 3585, 5822, 4356, 6073, 8331, 128, 2409, 4872, 4288, 7382, 5788, 1214, 2056, 277, 1986, 7783, 5126, 8389, 3310, 1758, 3636, 4791, 4971, 3318, 3081, 9145, 7378, 7595, 3982, 1331, 1608, 4752, 4851, 6725, 9354, 5280, 3737, 9250, 8778, 550, 6423, 4940, 4478, 6400, 1376, 4239, 8806, 3659, 1685, 3282, 3751, 4556, 1646, 4516, 1503, 5265, 9726, 4587, 7694, 8267, 369, 3181, 9885, 1899, 1999, 8092, 4601, 2312, 6184, 7942, 2589, 5627, 2626, 6996, 874, 7162, 7961, 707, 6018, 8593, 4204, 3483, 8590, 4404, 8381, 4003, 5609, 6120, 2055, 849, 7032, 8057, 9410, 3631, 5326, 1152, 4235, 701, 3585, 7540, 7965, 7542, 4479, 9704, 2421, 5776, 1202, 6052, 571, 6091, 1302, 5668, 2844, 498, 1016, 2006, 701, 7849, 5978, 796, 6200, 1082, 2006, 4107, 713, 7408, 9315, 2960, 4838, 3189, 9646, 4106, 5901, 6779, 929, 783, 4181, 8615, 1781, 1555, 4441, 1351, 4371, 5626, 577, 2894, 2158, 9664, 2238, 8857, 2231, 8126, 841, 9243, 7167, 6242, 8667, 7793, 4499, 5788, 4598, 6188, 6175, 6527, 3202, 185, 6118, 3973, 3802, 3541, 3523, 1266, 1480, 4890, 2305, 136, 9614, 2041, 7901, 2142, 9356, 5393, 9054, 2062, 9973, 3609, 2021, 7340, 8069, 1290, 4334, 4606, 9672, 5583, 7085, 5548, 2287, 2576, 8371, 2558, 7070, 8219, 321, 6435, 5240, 1166, 6244, 4069, 3957, 6278, 5656, 3994, 9862, 4158, 4058, 3505, 6881, 4032, 2906, 3475, 7315, 3500, 6169, 7775, 5443, 8675, 6921, 3324, 3071, 7265, 4414, 2212, 3561, 5097, 6017, 3568, 3088, 6338, 1856, 1945, 420, 8638, 470, 1920, 8380, 2397, 8850, 1082, 2332, 1044, 7653, 6053, 5190, 2356, 7937, 8621, 8059, 8245, 3357, 5397, 4250, 2564, 5466, 7502, 882, 5582, 7763, 1681, 4515, 5105, 195, 8116, 3273, 6812, 8050, 8182, 2229, 8073, 2242, 9735, 4658, 786, 4947, 4365, 7997, 9968, 9819, 3513, 9252, 8059, 2541, 4780, 385, 9780, 7148, 6402, 1500, 8563, 1743, 6533, 6258, 5933, 2866, 9641, 3537, 5503, 449, 7201, 5121, 7730, 5605, 3375, 2613, 889, 2478, 5871, 9742, 7219, 8470, 5374, 4967, 2495, 5175, 2324, 6160, 7636, 106, 1885, 7826, 2625, 6859, 1972, 1651, 1338, 3146, 4075, 3467, 4281, 1255, 6591, 5239, 47, 9320, 8598, 6270, 9364, 2656, 408, 3402, 7571, 3062, 9719, 4944, 3826, 1619, 5496, 2515, 8279, 7984, 8480, 4724, 4574, 5146, 5875, 490, 1327, 5832, 9150, 7507, 7502, 7829, 7718, 6404, 1283, 460, 2872, 2308, 9592, 7924, 4634, 3227, 5043, 5305, 813, 8180, 7097, 8683, 3331, 3129, 6522, 4124, 5523, 6681, 906, 129, 9747, 6771, 4572, 4514, 3505, 2913, 1731, 3319, 8488, 3119, 1939, 3613, 1949, 3372, 4298, 4970, 3636, 8424, 2692, 4189, 6192, 2111, 696, 3064, 4237, 5747, 3377, 950, 2135, 696, 3858, 8745, 6436, 3655, 8903, 914, 3287, 7723, 3453, 8021, 4571, 5289, 9889, 4494, 5942, 8474, 8414, 6720, 6257, 1892, 1018, 4452, 537, 7910, 9635, 8694, 7996, 8548, 9840, 5728, 659, 9162, 3933, 6012, 5894, 9008, 669, 4045, 7001, 9137, 6338, 2277, 7918, 386, 5270, 8230, 480, 7932, 6103, 2161, 1342, 2855, 7556, 7833, 6848, 3615, 2014, 8789, 6813, 62, 2539, 4570, 5176, 3330, 840, 2129, 46, 6258, 5661, 9071, 701, 2122, 7623, 6058, 6817, 6629, 1351, 4699, 8148, 1712, 1134, 4320, 534, 5052, 71, 6106, 3512, 9511, 5092, 7588, 2882, 3352, 5291, 5369, 9073, 4301, 7890, 8669, 8601, 286, 9481, 5803, 5928, 3913, 4869, 2927, 6637, 4835, 5902, 7146, 2989, 663, 5654, 4068, 197, 8124, 491, 8444, 8928, 9250, 7343, 5307, 5470, 932, 123, 8790, 5914, 139, 3342, 4903, 3012, 1524, 8035, 6369, 5677, 8003, 2471, 3506, 4697, 7599, 7615, 3247, 6941, 2618, 6683, 9728, 6900, 4484, 710, 3358, 6190, 7690, 8417, 1439, 1027, 8485, 7595, 2534, 2553, 9025, 619, 9073, 4873, 3759, 2704, 5186, 637, 8937, 7896, 5061, 4082, 1027, 4842, 301, 3854, 4081, 4441, 8351, 6083, 222, 5039, 9219, 4656, 9100, 2972, 5776, 9167, 1383, 5777, 9457, 8540, 7084, 9718, 3475, 4006, 2092, 5338, 4820, 7255, 7983, 6953, 7300, 3510, 6261, 8554, 2069, 7192, 5229, 915, 4874, 4950, 7133, 3601, 6388, 6140, 2139, 1805, 602, 7974, 271, 9329, 7740, 9324, 9778, 4167, 7013, 6125, 7487, 9212, 9492, 3978, 5062, 6075, 9271, 3009, 9673, 5720, 4149, 9453, 8758, 7473, 9150, 4868, 7313, 1027, 6156, 6166, 7658, 5989, 9415, 7867, 9434, 2810, 8663, 873, 9190, 9798, 6483, 9970, 3041, 9091, 4056, 9972, 2473, 9638, 4203, 8787, 8455, 7794, 843, 8181, 8618, 8756, 6346, 5300, 6434, 253, 6056, 3135, 2505, 8878, 998, 750, 3356, 5002, 8321, 9819, 369, 6600, 5339, 3429, 9017, 4405, 7719, 4752, 7525, 9246, 9393, 3699, 2516, 5369, 1050, 3954, 6293, 7519, 6341, 1248, 7784, 4505, 9008, 2836, 812, 3167, 8307, 1857, 7802, 9582, 579, 5526, 913, 6182, 4762, 3204, 2566, 8345, 2959, 2043, 7316, 7260, 6579, 7888, 6648, 7555, 2032, 601, 6028, 7443, 5384, 932, 6443, 2476, 8409, 6988, 5785, 6595, 6824, 2764, 1476, 7558, 1962, 4322, 3985, 1553, 3647, 182, 9710, 6526, 6124, 2612, 4271, 8726, 6142, 8319, 5927, 5935, 8388, 4476, 3693, 5548, 3675, 3383, 3605, 119, 4896, 5459, 1057, 327, 7478, 5191, 7621, 8443, 5983, 6031, 3870, 6906, 2995, 8309, 9573, 23, 2210, 6846, 9996, 3760, 894, 3546, 4800, 5895, 7578, 8551, 2369, 2552, 3244, 3135, 4317, 1445, 3083, 2906, 958, 1776, 9483, 2420, 3698, 2880, 1244, 8867, 6555, 9588, 2946, 8816, 1272, 9379, 1125, 1205, 2253, 3868, 8917, 5937, 4791, 8615, 7755, 7779, 9689, 2131, 4775, 2581, 1476, 5148, 1556, 7082, 5017, 7103, 6751, 308, 1480, 3799, 5150, 2188, 692, 2132, 3611, 4317, 6383, 8502, 6622, 9768, 1506, 6091, 616, 7585, 872, 8623, 9410, 2642, 3655, 1149, 9799, 3462, 4849, 4236, 6878, 2700, 5265, 1349, 718, 4734, 3206, 4384, 3285, 8044, 4416, 1025, 3340, 1648, 8872, 2675, 7677, 7869, 5262, 4966, 5936, 8329, 6184, 6572, 3786, 7548, 900, 9611, 8741, 7721, 2232, 4636, 1148, 1379, 584, 8719, 5896, 3976, 1451, 6364, 8072, 3556, 7960, 1673, 251, 8043, 6885, 8035, 7196, 2940, 8664, 5119, 9633, 3911, 5849, 5966, 2884, 9366, 3583, 269, 7553, 7062, 5825, 5784, 8276, 1032, 453, 5015, 1877, 6910, 1930, 5611, 752, 6643, 1104, 7254, 1129, 558, 8987, 9121, 6956, 8882, 3248, 1612, 7244, 4329, 8397, 6580, 2465, 5067, 9468, 8777, 7310, 6077, 7834, 7437, 1048, 8262, 5557, 1096, 6893, 3098, 6940, 3508, 3883, 7884, 1987, 7367, 9605, 6481, 5904, 1821, 4926, 6003, 9, 3304, 7174, 5399, 6402, 4873, 8619, 851, 5510, 6542, 7021, 7403, 4753, 1859, 5687, 1072, 911, 445, 5964, 8545, 364, 7442, 9020, 3150, 6209, 2267, 9632, 6332, 1313, 6614, 3978, 1147, 7932, 1020, 6957, 6506, 6912, 6692, 1981, 3399, 5667, 997, 6892, 6169, 8630, 3287, 9068, 4311, 4305, 7538, 8248, 5081, 5824, 3919, 8011, 526, 3776, 9628, 144, 7431, 4232, 3878, 6731, 3349, 8371, 5054, 5049, 541, 3134, 9797, 4741, 546, 386, 3327, 2753, 5819, 9192, 5201, 6778, 4762, 5588, 2811, 5178, 7299, 4324, 7045, 1090, 8095, 2878, 1737, 273, 5296, 1652, 1054, 882, 458, 1317, 5857, 2419, 2282, 4525, 467, 2924, 5296, 524, 5106, 6338, 4023, 2642, 6144, 5979, 3964, 1711, 9830, 1694, 9135, 5206, 5496, 2559, 6940, 6646, 7491, 2667, 5808, 6417, 1216, 4638, 6714, 1375, 4336, 7062, 342, 136, 5155, 4359, 8404, 2713, 8494, 7520, 9167, 8472, 8239, 8307, 3635, 8645, 276, 7075, 6322, 5844, 6214, 4367, 8123, 2159, 1841, 4749, 6064, 1414, 2509, 1401, 9911, 8553, 772, 5354, 2137, 2186, 5326, 5821, 7451, 2433, 3299, 2839, 3730, 7827, 7750, 7410, 7603, 3940, 5889, 8474, 9919, 4969, 9437, 2290, 4774, 6457, 9887, 2781, 27, 9119, 6859, 2455, 6563, 3483, 7770, 3534, 3266, 5057, 7015, 9092, 317, 77, 8717, 4748, 7496, 7535, 769, 6713, 2944, 2307, 6372, 1342, 2623, 381, 1649, 4984, 296, 1299, 6725, 359, 5305, 1376, 2849, 8029, 3145, 3896, 1096, 5168, 3224, 7728, 9474, 8512, 8138, 1077, 1847, 3979, 3760, 2135, 155, 603, 9458, 9896, 94, 5855, 1721, 8102, 633, 2344, 5529, 6476, 3393, 5192, 814, 8228, 8381, 2746, 2777, 6089, 5178, 4896, 7905, 9930, 2930, 7539, 9358, 1501, 6045, 2316, 338, 622, 3692, 6280, 4921, 5743, 1285, 9981, 435, 8714, 8774, 7135, 2365, 1812, 816, 3645, 7847, 3830, 5853, 6689, 3069, 5881, 3265, 7513, 2062, 9758, 3265, 6410, 468, 1988, 7513, 6468, 5510, 7620, 6749, 655, 6882, 6211, 4314, 7323, 7036, 1822, 3267, 8781, 4384, 6784, 6080, 2662, 1704, 5142, 9996, 7736, 820, 4842, 3815, 1965, 8521, 7548, 4984, 6130, 8248, 2969, 5426, 9214, 341, 8229, 4142, 3385, 2100, 2682, 6303, 9701, 4004, 2575, 543, 9188, 3386, 1177, 4679, 6075, 7105, 9930, 630, 1786, 9861, 2624, 866, 6270, 7727, 8258, 1556, 2638, 8242, 2343, 9416, 2082, 1363, 2156, 3740, 8309, 7946, 8889, 9588, 1304, 7871, 4941, 5407, 6814, 7244, 142, 8577, 4458, 9606, 3978, 6733, 8314, 6723, 7351, 1781, 1028, 4293, 9048, 8704, 2606, 8654, 7889, 7682, 1032, 9421, 3547, 1073, 8864, 1950, 3433, 7787, 5839, 3560, 2004, 2222, 3439, 7424, 5236, 5292, 2632, 6294, 7476, 4180, 5820, 9340, 5768, 377, 6178, 1365, 781, 1391, 2274, 9450, 2310, 3163, 5812, 9085, 9690, 368, 9323, 6014, 5438, 4771, 972, 1726, 7866, 6664, 571, 2714, 2537, 2093, 7711, 3181, 8551, 2943, 418, 3499, 244, 5485, 1966, 7272, 8630, 3192, 4280, 7918, 8352, 7236, 9187, 8894, 5559, 9979, 964, 1008, 3036, 6276, 5109, 1781, 680, 8722, 682, 5507, 5932, 4220, 9275, 1445, 5227, 857, 6218, 6298, 3050, 2100, 5512, 8077, 8572, 3211, 9460, 1739, 7385, 2147, 2169, 3761, 8713, 9317, 287, 1637, 5130, 3740, 4362, 2974, 5066, 5087, 9894, 7939, 1074, 4383, 2501, 2990, 37, 2368, 7658, 8808, 6391, 2923, 5624, 3061, 8315, 3779, 7503, 7631, 6111, 7419, 6855, 2433, 9467, 1578, 5128, 5243, 7578, 3349, 79, 381, 6345, 5848, 2204, 7848, 5025, 5837, 4791, 3931, 3472, 5983, 8585, 7873, 2575, 2883, 2044, 5966, 207, 9449, 4004, 4439, 260, 4922, 7518, 6898, 1842, 9897, 3700, 8332, 2585, 3808, 1568, 9751, 132, 6091, 7560, 3163, 6532, 9469, 7838, 1524, 3247, 3677, 3152, 5034, 4193, 307, 7559, 4427, 4200, 1780, 4411, 3395, 8891, 4447, 8953, 9085, 3642, 4862, 4678, 1346, 4981, 6448, 3672, 3492, 8477, 1233, 9274, 3483, 8960, 2887, 2181, 8820, 9834, 6198, 9335, 3531, 10000, 3815, 6269, 4193, 1881, 9467, 8517, 304, 419, 913, 7632, 1697, 6395, 9364, 148, 8185, 3427, 3823, 9088, 4838, 8173, 3659, 1253, 1920, 8916, 9348, 8388, 5295, 2366, 1069, 1018, 3143, 3944, 7938, 9995, 8199, 5115, 3264, 7058, 9622, 6424, 7680, 4890, 6331, 3666, 191, 7517, 5643, 4334, 1981, 5716, 3720, 3287, 2628, 9974, 8073, 237, 4605, 7288, 4052, 9778, 6784, 3549, 8695, 2278, 8390, 2005, 2286]
List Size: 2000
Insertion Sort Time: 231.496500 milliseconds
Merge Sort Time: 12.590000 milliseconds
Built-in Sort Time: 0.259600 milliseconds

Original List: [8458, 9031, 1181, 9366, 9555, 4014, 2104, 841, 2820, 6931, 1200, 5384, 931, 9224, 8383, 8693, 3644, 2758, 278, 4585, 5015, 8286, 9320, 5005, 462, 1440, 1210, 8832, 7442, 6613, 7936, 9832, 6337, 8252, 2968, 3936, 7332, 602, 9505, 927, 2503, 8276, 6156, 5919, 2508, 6660, 7307, 8561, 8257, 7949, 8580, 7219, 7107, 3457, 5891, 3041, 5416, 7084, 4980, 213, 4348, 6584, 7207, 9425, 8901, 9016, 283, 1487, 699, 9510, 6434, 7399, 7891, 2238, 5276, 6913, 6006, 4674, 3704, 9727, 8840, 8103, 6563, 1233, 7731, 4867, 7407, 7393, 2056, 8541, 7152, 9852, 9080, 8846, 2628, 7041, 6641, 716, 6402, 5904, 4105, 2044, 5375, 6351, 3696, 8372, 209, 9165, 9109, 7124, 9136, 1162, 4201, 269, 8107, 9518, 9663, 4283, 2684, 5356, 5567, 1967, 9985, 4340, 2526, 5451, 9072, 3220, 5262, 5461, 5143, 6367, 7816, 1096, 5806, 3228, 4527, 479, 8344, 5533, 4005, 3610, 1969, 9995, 2463, 7751, 2375, 6003, 6069, 4805, 9446, 5309, 8448, 7072, 4589, 5583, 5815, 7945, 5389, 1394, 5432, 2753, 6084, 1215, 1899, 4295, 5251, 8727, 4968, 781, 9677, 5580, 6368, 4303, 4036, 1148, 6186, 1676, 5252, 5915, 244, 7637, 6364, 4879, 3645, 1395, 7289, 6687, 7001, 8600, 2137, 8347, 1237, 7789, 8572, 1331, 6327, 2486, 9718, 4307, 1884, 2914, 2529, 8132, 7014, 8272, 2636, 8385, 7749, 3314, 3556, 8399, 5048, 9782, 6906, 4921, 3740, 2399, 1234, 8594, 7334, 6976, 6113, 6761, 5807, 8025, 5584, 8872, 4538, 9017, 2439, 4332, 5738, 4192, 9648, 639, 2830, 9868, 508, 835, 6662, 5699, 519, 7731, 6035, 895, 656, 6411, 4442, 8349, 3557, 9821, 2171, 4192, 6344, 7856, 390, 1720, 6946, 616, 4661, 925, 5167, 3151, 1642, 5527, 6534, 9557, 3553, 5224, 792, 8536, 4050, 4004, 5422, 9282, 3394, 9745, 4766, 7795, 3290, 8221, 4675, 5859, 5013, 3897, 2882, 881, 5430, 7204, 5248, 1739, 9960, 359, 8778, 7914, 4142, 5054, 6127, 7352, 7419, 826, 5103, 6027, 1983, 268, 1904, 6307, 6274, 4594, 2679, 7739, 9224, 5286, 129, 7950, 7210, 8837, 7716, 7499, 1345, 6713, 241, 982, 8911, 8999, 862, 7627, 4744, 7348, 9538, 4880, 6583, 326, 6603, 9803, 2775, 2899, 137, 9778, 9234, 8660, 5540, 9865, 9905, 1872, 9744, 9613, 9135, 6800, 5950, 4887, 5405, 814, 1183, 7624, 5029, 7603, 9713, 112, 1204, 2421, 7669, 7002, 5461, 3953, 6508, 7128, 700, 581, 9785, 9709, 2005, 8874, 6048, 5536, 4364, 4322, 4957, 6813, 3977, 9452, 9426, 9565, 8505, 9151, 8922, 2559, 8396, 3979, 7455, 4068, 7816, 4214, 1536, 8474, 4091, 6264, 6521, 4256, 1274, 5918, 738, 8436, 1509, 8727, 5328, 5839, 5798, 9589, 7709, 4570, 407, 634, 8368, 6204, 8033, 6228, 2557, 8013, 3997, 5912, 2436, 1791, 1753, 959, 7861, 3706, 7130, 2919, 7406, 6821, 8036, 9441, 3643, 7299, 5323, 4769, 2854, 4419, 1056, 6326, 3073, 9896, 8360, 6379, 8451, 7579, 9644, 9488, 8700, 7749, 1345, 3983, 179, 7719, 3539, 4001, 4639, 3223, 6256, 8177, 1208, 4529, 4250, 9827, 8407, 7472, 8922, 4642, 3979, 3516, 7258, 8710, 5500, 1682, 4544, 1092, 2286, 6725, 474, 9007, 2505, 1453, 3474, 2449, 3628, 6918, 3191, 7020, 1549, 6317, 4201, 5390, 143, 5961, 8942, 6659, 4988, 3868, 6599, 4517, 3408, 2410, 714, 3473, 6852, 3312, 792, 8402, 5457, 5705, 2555, 2170, 5388, 1930, 8227, 4633, 3845, 9515, 6327, 3551, 1088, 170, 430, 7447, 4226, 2313, 4174, 9209, 3234, 183, 5260, 2597, 1107, 1891, 2646, 3871, 3374, 3237, 3298, 3693, 9668, 836, 2962, 9125, 7471, 8883, 3188, 1924, 5274, 723, 3093, 9791, 9556, 5964, 8730, 9109, 575, 8963, 37, 7219, 7593, 2407, 5917, 3762, 9772, 7151, 437, 991, 234, 5519, 9081, 9593, 4330, 5399, 7756, 6430, 6440, 6632, 896, 7234, 3311, 1350, 4054, 9242, 6033, 9716, 7882, 7422, 9002, 1994, 1810, 3325, 5219, 6984, 4394, 2114, 417, 5769, 3396, 8996, 3530, 7513, 4564, 8233, 1160, 3679, 7925, 6820, 2068, 7567, 4497, 3594, 7824, 5781, 4883, 7613, 8674, 9191, 5438, 5898, 5189, 6416, 5426, 9570, 5614, 2967, 8835, 799, 4978, 3535, 8807, 441, 1370, 806, 9067, 3307, 7483, 913, 5234, 481, 4760, 5365, 3046, 4512, 7317, 3363, 109, 8990, 7009, 9143, 6900, 5993, 3606, 8056, 8942, 9191, 3582, 5470, 2774, 4060, 8239, 3656, 800, 91, 6492, 6129, 6240, 274, 7021, 7949, 1565, 77, 9458, 9077, 8767, 4136, 1066, 9105, 3720, 56, 6886, 375, 3059, 5531, 3298, 2842, 7484, 7818, 3034, 2621, 1540, 6122, 991, 5433, 1503, 1402, 1058, 4741, 8577, 22, 132, 1591, 5848, 7509, 467, 657, 917, 6289, 5370, 6092, 8682, 7125, 9947, 8487, 3250, 7434, 1781, 8309, 1513, 615, 5640, 9635, 6057, 2934, 2810, 8261, 311, 4044, 4603, 9562, 9106, 5734, 7723, 9138, 8777, 1640, 5404, 9074, 3368, 9944, 1319, 3135, 508, 8962, 8792, 2385, 6378, 9847, 4915, 5099, 5561, 5184, 4143, 5800, 3514, 5440, 6517, 5398, 3406, 5742, 3245, 9252, 5936, 983, 6230, 1151, 9950, 4711, 6575, 2252, 9280, 6092, 625, 232, 7371, 1171, 1886, 787, 2155, 6900, 2605, 5440, 7570, 387, 2827, 6069, 8978, 162, 5314, 9271, 8697, 2750, 9560, 4923, 3717, 2344, 9215, 205, 4035, 6411, 9595, 387, 3589, 3022, 1443, 4140, 7128, 7491, 8381, 3833, 9189, 762, 5827, 7218, 9043, 6969, 2829, 6636, 6919, 3738, 4111, 608, 6569, 8311, 9060, 2743, 7411, 4561, 7236, 4665, 6153, 9629, 429, 6613, 2378, 3136, 2043, 6348, 8793, 4557, 5343, 2929, 1897, 5096, 6010, 4025, 5346, 9146, 7748, 8035, 8328, 8504, 520, 2622, 6263, 3285, 7473, 3611, 9799, 6532, 9101, 999, 8106, 4254, 2880, 7308, 5965, 3708, 9088, 3015, 7669, 2048, 945, 291, 1521, 3127, 4781, 2329, 1211, 1028, 4419, 3971, 141, 5356, 4702, 868, 1559, 6088, 8310, 2419, 61, 3157, 9761, 5538, 6078, 9311, 6518, 1967, 5919, 179, 3389, 5991, 3268, 3027, 2122, 5696, 2379, 8253, 1847, 7955, 6433, 2239, 5768, 6282, 790, 3017, 1731, 2196, 2563, 1665, 229, 1322, 700, 6091, 1347, 6312, 5087, 6128, 487, 5089, 3737, 1238, 6394, 2845, 196, 8747, 1808, 6872, 2214, 5953, 4004, 5671, 1104, 8860, 9442, 2967, 8370, 9167, 2733, 536, 9248, 2288, 111, 7099, 4036, 7815, 6974, 1235, 8134, 5718, 1871, 1259, 1858, 5512, 7367, 8965, 6160, 5395, 1741, 1314, 6526, 5997, 7036, 6789, 5291, 6130, 326, 7435, 2984, 4174, 8540, 7923, 2884, 5225, 5752, 8284, 5323, 8635, 1226, 1543, 4175, 6421, 2852, 1662, 7617, 6691, 5578, 1008, 5664, 1312, 8127, 4098, 7357, 1700, 4881, 2022, 4634, 2003, 2167, 5746, 1446, 774, 7687, 4180, 8964, 6998, 9150, 3768, 2675, 9095, 4719, 1470, 3102, 71, 9276, 2936, 7535, 9291, 9815, 8729, 3141, 6216, 545, 3704, 5371, 6297, 426, 798, 8128, 6729, 8783, 8674, 5973, 8932, 6385, 6067, 8553, 6587, 3058, 8190, 2960, 3817, 5561, 1874, 2777, 1765, 5816, 2335, 1076, 4172, 2140, 3639, 1988, 8364, 6430, 570, 1065, 6638, 328, 4254, 8485, 7208, 2938, 4886, 6112, 3827, 7092, 3466, 1197, 8227, 5266, 9858, 987, 5311, 7923, 6484, 4685, 3913, 5734, 6395, 1533, 4915, 4059, 2234, 4400, 6367, 1218, 7939, 5058, 4233, 1593, 6612, 5255, 6291, 6564, 4831, 4167, 5985, 1769, 9980, 6366, 8567, 6408, 408, 9738, 4162, 9191, 2372, 9226, 2719, 5993, 2636, 1029, 8238, 8373, 6876, 4337, 7139, 430, 1929, 2082, 1631, 6814, 3500, 4654, 5297, 5651, 2180, 6229, 2288, 9360, 5969, 2203, 8497, 9620, 8673, 1154, 3041, 2404, 2617, 4891, 4076, 2176, 3109, 8516, 8837, 2878, 4242, 4618, 2811, 9600, 947, 7831, 5491, 9409, 1417, 3378, 6177, 2207, 1064, 3566, 6780, 8348, 3366, 8064, 6451, 1711, 3253, 7902, 1478, 6399, 6550, 7169, 4744, 1678, 4861, 5498, 2710, 5168, 8604, 2898, 3350, 4329, 9419, 1005, 2717, 8773, 2081, 8101, 690, 5077, 6691, 5807, 3797, 2285, 7054, 6177, 521, 4253, 9221, 152, 4799, 1650, 3005, 7307, 2926, 6158, 4970, 5920, 906, 440, 2382, 3946, 8927, 8763, 9682, 9173, 2717, 9821, 6848, 8262, 4166, 3006, 2211, 6061, 6558, 6763, 4722, 256, 9096, 3937, 8391, 1447, 7685, 1345, 1481, 4687, 3754, 3135, 5019, 9443, 8693, 4531, 8656, 8200, 2831, 5965, 9579, 5472, 9464, 4441, 4196, 6317, 3751, 493, 8246, 6133, 5907, 8029, 7763, 2275, 9435, 2533, 3327, 1454, 1613, 2178, 8810, 327, 1146, 6913, 9514, 4514, 3765, 668, 6361, 1770, 2565, 1373, 4395, 6302, 4485, 2480, 2317, 4784, 9280, 7912, 9273, 7443, 5866, 7823, 323, 8278, 1128, 9916, 9601, 2506, 4192, 405, 6119, 2485, 3631, 6249, 6745, 2817, 9097, 5033, 9219, 9322, 5263, 1319, 1012, 1483, 1146, 5441, 7651, 4576, 6166, 4106, 3351, 149, 1563, 98, 3719, 6158, 4301, 9561, 7873, 5131, 9545, 8518, 4536, 9212, 1310, 4887, 877, 804, 3689, 4778, 8566, 5869, 5980, 5184, 6075, 3069, 1918, 612, 8255, 1171, 6440, 404, 6997, 7255, 2577, 9904, 6029, 311, 6924, 754, 2932, 9827, 8238, 6598, 707, 3998, 5239, 7394, 1665, 6332, 2638, 7547, 7138, 6545, 6197, 7011, 217, 6691, 7327, 8714, 7652, 6047, 2915, 1951, 5340, 6553, 5032, 8420, 5348, 7327, 7921, 9578, 7673, 7079, 8566, 5924, 5130, 6123, 3358, 8666, 9613, 930, 5756, 3470, 6779, 350, 4167, 1778, 6948, 780, 7667, 8384, 8372, 7035, 2544, 1799, 3993, 924, 3624, 9315, 8801, 8446, 673, 6297, 5615, 6015, 5398, 1156, 9082, 1007, 8248, 4128, 3111, 7007, 8392, 1075, 7286, 6005, 4495, 2279, 9770, 2221, 4953, 1771, 724, 2731, 5163, 72, 8107, 9591, 1824, 9323, 7877, 6555, 3099, 7288, 9816, 670, 8759, 694, 6893, 8508, 5340, 819, 7450, 3793, 6087, 6654, 8557, 2721, 7219, 8116, 3881, 5326, 2752, 1084, 7356, 371, 4105, 4895, 7864, 7157, 1167, 6966, 4276, 9397, 9862, 3895, 2071, 819, 5273, 8502, 414, 78, 8133, 2445, 5478, 3655, 5963, 7301, 2120, 8515, 7472, 5273, 2285, 1762, 7914, 1706, 7033, 43, 8331, 4900, 5225, 4693, 484, 1163, 4495, 1026, 948, 8670, 7367, 7577, 6508, 2947, 2028, 8891, 9703, 3651, 369, 9216, 9557, 1234, 8192, 3289, 3648, 4917, 9150, 2944, 9862, 44, 3167, 5466, 4342, 2915, 5252, 3629, 385, 4482, 9819, 7256, 5109, 1670, 5529, 1304, 6259, 7417, 6508, 2103, 154, 2723, 6377, 4109, 2948, 9302, 4595, 7052, 6876, 8380, 8565, 2634, 2486, 775, 3281, 2779, 1782, 9159, 2559, 2271, 5409, 8705, 4745, 3825, 7169, 2441, 5275, 5605, 9618, 7334, 2750, 4467, 3781, 7754, 543, 2143, 6522, 3319, 3518, 131, 4570, 1264, 4683, 3288, 3954, 1415, 1796, 1160, 751, 5369, 7310, 7347, 647, 6782, 3511, 50, 2994, 7, 2184, 9339, 815, 2786, 2831, 966, 8982, 132, 8357, 8245, 1438, 6264, 956, 6949, 8860, 2609, 5438, 5554, 1155, 506, 3353, 3284, 715, 1646, 4912, 9210, 3433, 4954, 4679, 6231, 8764, 1437, 9759, 5195, 5615, 7692, 4960, 344, 4905, 6380, 8799, 3769, 8146, 3789, 2827, 4205, 5162, 4446, 2517, 530, 4427, 7162, 4662, 6952, 4402, 6071, 6704, 6015, 1205, 3034, 5892, 6371, 1944, 6835, 6439, 4278, 1496, 9111, 6560, 2320, 3580, 1052, 1754, 3604, 7994, 1956, 2465, 7721, 6462, 4621, 7836, 88, 1420, 3620, 8249, 4296, 2580, 9237, 2698, 6002, 5666, 1640, 26, 2838, 6486, 9129, 914, 9924, 1650, 6245, 5373, 8706, 8283, 9859, 8368, 7081, 4117, 8689, 3129, 3879, 7139, 9690, 6536, 7384, 3310, 8068, 7457, 8958, 1816, 3074, 7789, 8560, 7155, 7755, 8103, 1281, 4832, 118, 4257, 1208, 917, 6715, 9491, 9910, 651, 899, 7605, 475, 5647, 7296, 5544, 9913, 9372, 165, 9056, 4610, 3471, 2944, 3219, 9862, 1570, 4658, 7611, 6179, 4673, 8677, 2627, 9267, 2776, 835, 1551, 9052, 7436, 6421, 7315, 8581, 6247, 2475, 113, 3884, 6204, 3389, 838, 7517, 4943, 6852, 3276, 8945, 722, 7482, 9760, 9963, 9268, 454, 2557, 3801, 7276, 583, 3138, 9107, 992, 4593, 8114, 8292, 6728, 8897, 9805, 7612, 3972, 7697, 1463, 6261, 4380, 7257, 1140, 5524, 6526, 7876, 7488, 5808, 4026, 9610, 5414, 94, 354, 4232, 662, 1450, 2807, 9226, 2026, 7186, 2937, 8685, 2999, 4206, 3924, 2862, 7101, 2386, 7511, 9432, 5772, 945, 7825, 4598, 9320, 1456, 3382, 9235, 3325, 6516, 1458, 8949, 3710, 762, 3710, 790, 2455, 4832, 930, 2179, 6463, 9399, 4643, 8064, 3029, 8779, 6687, 5810, 7427, 6110, 9973, 5182, 8174, 4737, 8582, 9932, 4429, 6783, 2765, 1549, 2965, 6297, 2348, 4247, 1977, 2494, 5438, 3447, 8717, 8939, 4046, 7980, 9471, 6692, 2512, 2233, 6001, 3686, 2023, 1425, 1461, 2188, 6564, 6676, 9895, 4692, 1041, 3295, 3315, 3207, 714, 1034, 8138, 2996, 3309, 4004, 9395, 9460, 2270, 7777, 420, 6323, 1347, 568, 7612, 7670, 4439, 3337, 9325, 4095, 1542, 3580, 5966, 755, 9, 6101, 5739, 336, 6395, 7632, 3764, 2587, 6972, 162, 5098, 3782, 3665, 6341, 6721, 9746, 9360, 2485, 7953, 1082, 6657, 4335, 6519, 2717, 124, 7678, 5872, 8766, 9066, 5928, 3517, 2283, 8236, 6921, 9714, 6548, 1996, 9135, 8085, 7497, 3711, 8100, 8998, 3978, 9164, 6397, 2944, 8069, 8980, 9442, 6755, 4728, 4817, 7833, 6805, 5480, 3553, 1903, 5828, 4135, 7851, 8647, 5237, 3985, 3895, 2144, 1895, 2073, 8315, 2985, 2908, 424, 8993, 5119, 3987, 868, 5987, 7125, 3646, 2414, 5935, 9644, 7430, 7116, 7998, 5930, 8517, 9625, 4680, 4368, 9281, 4262, 2019, 4598, 2654, 3132, 7733, 5219, 9926, 148, 3485, 4626, 2649, 1531, 2338, 7201, 8425, 4890, 434, 1948, 2040, 3456, 7341, 4841, 4496, 3221, 6136, 2797, 7248, 9142, 7197, 1338, 5955, 432, 7339, 9902, 1102, 638, 8738, 5635, 192, 2899, 7430, 8437, 4263, 3377, 5375, 6623, 1832, 5333, 9969, 9069, 4970, 58, 5987, 4367, 6128, 3554, 9191, 3930, 9201, 6935, 5860, 5911, 5739, 8680, 572, 8353, 5789, 9986, 9883, 3020, 8439, 5455, 8491, 5816, 2404, 5806, 951, 311, 108, 4829, 6641, 2032, 9042, 7166, 9725, 9853, 9442, 9977, 5266, 7466, 6709, 6552, 5149, 6052, 95, 5866, 5414, 7107, 8718, 5240, 6957, 4588, 9363, 4387, 2244, 5951, 936, 1571, 1777, 6818, 8387, 357, 9662, 4260, 7400, 9739, 5436, 4787, 428, 4754, 67, 8100, 876, 4263, 6377, 8801, 9900, 3143, 4633, 9643, 6607, 5102, 4444, 9076, 7057, 8705, 1570, 8730, 6515, 7373, 5957, 4003, 2366, 8604, 6338, 2776, 7738, 7551, 3002, 4609, 4150, 2776, 8044, 3863, 7556, 8440, 2212, 510, 5052, 7102, 1271, 5960, 4939, 1337, 8264, 7008, 7291, 2947, 9396, 5294, 9282, 3156, 8760, 3873, 8372, 5566, 1111, 3035, 9351, 3184, 5021, 5942, 3437, 9572, 8031, 2759, 1093, 1471, 6751, 4429, 3782, 4175, 1430, 1012, 4291, 9265, 2027, 2311, 3043, 8703, 3174, 2424, 1772, 7245, 7207, 8913, 2126, 3331, 2105, 6284, 923, 8723, 4807, 5463, 9713, 8522, 5325, 3125, 221, 3403, 1476, 2500, 1244, 9292, 4986, 9802, 1015, 5547, 3225, 2509, 1113, 9315, 3575, 1424, 8561, 8971, 8346, 7033, 9323, 7020, 867, 8722, 1289, 6979, 4893, 3886, 1157, 609, 9773, 6543, 9086, 1802, 5235, 5893, 1240, 1845, 5186, 5561, 5927, 1656, 7607, 6543, 512, 9070, 3700, 3018, 6862, 8264, 9843, 8187, 7458, 7891, 2265, 6834, 623, 6349, 5780, 307, 4718, 3385, 5574, 2374, 1706, 3112, 6588, 8130, 4110, 1419, 6465, 75, 2072, 4463, 6276, 328, 8042, 1283, 7369, 4446, 1317, 1824, 1739, 1966, 7170, 5892, 7573, 744, 3741, 3730, 2422, 6856, 8643, 4839, 1345, 4752, 1327, 5593, 8493, 403, 1998, 7499, 2129, 7834, 7728, 9125, 7013, 4330, 9251, 7189, 5958, 1790, 7359, 759, 2316, 2491, 7019, 2962, 4618, 748, 7210, 6952, 9335, 620, 293, 1358, 5914, 8796, 1984, 6355, 9627, 9447, 8611, 211, 4789, 9780, 7498, 7892, 3451, 6839, 7037, 1139, 1631, 3552, 9774, 5132, 7340, 8347, 5213, 3615, 5987, 8926, 7234, 3292, 5895, 8526, 6650, 6115, 1856, 1714, 6224, 9689, 8480, 1734, 2699, 1737, 9184, 4447, 1169, 4320, 4137, 3507, 9471, 4865, 9944, 4998, 5280, 3668, 9530, 1672, 9050, 5627, 5194, 5009, 5815, 950, 5175, 8084, 1300, 2790, 6229, 5719, 3260, 6080, 7301, 5613, 8038, 2883, 7812, 589, 90, 6992, 7026, 552, 5856, 3488, 9888, 6267, 6153, 4128, 7484, 4957, 3505, 7438, 5837, 9552, 6043, 6617, 4539, 8458, 1912, 1536, 5027, 4298, 4403, 1183, 9596, 4070, 9199, 674, 5999, 7274, 8473, 1003, 7198, 4360, 8272, 9789, 3808, 5849, 9410, 2298, 2702, 3233, 8557, 582, 1565, 5016, 3293, 2667, 14, 2681, 7673, 5784, 6061, 7896, 7617, 7146, 577, 8078, 7177, 48, 1920, 178, 2241, 1670, 326, 1267, 1049, 6952, 6666, 1278, 3101, 4874, 3772, 7684, 6777, 692, 3530, 609, 6612, 4560, 2173, 704, 3615, 2595, 1826, 3305, 3153, 3807, 6915, 8331, 1076, 5053, 3945, 2320, 8788, 3671, 2381, 7368, 4774, 4517, 7463, 8277, 9787, 9741, 5045, 2234, 3500, 2877, 372, 7977, 2173, 9750, 7500, 5893, 9945, 4378, 2285, 402, 6277, 983, 5399, 6156, 5639, 256, 354, 2666, 8549, 2367, 9624, 4030, 4913, 4323, 8759, 5106, 5208, 2622, 1465, 7378, 3131, 5689, 7019, 6994, 3199, 8636, 8291, 1953, 3906, 5605, 7332, 47, 6223, 4675, 1471, 9759, 6107, 5092, 7409, 8349, 617, 7192, 8408, 7619, 2291, 4754, 4308, 1281, 3834, 9309, 4818, 52, 6049, 6080, 9361, 6223, 1022, 2359, 2380, 4455, 6576, 3370, 6476, 1169, 8751, 8480, 9039, 3137, 119, 2479, 2178, 9536, 4112, 4256, 2526, 1986, 5499, 8654, 7102, 8396, 798, 4882, 9222, 3469, 3618, 3465, 1568, 864, 8867, 179, 8336, 8856, 9386, 3118, 1786, 5572, 7299, 2442, 3690, 2269, 7173, 4008, 1, 3820, 3421, 5900, 2596, 6010, 820, 780, 6552, 3149, 8182, 5835, 4947, 783, 5471, 8913, 9764, 3236, 8081, 1845, 5232, 2733, 3807, 5596, 3250, 3900, 1881, 2229, 9018, 3917, 834, 3079, 8786, 9237, 2546, 1002, 2736, 9195, 7854, 9334, 3835, 528, 6395, 9041, 1608, 10000, 3299, 2839, 8157, 8141, 3507, 7026, 4164, 7473, 8902, 8508, 542, 2667, 6425, 6410, 741, 1602, 2363, 8019, 3469, 3955, 9208, 4668, 3630, 4540, 7607, 3295, 7307, 8692, 489, 7856, 4033, 330, 1893, 5454, 1871, 8416, 7048, 5582, 4362, 4065, 8162, 9825, 8549, 1199, 972, 4000, 6186, 9655, 1158, 6448, 7907, 5755, 6435, 1512, 9371, 9200, 9508, 3992, 4351, 6867, 5214, 8597, 5392, 2143, 6781, 2736, 7611, 2409, 7257, 61, 9720, 3266, 994, 9985, 9102, 9809, 435, 9825, 6646, 2308, 3658, 4011, 3880, 3913, 5706, 7347, 6527, 9799, 128, 7896, 8769, 2952, 4632, 5860, 4410, 6858, 9395, 4787, 1042, 286, 8424, 9525, 9213, 8780, 7577, 3413, 7576, 7830, 1954, 458, 9976, 427, 7460, 6708, 103, 8466, 435, 5470, 2753, 4588, 3926, 6600, 7981, 8300, 2923, 3871, 8545, 6059, 3341, 5228, 296, 1489, 7422, 8993, 6178, 7338, 930, 5736, 6210, 7225, 9600, 2083, 4258, 2048, 2922, 1447, 2823, 786, 9133, 9907, 3374, 1839, 5332, 1821, 8128, 4654, 2732, 6502, 9615, 8886, 5988, 8356, 389, 4934, 8849, 5303, 6362, 3477, 8091, 2541, 8452, 5582, 1906, 2310, 398, 9770, 6802, 4536, 8425, 6830, 9807, 7511, 6551, 5579, 1142, 1989, 9346, 3753, 6055, 7704, 4607, 74, 1702, 316, 609, 6038, 6236, 4077, 6825, 566, 6536, 4103, 9423, 3250, 8059, 6651, 442, 6624, 347, 2851, 2737, 5087, 7709, 6085, 6813, 1665, 3173, 2763, 5956, 6374, 2383, 2343, 8566, 1670, 1202, 3553, 1065, 6940, 9430, 6939, 9947, 9912, 9717, 1015, 3931, 1043, 1852, 8714, 5374, 1025, 4682, 3987, 3168, 250, 3785, 7930, 8979, 6697, 4127, 5975, 8228, 2424, 1836, 4215, 8769, 2533, 7146, 3390, 1451, 6832, 4482, 1309, 3178, 6384, 2162, 4854, 5584, 1796, 4360]
List Size: 3000
Insertion Sort Time: 501.320000 milliseconds
Merge Sort Time: 17.277600 milliseconds
Built-in Sort Time: 0.521300 milliseconds

Original List: [890, 4990, 5879, 7842, 8586, 9876, 900, 9206, 1389, 6585, 217, 1576, 2909, 8892, 6994, 7913, 4780, 1462, 849, 7256, 2481, 1696, 6730, 1503, 7355, 6545, 9746, 1211, 1695, 8865, 267, 8118, 9432, 7622, 9580, 5007, 4717, 1041, 7815, 8839, 4801, 5869, 7533, 8229, 6135, 7787, 1790, 3839, 2077, 1765, 7284, 9895, 20, 5440, 2990, 5726, 7361, 3073, 5822, 7918, 3111, 8039, 7400, 9241, 5102, 413, 489, 903, 2548, 3173, 8352, 9592, 5165, 1264, 4589, 9219, 9625, 3823, 7318, 5821, 8673, 4313, 697, 6166, 9642, 7852, 5626, 8801, 1016, 652, 9961, 9449, 5339, 8087, 8382, 2397, 7422, 7405, 8178, 5126, 4393, 2116, 9823, 4874, 3067, 5680, 9261, 4982, 3652, 3506, 3960, 1561, 424, 9496, 7237, 217, 4821, 7637, 4395, 6935, 7044, 1462, 4217, 1355, 2513, 2355, 8672, 3738, 6323, 6864, 4762, 6967, 978, 6668, 8684, 869, 2910, 8422, 5177, 8115, 9187, 3442, 8403, 3388, 7804, 6600, 6498, 7280, 5463, 9395, 258, 6222, 8242, 7834, 3516, 3025, 5332, 7134, 9082, 1035, 1553, 9512, 3337, 5008, 8873, 326, 7812, 2913, 8300, 8524, 6866, 1651, 9608, 8413, 282, 1283, 8697, 6310, 6537, 1144, 850, 8648, 4737, 9291, 4281, 1676, 8759, 9294, 404, 5364, 7684, 5002, 4496, 1615, 1678, 5802, 1648, 3221, 5646, 2678, 9701, 9282, 4772, 5609, 3554, 3665, 187, 3145, 6580, 1008, 1614, 2591, 8501, 6436, 9099, 5590, 9759, 4265, 3564, 3390, 1784, 7137, 2552, 1482, 1374, 254, 8497, 5615, 9593, 1024, 9851, 7228, 2493, 3222, 6214, 2564, 8593, 7344, 8928, 742, 9140, 821, 7523, 1320, 9265, 9266, 6921, 5555, 4505, 3260, 6691, 928, 8898, 3010, 2658, 752, 8151, 238, 5526, 9548, 3461, 4135, 9861, 7455, 6463, 9015, 2579, 831, 1158, 8798, 7475, 3977, 318, 6410, 5706, 3791, 841, 7519, 9144, 7583, 5313, 1823, 5262, 8616, 444, 4453, 194, 2290, 6425, 1085, 9640, 1612, 482, 393, 5890, 9113, 404, 136, 2355, 6763, 8078, 2220, 3096, 4456, 2096, 5550, 5280, 6302, 6039, 1553, 7914, 6915, 9221, 6392, 3138, 4262, 3250, 8659, 6266, 4822, 6246, 908, 5499, 8668, 6398, 7200, 5339, 7689, 1567, 9679, 3395, 2296, 7441, 6914, 1394, 8097, 6427, 7320, 8080, 5723, 2420, 5340, 5762, 94, 7831, 8544, 8466, 9420, 8679, 6521, 6080, 8528, 3853, 6325, 9011, 8279, 460, 3337, 6963, 7086, 7293, 7176, 421, 8802, 8831, 937, 9212, 8874, 2671, 7523, 135, 5049, 9025, 6596, 5313, 5475, 3949, 9236, 3020, 4956, 2743, 6650, 9848, 9587, 3238, 5206, 619, 4294, 6451, 1766, 8224, 1053, 9827, 1287, 4630, 716, 2143, 3546, 1802, 3887, 5931, 1970, 7878, 7652, 2603, 9092, 7635, 7696, 541, 6085, 764, 8870, 5628, 1066, 6356, 2328, 2669, 4746, 2742, 2679, 208, 5852, 3007, 5457, 2852, 7266, 2281, 9593, 3821, 4471, 9389, 8494, 9633, 6637, 5469, 118, 2973, 4508, 694, 1324, 7363, 6193, 3416, 6628, 6456, 4199, 7487, 1347, 9606, 6219, 9732, 4156, 8751, 1483, 3200, 1073, 3039, 8027, 4455, 5420, 8325, 2257, 8014, 9796, 7436, 5840, 9353, 8030, 1540, 2840, 5296, 8036, 3440, 7903, 9325, 4336, 217, 8494, 195, 6502, 1453, 9484, 1887, 3630, 732, 2180, 5482, 4494, 3788, 2457, 8146, 4839, 7874, 7084, 7208, 1420, 5598, 6297, 9969, 5403, 7354, 415, 9016, 868, 8488, 4698, 6978, 8518, 5893, 1535, 4282, 3063, 7988, 690, 6559, 5604, 1580, 5788, 3629, 2598, 1256, 7412, 2400, 3721, 7755, 9151, 7020, 8249, 3988, 7952, 9958, 7979, 3461, 993, 183, 3441, 8491, 8057, 1364, 5189, 6926, 2799, 4877, 3212, 4519, 3100, 4628, 3391, 5217, 6096, 392, 9097, 3832, 2294, 9176, 394, 8691, 6021, 7676, 7057, 9374, 9210, 4987, 4967, 202, 1541, 9508, 5532, 6810, 105, 7861, 971, 9423, 2254, 2180, 3177, 2247, 6389, 5973, 8514, 3202, 1527, 6329, 4229, 6388, 9070, 3895, 5882, 7742, 2887, 735, 2001, 7233, 4747, 1924, 3687, 9694, 3794, 7718, 9691, 6531, 6307, 5378, 6204, 7203, 8182, 4450, 9990, 1959, 3054, 8603, 2240, 5807, 2194, 8251, 5184, 1877, 4705, 2932, 1095, 8935, 4177, 5174, 6783, 1892, 287, 7754, 510, 958, 5077, 9325, 6834, 9638, 9945, 9239, 285, 9462, 5424, 1812, 4334, 5254, 2443, 6927, 6307, 8442, 6260, 4812, 1156, 6694, 3735, 2520, 7127, 113, 3056, 6927, 2509, 9501, 980, 9319, 2754, 4565, 9411, 3961, 1264, 2348, 3035, 2071, 5955, 6816, 8734, 6731, 3541, 8315, 8643, 1888, 8606, 4640, 2794, 4603, 8711, 7405, 6571, 7449, 8125, 4548, 6315, 5262, 1419, 1298, 6201, 9014, 7965, 7747, 8596, 5449, 3753, 8782, 7534, 6234, 3979, 7641, 3216, 7968, 1406, 104, 5603, 1987, 5236, 684, 1283, 6544, 6402, 4629, 9956, 4315, 8355, 8537, 4304, 4334, 3628, 9802, 4226, 7129, 1074, 7093, 7555, 741, 3593, 8228, 3102, 7394, 5978, 7954, 1112, 6401, 2061, 4746, 9009, 2815, 4649, 986, 4782, 3783, 2965, 4989, 2418, 496, 4389, 5968, 3438, 8810, 6953, 4374, 1148, 6001, 4848, 7963, 9301, 4647, 6434, 8188, 3237, 1460, 4618, 649, 4283, 7314, 51, 3283, 1505, 2939, 5720, 4655, 8390, 2629, 1588, 9787, 9043, 284, 2966, 2115, 9193, 8189, 7921, 8153, 3814, 588, 4717, 9476, 6762, 5259, 5623, 7138, 2219, 4704, 903, 1717, 8951, 2890, 7180, 3107, 2771, 251, 1214, 3041, 2184, 4245, 1069, 7078, 5815, 9724, 6372, 8604, 2768, 9289, 7098, 5884, 3752, 5679, 5943, 4367, 2822, 5077, 9539, 3210, 5521, 4983, 5210, 3982, 6394, 133, 1646, 9045, 6198, 567, 9423, 6676, 514, 2875, 4672, 3233, 2870, 9457, 1365, 6253, 5254, 6655, 7356, 9346, 3643, 6120, 8541, 8346, 7345, 394, 2136, 5589, 2029, 8541, 3352, 427, 2243, 7510, 3981, 8876, 1798, 4135, 7608, 1438, 3082, 4879, 3718, 9223, 6311, 7027, 6674, 1646, 6946, 7180, 8665, 2551, 9068, 5130, 1133, 1749, 2152, 3091, 2360, 3623, 6969, 309, 8492, 3535, 199, 2170, 5171, 844, 8274, 9887, 8256, 4233, 9970, 2557, 1183, 4009, 6138, 5214, 8460, 5668, 4036, 3821, 1149, 1618, 3228, 1818, 5627, 772, 3096, 7618, 5702, 5081, 7735, 2675, 1602, 8362, 1783, 4073, 1583, 5477, 7935, 3829, 8228, 5054, 7432, 2241, 7996, 1728, 3522, 9911, 1896, 8743, 2498, 6654, 4558, 1840, 1159, 924, 3899, 1674, 7427, 6404, 7541, 1278, 323, 1125, 4039, 6909, 484, 2240, 8072, 7506, 1497, 7998, 8907, 21, 8193, 4703, 6093, 4542, 6600, 140, 7933, 4729, 1319, 810, 3198, 7171, 6505, 5998, 6222, 1219, 8871, 4597, 58, 771, 2952, 4436, 8544, 9405, 9876, 2055, 9985, 4585, 1089, 8039, 7624, 1571, 8996, 6395, 3199, 3969, 3261, 8122, 1171, 885, 7212, 1823, 8285, 6701, 5055, 633, 6945, 123, 4851, 7529, 7214, 9930, 9931, 1344, 3517, 8159, 8707, 687, 6222, 5290, 2918, 2437, 681, 175, 4533, 1642, 6662, 8820, 4030, 8281, 3990, 6905, 8269, 6437, 1341, 756, 8589, 8174, 4438, 1430, 5519, 5955, 1994, 8128, 6589, 9068, 6210, 3946, 8292, 5033, 6129, 6997, 5334, 1677, 4948, 5051, 4345, 8442, 7910, 8058, 1954, 6785, 5795, 2748, 9359, 1888, 4201, 1592, 2637, 4302, 4256, 1028, 5232, 1834, 9264, 3977, 6020, 8316, 8267, 7994, 386, 1539, 8558, 4605, 7433, 6223, 1061, 5380, 2, 7113, 3980, 4154, 7902, 3084, 2263, 8753, 8352, 6032, 9288, 402, 8951, 3714, 7587, 882, 5910, 5461, 7375, 2299, 8063, 5484, 704, 8097, 6866, 4212, 345, 8520, 8662, 2940, 2326, 2562, 1253, 665, 9421, 4450, 5214, 4512, 6398, 43, 4508, 8911, 3377, 5172, 1051, 6406, 9177, 7920, 425, 3597, 2957, 2509, 3857, 1044, 1697, 5495, 6166, 8545, 7590, 1785, 606, 9079, 2030, 4860, 72, 8051, 5066, 4196, 577, 452, 8742, 6379, 4267, 6340, 5054, 6642, 8413, 7530, 7914, 5110, 2988, 3937, 9893, 7914, 3632, 6383, 4707, 7854, 5537, 7904, 2373, 6865, 5932, 6539, 3706, 7488, 8110, 8112, 609, 5731, 3640, 1185, 1910, 1123, 4750, 2201, 6951, 2351, 719, 7967, 221, 9312, 7204, 31, 599, 7990, 3210, 5595, 3486, 520, 7479, 3787, 5986, 8511, 8088, 4418, 2061, 1116, 1039, 1247, 7681, 9820, 4392, 6702, 985, 4101, 4685, 125, 6622, 4767, 4341, 5405, 6860, 7841, 5148, 6190, 2066, 5341, 164, 2792, 4362, 7393, 3558, 8645, 1335, 1769, 1473, 8187, 9343, 7151, 9600, 1402, 2198, 4035, 4521, 7977, 7732, 2985, 5302, 733, 4404, 4889, 3205, 1225, 9548, 6617, 4256, 5145, 5570, 8848, 5741, 975, 8501, 9834, 6242, 1474, 5723, 3449, 6574, 6021, 6629, 8925, 8458, 8400, 5120, 9906, 4434, 7280, 4274, 44, 7002, 9573, 9903, 7277, 6573, 8292, 4678, 740, 3404, 1476, 8130, 7794, 2417, 808, 3598, 9940, 9365, 9057, 9139, 6897, 8184, 5373, 1309, 9150, 7497, 5733, 5853, 3379, 877, 8674, 9705, 6215, 8984, 9684, 1880, 2939, 4895, 2649, 2912, 1562, 2336, 3089, 1235, 3654, 2284, 8968, 7271, 804, 1589, 7387, 1302, 9721, 6099, 6120, 7901, 9221, 6843, 2716, 4602, 907, 983, 5822, 9277, 6647, 1531, 6213, 691, 3205, 4156, 9293, 9520, 9076, 282, 3490, 5216, 677, 9249, 6129, 6358, 5325, 421, 7160, 9150, 7630, 1626, 8977, 3458, 6999, 7850, 1096, 4876, 4388, 5166, 7401, 3969, 2086, 420, 5963, 1531, 2614, 913, 376, 7022, 9171, 1689, 2672, 9694, 5714, 7079, 4178, 2085, 2439, 7265, 6342, 4629, 2980, 3580, 3041, 4021, 9437, 2554, 3658, 1558, 7218, 6032, 7838, 3346, 5208, 9278, 173, 7383, 7804, 6768, 8526, 5945, 8046, 8240, 4760, 14, 7666, 4391, 2020, 9467, 5827, 2798, 7527, 3963, 9564, 7750, 2188, 861, 9261, 1876, 9367, 9030, 9590, 3976, 6044, 6319, 336, 9602, 6390, 5425, 5250, 8479, 2161, 3757, 5514, 7171, 3932, 5542, 8546, 9815, 3621, 389, 9210, 8417, 9978, 7683, 795, 5813, 5976, 2780, 4753, 745, 2353, 4884, 5667, 3653, 9373, 16, 6541, 9512, 6943, 3780, 3729, 5537, 8546, 7269, 2483, 6268, 4009, 5050, 8060, 8509, 5837, 3732, 9001, 1081, 6182, 5401, 7526, 9602, 5512, 117, 2333, 7428, 5483, 3448, 4399, 5791, 1999, 8763, 1049, 4830, 8120, 3583, 1701, 4434, 2637, 8428, 8700, 9036, 787, 6189, 3894, 4562, 6407, 2762, 6369, 4770, 7622, 2017, 633, 2640, 9807, 4315, 9159, 8228, 7920, 3483, 7725, 6229, 9620, 579, 9274, 7526, 8883, 7163, 4554, 9461, 7032, 7669, 7510, 6447, 2139, 6283, 8657, 2593, 1472, 7518, 5828, 1376, 4293, 714, 7096, 9556, 9827, 2861, 2617, 862, 457, 3576, 7183, 4465, 2908, 7857, 3418, 9418, 2088, 4422, 9555, 2754, 3065, 1874, 5881, 7569, 8067, 7428, 6834, 9829, 7950, 6397, 8232, 9920, 3288, 3032, 7913, 2846, 3445, 6219, 6089, 6613, 4020, 5785, 4691, 845, 447, 3995, 9264, 7849, 6368, 8134, 24, 1316, 9277, 4532, 7146, 7736, 9784, 8080, 9379, 2578, 2307, 5869, 8302, 3258, 4674, 6090, 7391, 9149, 2556, 4990, 3334, 5621, 2387, 1281, 2979, 5734, 1604, 5222, 693, 344, 5649, 5598, 5290, 919, 1277, 7690, 8530, 1233, 4046, 5441, 2122, 9791, 68, 3242, 8279, 1757, 6129, 6768, 6135, 1238, 1440, 5358, 8920, 9880, 8417, 6833, 97, 7510, 6063, 4180, 3961, 6746, 5624, 1573, 9781, 6768, 3593, 4753, 6616, 3103, 9428, 959, 6663, 2370, 2968, 7368, 6926, 1937, 8308, 603, 6275, 6643, 6485, 6752, 58, 5714, 4184, 5587, 2985, 8394, 4354, 1080, 238, 7629, 268, 833, 3777, 3302, 4533, 4410, 8577, 1659, 5570, 7189, 2466, 1456, 8143, 9395, 7395, 8335, 7594, 1034, 2273, 1083, 2771, 108, 3233, 2898, 1328, 3857, 2404, 9061, 7488, 4251, 4757, 8410, 8661, 1, 9353, 2149, 8509, 8492, 8577, 4501, 4680, 2858, 52, 8366, 1852, 98, 8748, 4194, 1432, 3597, 6028, 1913, 9400, 3182, 6383, 2813, 4999, 6061, 4302, 5278, 6687, 1227, 7867, 6623, 5394, 5605, 4706, 2093, 9237, 1789, 7051, 3539, 612, 7874, 4343, 5515, 1911, 1903, 2046, 2516, 3639, 9772, 1140, 6099, 4596, 7823, 4966, 6813, 3732, 4153, 411, 283, 7000, 8238, 8026, 2263, 279, 4006, 8599, 2657, 5585, 4007, 5453, 1822, 6285, 3648, 7464, 618, 6201, 5016, 3666, 9227, 806, 6306, 9649, 2813, 6866, 9466, 2558, 5268, 1162, 9389, 8090, 2013, 1030, 1536, 3995, 4800, 1456, 7031, 1191, 1918, 2954, 7625, 2867, 3000, 3941, 3731, 878, 1524, 632, 5868, 8760, 9171, 7320, 5025, 2401, 7381, 7826, 3336, 2065, 8704, 59, 5242, 111, 7273, 9503, 5114, 6419, 6461, 4620, 9115, 8835, 4100, 36, 9519, 5321, 8627, 1000, 1597, 2858, 1279, 6726, 9684, 2523, 3102, 9700, 2009, 244, 2335, 2307, 1456, 6604, 6644, 6916, 1894, 8789, 5484, 2727, 4400, 7375, 1199, 1701, 8836, 6832, 1287, 5151, 2313, 4028, 9232, 2266, 5020, 7886, 5583, 8346, 5085, 2228, 6005, 6912, 6839, 9484, 3216, 853, 2126, 5507, 3058, 1616, 2346, 4056, 358, 2979, 4038, 4602, 7850, 1716, 9390, 9296, 3593, 5049, 8257, 7865, 40, 685, 6642, 2720, 9814, 3155, 9563, 6825, 9859, 5076, 4579, 6756, 2604, 4581, 3528, 1855, 7301, 984, 9884, 4771, 4490, 5651, 3517, 5554, 3895, 4784, 5689, 1146, 8398, 4274, 688, 5306, 5809, 8923, 6990, 9648, 2960, 6724, 7367, 122, 9311, 4269, 761, 2220, 6468, 4045, 676, 557, 992, 9056, 2130, 7926, 6842, 5797, 6064, 2172, 8643, 841, 9829, 5521, 5072, 2451, 7801, 1390, 6366, 3821, 8399, 1117, 6216, 4056, 6018, 9164, 2721, 6216, 4395, 992, 6584, 1903, 1157, 7761, 5786, 4490, 8457, 2384, 5572, 5489, 7410, 767, 6788, 3045, 2965, 2435, 6451, 299, 6749, 1646, 8654, 8911, 1129, 8965, 6714, 2227, 8598, 5628, 4951, 9627, 7063, 283, 347, 9227, 1722, 1401, 4509, 1276, 7003, 780, 523, 3363, 1566, 2456, 2363, 9012, 7853, 2591, 9904, 2509, 1257, 7011, 9479, 7101, 1042, 7009, 334, 7846, 7822, 5283, 1154, 9209, 6461, 4470, 6897, 6479, 6053, 1642, 2846, 9048, 7146, 8830, 4562, 7670, 8987, 5850, 9935, 4722, 6625, 2248, 9419, 5012, 7801, 8405, 24, 9055, 5333, 8747, 5367, 288, 1655, 3782, 8726, 8747, 214, 2213, 9056, 1944, 4501, 894, 9150, 129, 4047, 1734, 8947, 45, 6173, 3925, 2584, 5670, 4181, 7004, 2061, 5929, 3200, 7537, 2723, 9433, 5948, 3309, 4164, 9847, 8743, 4217, 255, 9239, 7357, 5850, 5159, 3035, 8802, 9067, 4011, 9303, 5571, 6554, 6047, 6245, 257, 7709, 9908, 5092, 8467, 8633, 1795, 3292, 6627, 1845, 4788, 7572, 595, 2729, 8838, 2130, 4713, 9707, 5722, 9159, 2296, 4212, 6571, 2940, 7960, 398, 3511, 9487, 6139, 22, 3473, 4955, 5070, 8910, 3765, 7122, 5585, 6017, 7314, 675, 8297, 8952, 1784, 4643, 3879, 9831, 6699, 1693, 1212, 5452, 80, 8225, 59, 8340, 6136, 7634, 6401, 8346, 2272, 7142, 4721, 8442, 3147, 5525, 1062, 4692, 7636, 9866, 1748, 6591, 8364, 5722, 1059, 2142, 9330, 7871, 2262, 7071, 5757, 7878, 8376, 5692, 1620, 7062, 1840, 7458, 4857, 6335, 4347, 8190, 877, 8963, 683, 719, 6504, 8270, 2959, 7028, 538, 6010, 8435, 6961, 2829, 8799, 1233, 8591, 4018, 8577, 6628, 4755, 6269, 3353, 1442, 2755, 9636, 5227, 7725, 3716, 2884, 3518, 8518, 9936, 8713, 8213, 883, 4806, 6352, 7052, 188, 5262, 4608, 9095, 8890, 1203, 5730, 4367, 940, 9692, 1210, 3035, 6613, 6092, 9137, 4686, 1408, 4799, 391, 376, 5837, 4736, 269, 4525, 7994, 6230, 6256, 5535, 1615, 160, 5497, 4670, 7835, 6875, 540, 4522, 5630, 8054, 3939, 1896, 2016, 6424, 9465, 45, 1345, 8897, 2159, 8117, 1573, 9525, 6393, 6540, 3567, 7116, 7641, 7431, 3778, 9721, 7304, 5033, 6171, 6244, 6483, 7253, 6602, 8241, 6248, 7989, 1878, 8895, 1155, 769, 6490, 7882, 9660, 6961, 2136, 1506, 233, 3528, 793, 5110, 9921, 1713, 3549, 574, 9068, 4308, 2179, 3673, 3492, 9855, 7386, 9202, 8216, 6370, 8656, 4387, 4078, 3916, 7495, 1276, 5422, 7435, 8612, 711, 3565, 2323, 5785, 4391, 6095, 8314, 4523, 8562, 4275, 8926, 6229, 4857, 1467, 5477, 6657, 8319, 421, 8379, 3029, 5185, 987, 6310, 4502, 4185, 3910, 357, 3060, 4336, 2468, 8453, 5935, 6534, 2412, 4033, 788, 9348, 2617, 8046, 477, 1378, 9253, 2167, 5779, 8084, 666, 9316, 322, 8916, 6201, 8863, 6378, 3405, 9198, 9992, 45, 783, 7041, 6554, 835, 2100, 9435, 8679, 3677, 1331, 2409, 1852, 8415, 7999, 5381, 8476, 6341, 3974, 8118, 1832, 3936, 6412, 6938, 19, 5098, 90, 7844, 6409, 9159, 754, 619, 6035, 7664, 682, 5787, 6966, 9109, 3248, 1643, 5497, 9274, 9339, 1, 9279, 9347, 7399, 822, 739, 9141, 4467, 1280, 5044, 3033, 7765, 6579, 7171, 3258, 7421, 9751, 8153, 1186, 4429, 9844, 1679, 3895, 6542, 5500, 4382, 343, 7503, 3253, 3321, 1979, 2260, 9281, 3611, 584, 8584, 1862, 4778, 2220, 7120, 750, 2094, 6033, 4864, 7186, 2572, 9981, 218, 89, 9251, 6314, 351, 3764, 9514, 6042, 688, 6844, 254, 6085, 9501, 1209, 8925, 4468, 9963, 8367, 5435, 1729, 6814, 3737, 1588, 3493, 2623, 7199, 8026, 5533, 6217, 5566, 7872, 3791, 2909, 5892, 2770, 5424, 4842, 1894, 7267, 6910, 7990, 3866, 1675, 8928, 5364, 6219, 9612, 7869, 186, 7761, 4058, 1738, 2868, 5894, 1495, 7267, 498, 3640, 8106, 8375, 5092, 9402, 4684, 9223, 6142, 6542, 8050, 5003, 6155, 7889, 8304, 6391, 8246, 3315, 3421, 966, 5922, 8792, 9571, 8598, 6257, 5581, 8188, 6356, 66, 8914, 9596, 5821, 5599, 7128, 5268, 6391, 7009, 6018, 4483, 2586, 9915, 1242, 7524, 5777, 4421, 4139, 8428, 3987, 2678, 4055, 2190, 1428, 8508, 1719, 9398, 7198, 6751, 7888, 2954, 2465, 8897, 2927, 9064, 5042, 3860, 5573, 63, 3748, 4348, 9644, 1948, 126, 5378, 3595, 6702, 7885, 9827, 9121, 7127, 2107, 7543, 7466, 2063, 3047, 4520, 4344, 5578, 8442, 1442, 4475, 2294, 3405, 81, 7534, 1973, 2043, 3907, 2628, 2028, 6610, 2799, 1458, 5927, 4347, 1343, 9981, 7632, 8692, 2780, 1790, 8468, 3650, 1758, 3923, 364, 5991, 3928, 60, 1868, 6869, 6091, 3279, 9179, 6601, 9905, 6998, 758, 3795, 9590, 2121, 1572, 7563, 4137, 6281, 7499, 8293, 6590, 6900, 8909, 3082, 1951, 8122, 4092, 2612, 9483, 9448, 8673, 7388, 7488, 9878, 9154, 5974, 5916, 356, 1125, 125, 6023, 678, 3086, 6395, 9847, 2657, 6437, 9446, 8024, 6672, 2146, 9985, 7340, 703, 8851, 2589, 739, 1696, 9169, 3786, 4198, 5859, 3416, 1973, 2734, 5365, 2814, 7317, 7258, 4133, 9400, 6107, 8880, 9143, 6505, 5118, 5306, 1177, 4974, 9627, 8458, 464, 8879, 3109, 9779, 6800, 486, 6680, 2888, 598, 6690, 4555, 1102, 5399, 2572, 802, 5917, 4382, 4789, 3103, 3501, 7874, 3471, 3377, 377, 6907, 9494, 1500, 4109, 6599, 7195, 6570, 5430, 6408, 2000, 3587, 859, 7338, 3262, 6426, 7596, 4495, 365, 516, 9752, 1152, 4484, 8525, 4914, 2961, 2328, 3664, 7579, 8627, 4926, 9199, 1439, 1134, 4940, 4785, 6894, 3588, 8761, 3702, 2919, 5161, 6817, 6502, 2872, 9068, 2342, 7758, 6562, 614, 1365, 6346, 181, 3961, 8952, 6394, 8089, 5161, 1636, 1542, 5943, 8724, 3941, 8584, 6723, 5931, 4593, 4209, 3947, 844, 42, 0, 2518, 4293, 8287, 9080, 6784, 6795, 6753, 1065, 6758, 6152, 6977, 6444, 8032, 7369, 5970, 5973, 8842, 883, 2977, 3423, 3673, 206, 3781, 7508, 8480, 3838, 8637, 3585, 823, 2855, 5849, 224, 3720, 6388, 9156, 8188, 9754, 6155, 8544, 3494, 9527, 3543, 5254, 9374, 9773, 4119, 2682, 1608, 5743, 8821, 4029, 9382, 4470, 437, 6424, 8685, 2432, 9859, 781, 8815, 1771, 2534, 9420, 9659, 8483, 9194, 4334, 1198, 3624, 5590, 932, 3847, 418, 9434, 1730, 4009, 7842, 5727, 2244, 5351, 3067, 6288, 6365, 8157, 5677, 8355, 1290, 1762, 4332, 9348, 3123, 7549, 7437, 743, 4978, 4257, 573, 6801, 7815, 3822, 6787, 9889, 5454, 622, 1961, 9446, 2045, 5230, 2175, 6130, 4466, 2685, 3524, 2269, 3942, 8757, 1876, 8635, 8032, 8618, 6498, 2498, 5745, 4836, 1560, 3263, 6017, 4934, 1698, 6296, 1511, 6658, 1885, 9047, 6135, 1449, 8105, 3967, 139, 7497, 1952, 1920, 7378, 4524, 7672, 8141, 7253, 8875, 8502, 6876, 6533, 285, 9371, 9558, 3397, 1620, 811, 1061, 1034, 2553, 5475, 4037, 9128, 4988, 697, 3076, 750, 6023, 9023, 880, 9576, 9413, 7076, 5294, 9170, 8111, 3605, 9156, 6255, 3471, 6846, 2560, 3040, 9564, 7162, 1924, 8551, 1959, 1561, 3543, 2931, 6925, 3195, 8521, 9484, 1864, 4384, 8375, 4196, 4327, 9778, 6794, 2186, 7547, 2232, 8814, 564, 7971, 5553, 5955, 940, 358, 5726, 6793, 9109, 6860, 8353, 3265, 4067, 6879, 9134, 2293, 3644, 6926, 9959, 6757, 6913, 3973, 7241, 513, 4042, 9093, 9806, 1934, 4922, 6543, 6396, 2938, 3951, 9597, 2311, 5798, 8394, 5798, 2365, 9964, 551, 5187, 1864, 9155, 2402, 9903, 7565, 4559, 2784, 4099, 1739, 9676, 5181, 2807, 7023, 4244, 8055, 5826, 534, 1911, 2114, 9689, 7301, 4955, 1325, 5394, 985, 5149, 7508, 4010, 5553, 3072, 4543, 761, 7502, 9476, 9341, 6792, 5400, 1702, 8289, 3788, 7131, 8478, 5866, 6300, 471, 3448, 2986, 5645, 7992, 1061, 8090, 6358, 3032, 9852, 7077, 8318, 3619, 1260, 1742, 525, 8698, 3224, 3806, 1067, 1417, 5530, 3763, 2511, 6154, 5797, 461, 6767, 2446, 6306, 458, 1579, 9573, 6355, 312, 996, 2614, 5095, 6300, 6904, 675, 2027, 3933, 6562, 7283, 4502, 7513, 742, 1695, 5927, 8466, 1870, 4610, 9300, 4154, 2379, 2231, 3691, 4056, 9120, 4403, 5687, 5294, 2369, 7406, 4985, 3739, 1030, 8610, 6543, 474, 5907, 1643, 1308, 3015, 1739, 448, 400, 6754, 6286, 4303, 1143, 5474, 3448, 5640, 2568, 3623, 6306, 111, 2860, 1005, 8721, 6978, 8440, 1106, 9617, 4280, 8486, 7812, 2878, 345, 6762, 6743, 127, 3043, 8244, 1738, 9560, 6140, 8065, 528, 1595, 53, 6248, 1110, 866, 3471, 5387, 1543, 2697, 9589, 4295, 2957, 9311, 9258, 4482, 9725, 2871, 3392, 8247, 9567, 216, 1121, 2053, 6125, 7983, 7556, 8498, 8587, 3884, 9380, 2536, 4829, 8696, 3334, 8857, 2773, 7893, 2229, 9060, 4041, 4898, 5300, 3128, 9390, 5119, 2072, 7443, 4828, 5290, 1898, 9196, 9740, 485, 2854, 2586, 2501, 3389, 5569, 7261, 9640, 9624, 7023, 6229, 2418, 6952, 8802, 9901, 3089, 3595, 4383, 5436, 8362, 8716, 6877, 2610, 2000, 6476, 6938, 2700, 3309, 9747, 3827, 2797, 8788, 2023, 563, 504, 980, 4654, 8437, 9088, 4248, 6932, 4035, 3539, 5630, 4146, 1320, 3749, 4363, 9143, 1971, 428, 54, 1772, 2357, 7499, 566, 1415, 81, 5052, 7222, 6302, 3492, 2652, 5115, 6323, 9473, 1998, 6233, 2187, 5772, 1782, 4680, 1574, 512, 913, 5502, 5362, 5570, 7694, 5457, 9298, 4379, 35, 7086, 2376, 5103, 1359, 8971, 5375, 991, 6708, 1000, 3386, 6955, 2873, 8871, 6671, 6182, 2569, 1593, 7901, 4315, 3948, 3270, 9692, 9801, 7962, 4722, 5011, 741, 8624, 5826, 7717, 9392, 4792, 8731, 8199, 8008, 7630, 3619, 5154, 7094, 1826, 2306, 9800, 7548, 9505, 235, 4316, 3115, 2318, 5274, 1033, 2664, 5958, 7398, 6528, 1734, 3258, 877, 6857, 707, 3335, 4753, 5574, 4681, 5297, 7507, 1412, 9799, 5179, 5813, 1966, 1694, 5406, 3187, 5677, 9671, 3556, 707, 5722, 6247, 8893, 897, 5748, 3220, 3768, 2207, 4869, 7973, 305, 2816, 7928, 5678, 2121, 5045, 4315, 489, 3728, 6697, 5507, 8392, 2526, 3568, 1066, 8792, 4340, 1292, 1010, 7303, 8475, 9520, 4485, 4279, 5058, 6423, 238, 7620, 6433, 627, 6614, 8534, 1612, 8565, 6337, 5139, 7232, 230, 642, 3927, 6847, 4486, 5009, 6309, 7679, 5858, 1458, 6542, 542, 4294, 9036, 5039, 2945, 3760, 5017, 8575, 7169, 6777, 9033, 6223, 1884, 4879, 1658, 186, 5173, 229, 1270, 8729, 3354, 9926, 3037, 163, 5593, 4530, 8960, 9631, 52, 7327, 1625, 7877, 1865, 4433, 5036, 6934, 4206, 4273, 3277, 8482, 830, 8941, 1886, 45, 4936, 1992, 638, 5885, 9878, 1933, 9097, 1065, 1945, 7539, 8544, 2038, 2645, 5847, 2831, 4543, 1915, 6485, 4238, 1833, 4609, 623, 2296, 3606, 9706, 1492, 2015, 9030, 2363, 4223, 4199, 3374, 9037, 8642, 89, 4535, 1364, 9261, 5433, 8608, 6521, 9570, 7698, 432, 4973, 6937, 9037, 1558, 8403, 1782, 2216, 1275, 7413, 8308, 450, 1160, 7519, 2882, 9727, 3718, 9510, 4375, 8514, 2699, 8335, 5893, 6330, 7787, 9768, 9721, 2012, 3099, 3579, 1174, 1625, 5283, 4369, 8974, 7021, 5527, 7702, 2859, 5430, 645, 3512, 1575, 4079, 298, 3041, 4980, 1344, 1395, 3600, 9049, 410, 2335, 9599, 1452, 1470, 1557, 8710, 7541, 1720, 300, 3484, 7637, 5767, 2796, 7209, 4675, 2426, 8780, 2756, 463, 2680, 6157, 9466, 3123, 1393, 4091, 7679, 4011, 5040, 7315, 3703, 7924, 8250, 8142, 6100, 631, 9390, 2652, 760, 3550, 9601, 8805, 3680, 5385, 4170, 8889, 6208, 8029, 7181, 2103, 2536, 9234, 4038, 1933, 9469, 156, 9474, 4509, 6944, 6438, 7597, 6859, 8227, 2749, 3765, 805, 5573, 3832, 8394, 8712, 9672, 2039, 6466, 9666, 3945, 8082, 1757, 4358, 794, 8287, 4313, 6032, 2531, 1125, 2744, 9754, 6029, 4736, 6608, 1354, 905, 7581, 8496, 3857, 4955, 1538, 8089, 4512, 2844, 2979, 9328, 6401, 4138, 2322, 8117, 2357, 1991, 2123, 9942, 8981, 442, 5237, 4296, 8512, 2892, 9820, 854, 6836, 603, 4667, 9503, 2009, 73, 5188, 7769, 239, 7461, 9497, 3379, 289, 1764, 8694, 6129, 9490, 7460, 9855, 8683, 3461, 9417, 3079, 8968, 897, 6794, 3045, 5042, 4869, 4, 4466, 7495, 9934, 6453, 9055, 5763, 1097, 2351, 5795, 8257, 1011, 6551, 2745, 476, 8118, 1290, 9937, 3655, 496, 8296, 9815, 5263, 1334, 6901, 4806, 5005, 1483, 1333, 1200, 4068, 9131, 9645, 5411, 7634, 4487, 9381, 5153, 3020, 4704, 1844, 5144, 4603, 1971, 2654, 6557, 7890, 8110, 8485, 772, 4146, 6207, 1285, 8333, 3999, 5177, 1041, 1690, 6830, 9143, 4853, 3786, 8935, 4514, 428, 1152, 3087, 3922, 4801, 2981, 4494, 9042, 2786, 4082, 6046, 5392, 774, 4571, 6213, 3773, 1705, 7500, 2785, 199, 5977, 1683, 6573, 7083, 6462, 6495, 4449, 3089, 4402, 9688, 8621, 9291, 6372, 6374, 1731, 3674, 7674, 475, 8808, 146, 7797, 861, 8281, 1685, 7828, 82, 5391, 8085, 3454, 4750, 6314, 3217, 7943, 2315, 5735, 5441, 7876, 7995, 5798, 4723, 3025, 6074, 1736, 6851, 6001, 8631, 9636, 9235, 7757, 5414, 6184, 7636, 4507, 6953, 2534, 8712, 565, 9540, 1513, 3712, 5491, 2991, 222, 854, 2642, 661, 9325, 8090, 2512, 6869, 4879, 1368, 7430, 8294, 4431, 2762, 6874, 6342, 8252]
List Size: 4000
Insertion Sort Time: 857.500700 milliseconds
Merge Sort Time: 28.869100 milliseconds
Built-in Sort Time: 0.541300 milliseconds

Original List: [2741, 7350, 5391, 1708, 3531, 4526, 8348, 6254, 9561, 4435, 8823, 8901, 6390, 800, 3358, 1097, 1425, 3672, 9342, 5598, 481, 5665, 9629, 7188, 6602, 9637, 261, 8977, 86, 7850, 8589, 5106, 2532, 1528, 5032, 3684, 4598, 4331, 432, 4260, 843, 7411, 9264, 5481, 5628, 3462, 9978, 6552, 5829, 5006, 3368, 7090, 8112, 7499, 5683, 6013, 7802, 1749, 235, 850, 8280, 8975, 1273, 832, 4043, 7106, 7137, 6187, 602, 3658, 3859, 7500, 1229, 5509, 3746, 2297, 2637, 6712, 1635, 3897, 7598, 2119, 4015, 6080, 756, 7515, 2943, 6843, 4018, 3071, 2127, 1564, 7176, 8563, 5466, 9902, 840, 3011, 139, 1461, 4192, 9008, 2767, 9742, 5612, 8650, 6877, 9382, 9444, 5079, 6887, 8688, 4068, 8655, 8677, 6429, 7932, 2057, 4251, 1309, 9992, 8926, 9889, 9807, 9130, 5832, 7700, 8814, 1497, 4781, 9362, 8207, 6752, 1449, 6279, 6146, 3024, 2421, 1896, 6938, 2839, 8695, 1187, 7727, 5487, 3599, 4794, 8604, 3253, 8247, 9498, 4224, 40, 5235, 5403, 367, 8701, 28, 4341, 4222, 7068, 5830, 6897, 9631, 340, 722, 9714, 9919, 2117, 6276, 4522, 625, 9571, 2783, 2588, 2188, 9740, 5100, 3024, 8763, 2554, 6318, 9854, 9061, 3403, 7699, 7209, 6024, 5273, 2554, 734, 6492, 1639, 9840, 3116, 1582, 257, 9226, 4069, 2187, 2931, 1757, 5585, 7079, 7609, 6643, 8502, 6721, 5565, 4698, 8427, 3569, 2831, 7558, 4663, 3881, 1075, 5189, 9927, 7075, 1112, 1418, 8616, 2312, 8522, 7399, 490, 2545, 1121, 8272, 4395, 3848, 6086, 9963, 615, 7691, 2023, 8611, 9069, 3111, 5963, 6305, 9460, 6431, 5063, 9365, 1164, 3592, 7119, 8858, 1141, 9015, 3365, 1271, 3765, 8556, 6286, 5340, 7639, 823, 8531, 9413, 6838, 5552, 1588, 791, 8868, 3099, 4113, 2251, 9117, 4139, 5826, 8384, 2102, 6417, 229, 6831, 6451, 974, 7568, 3106, 2823, 9460, 2047, 262, 4455, 5236, 9284, 6100, 2768, 3694, 5337, 4521, 6084, 6075, 6757, 1036, 6212, 3508, 4209, 4859, 6109, 3802, 1797, 4269, 7600, 564, 9539, 6687, 7993, 8299, 929, 6830, 342, 6756, 8038, 5688, 5257, 6199, 50, 2099, 259, 3844, 8653, 9183, 662, 9876, 5906, 3097, 3655, 6634, 341, 9678, 7867, 527, 3136, 7362, 6822, 6910, 6496, 7362, 2624, 8894, 6070, 6909, 3762, 9482, 770, 1442, 2185, 7171, 8517, 723, 4215, 4814, 2132, 7692, 9924, 225, 7785, 3156, 1836, 3596, 4878, 1333, 2810, 119, 8342, 5206, 1906, 2605, 1944, 7918, 5220, 5977, 9732, 7310, 6013, 7817, 1380, 3628, 4168, 3776, 6794, 7230, 2365, 7133, 9444, 3796, 4144, 3171, 5248, 5705, 235, 173, 9773, 4335, 6063, 3881, 3941, 5128, 2695, 8799, 7093, 2028, 8534, 5411, 7376, 2647, 7411, 778, 4752, 2584, 7297, 1187, 7162, 9644, 4713, 7626, 745, 6205, 4437, 9351, 6609, 1501, 1953, 4799, 7104, 5436, 8033, 7658, 9809, 8387, 9820, 3991, 6510, 2949, 8184, 5707, 3731, 1963, 933, 9015, 191, 4639, 568, 8996, 9490, 3851, 5364, 57, 6107, 8966, 9901, 2546, 7065, 5391, 1032, 4630, 5720, 6102, 6382, 9176, 3579, 3078, 6482, 6851, 7420, 4427, 250, 8274, 4527, 2819, 9062, 37, 5592, 7698, 1536, 6151, 4508, 702, 9791, 4547, 6109, 3101, 8306, 7553, 6355, 242, 2839, 853, 356, 5930, 7763, 3977, 2574, 2692, 3153, 7350, 9508, 3505, 7358, 4537, 9605, 5474, 7044, 8856, 1005, 2538, 7153, 6931, 139, 9027, 8725, 8158, 3767, 6757, 7198, 3560, 2629, 1357, 1955, 9895, 5888, 195, 1608, 4129, 537, 9318, 5621, 7401, 4160, 7685, 7600, 6576, 1929, 4404, 6843, 7779, 4559, 3406, 3577, 3037, 3334, 2001, 6561, 2996, 1404, 9226, 8973, 6406, 3889, 3102, 9, 1968, 1311, 7954, 2839, 5112, 7775, 2477, 6793, 5269, 8887, 1133, 6447, 2760, 4688, 5270, 6597, 2808, 123, 1860, 1653, 2313, 7219, 8003, 4592, 6784, 7913, 7921, 3965, 7986, 3630, 7916, 4057, 3112, 6497, 7206, 2678, 1634, 3285, 8749, 7757, 6529, 14, 980, 8825, 3974, 7980, 5119, 2526, 1465, 1656, 4211, 625, 2052, 6326, 5313, 8593, 4406, 85, 8513, 4115, 4260, 2333, 3371, 6, 830, 2375, 4138, 8698, 6513, 2920, 7504, 2980, 3855, 5485, 352, 1860, 8659, 2578, 8370, 4792, 7545, 5684, 3035, 3880, 8627, 4588, 8324, 668, 6097, 5320, 5030, 9794, 1255, 9329, 1579, 2473, 8369, 6354, 2754, 994, 6791, 329, 5737, 4842, 6898, 564, 451, 5982, 8109, 1359, 4695, 5308, 5408, 9184, 1344, 4851, 319, 4726, 913, 6815, 7526, 9883, 8012, 6449, 7680, 1605, 8216, 5384, 7434, 9197, 1231, 2443, 8890, 6549, 6806, 6689, 3049, 5253, 1494, 4495, 671, 9267, 8398, 4183, 3497, 7434, 8546, 4696, 3323, 5450, 2444, 4944, 1854, 4832, 7860, 8070, 5927, 130, 9662, 3020, 1777, 9939, 731, 4029, 1827, 9095, 8966, 7895, 1406, 773, 9571, 3556, 6664, 5896, 7590, 1451, 1499, 8504, 8445, 9166, 9542, 380, 119, 8816, 8646, 6003, 5902, 9166, 2522, 6757, 5481, 6337, 9023, 7905, 2722, 2830, 3016, 734, 2027, 6724, 3524, 9604, 8720, 111, 2059, 6993, 4243, 3838, 6126, 3229, 7923, 9152, 9284, 6521, 3189, 7516, 1836, 6084, 9801, 4730, 6893, 1301, 8177, 7125, 3909, 3664, 2500, 3322, 441, 1414, 5600, 6873, 1522, 7784, 9430, 1962, 9968, 3830, 1322, 5891, 5768, 7889, 9123, 5352, 33, 262, 7151, 6314, 1188, 1483, 8540, 6742, 480, 2697, 8505, 7708, 1318, 6721, 5481, 6, 1574, 3311, 4419, 1039, 6047, 9534, 5031, 5111, 8501, 7605, 8699, 3752, 6292, 3096, 6366, 6281, 5402, 4559, 3099, 1426, 9865, 1151, 6221, 9456, 942, 512, 8076, 6585, 3691, 4777, 2071, 8989, 8608, 2114, 5746, 6779, 6725, 4550, 277, 4087, 3181, 6343, 1065, 8045, 4179, 661, 4761, 426, 7934, 5660, 1440, 8469, 4375, 445, 6180, 1327, 2544, 2693, 9601, 305, 3867, 8801, 3138, 212, 8220, 3019, 4411, 6391, 337, 9781, 2151, 8147, 8388, 316, 1170, 3600, 4485, 1328, 8992, 9037, 3369, 9779, 6150, 9462, 382, 9139, 974, 4357, 3055, 1485, 7925, 6325, 1479, 4023, 8222, 5418, 4394, 1225, 7674, 4426, 6964, 3792, 371, 6196, 3750, 7537, 812, 3837, 1749, 1055, 5881, 2849, 4491, 8819, 1095, 9857, 9365, 5122, 4557, 6338, 7924, 2687, 532, 1533, 9285, 1095, 502, 5625, 2612, 4746, 5231, 7017, 3193, 6461, 3745, 4791, 3756, 5125, 9777, 6857, 1928, 9513, 7042, 6447, 6711, 6934, 5294, 8895, 9777, 434, 7232, 9193, 1558, 9838, 9047, 9637, 1632, 3291, 2821, 2218, 7418, 2333, 9473, 618, 6012, 4076, 386, 3989, 693, 939, 2880, 8287, 4663, 6601, 8055, 2166, 4083, 2460, 6639, 1600, 4190, 2921, 4553, 308, 1296, 7808, 7321, 8788, 9218, 9189, 6636, 643, 1094, 9080, 6881, 1209, 6733, 2405, 4037, 3962, 8063, 8211, 7952, 4783, 9259, 7921, 3177, 2642, 1556, 3838, 5104, 3854, 7624, 922, 8033, 925, 8587, 2917, 4832, 4247, 4172, 2385, 2400, 6561, 3307, 5967, 1208, 3978, 7524, 7866, 3678, 5229, 3832, 1294, 3460, 3760, 22, 878, 8154, 1477, 4027, 5184, 7030, 7115, 387, 6832, 8867, 2024, 7409, 4982, 5276, 4916, 3726, 2226, 2609, 4362, 9308, 3720, 4749, 2398, 692, 1724, 6784, 6508, 8616, 6469, 2304, 4516, 7636, 579, 6737, 8360, 2773, 2605, 7300, 9858, 8628, 8205, 9364, 9292, 6443, 639, 7110, 7080, 688, 8953, 8227, 1126, 2197, 6688, 8750, 8136, 2439, 8425, 6335, 3982, 5720, 6337, 4091, 8898, 7537, 6112, 8233, 9664, 7796, 26, 1846, 4421, 111, 1796, 1413, 4941, 7992, 7575, 9329, 6574, 2175, 6952, 9782, 1400, 5817, 719, 4745, 7693, 4326, 5247, 5490, 6274, 3743, 3232, 244, 3574, 9008, 1016, 1744, 3112, 3395, 3800, 8426, 1842, 7012, 4395, 8431, 7080, 6752, 933, 255, 1289, 3274, 5121, 8543, 7746, 839, 3293, 9409, 5322, 4132, 5291, 9552, 5202, 5162, 4982, 9492, 4487, 5958, 752, 6723, 3636, 6347, 4233, 2236, 7784, 4894, 3161, 2836, 7883, 9553, 341, 9320, 3785, 4340, 5276, 3391, 2599, 4110, 9484, 163, 435, 1842, 4628, 5575, 4446, 6231, 9971, 6386, 8319, 2930, 6769, 3225, 1369, 3433, 8897, 2001, 425, 9024, 1210, 1481, 4748, 3931, 1885, 9040, 4519, 1326, 4883, 1835, 3086, 1633, 3817, 1666, 6006, 1250, 4918, 4428, 4528, 7093, 1206, 1028, 3977, 9070, 8988, 6313, 7077, 7656, 1096, 3101, 9439, 4770, 2675, 4103, 1820, 6370, 7485, 5332, 9226, 4606, 5111, 1047, 9188, 5484, 237, 1991, 1317, 3028, 3341, 8969, 1320, 7754, 1888, 6602, 6112, 9449, 2268, 2048, 5776, 1562, 6129, 7405, 5704, 2504, 3026, 1151, 6942, 2822, 2184, 9737, 4271, 3948, 3051, 4494, 4877, 1170, 2985, 9015, 6815, 9831, 9445, 460, 7975, 6671, 7076, 561, 4035, 2532, 7093, 2066, 5029, 1182, 4190, 5211, 4962, 5323, 1692, 6118, 9237, 182, 4095, 4043, 7009, 3228, 3008, 2378, 2882, 4924, 3500, 1343, 6160, 5952, 5271, 6051, 4082, 5955, 3024, 8580, 4560, 8798, 2740, 2664, 28, 1815, 8732, 1613, 7336, 58, 1197, 6928, 6359, 7416, 8491, 3255, 7247, 1672, 5108, 3157, 5770, 3261, 6050, 7158, 5550, 8523, 3030, 5905, 6866, 1282, 7594, 6047, 6055, 8386, 9602, 3629, 6337, 9312, 7733, 1356, 5042, 2121, 4675, 5759, 2519, 6395, 811, 263, 9343, 8485, 9261, 8475, 6698, 3640, 3227, 6632, 791, 7136, 1753, 5605, 5512, 3283, 2845, 8139, 9011, 268, 6067, 2873, 7495, 111, 9381, 8705, 80, 2395, 8965, 345, 2034, 4009, 4189, 691, 6917, 9054, 5667, 3718, 7859, 5301, 1576, 876, 4580, 1802, 5484, 7525, 9199, 3667, 1595, 931, 3892, 4274, 1373, 9935, 6263, 3534, 8851, 6361, 553, 2474, 4727, 2455, 2210, 4925, 3537, 2416, 4466, 5814, 4308, 6237, 2937, 4877, 5343, 7717, 7263, 803, 3254, 3117, 5473, 2205, 1573, 6015, 1769, 9394, 9953, 4569, 5755, 2499, 7972, 6863, 5810, 2372, 147, 1391, 210, 8380, 5576, 7656, 6955, 343, 5878, 2, 9233, 9898, 2400, 4508, 8726, 2901, 7424, 5741, 5550, 6660, 8388, 8640, 9638, 3619, 5834, 1397, 7407, 9272, 284, 3540, 5570, 6340, 2761, 3814, 2801, 6714, 5584, 4455, 7950, 1449, 1741, 8505, 4788, 5304, 2815, 6593, 6336, 4452, 2529, 4177, 346, 5070, 4127, 3057, 8429, 8211, 4230, 733, 5500, 1019, 8037, 5489, 8022, 4029, 5987, 3151, 6201, 7518, 1326, 5373, 8939, 6643, 5757, 5498, 3396, 2359, 2948, 833, 5736, 9451, 104, 814, 4044, 4, 9309, 7955, 1619, 3116, 6569, 5609, 613, 9391, 98, 136, 4617, 7852, 6024, 669, 1478, 5632, 302, 2004, 5044, 4273, 2583, 4873, 2445, 1014, 5210, 9641, 5283, 542, 125, 9596, 2160, 9691, 6142, 1881, 463, 6974, 6419, 6384, 4244, 8978, 9405, 2605, 9425, 2771, 1136, 6717, 9347, 7395, 3724, 6584, 1815, 538, 3822, 1822, 1718, 1642, 5040, 8018, 5762, 4312, 3125, 8978, 9413, 234, 7453, 6637, 8901, 1104, 8725, 5791, 6466, 6008, 2865, 9517, 2956, 813, 8272, 2642, 4619, 6860, 6477, 6461, 3309, 1178, 260, 9171, 9262, 6352, 6969, 8270, 6317, 7372, 9488, 6907, 6979, 4263, 4698, 1735, 6716, 4620, 2930, 4212, 8487, 5116, 9008, 1543, 4963, 7696, 144, 9698, 1266, 9504, 6745, 311, 7284, 5916, 9958, 9462, 9507, 4370, 8735, 6466, 1677, 1874, 8838, 190, 6824, 3136, 330, 4165, 9706, 4709, 8445, 4341, 1306, 125, 6139, 4916, 4924, 688, 2383, 3388, 1350, 6072, 5596, 8217, 2798, 7234, 428, 4069, 442, 9087, 3780, 2215, 7821, 4765, 3584, 8959, 9140, 2820, 326, 2082, 2750, 4074, 5898, 8286, 6661, 6652, 1552, 6006, 7932, 2772, 7392, 1052, 4424, 7289, 9603, 3282, 7114, 9774, 2976, 5172, 5708, 8160, 6973, 6621, 9019, 9439, 7838, 2129, 3879, 4012, 4502, 856, 2951, 2808, 1361, 8844, 9236, 6215, 3139, 9813, 2956, 4211, 9654, 4425, 7283, 120, 2449, 3048, 447, 6601, 8169, 3258, 4176, 8204, 377, 6374, 2756, 9473, 3445, 4573, 600, 4912, 4643, 5137, 5466, 8637, 8761, 2382, 7886, 5691, 9640, 551, 5028, 5620, 1605, 5643, 6477, 9537, 6863, 8499, 2162, 9291, 9382, 2602, 5436, 9245, 2754, 8439, 9981, 2691, 9943, 3654, 8868, 3711, 4332, 7410, 8447, 5637, 5154, 5319, 515, 2979, 936, 4682, 6151, 1904, 2998, 2959, 5008, 4354, 4366, 2015, 6381, 8752, 5463, 2601, 6852, 735, 1422, 5520, 8069, 5526, 3210, 320, 6616, 2782, 8281, 633, 1394, 3045, 7081, 3862, 8866, 5868, 5541, 9266, 3790, 1473, 3753, 8897, 226, 4408, 1902, 3202, 6470, 5058, 221, 9587, 6590, 7150, 4539, 3850, 3495, 1856, 588, 5552, 5213, 2124, 5413, 6147, 4397, 2260, 3615, 4866, 2178, 8703, 7786, 6787, 5244, 6570, 5341, 5505, 7651, 2492, 4941, 2769, 408, 3217, 9153, 2523, 6649, 4547, 349, 90, 3762, 6812, 8787, 501, 1432, 2971, 1836, 8830, 4962, 7892, 21, 6160, 7499, 2248, 9450, 6169, 9518, 9544, 7978, 2072, 5641, 9942, 9496, 2278, 942, 7199, 5861, 5271, 9030, 3600, 4561, 5903, 7728, 5345, 7652, 7248, 8968, 372, 8772, 1023, 4273, 2023, 4365, 2985, 8383, 8045, 9918, 5366, 6307, 6778, 7437, 290, 2793, 5809, 2829, 7162, 8573, 377, 6269, 472, 5285, 3106, 9221, 835, 3704, 4855, 8029, 6099, 1309, 99, 5319, 1086, 9647, 855, 6392, 4551, 9994, 1685, 6806, 189, 6662, 7036, 6587, 6245, 1854, 985, 5087, 50, 3559, 4590, 2934, 8582, 2650, 7697, 802, 8010, 8558, 7212, 5725, 6510, 4070, 8101, 3110, 2886, 2795, 6419, 8316, 1679, 8949, 9471, 4032, 1952, 2314, 6360, 1202, 4190, 3054, 697, 5615, 5976, 6461, 2894, 3266, 8457, 9543, 677, 9663, 3266, 6632, 2699, 9544, 8538, 10000, 3801, 1615, 9104, 7451, 5673, 4047, 3171, 4736, 7647, 105, 6078, 2347, 3375, 6257, 5013, 3353, 3808, 7870, 5313, 8151, 400, 436, 4092, 5805, 4204, 589, 7046, 636, 3684, 4747, 3029, 8128, 3780, 936, 318, 6460, 1392, 4981, 5515, 3160, 313, 8071, 2488, 1572, 2072, 6236, 4387, 9482, 8435, 9894, 6065, 1177, 5157, 2407, 8089, 8295, 3228, 8207, 6683, 4633, 7935, 6082, 720, 9553, 9420, 1596, 9790, 594, 4393, 5865, 9658, 5509, 3538, 3647, 8141, 1089, 3933, 585, 5199, 447, 1598, 7095, 8460, 7071, 5142, 7671, 2185, 4487, 6381, 7115, 9919, 5446, 3728, 511, 7110, 356, 2052, 5280, 5195, 2846, 1435, 9891, 3704, 2760, 3967, 1845, 7306, 9483, 6508, 6822, 7644, 3376, 5178, 98, 5297, 4679, 8062, 229, 3523, 947, 8024, 7587, 8678, 6452, 9060, 2135, 9056, 2204, 2704, 2530, 3171, 2845, 5116, 2280, 3767, 6800, 6522, 8435, 4242, 4295, 6029, 3443, 5389, 3756, 5637, 9474, 6249, 7938, 393, 7363, 6137, 8725, 6213, 1574, 2749, 7556, 6726, 4476, 6418, 8555, 7620, 7679, 7833, 2055, 2207, 6924, 3235, 1148, 3877, 1678, 5172, 9703, 1201, 9855, 3633, 5373, 7344, 6551, 8052, 8702, 4788, 100, 6086, 5853, 138, 4311, 8818, 5100, 7738, 7944, 2795, 250, 5295, 6405, 6263, 1336, 1349, 1475, 8058, 1848, 7634, 5844, 4494, 9724, 4267, 2994, 4105, 5259, 2859, 8078, 2261, 731, 5126, 8311, 1316, 7509, 8379, 5932, 9463, 2634, 3395, 7334, 613, 1193, 9244, 4034, 6946, 3729, 1977, 3887, 2852, 4977, 2579, 5579, 2974, 5206, 6162, 8096, 1935, 2223, 156, 6174, 549, 1769, 5338, 3111, 9145, 450, 7665, 3470, 783, 8994, 7932, 959, 510, 7518, 5485, 6690, 5479, 2692, 5427, 1098, 6052, 9119, 7391, 5710, 6578, 7562, 5331, 9126, 9334, 5012, 6594, 1244, 9739, 4780, 7721, 2010, 4997, 5323, 1433, 1964, 1196, 7837, 4810, 3778, 965, 8114, 4806, 2066, 6882, 9766, 7565, 9311, 1533, 2060, 3506, 2957, 9567, 4494, 9505, 4989, 2173, 1235, 1341, 4113, 2044, 8241, 9223, 6278, 5554, 3760, 2571, 9919, 2438, 6798, 2994, 515, 2169, 5266, 2692, 3460, 5912, 917, 9318, 6625, 6575, 4857, 8176, 4156, 43, 9763, 6744, 1210, 5342, 8990, 9369, 8397, 189, 119, 1217, 5239, 8291, 6191, 9743, 564, 1928, 2410, 5564, 3200, 1008, 6938, 1931, 1022, 3765, 2723, 268, 9295, 3060, 6090, 3342, 2266, 9395, 3312, 5667, 5993, 4219, 1686, 7439, 8515, 9534, 5009, 4135, 5665, 8812, 2657, 745, 206, 2284, 4964, 5925, 985, 8579, 3978, 6424, 1357, 1179, 2322, 516, 5199, 3502, 8819, 6253, 2350, 9160, 4223, 3823, 7363, 2917, 7965, 8312, 4610, 9708, 4403, 6285, 1994, 5108, 3630, 1633, 4463, 4950, 8517, 9715, 3544, 3939, 7776, 5908, 1307, 8858, 4117, 2167, 6779, 4279, 4510, 5474, 9180, 6809, 9845, 6660, 4580, 6520, 4086, 5981, 7160, 8652, 7469, 2798, 7609, 3576, 4356, 7032, 2699, 3740, 4480, 4368, 1457, 348, 9097, 5336, 1996, 94, 7674, 3433, 622, 3702, 4534, 3648, 1960, 4003, 3305, 2256, 1224, 4158, 2513, 1564, 7267, 1436, 274, 7246, 9259, 4884, 2917, 7293, 4095, 8543, 4133, 3444, 8715, 1423, 7701, 2070, 9680, 9256, 5996, 2940, 8683, 4495, 3133, 8782, 9947, 35, 3862, 6877, 1904, 1692, 7852, 4123, 2424, 159, 1935, 5467, 378, 65, 3723, 3083, 5965, 6890, 5355, 5381, 2801, 8899, 5367, 1419, 3507, 6881, 6911, 6048, 8389, 758, 8931, 2910, 5151, 3612, 9300, 6816, 6763, 5372, 5274, 9215, 4495, 3252, 5433, 1996, 556, 6424, 5991, 6797, 6300, 2343, 2165, 5830, 2289, 8724, 6728, 2728, 9400, 6943, 4645, 6752, 725, 7155, 1544, 367, 1975, 6025, 2812, 5207, 2783, 2829, 5592, 9079, 8088, 381, 7179, 4618, 9374, 9727, 1883, 2296, 5892, 4576, 9976, 8989, 8711, 3903, 4968, 5746, 2335, 2507, 8617, 62, 40, 4305, 9348, 9560, 9581, 2765, 6222, 7019, 4001, 7465, 3688, 4390, 6062, 9911, 2744, 9048, 2570, 8717, 4543, 4753, 2825, 4817, 8038, 3735, 6518, 2102, 3554, 950, 4028, 3154, 4901, 6955, 5332, 2842, 5315, 8777, 1939, 5239, 2158, 1261, 9416, 7330, 2420, 6282, 1123, 9687, 1970, 9328, 2592, 5161, 5593, 7204, 8389, 7373, 4559, 9776, 9578, 5271, 1008, 6699, 3343, 5827, 1252, 9562, 9498, 143, 9744, 897, 397, 5155, 2140, 1969, 6842, 5011, 646, 3528, 4891, 2766, 7964, 8117, 1222, 2546, 9567, 4883, 421, 4241, 727, 5544, 9164, 5926, 2426, 7893, 5535, 1273, 7540, 8648, 9632, 4408, 1394, 7306, 7531, 5150, 5768, 4571, 3789, 3799, 2752, 4328, 5032, 7550, 2546, 5864, 512, 5063, 6082, 4649, 5906, 238, 4630, 5802, 6621, 9464, 8930, 2620, 8430, 9752, 3344, 3550, 7933, 2851, 3598, 7609, 5655, 7279, 5854, 3785, 5993, 8512, 6413, 9423, 3601, 66, 3264, 1504, 6309, 283, 199, 4668, 2967, 7650, 1011, 8344, 3389, 6861, 4092, 9349, 3668, 0, 1596, 6741, 553, 7550, 3823, 1495, 9804, 7983, 4554, 9054, 9422, 599, 7229, 1912, 1703, 1027, 888, 1269, 3017, 6018, 7429, 3106, 7694, 8122, 9011, 3089, 7663, 7811, 4277, 3640, 284, 1415, 829, 7214, 4825, 5357, 2576, 4901, 6327, 8548, 9109, 2139, 4572, 4592, 4220, 4551, 6413, 6531, 548, 3931, 9216, 1653, 7764, 4308, 4288, 5342, 1129, 2253, 1922, 3640, 8253, 9100, 3310, 295, 6262, 8857, 2263, 5098, 2217, 8853, 3516, 3443, 7517, 3441, 8615, 4701, 5948, 5266, 6322, 7179, 9237, 3816, 3629, 4552, 3558, 7606, 7336, 2735, 3601, 9035, 6023, 1699, 318, 6466, 4341, 2791, 9816, 2435, 1813, 988, 4768, 5933, 3446, 494, 4100, 7083, 614, 5422, 716, 7254, 2742, 740, 2583, 7581, 427, 591, 8060, 3827, 1220, 7865, 9901, 9408, 7070, 9366, 415, 2658, 9013, 3718, 2679, 5951, 8921, 8841, 2005, 1395, 5631, 5011, 6737, 5508, 8911, 7628, 6809, 6194, 8240, 2705, 703, 9525, 7860, 3535, 6225, 7959, 1654, 3284, 442, 5683, 2468, 6927, 5541, 3596, 3390, 2659, 8838, 9264, 2378, 7459, 9491, 7200, 4836, 2732, 3544, 1901, 6130, 9969, 7838, 2553, 4520, 8521, 82, 3585, 9816, 5713, 5953, 8767, 959, 8011, 2359, 8088, 7515, 4573, 1859, 2290, 7816, 8649, 6843, 3231, 3956, 366, 614, 985, 2224, 10, 9815, 1290, 8673, 1580, 6054, 5340, 8279, 4490, 4432, 3471, 669, 8930, 3304, 1635, 9892, 5508, 5970, 7123, 4078, 3851, 4113, 3858, 4917, 7720, 438, 8341, 8086, 649, 3264, 7670, 4326, 6568, 7269, 7580, 949, 1215, 8459, 5424, 3998, 9992, 3630, 2129, 110, 2729, 5613, 1875, 7637, 8130, 8174, 8584, 4634, 4457, 2302, 19, 8276, 8364, 9107, 5835, 3963, 3318, 5879, 3417, 6178, 7880, 7304, 1496, 711, 3871, 944, 6988, 9523, 2602, 69, 4984, 7086, 9094, 2710, 4438, 4451, 579, 7329, 1520, 1572, 822, 8168, 9479, 9829, 2188, 3303, 3428, 3323, 4807, 325, 5, 8051, 443, 4909, 4529, 7806, 6290, 2749, 2911, 5984, 6068, 7574, 5763, 2240, 9520, 1375, 8716, 2981, 4874, 5845, 1892, 6480, 2323, 2763, 880, 1578, 8247, 1887, 7893, 7962, 3043, 6996, 7155, 1515, 9650, 9731, 892, 6093, 4088, 6738, 7955, 4676, 8480, 1702, 5730, 41, 2104, 9034, 2965, 228, 8026, 6207, 7402, 6719, 1261, 3998, 434, 5014, 4667, 2290, 8517, 5122, 3175, 4273, 3261, 734, 6508, 9898, 7522, 5317, 3093, 229, 7921, 2440, 8869, 6215, 7876, 3085, 3702, 4026, 1327, 6683, 458, 9527, 7151, 8052, 3466, 2462, 1757, 9906, 1533, 9985, 9101, 4196, 6451, 7807, 5048, 8491, 2523, 3656, 3193, 4025, 9318, 7053, 256, 1057, 2845, 2275, 8816, 5095, 7707, 7166, 840, 7431, 8375, 1387, 2644, 807, 8878, 3324, 3452, 1078, 3843, 5060, 5423, 5803, 9549, 9858, 3045, 4275, 9620, 4219, 3302, 4893, 3037, 78, 1627, 3502, 886, 8082, 7265, 6954, 2373, 6371, 1084, 5519, 3157, 796, 7, 5378, 6845, 1025, 992, 8721, 4375, 949, 1715, 238, 6664, 5630, 1067, 4636, 9661, 6287, 8573, 4057, 697, 1707, 8488, 8665, 3773, 3328, 1931, 1784, 9539, 4705, 5964, 4013, 4278, 1285, 8284, 513, 4780, 710, 4528, 7106, 1274, 129, 6317, 1300, 2595, 9890, 1315, 302, 7918, 2050, 9441, 1019, 7075, 6967, 9342, 4021, 831, 5117, 9386, 9920, 9157, 3287, 2890, 1326, 5860, 5183, 713, 8616, 7953, 3342, 1018, 7133, 23, 2511, 3095, 6465, 4671, 8652, 3879, 9283, 8174, 913, 2359, 479, 5042, 9752, 9803, 7007, 4711, 892, 4976, 7073, 904, 433, 7921, 9716, 4113, 3590, 8495, 1637, 221, 6353, 6707, 8123, 378, 3536, 1525, 5536, 4542, 5044, 6902, 6237, 1277, 5312, 5667, 1679, 2760, 6826, 8323, 4556, 1655, 6439, 8876, 9492, 4980, 1762, 2511, 1398, 3183, 2117, 7359, 9919, 3965, 7573, 3992, 572, 3073, 2282, 2012, 7315, 8799, 7301, 5536, 73, 2257, 3335, 3649, 1879, 9448, 6714, 9509, 4352, 1769, 6789, 3235, 5492, 9098, 4390, 296, 8555, 864, 1933, 938, 3086, 9808, 9577, 8476, 7679, 3660, 2503, 6164, 3752, 8236, 4666, 7839, 1132, 5240, 3190, 3946, 6013, 4148, 5336, 7867, 4410, 9831, 7751, 8225, 9490, 2513, 2742, 6710, 6682, 5957, 8545, 1374, 2593, 7028, 7547, 7286, 42, 1213, 6119, 5107, 4820, 4092, 6134, 69, 6014, 682, 785, 6354, 1873, 2493, 2336, 37, 1626, 3803, 131, 2606, 5773, 587, 6568, 644, 8145, 5558, 2092, 1769, 2385, 3726, 5175, 1298, 4548, 4637, 3344, 3986, 161, 4026, 3221, 2929, 2810, 7803, 8629, 3500, 4710, 2890, 5085, 540, 9095, 2114, 516, 7232, 4126, 2162, 611, 8864, 7100, 4799, 2990, 2711, 3608, 7054, 833, 7916, 7414, 6034, 1621, 8354, 2802, 5891, 8976, 7855, 8335, 8774, 7649, 850, 682, 5338, 3904, 7688, 6174, 793, 9824, 4456, 9938, 8273, 3312, 9386, 4885, 324, 323, 1596, 519, 1406, 720, 3789, 2875, 2279, 2355, 4718, 4036, 749, 6306, 215, 5645, 8685, 9016, 619, 2412, 9504, 8389, 7279, 4734, 5008, 8739, 5662, 6222, 187, 5851, 2115, 7358, 9719, 1820, 846, 1978, 3393, 5727, 9252, 3122, 4405, 1130, 1989, 3306, 1080, 6487, 7590, 8898, 7582, 9864, 811, 5506, 1677, 9845, 5511, 2959, 7491, 6283, 5003, 2800, 8389, 9592, 9489, 8866, 2446, 2837, 7172, 7867, 7658, 8447, 8310, 6786, 4800, 838, 8554, 4785, 6378, 567, 7024, 9591, 5036, 951, 4078, 2424, 1127, 8493, 5113, 6537, 6565, 937, 6504, 3541, 326, 9369, 2676, 5651, 322, 2672, 3697, 8724, 6327, 3067, 7068, 3620, 4706, 6224, 1106, 2390, 6879, 5084, 2764, 706, 3312, 7420, 5202, 752, 8126, 7439, 6403, 5509, 7207, 1229, 7060, 4949, 7812, 3685, 902, 4819, 2698, 6219, 9044, 7905, 9276, 5704, 1836, 4740, 3255, 9220, 1768, 1462, 871, 9994, 9840, 169, 3585, 6830, 3799, 539, 876, 8550, 5119, 8096, 2291, 8701, 537, 5521, 5661, 1431, 7171, 2007, 4092, 2703, 9112, 4304, 9923, 8041, 1943, 773, 8105, 5078, 4191, 7342, 8188, 8905, 122, 1425, 762, 1226, 71, 6878, 434, 6691, 2748, 4448, 6518, 9247, 8152, 5156, 7865, 833, 1126, 6991, 7927, 5051, 4005, 5156, 1101, 9915, 888, 4953, 6764, 6137, 9751, 9162, 9767, 4131, 6899, 5210, 5264, 4392, 6691, 2223, 363, 2283, 7097, 8991, 9789, 7406, 1425, 3151, 7709, 859, 5402, 3994, 2764, 8749, 196, 3969, 5110, 3348, 401, 2919, 7822, 7707, 69, 1119, 5427, 10, 1126, 7748, 8117, 2796, 7126, 8332, 5312, 2010, 9987, 1429, 878, 3486, 9275, 4712, 6171, 2681, 9800, 6399, 2513, 7422, 801, 8893, 5194, 6145, 7472, 7216, 1823, 5812, 7972, 6355, 2078, 1274, 7412, 8779, 1119, 742, 8500, 9326, 4335, 8126, 2014, 2105, 3639, 7155, 7627, 5370, 5192, 8672, 2771, 9306, 4945, 4031, 4703, 9623, 1537, 1412, 5944, 157, 2000, 1052, 9356, 228, 8905, 3637, 3614, 7373, 4104, 2047, 7892, 1757, 4130, 6018, 885, 4834, 2091, 9586, 9275, 1146, 4650, 7342, 4552, 8079, 2096, 7682, 830, 4049, 3197, 1153, 772, 1375, 9329, 8336, 4471, 9840, 8207, 4684, 6963, 6241, 394, 8172, 3535, 1969, 7706, 4992, 659, 5215, 9629, 4494, 1697, 8567, 6213, 5925, 9495, 7328, 3955, 7103, 2932, 3985, 1165, 9192, 9697, 5154, 4084, 8059, 2132, 7490, 3221, 6693, 2247, 182, 7883, 5639, 5077, 5441, 4581, 3674, 5296, 9164, 6313, 9565, 1276, 2453, 5483, 6906, 9104, 5701, 3062, 242, 453, 9548, 1074, 231, 7537, 9431, 2962, 5905, 4937, 5819, 4877, 1403, 2587, 1879, 9445, 2196, 9277, 5308, 4235, 7196, 8485, 6468, 1540, 1257, 7361, 2142, 1512, 9800, 7631, 8296, 3929, 1749, 5448, 6865, 9278, 4753, 56, 1719, 6097, 8147, 5597, 1559, 5211, 3022, 9556, 3057, 7413, 6284, 9143, 6790, 3215, 9317, 7974, 8498, 5178, 6434, 366, 8115, 7769, 7808, 5734, 9393, 150, 5676, 164, 7841, 2951, 1268, 3036, 7468, 1194, 5860, 3060, 7964, 1984, 5512, 9318, 918, 1418, 4724, 8251, 5749, 7184, 2834, 8082, 2373, 6694, 807, 857, 701, 8613, 4380, 1917, 2469, 1198, 6093, 7974, 8134, 3047, 9401, 3046, 5316, 3147, 65, 377, 3295, 2150, 6624, 4569, 9014, 9879, 8499, 5738, 8173, 836, 1203, 1477, 3761, 4311, 3127, 8954, 3682, 1351, 3881, 9278, 9453, 5491, 4127, 3928, 802, 2186, 4869, 9465, 1730, 8882, 8239, 8617, 8800, 6770, 1246, 9143, 1637, 7215, 4690, 8993, 455, 1313, 231, 3079, 3734, 5695, 2879, 2707, 2769, 7145, 1078, 3095, 2117, 4948, 6076, 9738, 1493, 405, 2837, 378, 750, 6838, 7927, 3879, 6560, 2254, 2869, 3722, 8092, 3534, 1320, 8782, 4767, 7229, 1621, 5487, 265, 5204, 2200, 8566, 5761, 8567, 9857, 5085, 2715, 5146, 2876, 30, 550, 2841, 3906, 7527, 9359, 2926, 9635, 7491, 9295, 3050, 4681, 1217, 7348, 140, 3452, 5498, 3083, 8228, 7986, 3081, 2439, 2557, 4075, 8347, 7352, 6418, 8427, 8277, 8380, 5169, 419, 6713, 3368, 4836, 4365, 9289, 9175, 9073, 4447, 1895, 5098, 198, 6385, 8340, 1761, 9899, 7266, 7240, 6455, 8504, 3751, 8104, 3467, 6581, 3523, 647, 2652, 6752, 2844, 697, 1958, 366, 5490, 7466, 2331, 4613, 4984, 4132, 7655, 7302, 7151, 259, 3507, 4398, 6503, 3628, 3041, 8414, 8454, 3015, 859, 522, 5031, 4547, 2100, 534, 7883, 1722, 5329, 5972, 4135, 397, 8245, 9803, 2275, 6860, 4776, 3553, 3871, 559, 8602, 1326, 6158, 6467, 2686, 8098, 6303, 695, 6559, 2932, 1681, 2757, 3707, 8940, 9941, 5657, 1903, 4110, 6106, 3195, 2701, 6532, 1272, 7733, 521, 9960, 8624, 3252, 3194, 3532, 9658, 1847, 6177, 721, 3892, 5760, 6628, 8343, 7208, 6067, 6224, 7030, 217, 6333, 6636, 9275, 773, 9639, 9562, 7424, 3172, 7890, 7323, 5636, 4490, 6062, 6924, 8332, 7634, 7363, 5545, 2208, 2968, 3699, 5209, 44, 6577, 6058, 1060, 855, 9873, 9602, 1925, 2164, 6631, 9149, 6905, 1208, 9982, 4728, 3418, 8200, 4408, 6580, 6313, 4780, 2692, 3413, 2962, 9962, 9015, 6297, 8022, 4600, 3306, 8196, 3958, 4821, 2936, 8512, 8972, 1854, 9055, 9048, 8039, 3088, 8765, 7518, 3480, 5898, 1609, 6318, 8175, 5288, 9108, 8331, 814, 3843, 3274, 6109, 7180, 4319, 2541, 242, 8825, 5714, 644, 2225, 9562, 3803, 8383, 4069, 1665, 3789, 830, 3068, 6811, 4210, 1196, 8770, 9779, 6970, 7677, 6926, 6771, 4827, 1905, 7735, 6652, 8599, 3464, 8711, 3522, 9924, 2248, 6825, 4683, 2434, 3750, 2292, 9531, 6157, 8626, 2360, 6709, 9305, 4755, 1402, 9036, 4048, 4087, 2946, 4027, 9325, 6241, 7507, 889, 9581, 8014, 2638, 5182, 8786, 3306, 2446, 4296, 2323, 3962, 2472, 444, 5360, 9660, 4868, 352, 2900, 3574, 1415, 2861, 1505, 1419, 2860, 5706, 3, 5073, 9121, 2418, 6274, 8227, 1029, 6278, 5427, 5104, 2412, 6890, 2931, 9835, 7746, 5352, 4186, 5178, 8190, 6391, 8702, 6494, 5107, 9826, 7504, 599, 8419, 5004, 5974, 5284, 2715, 9083, 4097, 2462, 5531, 7216, 6986, 3407, 5272, 2639, 9535, 2016, 2423, 1892, 5790, 334, 7446, 8068, 7132, 6989, 480, 4826, 7936, 6682, 8791, 9158, 7384, 9876, 3512, 5936, 2055, 3281, 9509, 7712, 2199, 9560, 860, 4868, 737, 5217, 6705, 628, 1720, 7431, 669, 6897, 5887, 787, 5999, 1884, 9396, 1394, 7347, 7766, 6503, 8575, 1909, 5748, 9770, 9969, 3046, 383, 3218, 3763, 4843, 7802, 2243, 1800, 7659, 2426, 5687, 3573, 2112, 562, 2194, 5918, 348, 9357, 288, 7430, 9340, 5495, 9341, 7988, 2497, 2980, 1927, 7551, 4198, 7987, 3119, 1847, 8386, 4305, 3058, 2652, 5972, 1120, 1534, 5159, 5515, 9856, 6655, 8581, 3443, 3489, 3131, 9917, 7826, 6809, 1807, 9942, 8543, 6582, 9377, 8569, 8934, 3881, 9949, 36, 696, 1457, 5188, 3505, 5945, 9692, 3108, 3816, 3180, 8773, 400, 7990, 8335, 1018, 6812, 2653, 4461, 4857, 1289, 9006, 9731, 2624, 9682, 1049, 7987, 3123, 4003, 6796, 804, 6626, 9332, 2502, 4658, 8152, 8066, 7878, 7047, 3230, 6936, 6984, 8946, 5038, 723, 17, 5343, 7504, 2236, 2835, 9003, 9539, 8561, 1305, 3530, 9955, 3706, 6378, 8396, 4712, 1357, 6070, 7858, 3473, 1848, 5970, 5278, 8384, 1142, 9985, 6192, 3178, 6758, 772, 5217, 7014, 1773, 1348, 1886, 4137, 4643, 2763, 9173, 6739, 2954, 2271, 7169, 8878, 4416, 3243, 5545, 4798, 5390, 6063, 6421, 9788, 3910, 3982, 9185, 3497, 2540, 8713, 8347, 3455, 8251, 6792, 3152, 7727, 1912, 9167, 7472, 4428, 3464, 5691, 8404, 5752, 7439, 9412, 7880, 9262, 2932, 7490, 8083, 2572, 7918, 5314, 6591, 6661, 4356, 1168, 7744, 5681, 8873, 7598, 4605, 8548, 3596, 7809, 1538, 5180, 4929, 9514, 1193, 2182, 6751, 5801, 1798, 5861, 4552, 433, 8354, 3971, 7971, 8634, 1562, 2042, 5414, 2405, 979, 4955, 5154, 7359, 6942, 339, 2733, 9801, 9299, 7265, 8925, 6215, 8118, 9321, 7089, 3957, 2814, 7274, 9873, 4328, 7061, 2585, 7689, 4282, 1322, 969, 6613, 5816, 1498, 1293, 3830, 6901, 6799, 5089, 7509, 7136, 9298, 9631, 8614, 1247, 1728, 3312, 816, 2755, 4122, 3101, 8307, 4187, 685, 9456, 2795, 1969, 1489, 5880, 2698, 5924, 3378, 8183, 4586, 9314, 5354, 7684, 2445, 8937, 5075, 8274, 6095, 1891, 5597, 5255, 3936, 2465, 3284, 5010, 3152, 1575, 3530, 8498, 8899, 8614, 3664, 7833, 3914, 6870, 6995, 6868, 4131, 5678, 368, 7126, 2786, 8494, 6770, 4928, 7587, 7497, 6856, 5893, 8775, 9200, 5446, 1439, 7277, 3953, 5903, 377, 3864, 4258, 3938, 2627, 75, 5995, 1451, 9345, 5118, 9011, 9299, 1427, 1353, 756, 7115, 5509, 8928, 5047, 1683, 2817, 3178, 9586, 4076, 9946, 6665, 638, 1924, 2410, 6773, 2641, 8406, 685, 7252, 3541, 2039, 6484, 1303, 4417, 9001, 3241, 8146, 3833, 1375, 9882, 8302, 6308, 847, 1514, 8, 1635, 5646, 3170, 6305, 6181, 3837, 2083, 6164, 599, 2501, 6851, 233, 796, 507, 9940, 5586, 9833, 3383, 1947, 4515, 9140, 5739, 1712, 8705, 9565, 8251, 6578, 8374, 6034, 5370, 1702, 6971, 568, 8189, 2418, 4760, 7981, 9083, 1147, 3102, 8205, 2801, 9999, 6235, 5316, 1099, 4501, 7063, 7733, 7363, 9187, 5150, 8837, 1659, 2754, 8123, 3437, 6714, 8145, 9959, 7128, 6686, 2923, 3077, 6108, 538, 6509, 770, 8169, 7926, 7182, 1005, 4652, 8467, 1533, 6539, 6083, 155, 9245, 6873, 3915, 1757, 4021, 4225, 3899, 2076, 1611, 2898, 5832, 758, 2931, 8796, 1431, 1797, 3252, 6340, 858, 1330, 826, 1348, 6152, 4079, 3076, 8207, 2567, 3569, 3093, 5765, 6012, 3135, 3050, 323, 4800, 6286, 6391, 6848, 5147, 8335, 3474, 2750, 3195, 9802, 1769, 2573, 6088, 6014, 4273, 8872, 5136, 6997, 3471, 7899, 5649, 4696, 5974, 9978, 5780, 3301, 3433, 3973, 6783, 8251, 4051, 3467, 8721, 9817, 2633, 4046, 2052, 2714, 6326, 1932, 1009, 1750]
List Size: 5000
Insertion Sort Time: 1265.073600 milliseconds
Merge Sort Time: 48.073300 milliseconds
Built-in Sort Time: 0.766600 milliseconds

Original List: [4401, 6267, 6956, 9944, 5377, 9666, 2674, 3895, 2655, 885, 1727, 5514, 5840, 6866, 1419, 2990, 5957, 1786, 1684, 8710, 3589, 8086, 722, 4928, 2736, 1833, 3123, 4287, 7681, 835, 2923, 7757, 3572, 6424, 5571, 1014, 829, 3177, 9515, 4888, 2848, 6375, 2757, 2070, 1668, 9758, 8946, 2626, 6313, 3240, 1283, 3822, 1593, 576, 8439, 4260, 7917, 1763, 5101, 2346, 965, 5593, 9226, 3349, 2704, 3752, 4598, 1921, 1952, 6278, 5058, 5956, 5210, 2252, 3346, 9108, 3778, 7872, 8465, 7362, 589, 1912, 2847, 2096, 7626, 7452, 6459, 898, 3552, 653, 5650, 3693, 7786, 7892, 9514, 8392, 3192, 5098, 9986, 4340, 1516, 3271, 6228, 2488, 5690, 2924, 9041, 8350, 4182, 745, 3385, 9312, 8733, 9641, 2528, 4686, 2355, 1982, 8838, 7034, 268, 7925, 7667, 9860, 2985, 2422, 4594, 1660, 8537, 1571, 3627, 460, 5564, 2340, 3314, 7631, 5329, 3355, 1200, 7281, 9972, 8604, 3481, 6826, 3364, 5164, 303, 6862, 5136, 6693, 6564, 5781, 2827, 5813, 5246, 7993, 2370, 7960, 2809, 4664, 2633, 8458, 1114, 7471, 6597, 9990, 6733, 9324, 9744, 6943, 5953, 1128, 7338, 8115, 6803, 9386, 9450, 4809, 6107, 9707, 8961, 3530, 8587, 3783, 4328, 9145, 3027, 8901, 4096, 724, 1151, 8803, 3538, 8636, 2410, 7183, 2738, 1004, 3795, 5586, 5947, 2536, 7849, 1877, 6374, 3341, 5492, 5254, 895, 542, 3755, 1628, 3644, 9315, 5107, 3721, 2987, 2642, 3706, 7835, 2302, 2530, 8445, 7824, 4308, 4503, 113, 8065, 3710, 3576, 1184, 4001, 9240, 5633, 197, 8286, 5635, 7147, 5076, 7050, 1337, 8240, 49, 7511, 6870, 8309, 3274, 8688, 3236, 7893, 3912, 1684, 9784, 7545, 9079, 8218, 3754, 7326, 3237, 2092, 2486, 5087, 7507, 8256, 1741, 3337, 6675, 3902, 9798, 2860, 6597, 8447, 6650, 158, 352, 271, 8104, 2339, 9627, 4668, 5184, 6997, 9095, 6958, 8000, 9565, 5180, 9283, 6186, 1697, 53, 7636, 1003, 6723, 2531, 5550, 4660, 1073, 5932, 9349, 4420, 82, 5202, 2455, 2724, 9493, 6780, 1903, 820, 1931, 9135, 1172, 1799, 9250, 6868, 6005, 166, 2055, 5354, 1007, 5144, 2017, 272, 1555, 3666, 2255, 6683, 9812, 6255, 3858, 2302, 5773, 3084, 1755, 2384, 2060, 4020, 1705, 12, 832, 3031, 4844, 7775, 1338, 6118, 1935, 2945, 6126, 7308, 940, 7954, 3940, 3200, 5562, 612, 7870, 6554, 7396, 5551, 2112, 9464, 3314, 3214, 9434, 554, 6812, 3248, 9682, 3761, 5258, 681, 864, 3446, 5550, 1630, 9091, 9, 2035, 9769, 2836, 4366, 6534, 8203, 8115, 5122, 9810, 5627, 8317, 6657, 2992, 9988, 7599, 8371, 1523, 7357, 664, 8506, 2142, 8968, 3715, 1354, 248, 3923, 1451, 880, 4042, 4834, 4571, 9434, 5435, 3712, 3370, 8432, 1799, 1252, 7458, 5967, 1385, 9474, 373, 935, 5718, 2353, 3797, 3496, 2710, 8060, 1656, 8147, 8180, 1978, 1583, 6528, 7722, 7, 6317, 9441, 9691, 1084, 8303, 8966, 2273, 2368, 7737, 880, 2362, 9169, 7579, 1959, 8059, 1737, 2933, 2181, 3437, 7619, 4575, 3483, 927, 6868, 2311, 5603, 7935, 3558, 5003, 3052, 4180, 9743, 2443, 3911, 4540, 8854, 7854, 1698, 1590, 9702, 3680, 2784, 8881, 1328, 9872, 3967, 2297, 8901, 7916, 6113, 7724, 4684, 2539, 2353, 1925, 967, 3346, 6103, 3771, 104, 5282, 7960, 5767, 2158, 8532, 2895, 8578, 93, 9603, 3404, 2117, 8273, 138, 6648, 6168, 1845, 6400, 4195, 8579, 7358, 6371, 9492, 4215, 1466, 7881, 5207, 8984, 3801, 9997, 1949, 9039, 9460, 3329, 1717, 5274, 8654, 5738, 2327, 5998, 1902, 4679, 8783, 2036, 6001, 2909, 406, 7496, 307, 3292, 3740, 9906, 2841, 4806, 744, 4992, 8628, 5781, 9019, 303, 7914, 4570, 8735, 3699, 1472, 4944, 3041, 9229, 1816, 1053, 3402, 5064, 5947, 8420, 7371, 201, 4410, 2540, 4390, 9417, 1558, 4428, 2046, 1193, 5220, 171, 7694, 2698, 3563, 5848, 2432, 7495, 32, 6398, 6710, 6905, 3866, 5081, 7774, 5583, 6323, 3827, 364, 6377, 475, 4709, 3867, 5008, 5917, 5589, 6147, 8801, 2770, 5069, 910, 9775, 1779, 564, 3297, 6552, 8372, 1894, 5111, 7391, 6426, 8683, 2749, 9512, 290, 8562, 3886, 337, 1958, 8985, 1262, 5076, 6341, 3127, 7970, 4645, 4308, 9786, 1672, 3212, 4413, 6960, 1896, 5836, 9732, 4158, 4752, 3987, 1184, 7808, 6229, 5136, 3390, 1021, 4300, 5802, 745, 756, 5494, 6089, 6932, 9016, 1654, 2128, 7137, 5759, 2992, 9850, 7180, 3647, 5874, 663, 9753, 1194, 9324, 6207, 6546, 6389, 4063, 2061, 2901, 5943, 570, 7471, 766, 9552, 652, 6587, 6766, 7350, 1198, 2907, 7855, 2326, 1218, 4359, 1574, 7166, 8975, 861, 3538, 9850, 1442, 2331, 3438, 3760, 1017, 3736, 4899, 9984, 6261, 6668, 1365, 1788, 4514, 4049, 1766, 2421, 1110, 9744, 4593, 9846, 7985, 147, 6301, 6814, 647, 752, 1752, 5861, 4024, 8015, 2765, 9519, 4824, 2798, 7332, 1332, 9243, 2603, 3074, 4194, 8594, 7494, 3301, 6573, 480, 2278, 4824, 1191, 7405, 9063, 8122, 6038, 8333, 4241, 9098, 8572, 6135, 4410, 973, 1304, 6368, 9427, 3256, 2874, 5346, 3129, 6056, 4792, 942, 7446, 9202, 8355, 7017, 5236, 3492, 6205, 7183, 9164, 8414, 4849, 319, 4861, 3822, 5006, 7415, 7085, 6618, 6871, 4618, 2652, 4829, 5443, 2785, 6338, 7735, 4209, 494, 4401, 2468, 9666, 3307, 381, 6368, 7880, 8899, 2849, 5358, 3538, 2800, 1416, 2855, 940, 6824, 2383, 562, 4982, 1738, 9329, 8203, 7412, 4892, 3476, 4982, 5746, 8104, 4206, 5708, 1112, 9855, 7700, 5033, 1153, 1461, 7880, 367, 7192, 826, 9636, 6538, 2871, 647, 3480, 9678, 3082, 355, 3840, 8205, 7879, 2047, 1324, 4213, 4616, 6499, 5745, 2292, 9390, 9582, 704, 575, 7518, 6611, 3834, 9702, 7043, 407, 4928, 3666, 1614, 1507, 8162, 5095, 4455, 999, 2833, 2338, 1957, 9407, 9624, 6739, 7304, 6733, 1895, 3304, 9142, 7933, 1973, 3001, 4367, 1303, 3416, 3724, 3708, 2862, 8962, 5584, 9856, 2592, 3590, 5058, 1657, 1223, 7101, 6429, 4661, 8917, 9478, 7606, 2846, 9577, 2662, 7919, 2045, 6359, 5674, 2813, 2582, 5219, 6459, 3770, 4047, 3174, 5334, 2136, 5389, 6662, 230, 8057, 9434, 5051, 7943, 4950, 5381, 8584, 2293, 3343, 6023, 7937, 1647, 1907, 4909, 5027, 340, 9777, 3801, 6474, 427, 3618, 7862, 6470, 4697, 4902, 6923, 1588, 5255, 7827, 6638, 8533, 257, 9674, 2180, 3877, 5379, 5557, 7801, 197, 8320, 732, 8452, 1115, 3907, 3599, 2070, 1894, 9549, 9843, 6383, 3508, 1233, 3878, 7658, 7836, 8211, 2280, 5635, 2378, 4927, 3470, 7482, 225, 8650, 9203, 1863, 7333, 2041, 4623, 3410, 3284, 4261, 1257, 5882, 1972, 6247, 4480, 7066, 7605, 590, 8948, 2198, 3907, 4334, 376, 9045, 2701, 9333, 2606, 1914, 2861, 1891, 5579, 9856, 7730, 2962, 9064, 5356, 3551, 3210, 6024, 3421, 4563, 4150, 4919, 7048, 4586, 8357, 3641, 2516, 5130, 4777, 1411, 8971, 3075, 4776, 7202, 4585, 6334, 7244, 4800, 606, 1920, 2952, 5761, 7247, 3916, 6556, 782, 3383, 4092, 3603, 425, 623, 3280, 3087, 3210, 7810, 6118, 6482, 7596, 2546, 7941, 4470, 3721, 7396, 4986, 4762, 2042, 8281, 2448, 8644, 2705, 2191, 1511, 1479, 9520, 5602, 8022, 7661, 3271, 9803, 4576, 9348, 1713, 3592, 5861, 4008, 3997, 9, 8043, 4878, 7626, 6160, 9152, 5613, 3938, 7660, 4522, 8874, 8911, 4977, 9393, 4660, 1767, 539, 5460, 7733, 939, 4181, 980, 1692, 4226, 5798, 5562, 1587, 7903, 1107, 4331, 3494, 4139, 6145, 8331, 189, 4389, 3810, 8631, 5861, 8813, 4251, 1869, 8658, 6863, 3570, 7464, 2498, 7333, 4263, 7910, 3284, 1305, 7085, 4086, 1796, 3077, 3497, 9407, 7150, 2103, 3663, 1108, 6303, 4647, 411, 1663, 5241, 60, 7999, 4950, 9853, 3128, 5090, 2844, 2544, 1942, 5799, 9391, 6855, 9846, 9736, 0, 5968, 7974, 9995, 9028, 3197, 3896, 1391, 6633, 1480, 5780, 8519, 9980, 9656, 4682, 3336, 2326, 8642, 1819, 1036, 9875, 915, 6243, 5739, 4247, 7664, 3936, 2100, 4914, 7111, 3688, 8927, 2291, 9621, 8130, 5071, 5286, 3097, 742, 3260, 9170, 5850, 9578, 5125, 9530, 921, 1460, 9722, 8548, 7788, 7302, 3038, 369, 955, 7379, 8020, 7517, 907, 6649, 7649, 9664, 1577, 6569, 8101, 6816, 2873, 1078, 9496, 7866, 7256, 8235, 4049, 7215, 2319, 3560, 6786, 4369, 588, 8188, 6281, 8317, 174, 8903, 8449, 4243, 4562, 5946, 2417, 6775, 4935, 8406, 7168, 5024, 4603, 6983, 7704, 6800, 1132, 4392, 79, 116, 2414, 3245, 5817, 5851, 5475, 8551, 2401, 7182, 8708, 7086, 7518, 6433, 7616, 4988, 4587, 9947, 3319, 3123, 5101, 5452, 3270, 67, 7371, 5157, 4783, 2525, 7842, 2867, 4550, 989, 5593, 8435, 1291, 7128, 5287, 3999, 9656, 3743, 4478, 2713, 391, 2814, 3531, 938, 7691, 5048, 3992, 5334, 6895, 3318, 1619, 8611, 8982, 379, 7104, 6071, 1798, 7442, 3787, 557, 9117, 4892, 3689, 3138, 9386, 9032, 4060, 4527, 6310, 6697, 5503, 5016, 834, 2818, 3479, 9167, 7296, 7203, 6865, 396, 419, 3387, 4810, 2386, 6004, 9400, 4354, 6397, 9432, 9724, 974, 2310, 7211, 530, 4158, 1364, 5673, 1826, 504, 8931, 3142, 6114, 898, 4006, 56, 8221, 5122, 7933, 6113, 446, 8601, 8413, 2484, 9749, 6923, 8596, 221, 6184, 6148, 5579, 2012, 211, 8994, 1059, 6934, 9101, 9307, 7591, 5951, 1684, 5570, 3329, 5744, 7278, 4085, 5879, 6208, 7118, 9191, 9773, 5231, 6780, 248, 3868, 9573, 414, 5456, 2918, 4661, 7040, 5120, 2876, 8431, 364, 5769, 5467, 3433, 7815, 2014, 8067, 7957, 6128, 320, 5618, 9214, 6572, 2564, 219, 9581, 7070, 8148, 3930, 545, 3293, 3238, 2785, 7156, 1214, 2583, 6518, 9390, 5320, 5740, 4066, 7087, 2751, 4494, 9548, 962, 5790, 242, 7542, 9984, 9357, 2877, 5997, 2144, 986, 7642, 3456, 3883, 8213, 3069, 7568, 7134, 5792, 692, 4381, 3591, 4187, 776, 326, 5913, 8547, 4983, 7543, 9253, 2934, 4152, 3818, 1492, 2775, 3267, 7386, 1313, 8730, 2682, 216, 8515, 9108, 216, 539, 7902, 7961, 9417, 2516, 3031, 2106, 6982, 6212, 8732, 4884, 9894, 2451, 6084, 7601, 1962, 5189, 1741, 6019, 3218, 5050, 5978, 7695, 3044, 4742, 5501, 5018, 7833, 8195, 6619, 9925, 3675, 7115, 9633, 2058, 3406, 297, 8042, 4314, 6901, 6816, 2586, 7390, 9978, 8462, 2484, 7615, 3042, 3074, 1899, 5481, 2956, 1018, 7580, 4279, 378, 5453, 2835, 3016, 6449, 8818, 3333, 5569, 8707, 2815, 5613, 7828, 8761, 5056, 8375, 5310, 330, 5262, 1336, 5268, 7760, 8038, 2461, 6666, 3415, 965, 558, 331, 5901, 6948, 9616, 3778, 5694, 943, 6137, 3758, 4511, 8727, 8814, 3882, 9670, 5956, 5115, 1889, 2776, 2140, 9327, 6703, 9622, 9734, 227, 3368, 1295, 9509, 5077, 9478, 3739, 3805, 7547, 3549, 6499, 3039, 1656, 6334, 5777, 2349, 8344, 8549, 6578, 132, 6273, 562, 6876, 3870, 8034, 8880, 4064, 4601, 7616, 2977, 6413, 1870, 4845, 7961, 875, 9029, 8655, 3923, 6525, 1945, 5433, 528, 6750, 7214, 9850, 7878, 8981, 3302, 7506, 2390, 4414, 9584, 5894, 8248, 3450, 6560, 3661, 81, 7101, 4611, 7183, 8660, 105, 7937, 2209, 6237, 7127, 4911, 6617, 3904, 3476, 4638, 73, 2590, 6798, 8653, 5115, 1043, 6375, 4704, 6149, 9184, 9464, 2794, 6205, 1432, 892, 5627, 8751, 7744, 3484, 6560, 3418, 5093, 8074, 3505, 8463, 7716, 6685, 4201, 5224, 4537, 9969, 7481, 5292, 447, 2031, 8283, 1966, 332, 9619, 1174, 6931, 1222, 4860, 7350, 7196, 3956, 3001, 8774, 5186, 3723, 7275, 4821, 8823, 453, 862, 61, 5240, 9658, 1187, 5218, 4609, 3772, 5790, 7622, 809, 2559, 5514, 8043, 628, 4047, 6827, 3465, 1793, 6625, 9424, 3411, 9507, 6027, 4661, 5955, 6190, 607, 1422, 5790, 645, 3400, 1246, 4643, 1880, 2283, 4541, 6710, 2164, 1498, 2529, 4238, 8482, 9263, 2407, 6116, 2315, 4797, 8456, 3474, 9859, 4263, 145, 4781, 9107, 2144, 5200, 271, 1317, 9237, 8223, 5352, 2987, 8660, 9715, 3228, 6927, 7575, 2068, 6597, 5271, 22, 7961, 4923, 6177, 5344, 2590, 6030, 1547, 3877, 909, 6816, 8564, 7892, 6740, 6998, 2247, 7540, 5956, 8342, 2867, 5589, 525, 599, 900, 1733, 1644, 7765, 4969, 1291, 8821, 1307, 3375, 5118, 9353, 8546, 8335, 7315, 3846, 3569, 1904, 6525, 8626, 4573, 8389, 19, 178, 4253, 7214, 3191, 5900, 8447, 5595, 3681, 365, 5857, 8675, 1225, 1868, 9658, 7643, 3555, 1458, 5706, 3437, 8004, 4436, 4025, 337, 5451, 8489, 2532, 3589, 6264, 9539, 3040, 2723, 3106, 1984, 6453, 1323, 7028, 7713, 1927, 6386, 9643, 3925, 7912, 4770, 2236, 3757, 9157, 7510, 5422, 3425, 2439, 2082, 4644, 1805, 6081, 1249, 8986, 7035, 8340, 3767, 4093, 7238, 2168, 3296, 9557, 5905, 4819, 2604, 3240, 4277, 5534, 277, 2700, 5661, 9148, 5976, 4720, 7601, 8837, 2467, 9487, 684, 9930, 3848, 5570, 4690, 6278, 4873, 367, 9916, 1954, 7837, 1073, 3793, 8110, 6537, 2744, 3946, 5852, 3727, 4926, 9934, 4821, 3417, 1632, 7102, 983, 9476, 4974, 5332, 9122, 7720, 8813, 9765, 2689, 6024, 8206, 1943, 7365, 2929, 4098, 7219, 3971, 1365, 7901, 5924, 5443, 6784, 9761, 7515, 3165, 5966, 2570, 4475, 9574, 3637, 2023, 1950, 7492, 9805, 2943, 5072, 1761, 2987, 6854, 4460, 2134, 4794, 5292, 8644, 7326, 2394, 7373, 8216, 3363, 7092, 676, 5114, 4385, 6601, 6127, 3146, 4999, 5452, 6257, 3818, 8356, 9615, 8198, 759, 4853, 847, 9131, 4940, 7371, 4818, 5609, 9257, 7929, 8791, 6709, 3172, 2055, 5580, 504, 3564, 1474, 8228, 6170, 769, 770, 2252, 3890, 7514, 7860, 6136, 7286, 3926, 197, 3549, 3511, 5784, 2087, 4319, 884, 4394, 9931, 2414, 3861, 8214, 6728, 1155, 897, 8171, 844, 8643, 5115, 9117, 1976, 5206, 2941, 6479, 4791, 1738, 6625, 5686, 1694, 8510, 7956, 1269, 5080, 8861, 7726, 7384, 355, 4603, 3353, 1411, 9733, 2127, 9361, 6194, 6868, 652, 7261, 6102, 6764, 7012, 931, 7016, 311, 1121, 344, 9609, 5003, 4780, 5093, 9272, 876, 3367, 3036, 3237, 4659, 3395, 6675, 9622, 8634, 8828, 9647, 1109, 302, 3003, 5243, 3701, 3778, 3735, 6033, 8446, 9485, 5227, 9721, 5178, 8761, 3158, 6204, 5504, 4701, 8745, 5046, 1111, 620, 9688, 3710, 352, 7690, 8325, 6117, 313, 5155, 6069, 6818, 1417, 102, 2282, 9826, 5190, 74, 9371, 9029, 1424, 7357, 3921, 4372, 8483, 6026, 9455, 4677, 4125, 4945, 6609, 8621, 6194, 3930, 2594, 3389, 3798, 81, 63, 4190, 4992, 8650, 5757, 7812, 5957, 3860, 6106, 4538, 6175, 2217, 4337, 8139, 2861, 1262, 1405, 9459, 4055, 3594, 4595, 2451, 5071, 1114, 388, 1889, 347, 3531, 6266, 7183, 9582, 1363, 6502, 4801, 9167, 1331, 6910, 2377, 6283, 847, 8230, 8142, 5357, 8962, 4733, 543, 8276, 4141, 6173, 5146, 6214, 3172, 6811, 7052, 3361, 4735, 914, 2247, 4930, 3922, 6359, 7759, 9576, 1273, 7775, 2336, 2678, 5413, 6234, 267, 690, 2907, 4983, 2281, 7572, 412, 4822, 6362, 1379, 6065, 2846, 9835, 3062, 2734, 8736, 3869, 2211, 4029, 1781, 3292, 166, 4354, 9779, 5729, 4610, 1194, 3113, 7918, 1604, 6788, 3012, 7020, 1108, 9080, 7633, 8904, 8311, 3534, 5594, 6315, 7427, 2525, 9038, 985, 2600, 9038, 1923, 2499, 8383, 9179, 9210, 6901, 1220, 9024, 3213, 1621, 367, 8236, 4147, 7298, 1436, 9426, 2341, 9201, 2783, 4782, 7386, 6295, 2135, 9359, 363, 6766, 6005, 1699, 528, 6001, 9413, 1826, 1466, 9930, 3880, 4977, 7609, 7883, 2225, 6803, 3436, 3863, 8107, 1907, 5849, 6343, 8304, 8034, 2573, 3940, 3883, 3739, 352, 1894, 9753, 4213, 4052, 4037, 3374, 9388, 5397, 5843, 6462, 3951, 5695, 9488, 9828, 6, 8918, 1483, 1079, 5811, 633, 5272, 5344, 7292, 4024, 6448, 3976, 9074, 4606, 4221, 155, 5778, 709, 3978, 1747, 367, 4102, 2283, 1528, 3216, 6145, 1623, 9348, 4419, 8517, 8905, 649, 3550, 2759, 7068, 1903, 7075, 8462, 9679, 7031, 2793, 3061, 3165, 2218, 717, 7624, 7822, 8199, 601, 3435, 1423, 869, 4156, 9118, 6853, 2096, 5424, 8621, 6860, 8896, 5055, 393, 4040, 6496, 2706, 4852, 3199, 4861, 4666, 6284, 4350, 8757, 9862, 6401, 6454, 2127, 4295, 4851, 4167, 9684, 4980, 5379, 2604, 3329, 827, 8685, 4029, 431, 4471, 793, 200, 8035, 8927, 2564, 257, 7243, 6588, 6406, 2061, 9766, 751, 9400, 5601, 7752, 6452, 6433, 60, 2476, 8472, 8491, 8032, 5380, 3107, 8709, 7734, 1422, 6997, 8345, 1836, 5111, 3594, 3663, 4011, 6881, 4455, 1242, 4796, 5480, 9919, 2834, 9344, 6306, 4754, 3037, 6080, 4233, 6267, 2017, 3594, 6188, 2555, 3190, 6445, 7825, 7131, 6098, 1575, 7179, 9334, 8623, 6268, 4348, 2075, 1995, 1930, 4504, 7082, 9799, 7555, 4153, 5738, 3560, 7855, 8249, 9192, 2511, 8884, 4826, 8563, 8479, 1180, 4851, 5281, 5286, 6783, 8610, 5798, 1256, 2664, 6651, 7613, 3172, 8859, 1445, 7025, 1070, 8290, 4811, 4893, 9142, 9315, 2584, 68, 2285, 8280, 1720, 5255, 1887, 8396, 9193, 2616, 1881, 3030, 5145, 9118, 3979, 2775, 6019, 2438, 2871, 7677, 1985, 3606, 9073, 5161, 6820, 1031, 6148, 3396, 1240, 252, 8620, 4530, 765, 5254, 7904, 786, 791, 8358, 2619, 3132, 1888, 8426, 4054, 6311, 1994, 3362, 9799, 2870, 4005, 8701, 8574, 8054, 3719, 421, 2695, 1130, 8856, 9786, 8544, 115, 6792, 6433, 8876, 6926, 2608, 886, 6158, 7189, 5946, 3019, 7890, 3892, 7947, 1970, 2934, 9328, 6002, 7067, 6542, 9632, 2381, 3423, 894, 6691, 2480, 8187, 2053, 9423, 6103, 997, 6659, 763, 3373, 6477, 8146, 6192, 549, 8140, 6902, 7840, 4157, 3676, 2722, 6401, 2309, 4229, 403, 777, 7051, 747, 9650, 5265, 641, 9406, 2494, 5938, 1284, 2175, 8640, 1289, 7394, 9118, 623, 5696, 7244, 2196, 1399, 7847, 6411, 2891, 3350, 8130, 3664, 314, 7300, 1009, 6688, 3329, 1256, 1015, 4877, 8650, 7491, 7822, 2654, 4756, 2487, 6316, 5623, 8316, 3491, 556, 1459, 4285, 197, 9028, 8598, 8414, 7191, 818, 86, 9097, 3645, 9844, 9542, 3307, 9761, 9261, 9934, 3703, 603, 1072, 9082, 2481, 7105, 2526, 5747, 1573, 4759, 5874, 459, 5886, 7033, 5883, 6847, 8734, 5446, 2420, 4443, 7343, 2922, 9486, 2329, 5683, 4103, 1450, 4172, 1793, 1405, 5901, 5157, 1935, 8310, 2264, 9137, 9717, 9751, 2338, 4661, 7, 4721, 5723, 1232, 8500, 8990, 9106, 3186, 2650, 6119, 7104, 9685, 5188, 6292, 1461, 9077, 7835, 7756, 410, 6719, 1958, 8918, 7630, 9578, 8878, 1428, 1424, 4210, 1071, 6996, 1937, 3853, 381, 819, 1287, 908, 7665, 4499, 2656, 5581, 4883, 7301, 3706, 9189, 973, 8819, 3401, 8218, 8148, 1535, 6854, 5767, 3060, 2578, 6961, 1113, 392, 1190, 8160, 1285, 9967, 3745, 2757, 4617, 1030, 5521, 3915, 9225, 4410, 1634, 3101, 481, 7864, 9585, 2993, 4682, 9832, 6027, 9379, 6149, 1299, 6047, 4222, 5564, 5795, 9112, 1803, 4031, 452, 7106, 7618, 1851, 9811, 3688, 4797, 5619, 4382, 1726, 9363, 2712, 3925, 6312, 3711, 2437, 7298, 4307, 49, 2434, 1740, 5220, 3572, 88, 5124, 5994, 7119, 23, 7586, 5738, 6465, 714, 6641, 1760, 861, 3673, 4072, 4015, 2608, 4799, 4617, 5415, 1158, 9134, 3464, 6869, 1837, 6317, 9920, 7451, 8, 3879, 2207, 4514, 4348, 1121, 619, 4646, 2915, 1459, 8640, 7677, 4346, 4281, 5625, 5922, 378, 3753, 5963, 3978, 1715, 2256, 1580, 2580, 9799, 5160, 2478, 621, 5664, 9951, 4631, 9884, 2821, 4492, 5754, 3595, 7145, 8052, 5941, 3879, 8011, 9562, 311, 7133, 5945, 3711, 1851, 2617, 5913, 585, 526, 1352, 1975, 9499, 8422, 210, 8511, 7922, 9366, 286, 7904, 4363, 6343, 8853, 6277, 6589, 9890, 7388, 6637, 3255, 3673, 2608, 9730, 6834, 2303, 6239, 8502, 2486, 1735, 8517, 6632, 4793, 8514, 1429, 6161, 1344, 10, 2177, 5284, 5929, 8871, 976, 4215, 8789, 4443, 415, 3252, 2048, 6027, 5011, 7662, 7259, 9620, 6478, 3033, 2627, 1672, 4949, 1480, 9733, 5490, 6592, 9928, 1125, 5314, 2750, 2662, 1438, 1541, 7879, 9368, 875, 1170, 4094, 1961, 5549, 9935, 7015, 2997, 2951, 462, 9881, 890, 671, 3485, 1176, 9069, 7787, 8396, 1106, 6694, 3445, 8405, 9408, 7363, 8689, 5795, 9946, 3496, 282, 8504, 2963, 9771, 9957, 8104, 7627, 2433, 4736, 6019, 6671, 3663, 4453, 3681, 8302, 6045, 8992, 1712, 5788, 3176, 1159, 6842, 5199, 3043, 4799, 5039, 6577, 6511, 7720, 8132, 4976, 425, 7504, 9153, 5280, 2086, 2645, 3413, 6015, 2917, 530, 7726, 2418, 3873, 5774, 7628, 7213, 6523, 3127, 6061, 2379, 6022, 2337, 7577, 5376, 3399, 6727, 8401, 7254, 8278, 6144, 3236, 311, 5580, 7029, 9525, 7508, 5887, 2337, 698, 95, 2367, 2997, 7308, 8811, 8793, 6890, 2948, 4560, 522, 6093, 3501, 5038, 9175, 5364, 5107, 1780, 4993, 4332, 2373, 3401, 8882, 1338, 1678, 756, 4435, 7105, 2212, 1394, 5784, 9983, 8049, 4692, 923, 8784, 8804, 1954, 1890, 4249, 8090, 6654, 2554, 9992, 3824, 1977, 8334, 3529, 7119, 4829, 4369, 1992, 1480, 6347, 9259, 5234, 2046, 1308, 8871, 4699, 5974, 3203, 6816, 8858, 98, 7118, 3727, 1331, 4319, 7242, 7107, 7087, 626, 2446, 621, 8464, 4203, 3399, 1668, 2792, 6014, 9992, 9538, 602, 5424, 5123, 2299, 9887, 1233, 7698, 367, 9535, 1948, 2082, 772, 2859, 7241, 8551, 2006, 2370, 7227, 6592, 1553, 4279, 643, 1537, 7245, 474, 9207, 981, 6663, 1451, 7641, 4730, 193, 818, 2751, 6764, 537, 3231, 6257, 9977, 9037, 278, 3607, 5195, 3967, 162, 4411, 9500, 2209, 7758, 6279, 8475, 4944, 6986, 8107, 5699, 3865, 6706, 1245, 7285, 4373, 802, 299, 7825, 1617, 889, 3877, 4707, 2052, 3158, 4571, 4584, 3946, 7408, 8011, 4143, 4081, 3995, 3318, 4786, 1797, 6633, 3567, 4767, 5199, 845, 757, 4949, 7159, 1383, 5990, 8147, 9447, 8617, 9283, 6163, 3494, 7475, 1004, 2251, 200, 4389, 9759, 471, 6372, 3884, 9386, 2619, 272, 7084, 4073, 9878, 7252, 9056, 5342, 4180, 7945, 5034, 7257, 7704, 8262, 9878, 8144, 5271, 4759, 950, 7055, 1781, 9926, 2933, 2182, 898, 8181, 5178, 6097, 6787, 2923, 5177, 3330, 3355, 353, 4342, 3732, 8441, 2954, 6544, 192, 1381, 5624, 9004, 1286, 9335, 1749, 9807, 5893, 5515, 3794, 4867, 1517, 6274, 317, 1265, 1690, 3197, 6851, 3684, 7965, 2390, 4422, 1576, 9648, 9657, 9426, 3129, 6481, 9421, 9033, 2473, 9994, 1958, 9754, 166, 3238, 2196, 5333, 6521, 8029, 3186, 1859, 3940, 6275, 5996, 9281, 1945, 8160, 1041, 3932, 1751, 8277, 7276, 6892, 8286, 2634, 8452, 3104, 9836, 7831, 3955, 6534, 9196, 4712, 6694, 3525, 4092, 9037, 5544, 6336, 7012, 7690, 7703, 808, 3800, 6456, 9905, 5395, 4801, 1074, 8316, 37, 6059, 2050, 29, 903, 7229, 2527, 4498, 7331, 4216, 4689, 2943, 3179, 4487, 4444, 3485, 4638, 6972, 436, 1110, 2261, 3641, 8558, 3557, 9345, 270, 4349, 1265, 3714, 240, 2290, 5244, 1806, 1885, 1144, 5289, 7660, 3034, 7852, 7457, 2423, 5843, 5881, 6624, 4934, 4509, 2419, 8021, 2087, 2697, 3, 6185, 7501, 180, 2441, 5449, 2972, 5618, 6061, 7364, 4745, 156, 9865, 6836, 3906, 472, 1104, 4502, 3055, 6827, 9252, 214, 6215, 1460, 7221, 6389, 5456, 7007, 3369, 2205, 9963, 4292, 9306, 7641, 4364, 7727, 2361, 7890, 4651, 2364, 8130, 4034, 791, 9559, 7692, 2978, 7184, 1455, 7639, 2383, 5846, 5026, 7844, 186, 8804, 1425, 8307, 1806, 4052, 15, 7630, 4594, 1175, 3366, 7140, 82, 6552, 6494, 206, 6879, 1556, 359, 3500, 3204, 4482, 7938, 5374, 6928, 5047, 1903, 2894, 4119, 9058, 562, 5678, 9384, 5113, 4371, 3124, 4035, 9506, 6637, 5346, 5410, 5737, 3451, 6996, 9773, 1725, 1211, 6949, 9527, 5288, 9778, 1262, 1324, 4281, 8785, 1605, 5503, 5267, 4750, 1455, 8289, 4990, 4457, 1974, 6934, 1276, 9715, 2377, 8215, 6411, 4623, 727, 1914, 4250, 2023, 1108, 6171, 6557, 1874, 7423, 9154, 1639, 3514, 8153, 2122, 2969, 3612, 7399, 4673, 6155, 3419, 891, 4955, 7721, 6089, 5120, 9787, 6680, 4642, 6736, 4296, 2394, 6825, 3037, 9661, 4322, 5059, 633, 3625, 7779, 4811, 4511, 7929, 4104, 6695, 9225, 3336, 7760, 4216, 2750, 411, 2900, 9488, 3007, 6249, 2981, 6779, 4480, 6133, 1589, 9962, 5105, 3733, 6549, 255, 5389, 1664, 8544, 972, 7726, 4383, 4214, 4262, 2130, 4893, 9184, 1917, 5208, 8466, 3125, 5826, 9773, 2726, 4763, 5786, 4028, 1873, 8110, 3584, 1538, 7699, 293, 6341, 514, 7118, 2777, 7044, 8622, 2687, 8491, 3821, 2123, 9698, 5505, 8718, 3650, 8047, 3796, 2134, 2913, 2408, 2487, 7615, 4358, 7031, 9167, 2095, 3704, 7003, 9381, 9359, 337, 8630, 4444, 3142, 308, 799, 4310, 8967, 64, 7386, 8268, 433, 1759, 4383, 6142, 5805, 4371, 5438, 758, 2368, 3300, 4955, 7182, 6535, 8978, 6753, 6755, 7056, 586, 5322, 511, 1354, 9849, 7928, 4128, 2771, 6399, 5195, 87, 1300, 1122, 3184, 9262, 7069, 4689, 2083, 4315, 3085, 5590, 9333, 9416, 8208, 2062, 5565, 5511, 7068, 3055, 6094, 7385, 5876, 2512, 6467, 3494, 1377, 4949, 637, 184, 2913, 4361, 4453, 5898, 8198, 9550, 500, 8541, 1942, 63, 1154, 7374, 5218, 3994, 2747, 2571, 276, 3538, 2209, 5665, 1959, 7891, 3789, 5002, 5549, 5314, 5172, 7265, 2086, 6304, 2016, 8779, 4792, 819, 7797, 1061, 6881, 6890, 2891, 7292, 1328, 5946, 6603, 5206, 7487, 7646, 8743, 443, 6988, 1490, 8382, 9808, 5991, 9648, 1525, 3527, 8115, 1600, 1651, 2431, 9931, 925, 9524, 7757, 6487, 3269, 7272, 5834, 7529, 2833, 5887, 8074, 6584, 4130, 9449, 1232, 9189, 2176, 1709, 6146, 3552, 5043, 9551, 5754, 7382, 1641, 3412, 7264, 6822, 682, 2689, 3299, 3559, 8488, 4873, 4063, 4050, 2566, 5938, 3155, 4894, 6046, 7727, 2740, 1395, 2978, 939, 7747, 3535, 8173, 7368, 7390, 9186, 8528, 9294, 4944, 3568, 3088, 4074, 1917, 3089, 2937, 1221, 9883, 9925, 2581, 1992, 4918, 7150, 6024, 7931, 2808, 8352, 1603, 3384, 311, 8649, 1175, 6945, 1662, 2855, 9965, 4206, 661, 9669, 292, 4249, 1375, 977, 1111, 4153, 1215, 8464, 862, 525, 3707, 2659, 1141, 2883, 7552, 3320, 3104, 1452, 4238, 2499, 1128, 6624, 3631, 9517, 4506, 1791, 2798, 1054, 9511, 6046, 9926, 2528, 3472, 7803, 7098, 6757, 6907, 6806, 5784, 6892, 8761, 3055, 3365, 2161, 3499, 9507, 7142, 7701, 5923, 469, 6529, 7329, 24, 2178, 5204, 2877, 2654, 5894, 8252, 7697, 6528, 9746, 1644, 311, 4292, 8668, 9897, 6752, 4896, 1378, 7146, 8330, 9967, 3715, 5441, 8063, 4595, 3576, 3732, 1556, 2917, 542, 8861, 7749, 2814, 6714, 8693, 8353, 4688, 4972, 9229, 140, 7273, 973, 6300, 2629, 4230, 7964, 9063, 1304, 9641, 4472, 9759, 7394, 4934, 6226, 4189, 6957, 8798, 1022, 4353, 5894, 4800, 1341, 3789, 3840, 2797, 9118, 5165, 6215, 4260, 4764, 6729, 8369, 4616, 7964, 4541, 9275, 8140, 1114, 7529, 7940, 1242, 5043, 7761, 1281, 2250, 8242, 2417, 9019, 208, 5892, 7602, 9034, 8890, 986, 4650, 5963, 5152, 5880, 1406, 7778, 9720, 4610, 5452, 6378, 3726, 6877, 3658, 9246, 7650, 4575, 4147, 4081, 7179, 8790, 2441, 2116, 4888, 9226, 1171, 2639, 1433, 8372, 7948, 5680, 2410, 8984, 2533, 1546, 9756, 5623, 8666, 9817, 8218, 9666, 7465, 786, 1139, 2333, 5346, 3549, 9883, 7662, 1213, 1197, 4605, 3855, 5577, 4789, 3843, 8533, 1114, 9186, 1987, 3399, 1485, 6083, 927, 5900, 3250, 9163, 6964, 9079, 3784, 7192, 2586, 1740, 5106, 1321, 9487, 9091, 5271, 1588, 2879, 8178, 2839, 5135, 2751, 8139, 429, 892, 1047, 936, 4642, 2810, 7247, 2718, 3653, 1514, 8953, 1161, 8587, 6369, 3383, 3052, 228, 420, 8966, 8997, 7314, 8038, 6483, 3859, 5764, 4009, 2042, 7016, 8081, 61, 968, 999, 4656, 3158, 8167, 1051, 6611, 7348, 1938, 7245, 5135, 9277, 6835, 6111, 7876, 6161, 5456, 8879, 1550, 2825, 9663, 3327, 3936, 5576, 3601, 346, 8432, 9525, 3943, 3585, 2574, 1889, 3928, 5960, 6636, 7644, 7896, 7855, 1946, 2075, 1693, 5507, 6970, 1394, 1912, 5430, 1955, 3441, 4323, 8204, 6764, 9272, 4855, 782, 2271, 5505, 6007, 3553, 4554, 2312, 50, 3928, 5446, 9491, 2032, 3651, 8824, 7862, 5295, 4061, 200, 7772, 3524, 7554, 6217, 2093, 8021, 1254, 975, 7418, 2490, 1262, 4210, 1265, 7967, 7389, 9944, 7056, 7360, 281, 3872, 371, 2455, 7629, 2020, 3292, 259, 7151, 5330, 9084, 8264, 2855, 7063, 2438, 4215, 9275, 6928, 1109, 3373, 885, 1571, 7938, 287, 7966, 7248, 8753, 1856, 3201, 9917, 2618, 2685, 9370, 2578, 653, 6027, 9647, 1880, 4540, 5304, 193, 4979, 3983, 5020, 9047, 907, 7573, 5771, 2002, 3992, 512, 605, 7591, 3302, 7151, 8055, 235, 163, 4943, 5143, 8621, 9939, 8130, 5344, 9212, 7401, 4862, 231, 6053, 7530, 7965, 8129, 2971, 7825, 4121, 3158, 1933, 9860, 8343, 3730, 7286, 8287, 3310, 6574, 9166, 6065, 733, 7182, 9827, 1906, 4147, 7316, 4480, 718, 8066, 6782, 8312, 478, 6771, 9893, 7120, 2550, 3336, 4276, 6523, 9044, 9177, 4760, 9269, 2211, 5586, 115, 4071, 3379, 1335, 5962, 8421, 5330, 6426, 7071, 9674, 918, 8949, 4287, 4235, 1005, 3574, 7616, 6850, 9467, 8727, 7736, 407, 8518, 6723, 9475, 9880, 8838, 8897, 7600, 7594, 3806, 4289, 7303, 4767, 1858, 5225, 7011, 595, 9273, 3399, 2941, 5978, 6957, 9592, 4018, 3767, 5383, 4034, 1523, 2026, 9735, 1463, 8124, 1258, 3018, 8089, 8276, 4197, 2262, 1483, 6143, 5519, 3087, 2669, 2476, 4279, 6785, 4622, 4211, 645, 640, 2059, 4687, 1455, 1032, 8692, 3425, 9358, 6293, 471, 2254, 5766, 4018, 6005, 2283, 2756, 6989, 9809, 8899, 4414, 8450, 7850, 6303, 2475, 5475, 8896, 5846, 1749, 2879, 5502, 2511, 5710, 7097, 1887, 7028, 3066, 9330, 4879, 1768, 8628, 2745, 6912, 1230, 5945, 2508, 8567, 3840, 799, 2199, 7565, 4038, 9036, 2032, 1016, 8245, 9918, 3794, 8854, 677, 4141, 4176, 3304, 5031, 9257, 4909, 5036, 4308, 9853, 4129, 7610, 394, 4682, 9868, 3112, 647, 2574, 8822, 1962, 202, 9981, 2821, 6820, 3563, 7358, 6413, 7525, 897, 3767, 6043, 3475, 5203, 4968, 6129, 8237, 2626, 8046, 6115, 2892, 2571, 7070, 1081, 5719, 1205, 2094, 2248, 6029, 928, 3358, 5381, 3017, 187, 4351, 8110, 2946, 600, 3641, 9668, 6104, 2919, 2903, 7236, 5941, 4682, 9154, 8604, 1584, 2855, 9497, 858, 6000, 7648, 6531, 9096, 7763, 3435, 2851, 6890, 634, 7565, 3251, 973, 4128, 5939, 1180, 2467, 6815, 5304, 5655, 6725, 7874, 2198, 593, 2090, 715, 1717, 1716, 6594, 9669, 3979, 7255, 6379, 3830, 6343, 401, 124, 2674, 794, 4455, 3081, 2205, 9904, 347, 3135, 2899, 4931, 4731, 3379, 8387, 1542, 1182, 1937, 1416, 9038, 3776, 6830, 2615, 7720, 2573, 3351, 2598, 4883, 6115, 4014, 7672, 572, 6002, 525, 4522, 2412, 1476, 5415, 6616, 3922, 7181, 522, 8810, 1250, 7468, 8911, 1337, 4015, 5257, 2675, 184, 7082, 526, 5029, 9638, 4697, 8905, 3076, 3094, 2065, 1482, 6410, 415, 7115, 6098, 608, 3529, 7590, 5792, 7909, 2275, 385, 2342, 8273, 546, 3831, 509, 917, 2253, 7000, 7156, 7007, 3614, 6169, 662, 8004, 9476, 2798, 4084, 9695, 4442, 1411, 8583, 3909, 9309, 8797, 6729, 6228, 5532, 3336, 4844, 1370, 423, 9142, 82, 3920, 7215, 9770, 8307, 3315, 7140, 2764, 4329, 9368, 9451, 5975, 1375, 5489, 9205, 6694, 1403, 3156, 6794, 9654, 4897, 6770, 4782, 4856, 250, 8778, 1585, 8788, 9151, 6937, 8860, 3296, 1259, 452, 6840, 7041, 4903, 2918, 8123, 8535, 8077, 9902, 6041, 5037, 264, 5443, 3348, 5104, 7342, 667, 3011, 9705, 282, 9210, 8534, 2685, 8556, 993, 7191, 5309, 9656, 5873, 1772, 4837, 4152, 1436, 18, 1900, 4842, 6929, 6808, 8695, 1088, 1343, 7181, 705, 3806, 5968, 1888, 2550, 6913, 8584, 7725, 8453, 6447, 1133, 9180, 1726, 6967, 9336, 5471, 1224, 7247, 6724, 203, 3851, 7945, 7438, 6239, 6402, 4057, 3565, 1340, 2107, 4560, 6737, 5989, 6829, 114, 9422, 9833, 529, 4483, 549, 1488, 171, 3925, 2518, 5892, 6037, 933, 534, 5457, 5026, 5561, 1179, 8609, 3165, 6620, 1746, 5398, 7698, 2562, 8985, 5282, 3745, 4624, 2859, 1681, 8536, 569, 8951, 6333, 312, 9021, 751, 2261, 7607, 8771, 1778, 147, 7366, 4794, 4053, 3060, 1296, 4596, 7312, 7620, 2336, 5588, 5228, 223, 4611, 6953, 2905, 3705, 1670, 8911, 9398, 9957, 2998, 6699, 3667, 2819, 9708, 7786, 693, 3735, 6310, 7601, 8727, 9629, 6073, 401, 9830, 313, 2271, 5536, 2609, 9466, 6455, 7987, 9177, 4790, 5960, 9032, 2185, 7704, 5166, 8254, 8960, 5721, 448, 2685, 7603, 2204, 5306, 1442, 6427, 2700, 4463, 9444, 8953, 2617, 4022, 3921, 1308, 4167, 5529, 4121, 5950, 750, 4757, 7189, 9557, 7567, 3988, 9316, 8750, 7300, 3523, 1243, 1218, 6569, 3628, 8189, 3614, 4889, 8822, 1450, 3185, 5812, 2227, 8847, 1705, 2471, 7836, 9944, 9350, 4587, 9856, 9357, 2385, 7883, 8100, 1970, 1398, 9588, 1404, 6268, 6305, 5888, 6406, 8507, 6253, 7446, 5568, 2158, 8763, 6885, 8192, 2435, 4515, 4654, 301, 1610, 4669, 2377, 3887, 4651, 902, 8198, 2551, 7432, 9251, 7892, 2705, 4131, 5225, 8965, 2523, 387, 6479, 5030, 5286, 1043, 5801, 1519, 2051, 9250, 6702, 1032, 3243, 2477, 4110, 3724, 8432, 2453, 3480, 3170, 5754, 5153, 9408, 5118, 3283, 6468, 3429, 5391, 7534, 1652, 5545, 2316, 6619, 8504, 9424, 4024, 4183, 8030, 2642, 3719, 7350, 6547, 3884, 2963, 3497, 6461, 1353, 7595, 1361, 248, 764, 4003, 2087, 5921, 9108, 4958, 5123, 8425, 9320, 6622, 4140, 8574, 7552, 2152, 7578, 462, 3511, 9317, 7701, 9148, 9138, 3475, 4925, 1195, 3741, 9170, 6505, 8061, 8414, 8485, 1311, 9004, 5809, 6246, 9513, 6885, 445, 8559, 5108, 1921, 3676, 9926, 2569, 3908, 6796, 5711, 1985, 2524, 8141, 6745, 3716, 1389, 7488, 8618, 2956, 1259, 5865, 4594, 19, 8205, 3956, 8046, 9002, 1355, 2886, 4685, 2560, 4847, 5945, 9979, 589, 6210, 2520, 8713, 9522, 4806, 9830, 1827, 9180, 5665, 9736, 9329, 7259, 1966, 4605, 8757, 4536, 3602, 3441, 1423, 5360, 8123, 5087, 9892, 672, 7065, 2683, 3568, 6485, 8311, 9570, 4786, 9112, 6263, 4176, 8129, 4356, 7177, 2873, 7732, 3336, 5987, 5203, 6815, 7297, 839, 5852, 1984, 4146, 3397, 9248, 4853, 7044, 5902, 7630, 2698, 6780, 623, 2986, 7278, 7883, 7033, 2190, 6817, 7381, 1683, 6069, 7952, 9317, 1982, 2490, 4956, 9752, 6054, 9687, 1648, 9843, 8424, 9202, 2849, 3695, 206, 4219, 244, 633, 7258, 5407, 8445, 2638, 1541, 5985, 9068, 2092, 5549, 3942, 5794, 4369, 6185, 6181, 6564, 9791, 5132, 930, 8260, 624, 8554, 5217, 7865, 2982, 7282, 7768, 8594, 1650, 587, 1672, 8382, 3189, 5650, 1651, 2884, 9136, 8985, 9528, 5202, 8208, 4627, 6697, 8359, 330, 8643, 7316, 5686, 1016, 6295, 1877, 8966, 4941, 7494, 1910, 7809, 248, 5998, 7809, 6569, 282, 3373, 2996, 9573, 6055, 6357, 6617, 3562, 7888, 7135, 3939, 5650, 3135, 8231, 9374, 6405, 3799, 9377, 4739, 4826, 354, 6021, 3000, 5367, 7514, 3282, 9106, 2704, 4597, 36, 7012, 6788, 9291, 9046, 3447, 9537, 6801, 7633, 9986, 730, 5773, 1467, 3776, 5891, 7657, 1093, 4029, 1180, 6077, 911, 3376, 4591, 2616, 5340, 1081, 4277, 8296, 4896, 695, 1024, 3543, 7154, 8865, 1139, 8707, 5587, 5714, 6418, 4660, 276, 5260, 5191, 8376, 3419, 638, 6285, 9664, 8211, 3485, 8342, 6023, 5808, 1395, 4106, 1245, 1701, 1026, 486, 5582, 3195, 4578, 5697, 4676, 7942, 5902, 2511, 6468, 4377, 6229, 2270, 5835, 5825, 3913, 1283, 1425, 3670, 8333, 9120, 936, 7552, 4164, 6952, 9034, 4523, 2495, 2674, 184, 2363, 8269, 2852, 2671, 3804, 6764, 4026, 4767, 391, 4826, 878, 2597, 8064, 7284, 215, 6391, 35, 4203, 5373, 7965, 9735, 897, 8173, 5381, 974, 5131, 4520, 4355, 7439, 776, 7475, 3777, 5998, 3145, 9507, 1584, 4570, 2656, 9399, 7411, 7974, 7620, 203, 5443, 8329, 1663, 9929, 438, 9576, 833, 6227, 3762, 7299, 5815, 7002, 7105, 5034, 9284, 8567, 6067, 8987, 4037, 8755, 281, 9189, 4359, 8011, 9891, 4064, 8931, 3335, 1836, 1163, 7785, 6087, 48, 3061, 5114, 7439, 8297, 9379, 317, 8657, 6198, 4969, 4466, 6540, 1727, 5101, 4164, 243, 7812, 8547, 4968, 4899, 5452, 8494, 1532, 2658, 4718, 2259, 9185, 6896, 1195, 2187, 3006, 7543, 8088, 7959, 4358, 8003, 1777, 132, 7691, 1329, 8181, 1565, 2998, 1011, 1630, 2746, 3011, 4111, 4170, 7422, 3252, 9486, 7314, 3674, 7891, 2312, 2477, 2706, 4845, 8972, 3650, 2800, 9116, 4787, 7769, 8731, 9890, 7320, 433, 9330, 2438, 6814, 2588, 558, 1374, 4252, 5750, 6175, 4375, 5272, 2370, 2467, 1613, 2929, 3293, 1263, 6499, 1142, 800, 1092, 9240, 6522, 1929, 4322, 6538, 3720, 5269, 8931, 9065, 8615, 4102, 8934, 1952, 4385, 9978, 5857, 1416, 9476, 9564, 135, 7472, 9403, 5965, 3274, 5745, 80, 8190, 456, 9343, 1099, 6062, 4340, 4187, 234, 5487, 678, 6123, 2493, 5410, 6908, 8635, 6029, 395, 5753, 8328, 6448, 5999, 4128, 5839, 4372, 5124, 8706, 6114, 5479, 2608, 2976, 3295, 8697, 3932, 1096, 8035, 7434, 4296, 2079, 1134, 3996, 6541, 5606, 4305, 6959, 1334, 2990, 7331, 3491, 7165, 5551, 9263, 8152, 7598, 588, 8551, 8561, 3328, 1242, 285, 7940, 5184, 7028, 4642, 3353, 1639, 6958, 6459, 9513, 9665, 4720, 634, 4227, 5010, 8395, 984, 4548, 2316, 8154, 7438, 1906, 172, 1852, 5664, 7167, 479, 4802, 5833, 3102, 9114, 2361, 8236, 8933, 6142, 1385, 4117, 4784, 9270, 2113, 7266, 2589, 9359, 4831, 5881, 1252, 3033, 4005, 3646, 4592, 5393, 7225, 4311, 7434, 1288, 4593, 1062, 884, 2922, 9758, 4912, 2695, 9651, 1413, 8625, 4939, 2378, 4248, 8167, 19, 8725, 9696, 8070, 4645, 436, 4148, 3770, 2181, 3631, 945, 1503, 7901, 2616, 2928, 9658, 9163, 155, 1942, 3214, 9682, 1426, 3229, 839, 8382, 3905, 1077, 9492, 920, 3274, 933, 5347, 2450, 6486, 5147, 5001, 6023, 8649, 4570, 2143, 4791, 2607, 7080, 5586, 5359, 2251, 8096, 3256, 8150, 7703, 5636, 9440, 9526, 5538, 6509, 9183, 1911, 4609, 2015, 11, 367, 9362, 419, 5573, 3442, 8896, 1803, 7813, 4358, 3458, 9292, 2253, 5094, 8038, 280, 4090, 4494, 1913, 6377, 4051, 3217, 1871, 2439, 3610, 5975, 8407, 8685, 276, 1877, 58, 5289, 6625, 1485, 9293, 5839, 9875, 9403, 9235, 8197, 6145, 5979, 499, 1385, 1599, 9348, 9759, 4156, 9214, 5755, 9992, 3332, 1867, 5128, 966, 8877, 6927, 8, 3886, 4654, 6810, 5810, 7387, 8898, 7979, 5943, 5506, 9983, 1119, 3489, 3091, 9596, 4562, 7264, 3239, 3653, 3489, 2432, 7921, 4436, 8508, 1044, 6569, 7690, 1447, 7172, 6994, 8931, 5599, 816, 2591, 9478, 4269, 347, 3905, 5997, 8401, 6568, 9705, 2413, 282, 954, 7899, 3885, 6606, 5106, 9288, 6055, 9707, 1228, 8403, 9510, 6980, 5489, 627, 1547, 9647, 2963, 8679, 672, 6930, 942, 9450, 2331, 705, 1587, 7608, 4339, 2872, 1332, 4484, 4460, 5051, 8001, 3103, 6428, 9415, 7273, 63, 5752, 718, 4403, 6641, 3809, 9314, 7349, 4768, 8902, 9206, 1163, 7699, 8900, 5834, 7921, 9293, 7671, 3230, 7888, 475, 3383, 2694, 7185, 1074, 1524, 4603, 2384, 5565, 75, 5287, 213, 8963, 860, 2521, 2784, 6670, 101, 3890, 5132, 9134, 2692, 7950, 6664, 6727, 4455, 9678, 3203, 6895, 8071, 3110, 1712, 9600, 4935, 726, 2315, 1339, 3816, 8928, 7682, 5107, 4010, 7889, 1364, 420, 9385, 7117, 9502, 8204, 9902, 246, 5994, 9397, 4749, 2842, 2196, 6597, 7432, 8462, 5116]
List Size: 6000
Insertion Sort Time: 1815.343400 milliseconds
Merge Sort Time: 24.959200 milliseconds
Built-in Sort Time: 1.329000 milliseconds

Original List: [7637, 2598, 2051, 6869, 4619, 8694, 9460, 9031, 1446, 3453, 7927, 8545, 6173, 3722, 3727, 4367, 242, 4440, 9653, 6841, 4781, 402, 9282, 6694, 224, 3850, 5702, 773, 3101, 4453, 9729, 1834, 5557, 8474, 3583, 7695, 1218, 6243, 4145, 3987, 6759, 2637, 6983, 1335, 2557, 1193, 8746, 2387, 8890, 4316, 3117, 4619, 3072, 2048, 2637, 6783, 3610, 7307, 2583, 6163, 5522, 6717, 4997, 5380, 1591, 77, 5859, 4370, 1008, 811, 7995, 8603, 5207, 5243, 6556, 7299, 9942, 8412, 5687, 3362, 7809, 6990, 5208, 3950, 7272, 9150, 2751, 1324, 3561, 3491, 1116, 6009, 7500, 4521, 9253, 2777, 8053, 642, 1267, 9804, 8112, 7575, 6700, 8458, 9839, 7814, 2765, 8551, 976, 525, 456, 3101, 7748, 64, 6697, 7279, 7913, 4703, 920, 1232, 2161, 2050, 2889, 3081, 2552, 7165, 7346, 1493, 5384, 9149, 2303, 2601, 3659, 1068, 3925, 1894, 2530, 6803, 8656, 6913, 6788, 7098, 8079, 6795, 2935, 2241, 9097, 6077, 4249, 2435, 5581, 3564, 8437, 9840, 4334, 7076, 426, 7001, 6647, 895, 6988, 9886, 7454, 4596, 5891, 3908, 4506, 2075, 1288, 1655, 4584, 2261, 605, 6134, 6776, 7749, 5421, 9394, 5711, 9409, 1143, 5341, 4362, 6238, 4333, 327, 310, 3608, 6859, 1144, 9008, 6243, 678, 753, 6318, 4042, 6181, 7639, 2794, 7726, 5163, 8597, 7035, 2576, 1398, 4096, 7031, 1023, 6753, 3608, 4490, 5185, 7221, 9187, 9092, 6217, 859, 4800, 8569, 8285, 6628, 4033, 1729, 5716, 1205, 4085, 3399, 7745, 7898, 479, 4902, 3442, 7959, 8291, 1440, 3273, 2692, 670, 7480, 7776, 9318, 8442, 3733, 1653, 7319, 6880, 3189, 7244, 9583, 5879, 9468, 384, 9044, 3337, 6591, 1292, 1862, 7972, 6336, 9421, 8457, 6507, 2699, 9359, 6065, 7025, 3926, 3352, 898, 3831, 8054, 115, 6077, 5725, 778, 4467, 5767, 3314, 8479, 3859, 6151, 7372, 5482, 5723, 3713, 6282, 7457, 2392, 8485, 5015, 7948, 848, 266, 6693, 2244, 8559, 3920, 6981, 5443, 4713, 540, 9605, 9944, 9902, 332, 3108, 7237, 6161, 8172, 4322, 8127, 2456, 1538, 2274, 4551, 5510, 8684, 8569, 8992, 9116, 1546, 408, 9281, 4048, 1507, 4339, 7532, 9802, 5999, 8565, 52, 857, 9284, 5553, 2745, 5747, 1185, 2053, 4752, 6577, 4184, 2142, 5365, 8748, 3231, 4780, 9511, 5585, 3747, 5775, 2464, 4017, 4310, 1036, 3985, 7056, 2075, 7163, 9610, 621, 2455, 1911, 4386, 469, 6542, 9933, 9108, 8571, 5397, 4290, 2781, 998, 8454, 9083, 8012, 2688, 9498, 987, 8390, 5140, 3075, 7747, 4672, 8928, 4329, 9110, 1977, 8786, 1498, 4232, 9835, 6198, 7851, 5240, 7897, 2640, 6434, 3407, 5040, 6825, 5317, 9328, 3475, 1799, 1707, 7133, 2913, 8743, 7359, 8979, 1903, 1765, 589, 7996, 1890, 1701, 4338, 8911, 4343, 2966, 482, 872, 4002, 7654, 5602, 5061, 721, 3194, 6846, 2980, 5825, 6180, 9438, 2314, 6254, 6522, 3558, 1893, 9947, 847, 2031, 1534, 6631, 5548, 655, 3409, 9267, 2473, 446, 4535, 9683, 9587, 9812, 6900, 3250, 6738, 2723, 2159, 5808, 1475, 3301, 7995, 8124, 7696, 3850, 3592, 5763, 790, 6078, 5678, 5173, 1555, 7635, 9240, 4357, 1656, 8260, 4173, 5273, 2591, 5769, 8174, 7312, 7518, 2781, 5867, 4004, 7863, 3302, 7415, 2398, 5891, 5729, 8631, 6598, 6159, 8744, 3392, 417, 4624, 6362, 393, 2050, 4237, 7256, 1401, 8466, 677, 535, 3440, 1062, 4266, 3972, 6619, 8023, 87, 4165, 149, 9420, 4223, 5037, 6418, 8428, 9667, 5498, 1295, 1377, 6238, 2070, 665, 6819, 3421, 4877, 8272, 7714, 568, 4755, 6870, 7794, 9339, 4809, 5566, 8624, 2837, 8890, 3986, 6674, 5696, 180, 4654, 8201, 7894, 4299, 2026, 5565, 1162, 5583, 7133, 4077, 3222, 7207, 1217, 219, 589, 4044, 7775, 933, 2172, 328, 1976, 3237, 506, 4807, 4812, 5940, 1647, 9892, 1977, 9401, 3045, 5437, 8644, 6994, 2646, 2559, 1929, 3999, 9219, 6570, 8876, 3137, 5588, 420, 7809, 8705, 6506, 3222, 2778, 7053, 7590, 4178, 9347, 6050, 2567, 5187, 309, 8284, 3946, 78, 3812, 6576, 2730, 4625, 8031, 1591, 2248, 2823, 6956, 7665, 7268, 8790, 9725, 4393, 3618, 7639, 3780, 5579, 8086, 822, 7537, 7751, 9156, 2086, 5235, 6164, 8775, 3407, 4754, 9713, 1971, 5199, 597, 8513, 6065, 7435, 4874, 8778, 4194, 3897, 8695, 5373, 6421, 8212, 5679, 8031, 5640, 8419, 2177, 817, 8129, 8540, 2749, 6281, 7329, 4673, 3755, 5487, 1279, 1032, 8263, 8884, 1761, 4950, 4221, 8455, 1203, 5521, 7352, 1692, 111, 2287, 6431, 9909, 423, 536, 9886, 4699, 2281, 5486, 1453, 3113, 5847, 5028, 967, 5008, 5702, 3772, 6555, 6366, 3137, 6931, 6679, 8376, 2141, 4552, 673, 5221, 4413, 1453, 4622, 5844, 1397, 7894, 5584, 2850, 9232, 3407, 4648, 8290, 6560, 6140, 1368, 8352, 7837, 1332, 6853, 5553, 2601, 4420, 4833, 1064, 9232, 4004, 6010, 8246, 2483, 1639, 2724, 6655, 889, 8418, 1240, 2056, 6924, 3780, 7799, 5628, 3896, 8032, 964, 9183, 5384, 5410, 423, 7669, 5895, 2004, 7088, 3842, 9859, 8830, 318, 650, 3403, 9703, 2119, 601, 4953, 5404, 7971, 269, 7162, 1655, 9113, 6369, 5355, 5569, 1437, 8098, 9781, 274, 4290, 3963, 2293, 3068, 7163, 1623, 7023, 6750, 7261, 7558, 6438, 5058, 5453, 7815, 2330, 9823, 188, 3178, 1361, 1339, 6235, 4877, 7161, 6286, 2531, 2743, 1714, 8497, 452, 6032, 6681, 5818, 160, 7534, 8256, 2790, 2563, 8321, 8739, 914, 6080, 2620, 4831, 3056, 1459, 5509, 5252, 4722, 6007, 6159, 1760, 7647, 9846, 321, 8168, 7963, 8193, 8216, 7596, 1838, 6793, 6614, 8995, 7790, 8144, 4076, 8301, 4201, 1913, 2964, 1677, 2783, 2468, 6204, 5940, 8008, 1136, 7770, 1323, 6214, 2375, 6270, 5952, 3359, 9218, 7189, 4478, 7093, 7514, 3512, 2040, 7913, 4123, 8722, 1560, 187, 1499, 1446, 5129, 7113, 4746, 3081, 3072, 7634, 2036, 7089, 5267, 8743, 5399, 3020, 6844, 2687, 846, 4658, 3801, 7554, 2475, 4975, 1536, 1506, 2162, 2681, 1106, 8315, 4274, 696, 8220, 9281, 3947, 9431, 1900, 7497, 3921, 424, 1454, 6388, 2688, 4296, 5114, 4777, 1514, 6636, 4933, 7578, 5638, 9298, 9618, 656, 2387, 8114, 9252, 8217, 4967, 8086, 9186, 6351, 8480, 1328, 6576, 6392, 4681, 3677, 7264, 7052, 1483, 7253, 4255, 488, 1298, 3403, 7595, 8317, 5339, 8345, 2161, 6554, 6239, 5504, 8494, 6393, 1828, 8801, 9205, 3997, 41, 10000, 7196, 8232, 9306, 6001, 9113, 9274, 7014, 1355, 8293, 7745, 9659, 4667, 9687, 1690, 7750, 4894, 646, 2250, 1882, 9183, 7505, 7531, 254, 4687, 4776, 9873, 2613, 8323, 6151, 3068, 343, 6615, 8694, 7172, 4206, 5260, 9498, 8653, 8657, 6019, 7067, 7511, 3533, 2357, 2177, 3252, 2573, 9275, 5545, 3043, 6392, 1005, 9182, 3819, 4668, 5525, 1960, 80, 3791, 4127, 6597, 2915, 664, 2702, 2483, 3601, 2335, 1278, 10000, 3679, 1944, 8447, 8345, 5079, 3212, 7727, 9022, 1147, 7909, 3644, 7848, 6068, 3548, 5292, 6548, 9864, 7437, 2571, 2612, 4544, 9729, 4905, 1553, 4431, 5426, 9807, 1920, 8754, 5688, 8611, 9311, 4343, 576, 7392, 6441, 9138, 4037, 9192, 7183, 5798, 8031, 3543, 5115, 886, 6348, 6356, 5057, 8147, 1927, 9389, 4541, 8711, 3792, 2624, 5673, 916, 3187, 757, 7907, 8750, 1106, 6857, 6, 7907, 8692, 9645, 4445, 3114, 9867, 9029, 6293, 466, 3456, 8253, 5047, 1192, 2592, 991, 9310, 2507, 5035, 9608, 4012, 4549, 4522, 7770, 5826, 8863, 9207, 5843, 2605, 7731, 8848, 9647, 5106, 3219, 6745, 6999, 4306, 3055, 4026, 980, 5796, 6950, 9738, 7127, 2592, 1716, 3188, 2622, 3998, 684, 3941, 7340, 5980, 4793, 983, 1961, 1034, 5148, 3777, 1578, 1063, 4983, 5161, 8498, 2181, 8319, 6581, 6995, 5883, 9841, 6132, 5747, 4759, 2699, 1800, 8878, 8740, 6979, 6969, 968, 8955, 1614, 6018, 4459, 506, 3926, 7349, 2908, 7425, 7635, 5995, 4848, 37, 1069, 4246, 3754, 5292, 5658, 6618, 1204, 921, 6207, 8119, 8310, 702, 9308, 7717, 8846, 9718, 7822, 3743, 3810, 8778, 5056, 6155, 8266, 2847, 4446, 2619, 3531, 3813, 1881, 8136, 5652, 4024, 2324, 1526, 44, 5622, 9837, 1038, 8756, 2249, 5940, 8556, 9183, 8550, 2783, 833, 1333, 2902, 3629, 4689, 9435, 7599, 2593, 6707, 1500, 9313, 3539, 9897, 702, 565, 3422, 3437, 3591, 2753, 2022, 1709, 2662, 4277, 9537, 1480, 2893, 3681, 8574, 5415, 6259, 7729, 7538, 8498, 9583, 7989, 8722, 3958, 7433, 5946, 7138, 2030, 3346, 7674, 1779, 1766, 9439, 3441, 2507, 572, 3629, 6817, 8952, 18, 4446, 3111, 8256, 7258, 5494, 2118, 879, 2340, 8262, 2192, 6544, 8822, 6258, 2912, 4486, 5716, 9773, 3076, 8654, 4782, 9080, 7670, 44, 8345, 7149, 3091, 2374, 1901, 189, 6252, 2993, 4389, 8815, 3260, 6633, 8716, 7470, 8061, 9952, 3689, 600, 3998, 5650, 1862, 392, 3402, 820, 5068, 8842, 2372, 7202, 3596, 1334, 5889, 3349, 210, 4552, 491, 2228, 798, 3288, 9426, 4365, 6127, 5805, 1015, 609, 6662, 3321, 6828, 7080, 9203, 9061, 7799, 558, 7965, 5690, 5685, 97, 9511, 5763, 6261, 6217, 9504, 8311, 7341, 6017, 8863, 3032, 9913, 986, 5800, 2685, 1790, 8354, 4081, 1465, 3757, 8391, 1812, 1107, 1767, 3211, 4836, 9677, 2950, 1475, 1380, 6981, 1956, 4281, 7780, 6506, 7874, 9481, 5601, 5598, 111, 2453, 7567, 3259, 3635, 5001, 2094, 8220, 7942, 262, 644, 179, 2346, 8426, 3864, 2005, 3159, 727, 9506, 4501, 9086, 5074, 6673, 5968, 1297, 713, 3428, 4684, 6418, 5302, 3905, 8216, 3097, 4413, 7891, 4980, 644, 6054, 8845, 2289, 7186, 7537, 7524, 3509, 2460, 8443, 5077, 6275, 9115, 4773, 6769, 5717, 9900, 7941, 9343, 1882, 7140, 5198, 4831, 8302, 4833, 6398, 274, 2330, 3997, 8534, 9637, 8926, 43, 9656, 612, 7485, 2426, 3387, 4780, 8949, 7433, 3222, 1277, 1893, 6074, 6531, 6044, 585, 4213, 2793, 9018, 1755, 5516, 4314, 5696, 3067, 2903, 7678, 6274, 113, 2915, 7847, 6566, 2974, 2469, 4620, 1397, 3228, 4941, 9690, 3002, 9897, 7581, 5152, 4478, 8766, 1150, 5625, 2535, 6396, 4710, 5910, 3386, 5024, 3663, 1210, 1610, 7949, 3799, 2751, 5263, 6903, 9389, 8531, 6769, 841, 3110, 5597, 9125, 518, 6689, 4555, 7395, 9543, 2089, 9113, 1378, 7800, 8567, 8317, 5421, 1822, 6376, 1507, 4794, 1105, 6936, 1565, 7392, 7964, 5553, 7038, 616, 3511, 9174, 9799, 4172, 1500, 6872, 4995, 6534, 371, 8122, 850, 7899, 2505, 7902, 5955, 4529, 1904, 1511, 2603, 89, 5136, 5230, 9297, 8205, 97, 9520, 3456, 7640, 4684, 6771, 6102, 2520, 4465, 1720, 7026, 3159, 2170, 8860, 1777, 5184, 237, 4357, 3727, 854, 4000, 6527, 466, 1560, 1797, 2494, 2092, 908, 4249, 2503, 5477, 7350, 5376, 174, 5964, 2886, 3825, 828, 8702, 5088, 4540, 3588, 6937, 2546, 4824, 5246, 5395, 8820, 8063, 5521, 1601, 1025, 7938, 5893, 1893, 925, 7527, 9118, 3970, 2103, 9072, 8590, 1177, 3509, 9147, 291, 9787, 3928, 504, 8041, 5444, 9669, 7724, 6164, 3836, 7862, 8102, 4457, 194, 2567, 8699, 9104, 6144, 8419, 8385, 2408, 8009, 6851, 9063, 1434, 9387, 6789, 516, 9994, 7637, 2107, 1743, 3902, 310, 2148, 9157, 9670, 5891, 7219, 8077, 8843, 5945, 6653, 1303, 8480, 3553, 2450, 8421, 3958, 3726, 5884, 8547, 7891, 9368, 1136, 6879, 3027, 581, 4752, 9859, 6479, 1350, 2891, 5308, 9121, 7905, 9140, 4010, 8296, 4867, 7088, 3085, 6638, 7102, 1097, 4203, 6816, 3563, 7945, 7296, 790, 9401, 8447, 5649, 2111, 5968, 7182, 608, 846, 8826, 6512, 7274, 8795, 1947, 3921, 2061, 732, 2293, 7051, 5786, 3526, 3867, 4175, 7510, 4591, 9296, 7317, 6754, 2215, 1221, 8092, 1724, 1515, 7940, 1746, 3984, 155, 4323, 3422, 517, 6106, 12, 9547, 6268, 9914, 8632, 7773, 537, 6368, 2475, 6485, 2786, 1079, 2631, 7375, 4903, 1843, 7731, 172, 3454, 28, 1305, 6298, 2027, 8132, 6241, 570, 377, 3597, 3830, 7302, 5314, 9214, 6006, 7247, 2336, 7328, 8724, 4512, 6976, 5513, 588, 8752, 8925, 6091, 2164, 9989, 8803, 4996, 3741, 2246, 5072, 8113, 6315, 4395, 8458, 3552, 7324, 3828, 676, 6880, 4711, 3958, 35, 5632, 7097, 6505, 1186, 4426, 3014, 2340, 4522, 4484, 1899, 5210, 8080, 3050, 6396, 4741, 109, 7336, 6653, 6380, 4988, 168, 1517, 1524, 7666, 2852, 8895, 8356, 5565, 324, 7227, 8605, 5443, 7182, 7362, 6063, 4241, 5147, 2837, 4962, 5799, 1224, 5595, 9240, 8594, 3690, 8132, 8966, 7581, 6810, 5993, 2709, 8190, 1056, 1205, 6396, 6778, 7147, 6883, 7878, 3035, 4689, 6036, 8797, 2259, 8903, 8089, 5620, 9845, 3647, 2851, 1256, 6760, 3798, 8575, 8271, 1342, 9619, 372, 4841, 2409, 6150, 4008, 1415, 9069, 178, 7770, 1679, 9788, 7471, 5628, 8461, 256, 4614, 908, 3411, 1777, 7510, 8507, 9400, 4751, 4147, 2327, 9763, 5441, 604, 3260, 4333, 7446, 153, 8494, 7306, 9454, 4420, 7206, 885, 1882, 5139, 1189, 1538, 199, 2725, 420, 5271, 1306, 3309, 1345, 2523, 1886, 5354, 6553, 3325, 7858, 1114, 5568, 4751, 9743, 7712, 5972, 6371, 630, 4656, 8485, 9068, 4457, 4413, 1000, 8157, 625, 6851, 9659, 4988, 3332, 2, 5617, 9349, 237, 5938, 9342, 4627, 6340, 3173, 779, 7622, 3914, 9257, 1929, 4073, 4015, 172, 3094, 7229, 7373, 1256, 9829, 5584, 3618, 8748, 8400, 7042, 7868, 486, 6217, 9349, 8241, 6185, 3379, 5698, 827, 5304, 6229, 5438, 321, 2664, 9661, 3700, 5791, 4418, 318, 6600, 9482, 3044, 4905, 7501, 8824, 6465, 7583, 1691, 3967, 4963, 2738, 4468, 9115, 6522, 273, 8723, 8759, 9413, 1947, 451, 7923, 559, 8087, 4840, 9362, 2188, 4769, 7450, 7117, 3793, 4531, 5694, 7282, 2271, 4549, 7278, 7160, 6318, 1994, 3718, 1501, 9797, 7867, 7060, 2712, 5488, 5126, 6547, 3355, 2603, 3967, 4811, 860, 3423, 4493, 2360, 3811, 5353, 3871, 2991, 8584, 4418, 1916, 2011, 5745, 214, 4702, 9051, 1256, 9921, 3223, 6344, 7227, 3854, 8998, 9240, 8897, 7272, 4010, 49, 3112, 3203, 2653, 4873, 1576, 4062, 56, 3973, 2450, 4073, 8355, 4791, 560, 3715, 4721, 1057, 1622, 9348, 5618, 6821, 7758, 1144, 474, 687, 2335, 5998, 89, 8466, 7268, 3021, 3165, 3749, 5232, 233, 9035, 6132, 7997, 1831, 8288, 3379, 545, 3829, 6854, 9649, 5719, 1764, 9346, 8257, 8661, 1223, 5061, 9657, 1319, 5433, 5163, 4381, 342, 3316, 4167, 6950, 6385, 6790, 4216, 8391, 1552, 2274, 2490, 5419, 7176, 911, 3987, 5562, 7076, 6473, 2830, 382, 9990, 9519, 165, 9024, 4967, 7461, 627, 3957, 6261, 5990, 9151, 9885, 3378, 3546, 5780, 8966, 4065, 936, 7410, 9476, 9001, 5020, 16, 7240, 7560, 2291, 3946, 7940, 5257, 8336, 3067, 640, 9072, 848, 1879, 1701, 4720, 7793, 1813, 4034, 7390, 6468, 7839, 5933, 9884, 7351, 6874, 7491, 8876, 8775, 9769, 5449, 2773, 6759, 9765, 5262, 7916, 7581, 8048, 399, 7652, 4140, 779, 223, 4063, 5324, 6830, 4005, 9309, 3935, 455, 1338, 4772, 3822, 1860, 7265, 7293, 5698, 4154, 5653, 4732, 7560, 8929, 2499, 3057, 5972, 590, 5679, 7275, 7865, 3628, 8004, 9014, 7692, 1260, 2086, 7559, 958, 1112, 5952, 8723, 1959, 8221, 2817, 6599, 6291, 5611, 2339, 170, 402, 2311, 1653, 5750, 2855, 4728, 2888, 3830, 1524, 7518, 2065, 3992, 1194, 3978, 1738, 9663, 2737, 5992, 4725, 8101, 9567, 9128, 5320, 1011, 7914, 2268, 6486, 5812, 2110, 7688, 1099, 1585, 4902, 5, 374, 1472, 6032, 9682, 8618, 4540, 5924, 4138, 8888, 4072, 4086, 2490, 1847, 2164, 6935, 6057, 3091, 9265, 1487, 7357, 7459, 7457, 166, 5518, 5566, 2080, 2126, 8443, 1312, 4246, 1991, 4161, 1170, 50, 2723, 2263, 7433, 9840, 833, 8211, 9911, 7275, 8515, 4919, 1067, 9170, 7430, 7966, 2510, 3733, 6284, 4286, 2418, 4145, 3913, 8603, 6183, 2642, 6898, 4710, 3349, 7564, 5445, 2920, 3710, 9532, 3751, 1015, 4674, 7425, 5072, 5305, 2381, 2997, 1435, 5999, 7374, 1905, 2372, 2565, 4189, 9646, 8920, 1099, 7729, 1299, 1049, 7086, 6586, 604, 2872, 4342, 1347, 7280, 9433, 2698, 7164, 5046, 6924, 4466, 3430, 2971, 8744, 8031, 1840, 6605, 1628, 4460, 8370, 2088, 2591, 2276, 3671, 4500, 9589, 7657, 2442, 797, 7121, 126, 9596, 769, 923, 1510, 4628, 4297, 4836, 252, 9684, 6086, 3792, 1719, 4850, 2315, 4529, 4006, 2841, 5083, 8481, 1070, 4387, 136, 3854, 2872, 4018, 2003, 717, 524, 6167, 3255, 6253, 5591, 61, 4942, 5338, 6804, 3879, 6254, 690, 3609, 8347, 5392, 7876, 2253, 1536, 8594, 405, 6646, 1452, 353, 6651, 6079, 2113, 2643, 6903, 7470, 1438, 197, 1491, 7429, 247, 8010, 4032, 7473, 5152, 3430, 5593, 3602, 6438, 1235, 6575, 1930, 6922, 1504, 5939, 1709, 4063, 1086, 5582, 6783, 7718, 7367, 7442, 3370, 6472, 768, 3904, 7798, 3914, 8214, 5174, 2172, 4750, 9986, 2635, 149, 5912, 1319, 10, 5061, 8216, 7170, 8383, 1476, 4449, 9030, 3050, 6458, 223, 2745, 5581, 9270, 8409, 7945, 1601, 550, 4564, 6380, 6346, 680, 8035, 7290, 7067, 20, 374, 173, 6082, 3175, 2286, 588, 5679, 4910, 5651, 4308, 3720, 8970, 5432, 6295, 9277, 4696, 2246, 8127, 7097, 7082, 1092, 1789, 8503, 2708, 93, 5668, 4734, 7375, 8647, 1824, 8262, 8334, 7544, 1157, 4079, 8395, 7569, 4687, 3826, 5282, 6985, 5881, 6544, 6124, 3202, 2465, 9342, 6451, 8441, 7634, 8019, 9919, 8220, 9841, 887, 5251, 4510, 8325, 3754, 6016, 5795, 4994, 9662, 5100, 7052, 5580, 5321, 9561, 8737, 560, 7734, 4504, 2903, 9415, 5855, 1466, 9588, 1559, 6505, 6820, 1748, 1846, 5323, 8741, 9979, 7153, 2292, 2035, 9601, 711, 8239, 5217, 4873, 6375, 8267, 9795, 3829, 2927, 2525, 8779, 2957, 2008, 6177, 1238, 387, 5112, 9483, 2609, 4187, 6820, 5477, 5749, 9644, 2456, 265, 7527, 4483, 13, 9045, 5265, 242, 3567, 1884, 2937, 9398, 4608, 7923, 22, 1623, 9013, 1422, 8974, 4806, 9367, 3433, 9250, 4816, 1098, 3484, 6975, 5385, 1777, 8080, 7185, 2575, 4921, 3543, 2643, 3393, 4789, 8867, 7362, 969, 727, 4698, 8045, 9347, 3876, 6122, 1251, 7553, 8876, 7522, 6655, 9271, 3447, 1106, 7268, 9204, 1897, 7841, 1896, 8062, 1419, 2632, 3589, 1162, 4413, 833, 905, 3767, 5791, 4324, 6320, 8286, 3052, 3378, 8183, 7221, 6490, 7584, 9833, 6006, 9349, 6441, 1106, 4375, 9407, 3228, 9886, 7565, 6972, 7408, 2934, 2690, 6847, 9651, 9085, 3599, 4100, 1063, 7006, 624, 778, 592, 3344, 9580, 7747, 1425, 2289, 6991, 9798, 1364, 3206, 5618, 7992, 10, 6851, 5120, 3171, 9291, 3067, 3833, 8003, 5991, 1214, 843, 7226, 1570, 757, 6940, 5040, 3953, 988, 9957, 5611, 4409, 9719, 6319, 8157, 1728, 9692, 4251, 5113, 8342, 642, 3514, 6468, 2565, 7828, 9088, 8919, 4869, 2798, 5180, 2257, 3227, 8511, 4359, 2859, 6929, 3451, 6704, 5785, 3440, 4681, 9096, 4620, 5022, 3641, 8957, 1073, 3898, 2497, 8603, 9318, 3027, 5344, 8469, 6567, 8274, 4010, 8304, 6563, 4464, 6537, 2688, 8038, 2905, 8732, 9366, 7487, 1780, 4652, 5369, 7540, 8634, 9899, 3116, 1399, 1616, 8437, 4483, 7642, 5769, 809, 2299, 5318, 2373, 6191, 7205, 9594, 1629, 4348, 1354, 1218, 6855, 3309, 8297, 6683, 4797, 1236, 470, 7770, 8582, 1145, 1741, 3290, 7760, 4658, 1839, 6761, 9342, 7556, 165, 4783, 7781, 9049, 9207, 2963, 2749, 9872, 9091, 9308, 4365, 7260, 5690, 8227, 3369, 3802, 6288, 9418, 7620, 77, 1868, 6237, 5715, 3611, 2608, 1377, 9145, 6404, 7314, 9619, 6458, 6789, 7643, 7835, 9161, 8914, 2775, 7433, 6298, 8111, 2398, 3959, 4524, 8568, 3685, 2284, 9175, 7838, 2896, 8158, 7084, 8519, 9051, 3628, 2786, 44, 9796, 9457, 5186, 6755, 5859, 5119, 5409, 9036, 2809, 3415, 4824, 3713, 5533, 1064, 4837, 1001, 8165, 8925, 9744, 3670, 1640, 3761, 7071, 9700, 1972, 1386, 1655, 8701, 1709, 5113, 130, 3671, 4315, 7078, 9889, 5867, 9881, 5611, 976, 5586, 7858, 4738, 9439, 7287, 2801, 7315, 1811, 3167, 3600, 8250, 1802, 8066, 5567, 1400, 8100, 4480, 4335, 4639, 1735, 6000, 7215, 3939, 1687, 6328, 1933, 3882, 9811, 3435, 8994, 2821, 9994, 9563, 2396, 445, 2162, 6824, 6968, 7607, 252, 839, 7354, 2741, 87, 2362, 6076, 5629, 6561, 5266, 8189, 1791, 1397, 856, 1601, 6770, 6093, 6804, 2980, 1821, 4435, 9547, 6097, 2990, 146, 4196, 5953, 8173, 2731, 4991, 2257, 7964, 7209, 9242, 311, 7833, 2767, 1303, 6894, 262, 4394, 4057, 5123, 6234, 5540, 517, 5006, 8880, 3998, 3282, 312, 6033, 8772, 745, 2332, 5982, 8248, 8564, 4941, 7173, 3956, 7968, 2896, 1423, 4446, 3216, 2350, 8402, 2110, 6573, 1491, 8665, 6987, 3675, 7981, 3224, 3813, 271, 8373, 8168, 9788, 1213, 5244, 2149, 505, 6784, 6839, 5023, 6415, 2680, 934, 661, 309, 483, 9032, 2164, 1265, 5186, 3938, 3240, 7867, 9251, 9824, 1494, 6020, 5821, 52, 9397, 3733, 8033, 4189, 703, 1549, 2464, 9052, 2597, 5508, 8997, 7256, 4086, 6298, 6302, 4920, 9079, 5490, 6973, 4614, 493, 5284, 6857, 2302, 4951, 8133, 2802, 616, 4742, 7260, 326, 5358, 6883, 9930, 9794, 6073, 9267, 4501, 5250, 9445, 2009, 8488, 3751, 6904, 8730, 4415, 9596, 7361, 6727, 846, 2673, 4959, 635, 8695, 4705, 4533, 9956, 2511, 5943, 4569, 5723, 2615, 1857, 8411, 9680, 1650, 1528, 1267, 9939, 3449, 4338, 5963, 8808, 1068, 591, 773, 8628, 274, 4705, 7061, 4477, 2497, 1541, 7089, 7358, 5221, 3201, 5430, 2475, 7630, 6911, 3221, 7351, 8367, 9162, 7003, 9205, 148, 4346, 7128, 5011, 6407, 3569, 2142, 4072, 6745, 33, 1156, 9216, 4297, 571, 4683, 8252, 9186, 9055, 4690, 9066, 4178, 7066, 2811, 8318, 9909, 7189, 5319, 8298, 4154, 5078, 3619, 6646, 302, 1113, 2321, 3031, 4000, 2336, 2002, 2803, 9245, 9487, 5046, 3292, 4025, 1516, 2044, 92, 8399, 6604, 7683, 8387, 5091, 4334, 7357, 9660, 8899, 8926, 3551, 2825, 4252, 281, 9576, 6732, 2780, 3398, 4224, 6383, 2360, 2987, 9631, 5598, 4295, 6962, 6298, 4716, 9609, 8293, 3790, 9894, 3423, 4787, 9140, 4022, 2336, 2451, 4118, 9773, 4731, 9231, 9639, 1553, 9923, 8587, 2396, 3043, 2589, 9546, 3495, 4655, 2258, 4554, 7598, 6732, 7498, 8637, 1509, 8158, 8248, 7867, 5273, 7477, 7491, 1289, 7824, 9910, 8974, 6954, 8320, 8938, 3995, 123, 6833, 6654, 6392, 4584, 3953, 8893, 7008, 8234, 2682, 1797, 2970, 7858, 9343, 3218, 7069, 4463, 9100, 9732, 7143, 2242, 6323, 5082, 8641, 1567, 2969, 4024, 6193, 7727, 8433, 8332, 784, 6801, 3456, 8497, 5887, 2636, 3609, 7343, 4435, 5652, 5130, 5164, 269, 5382, 3138, 7183, 274, 314, 6371, 9530, 1645, 4588, 6921, 2699, 4392, 6942, 391, 1940, 8101, 4761, 1628, 264, 2548, 5002, 2416, 4057, 5197, 9084, 8061, 3395, 1357, 937, 9558, 4467, 9357, 4238, 6743, 2035, 7006, 5995, 267, 3933, 8697, 7076, 5914, 4803, 5248, 4977, 2956, 9433, 2569, 2498, 7464, 5897, 6594, 1159, 7656, 1069, 490, 2534, 6049, 4276, 1675, 9711, 5672, 7482, 7205, 7240, 8014, 168, 2445, 2977, 9902, 9899, 8931, 2656, 9511, 2958, 2771, 8829, 4048, 6744, 4776, 467, 1930, 8632, 6977, 7021, 3594, 2994, 2258, 2592, 2043, 80, 8037, 7565, 5003, 735, 6276, 6739, 5293, 3007, 8490, 7089, 5500, 7089, 1016, 6756, 4940, 4230, 4281, 5978, 4958, 7863, 8504, 2181, 6929, 1412, 3227, 2478, 259, 1304, 8241, 3655, 6258, 7743, 3632, 4880, 1531, 1951, 5179, 7813, 1748, 7621, 8045, 4208, 3442, 7055, 4533, 8366, 1338, 5953, 947, 4028, 9165, 4096, 3224, 7551, 1511, 4872, 5820, 2086, 6357, 9271, 5123, 6051, 9146, 1785, 3911, 9876, 2316, 7346, 7486, 6613, 5446, 2211, 7011, 670, 6611, 9113, 5219, 979, 1027, 7555, 1421, 4582, 2670, 8209, 7885, 4916, 1580, 1298, 1279, 8014, 1486, 3344, 6253, 543, 583, 3087, 3580, 9042, 1725, 2756, 3690, 3996, 3532, 7043, 4169, 2172, 9385, 3667, 5591, 8364, 3835, 8973, 2283, 9244, 725, 9140, 506, 5164, 2662, 760, 6544, 9195, 3792, 7709, 1529, 6973, 3346, 8247, 7668, 8748, 9805, 2246, 1636, 8383, 7845, 5514, 4411, 4594, 7091, 3838, 8582, 3246, 413, 8274, 2450, 1938, 6981, 7714, 7447, 3362, 8813, 4815, 9421, 2950, 1181, 4121, 8941, 2975, 99, 4910, 7716, 894, 3484, 5098, 3174, 968, 3867, 7582, 3081, 1715, 343, 1867, 2435, 2461, 6966, 9619, 4790, 2518, 6073, 5901, 5901, 70, 2403, 9101, 5950, 3974, 8466, 1211, 9632, 1930, 204, 7759, 6649, 9356, 799, 9161, 8270, 3482, 6609, 111, 6704, 6508, 420, 6432, 2042, 2449, 96, 2187, 7504, 2806, 7470, 2653, 6409, 4191, 7249, 1670, 2112, 4351, 927, 1371, 1336, 7133, 8204, 6136, 8167, 6451, 3102, 5224, 2460, 2118, 9020, 6026, 653, 5772, 4553, 6328, 339, 3808, 2175, 6962, 7670, 6234, 1452, 2581, 8775, 996, 2206, 1671, 2241, 1195, 1081, 7497, 7804, 146, 4981, 657, 1189, 8989, 1688, 8695, 6515, 4843, 5571, 6838, 8694, 2234, 8597, 1825, 2210, 8505, 7872, 6605, 5590, 2259, 3796, 6924, 1409, 3689, 6433, 9840, 1370, 6150, 1603, 3936, 6006, 2139, 8400, 9602, 5858, 4849, 7191, 5837, 670, 561, 401, 4065, 420, 8642, 427, 6081, 1407, 191, 8203, 3074, 3964, 5863, 7271, 4252, 7635, 1675, 7741, 6701, 6955, 9612, 7670, 6366, 6317, 2938, 1329, 8747, 6925, 7645, 9641, 3920, 2224, 303, 4487, 8920, 6332, 4600, 9627, 2174, 3161, 1555, 512, 1665, 1573, 378, 9797, 3072, 780, 6816, 5376, 8061, 5420, 4962, 822, 1899, 5273, 5524, 1335, 4812, 9554, 9950, 3124, 1716, 2362, 9794, 7715, 3550, 8331, 9341, 7053, 9400, 5607, 380, 3454, 5460, 3821, 1920, 7998, 5560, 6213, 5061, 9047, 2521, 4526, 2020, 7427, 638, 8698, 9854, 1194, 6313, 8684, 7057, 3865, 6399, 7441, 7347, 1051, 1534, 9236, 9828, 2943, 5436, 7074, 3276, 2119, 9254, 6946, 9930, 5316, 142, 2909, 8972, 2571, 9443, 9235, 9753, 4058, 8820, 540, 8082, 8293, 206, 1314, 9772, 7220, 5849, 6298, 9118, 6959, 1021, 8029, 8707, 2246, 8169, 7035, 3310, 4274, 8316, 5149, 5527, 221, 8623, 9633, 6266, 4166, 601, 3518, 6460, 3996, 1410, 1626, 1490, 749, 4239, 2173, 6469, 2287, 2544, 8282, 3993, 1466, 1979, 8456, 832, 6393, 1074, 7671, 9834, 1629, 3542, 2770, 951, 6295, 9173, 1195, 8422, 3969, 4037, 6153, 9256, 9645, 1133, 76, 3634, 6707, 1594, 9942, 5766, 600, 6014, 2682, 604, 1680, 1368, 5510, 8142, 7135, 6664, 2039, 8339, 9625, 7368, 6555, 5000, 8066, 3834, 1568, 7493, 7745, 3056, 3148, 5875, 9490, 3498, 123, 9041, 5874, 50, 7775, 9433, 8404, 3766, 537, 3770, 8843, 1888, 5565, 5482, 4187, 1077, 9068, 6719, 6548, 4009, 5331, 8225, 6034, 845, 8416, 3459, 1817, 2555, 692, 981, 7689, 9640, 7118, 9385, 2528, 3027, 7549, 485, 6490, 1539, 4972, 7834, 5678, 9459, 444, 5719, 3406, 5709, 6675, 9191, 9687, 2491, 8495, 9128, 1502, 7835, 6926, 9199, 122, 1103, 1775, 7027, 1563, 380, 9693, 9540, 5015, 7433, 2255, 8375, 2746, 9991, 2741, 2802, 3925, 5680, 7734, 3679, 8950, 6493, 2021, 1546, 5923, 2940, 3732, 9402, 6644, 6840, 8250, 1250, 651, 6382, 8417, 3988, 7443, 526, 3685, 2037, 2863, 403, 9679, 3827, 9749, 2216, 7304, 8883, 2694, 7856, 9427, 3031, 1791, 4212, 5211, 2389, 1834, 2394, 5210, 668, 9840, 161, 641, 2368, 7357, 9895, 8103, 630, 58, 5261, 1559, 5621, 9838, 1363, 7464, 9284, 9544, 4431, 5044, 5289, 851, 864, 3826, 1024, 8966, 5140, 6676, 4575, 3699, 4929, 2247, 5167, 1668, 511, 689, 2170, 2918, 9725, 4154, 8826, 6265, 6296, 9800, 806, 631, 5816, 1391, 540, 1106, 4537, 1583, 4636, 4600, 4400, 4367, 7565, 6228, 7188, 5283, 3802, 7119, 5578, 6774, 847, 8996, 2293, 8790, 8305, 4713, 7766, 6374, 9029, 8440, 4877, 4568, 6036, 1474, 4847, 4330, 8650, 2922, 7680, 1660, 5525, 2814, 4485, 5354, 3121, 921, 3542, 9713, 2949, 3500, 9835, 6892, 5833, 4537, 2668, 8672, 7104, 8280, 5135, 3881, 1390, 9496, 1699, 249, 714, 1474, 4639, 7846, 7281, 2159, 8303, 8444, 7633, 238, 5871, 4203, 437, 6991, 8169, 4926, 2808, 5499, 7759, 5851, 5403, 5776, 9363, 6206, 3829, 7741, 3863, 1143, 3154, 1875, 5194, 1088, 5446, 1893, 5106, 3529, 4714, 7646, 6652, 3087, 3620, 4223, 657, 4180, 750, 5911, 2769, 7671, 3838, 9668, 4529, 5735, 2902, 8609, 9393, 8169, 7760, 7175, 6185, 9293, 2883, 1705, 7264, 2515, 7121, 6536, 6864, 6996, 8671, 5648, 9233, 9679, 3524, 1140, 3717, 7388, 4608, 1715, 5775, 9924, 2165, 6349, 5, 2670, 1345, 4992, 4688, 6235, 9577, 8225, 1504, 6931, 1886, 6328, 4217, 4333, 210, 8172, 8690, 8216, 1439, 6464, 3822, 12, 8713, 291, 6321, 7712, 5990, 5478, 3866, 4448, 2732, 8915, 6890, 5490, 1984, 3437, 2362, 7963, 8061, 8909, 3623, 3596, 4393, 9788, 1489, 3367, 6591, 2330, 363, 1286, 9929, 850, 5940, 6923, 8460, 4134, 7596, 8391, 5095, 2664, 5146, 9665, 762, 787, 407, 7529, 2319, 752, 7245, 5934, 3114, 3580, 2070, 9661, 521, 2110, 7354, 7959, 6521, 7476, 233, 6093, 7280, 7653, 5037, 6389, 3080, 635, 3723, 2756, 9955, 7907, 9574, 6620, 5495, 9587, 4344, 3231, 6681, 7189, 9546, 8082, 5752, 1443, 1258, 6445, 7286, 1619, 6784, 2103, 3174, 5823, 881, 9196, 5022, 802, 8393, 7902, 3858, 3386, 454, 3933, 1845, 4197, 3985, 3608, 5272, 7148, 7919, 2251, 5486, 5716, 9165, 9655, 287, 8584, 6218, 3831, 8830, 1859, 9705, 4279, 7264, 1570, 5421, 3330, 7504, 6037, 2195, 8484, 5746, 9313, 6302, 2571, 8161, 9958, 6679, 5035, 8087, 3755, 6532, 8547, 6779, 6471, 5609, 1888, 3299, 4732, 9502, 5942, 9845, 3491, 1462, 8003, 2588, 5244, 8603, 8929, 3066, 3173, 1001, 3603, 9348, 1662, 8940, 8362, 5743, 6909, 9626, 5218, 8150, 7287, 4171, 2189, 1312, 4355, 7646, 915, 8663, 1563, 1742, 7033, 3021, 3738, 1314, 1487, 3417, 4871, 1145, 1312, 8975, 7613, 7107, 9167, 5370, 5427, 3432, 4277, 2359, 2715, 5911, 6153, 3383, 6220, 3667, 7313, 6033, 8011, 4600, 1412, 4931, 4285, 3504, 5896, 2671, 2173, 7102, 4451, 4501, 4716, 2999, 7882, 8220, 6629, 6757, 9542, 4171, 7044, 7142, 8919, 360, 1916, 3110, 4259, 2714, 2333, 5111, 1961, 886, 2423, 1515, 2533, 2458, 3584, 6110, 2033, 451, 4386, 4157, 1462, 1940, 1313, 2530, 7905, 2636, 2445, 8567, 4252, 492, 1464, 8076, 9499, 4070, 2485, 5778, 8194, 1265, 9806, 8417, 4607, 9622, 2315, 6712, 1017, 3750, 8694, 8102, 350, 7852, 1896, 7900, 593, 4416, 4102, 7835, 4639, 5380, 7982, 3406, 8402, 7509, 6434, 1031, 3517, 5790, 1290, 9338, 3202, 6651, 2586, 6656, 5933, 2733, 4399, 5639, 2602, 3568, 2651, 3055, 7636, 5018, 409, 6472, 8304, 9097, 5232, 6905, 993, 5916, 7055, 188, 7295, 9172, 9390, 3808, 9879, 7595, 8885, 7943, 8688, 4596, 2327, 7313, 861, 2562, 7667, 9450, 9978, 5542, 8053, 4672, 3254, 6912, 7830, 8881, 1507, 1180, 9351, 472, 6687, 7394, 8880, 9324, 4247, 5038, 5773, 1298, 622, 8565, 2416, 9700, 7946, 8784, 1098, 7472, 1815, 5357, 5177, 1929, 5217, 2241, 1743, 8525, 2662, 8511, 6678, 9663, 4316, 733, 9806, 8614, 2980, 6196, 6620, 5015, 7215, 7116, 5524, 6740, 6696, 3355, 4398, 1157, 8874, 8469, 9701, 7155, 4496, 1575, 8852, 6552, 6234, 7812, 7603, 4247, 8624, 6991, 2824, 1881, 1760, 1800, 8913, 3800, 8082, 8644, 6432, 9125, 4511, 1473, 1740, 7560, 4305, 4051, 4502, 91, 1462, 4202, 5217, 600, 443, 4001, 9550, 9022, 7485, 5683, 5034, 1678, 5050, 1958, 6048, 9526, 9645, 6998, 3641, 2522, 4954, 4474, 8310, 826, 2460, 2214, 7456, 1670, 9371, 8451, 676, 1238, 7172, 2322, 4399, 8251, 8517, 6833, 5790, 308, 9686, 6767, 2656, 9394, 8628, 9439, 193, 9753, 9432, 862, 5760, 4623, 5443, 6545, 4750, 8695, 3534, 1490, 7888, 7112, 9425, 413, 4805, 1790, 558, 4186, 9871, 2520, 8307, 7916, 8615, 4024, 9224, 7806, 6911, 7877, 8105, 6877, 3722, 4085, 1076, 2781, 8851, 611, 7532, 6763, 5728, 440, 1650, 8348, 9635, 9741, 8165, 7399, 8785, 5623, 5584, 7257, 767, 1778, 8591, 7155, 1388, 6608, 7826, 168, 6562, 4144, 5291, 4565, 5213, 116, 3522, 1355, 94, 3210, 6281, 7432, 6720, 3426, 9619, 101, 59, 7053, 703, 5845, 7542, 8624, 2674, 7018, 8676, 1549, 3559, 5215, 8206, 9616, 9160, 1057, 8814, 9541, 3136, 1400, 4471, 5479, 5398, 1124, 1539, 5823, 7300, 563, 8935, 738, 5758, 9017, 3266, 5448, 7660, 7131, 6081, 7085, 8217, 6538, 5735, 1157, 955, 3680, 1402, 1290, 9896, 3422, 4699, 49, 8970, 7779, 9188, 7516, 7633, 7386, 5323, 4694, 3977, 1525, 8432, 8823, 6355, 7767, 9959, 7510, 2985, 3130, 287, 7919, 7275, 1082, 1399, 2663, 9796, 9800, 2009, 9051, 8139, 5889, 2647, 9938, 3631, 3612, 199, 1516, 1573, 8732, 1633, 7043, 7461, 8782, 953, 1524, 235, 7992, 5290, 8716, 8373, 7220, 2978, 4476, 900, 9861, 905, 7242, 1912, 196, 9392, 577, 6229, 6152, 8410, 3551, 6970, 2012, 2055, 2791, 1805, 6233, 7876, 8494, 4325, 1959, 465, 6947, 4802, 1323, 2084, 1932, 5934, 8407, 1914, 9973, 3259, 6231, 9757, 5129, 2276, 5230, 8121, 4590, 9352, 8604, 8082, 8096, 6139, 803, 4119, 7725, 3374, 5161, 2970, 443, 3573, 3668, 3444, 4498, 3, 4126, 2337, 879, 2946, 6143, 435, 5196, 1837, 6597, 9540, 5612, 9381, 2656, 589, 6258, 2106, 5882, 6328, 8529, 2576, 9241, 5845, 7916, 164, 558, 7761, 5207, 2260, 2669, 2412, 4122, 4445, 9981, 9589, 8304, 6362, 7618, 5246, 1837, 3815, 7097, 7586, 5921, 8857, 4432, 757, 8771, 1235, 9250, 2328, 5461, 6917, 5689, 3052, 9509, 7329, 9766, 2168, 2178, 6701, 7298, 5875, 8853, 1228, 3604, 7848, 7451, 8812, 8454, 1467, 928, 1206, 2158, 9118, 4803, 6930, 3313, 2767, 8783, 266, 9474, 5502, 2692, 6121, 5878, 8420, 8998, 858, 235, 3169, 3907, 8849, 5374, 4889, 7027, 8324, 731, 3616, 254, 89, 3278, 9342, 1908, 7027, 6059, 4645, 9607, 7244, 6468, 9308, 7372, 5787, 163, 1436, 7432, 1349, 8343, 583, 6003, 7776, 6120, 8928, 3952, 1271, 386, 4966, 4723, 772, 7241, 6014, 6133, 6321, 6625, 6277, 3722, 4624, 753, 4266, 6451, 54, 558, 7494, 4515, 7776, 8654, 4296, 6635, 7799, 6112, 4781, 6233, 4374, 8636, 7197, 4657, 9532, 2967, 6122, 2425, 4202, 2678, 7487, 6862, 8492, 8360, 126, 4494, 5797, 8064, 1640, 1323, 5701, 2466, 6581, 5130, 2985, 4757, 732, 6804, 7982, 2976, 7475, 1366, 514, 3896, 4530, 7828, 5989, 4584, 4949, 4810, 7712, 5092, 1165, 8464, 4173, 5012, 2796, 2205, 5038, 7104, 8016, 3518, 5245, 1210, 114, 1675, 7302, 706, 7955, 7694, 1698, 6426, 6896, 9190, 8538, 7943, 3451, 6684, 9148, 1347, 7919, 4565, 8762, 5446, 1740, 4057, 5707, 8028, 4820, 5241, 9475, 5755, 9993, 3281, 7215, 5807, 7, 71, 8074, 5689, 5077, 4377, 3732, 7625, 3200, 1121, 6922, 1971, 5567, 7600, 4883, 5194, 7720, 6567, 9330, 3592, 7209, 3347, 8387, 4749, 3713, 3321, 8129, 7252, 7997, 2951, 8398, 8, 5623, 4717, 5991, 8825, 1371, 366, 6440, 4017, 7541, 1076, 5278, 2991, 6696, 8665, 5400, 3987, 8707, 3600, 1397, 3866, 4994, 6106, 8327, 1096, 8749, 5180, 9252, 9112, 3717, 5066, 1571, 7707, 554, 2874, 1342, 6736, 3769, 3070, 8561, 593, 5871, 8427, 4300, 8900, 1060, 2892, 2964, 5598, 8151, 1836, 5281, 7983, 2624, 9180, 2492, 4915, 8187, 2051, 600, 3656, 3467, 8688, 6172, 8662, 3075, 8919, 5396, 8233, 6589, 8349, 3140, 4109, 8463, 1079, 7270, 6988, 5352, 3422, 3479, 5012, 5864, 5825, 6952, 4163, 5431, 7837, 3107, 2456, 8359, 4522, 1745, 5643, 4085, 1252, 9271, 2202, 319, 9163, 3891, 6121, 8879, 9856, 2344, 4706, 511, 9264, 4465, 7059, 7915, 2181, 403, 3821, 6740, 5092, 389, 8739, 8752, 7888, 8029, 6764, 373, 1653, 5609, 762, 9348, 3172, 3923, 9634, 8776, 808, 804, 4345, 2976, 6657, 5149, 3001, 3966, 4474, 9295, 9231, 8122, 6594, 4243, 2249, 212, 400, 1523, 4136, 203, 5609, 9311, 7462, 2630, 9881, 8397, 2882, 8707, 3512, 1683, 4530, 5864, 8056, 1120, 431, 1129, 4935, 1279, 9537, 926, 92, 1849, 5291, 8051, 2410, 9656, 2844, 9509, 8658, 6014, 4899, 3393, 6117, 3752, 7859, 5107, 50, 4940, 9882, 6227, 5226, 602, 467, 2788, 6528, 995, 305, 6483, 9744, 6107, 8082, 7014, 5156, 7770, 6289, 8396, 472, 3692, 6528, 9939, 5201, 8034, 5955, 436, 5327, 8560, 4640, 1771, 9911, 8954, 8004, 6563, 3098, 5419, 5861, 5887, 4589, 7056, 3332, 2439, 3102, 3798, 1888, 2847, 8853, 9974, 7379, 5023, 7016, 7870, 565, 4476, 6810, 9584, 3041, 6623, 8230, 3315, 2185, 2844, 7301, 6787, 3509, 189, 381, 2190, 7951, 5613, 671, 5520, 4061, 6519, 9354, 8608, 7086, 363, 3199, 9515, 8816, 5743, 5850, 4236, 536, 5094, 8744, 6204, 2053, 4900, 1464, 1207, 2125, 5809, 5417, 2534, 1316, 5231, 5284, 9162, 9180, 9443, 7922, 5133, 8826, 9154, 5900, 7525, 4390, 8694, 6161, 7982, 6797, 9436, 258, 6680, 3526, 9784, 3892, 6057, 714, 3706, 4994, 2357, 678, 1238, 6011, 1747, 7770, 6653, 1967, 2000, 484, 1208, 9472, 5426, 9443, 8120, 6394, 9976, 1812, 5273, 213, 2379, 4290, 8388, 7392, 1217, 8578, 6749, 2215, 1271, 3560, 9327, 3478, 1238, 1740, 6041, 7747, 1823, 4668, 1092, 7965, 7951, 9763, 5036, 6736, 8662, 489, 7601, 2106, 5534, 1155, 2267, 6968, 7538, 2075, 9089, 5569, 497, 58, 4763, 8984, 4502, 2120, 2009, 9680, 4865, 4509, 2902, 9393, 4619, 775, 816, 9143, 1622, 4576, 5059, 3858, 5853, 6997, 9836, 9411, 2869, 9851, 8885, 287, 3941, 1968, 3689, 5981, 845, 6243, 9716, 4804, 9231, 6797, 4624, 275, 887, 5155, 1320, 4327, 9705, 6318, 9875, 2804, 5239, 5635, 8406, 4888, 1760, 5173, 1831, 7440, 9333, 9128, 7114, 5768, 3620, 1019, 2486, 1725, 2237, 751, 7832, 2893, 9056, 2930, 9427, 9853, 608, 8162, 5837, 6088, 7465, 9409, 5170, 6854, 2325, 965, 5051, 8976, 5643, 8790, 1937, 2518, 8709, 9607, 6961, 5548, 5948, 8283, 8004, 8152, 6507, 892, 8040, 7962, 7594, 7435, 1660, 7293, 736, 4521, 8599, 4822, 8445, 9066, 238, 2076, 1769, 8045, 4254, 1180, 9602, 3965, 9023, 4246, 3459, 3363, 7108, 206, 8262, 8557, 224, 3380, 7939, 1133, 9622, 8009, 4942, 9652, 4488, 8016, 4343, 7140, 3911, 782, 424, 2523, 8469, 3616, 9116, 9630, 8417, 3374, 4720, 2232, 2201, 1883, 6178, 4466, 367, 9161, 6238, 6943, 5906, 9949, 6180, 5923, 8778, 1229, 6249, 4680, 2784, 334, 8890, 41, 9083, 7112, 7016, 2594, 7130, 1375, 3717, 3939, 9597, 3990, 1287, 9201, 5472, 2646, 7932, 2242, 1461, 6838, 3255, 3309, 8680, 8724, 3644, 8279, 7688, 4027, 562, 7715, 1616, 3587, 3064, 866, 8807, 5863, 7896, 4945, 585, 7793, 9328, 3018, 7039, 2143, 1286, 4875, 9300, 5439, 6541, 2726, 139, 2858, 615, 4133, 2249, 6150, 5325, 9494, 1339, 3142, 6015, 4268, 9910, 6155, 8300, 1526, 4488, 4791, 6440, 2646, 190, 1684, 9771, 6651, 3717, 3293, 5347, 3933, 3674, 1961, 4924, 7399, 5843, 6642, 8733, 2989, 9329, 4937, 8335, 4932, 2209, 9755, 2211, 2834, 9553, 3897, 7710, 8038, 415, 5225, 4319, 6287, 2655, 5549, 480, 5074, 1123, 458, 9264, 6914, 8915, 4565, 4485, 7012, 9956, 466, 784, 5253, 1774, 7122, 990, 9527, 3493, 8223, 881, 7675, 8301, 5117, 3923, 1082, 5316, 9492, 9978, 5301, 8795, 8578, 4728, 981, 4453, 4325, 9867, 7898, 759, 9358, 583, 4773, 2698, 5363, 6621, 1056, 1865, 2842, 8738, 1477, 2789, 2851, 1829, 2519, 607, 8636, 1707, 3164, 5884, 3131, 6042, 7029, 1853, 12, 8050, 1770, 6181, 1097, 4111, 670, 7710, 5876, 329, 3529, 4046, 5837, 1978, 6833, 4903, 3259, 8799, 3996, 2687, 4416, 1593, 134, 9073, 5611, 9241, 3900, 8920, 2447, 7652, 9464, 9417, 6659, 5117, 2741, 7799, 1818, 1408, 7880, 2026, 1704, 6086, 839, 1630, 6165, 7253, 7173, 4278, 6682, 3393, 4836, 8998, 6145, 4475, 3038, 3686, 9901, 5959, 6180, 3148, 9419, 5318, 6894, 9132, 7589, 3106, 2116, 9647, 5908, 5645, 2103, 3668, 3032, 3200, 937, 8429, 3331, 6197, 4191, 5904, 9318, 8694, 6, 7664, 5635, 3637, 8838, 6507, 2934, 5710, 5012, 7539, 6382, 91, 5770, 3789, 7958, 4558, 7713, 3056, 255, 8275, 8181, 8600, 66, 8757, 5253, 5898, 9914, 1745, 881, 4572, 8307, 7914, 5779, 8482, 8290, 7115, 2233, 6153, 3287, 6589, 1452, 4129, 9343, 7204, 5381, 9333, 1189, 1313, 8382, 6762, 9817, 1611, 1526, 9968, 2652, 6162, 9297, 9534, 2465, 7775, 7221, 7439, 4500, 9992, 9286, 8749, 5043, 4090, 6182, 1742, 7834, 7622, 4713, 8930, 2769, 3011, 119, 3223, 7604, 6999, 6876, 1334, 4283, 8042, 4352, 8932, 673, 7204, 4614, 9411, 2419, 1352, 9360, 6662, 841, 5247, 7616, 4443, 6672, 3378, 5244, 6390, 1681, 4336, 6768, 3958, 2838, 6625, 8308, 6412, 7210, 1356, 8821, 6022, 5021, 9273, 3759, 2600, 1152, 6646, 9979, 6271, 890, 6011, 8746, 2751, 1538, 2503, 2310, 366, 9902, 2189, 3436, 2040, 9020, 7760, 5131, 3093, 6987, 911, 8088, 2751, 1320, 3880, 4915, 6235, 259, 3505, 2192, 4395, 1372, 1905, 1113, 7, 5767, 5659, 4626, 3352, 6387, 6778, 2315, 6261, 1287, 9738, 7593, 6406, 7298, 3520, 7438, 3152, 1535, 5086, 5176, 1051, 9545, 1931, 2958, 2556, 4751, 93, 3187, 2256, 5814, 1568, 4285, 523, 6108, 3484, 4684, 6923, 6993, 9227, 9684, 6212, 2695, 3519, 5013, 3660, 4580, 7902, 1302, 1047, 6194, 768, 8098, 2370, 5460, 7659, 3187, 4855, 6227, 5882, 9108, 7794, 9293, 8930, 5329, 2244, 1072, 3551, 5861, 1326, 8640, 7949, 8187, 5980, 1150, 9189, 2459, 9227, 4415, 8539, 956, 8952, 2818, 4339, 7395, 6988, 1605, 7706, 7878, 5557, 5443, 8218, 3364, 3445, 6415, 7492, 871, 2786, 4435, 2477, 3992, 7989, 4379, 3151, 7038, 7968, 8041, 1439, 1194, 6227, 4100, 9082, 797, 2336, 7862, 9603, 3223, 940, 410, 7284, 4276, 5791, 8087, 3224, 810, 4224, 8697, 8593, 4745, 3387, 5839, 5439, 84, 6859, 9133, 9589, 3570, 5423, 8397, 2242, 8382, 2350, 7327, 1002, 8559, 5, 719, 4682, 2214, 5222, 8170, 8726, 8315, 7362, 1806, 8153, 8411, 6244, 5701, 5550, 9724, 8370, 7305, 6449, 8919, 6757, 3746, 5849, 1838, 6914, 8947, 5797, 3238, 8053, 4971, 8298, 262, 6959, 1539, 6863, 7230, 7566, 5901, 868, 4927, 98, 3246, 4898, 388, 8904, 6296, 5195, 4941, 6464, 5639, 29, 4562, 5969, 6252, 311, 9809, 1818, 2918, 8599, 7744, 4490, 5666, 662, 4298, 7032, 6977, 7418, 5858, 3591, 8326, 2522, 527, 5116, 1316, 5292, 2287, 9495, 6075, 541, 7592, 1431, 6824, 28, 5704, 8374, 708, 9521, 4606, 9744, 722, 2292, 7222, 9837, 2181, 6993, 1697, 7480, 3427, 9209, 3618, 1754, 8803, 4970, 3203, 2783, 6969, 3900, 4115, 974, 2678, 3937, 7035, 6547, 8411, 156, 2573, 6248, 1138, 8117, 7007, 5836, 529, 3264, 4332, 7174, 4468, 2981, 9195, 7719, 660, 8080, 5574, 7777, 8818, 8433, 1846, 9917, 7750, 1591, 3642, 5760, 3266, 4876, 3623, 2932, 8583, 8251, 5622, 3248, 1949, 7091, 7447, 4727, 7788, 9933, 4270, 6219, 9042, 4244, 7065, 9478, 1732, 3066, 8383, 8178, 7224, 2856, 5791, 1597, 1052, 333, 4800, 3294, 629, 1601, 1451, 9681, 5558, 8044, 7140, 4562, 8150, 9007, 1881, 390, 9985, 6709, 4160, 8290, 8272, 7007, 6808, 5360, 6623, 6533, 2601, 6605, 3094, 6541, 8142, 7617, 7348, 9646, 4344, 9135, 4836, 551, 7596, 3011, 8202, 6025, 5737, 4773, 4772, 109, 6420, 8367, 4257, 8109, 7614, 6540, 1908, 6383, 460, 1689, 2349, 8129, 9747, 7445, 8579, 4823, 3747, 2227, 6719, 9039, 9572, 9499, 915, 2782, 4308, 539, 7836, 3286, 4498, 3164, 582, 727, 9329, 6378, 5679, 4916, 7195, 4239, 8984, 7832, 2731, 8782, 3639, 7007, 8895, 4525, 1726, 3051, 1937, 8025, 2278, 3643, 1235, 405, 7048, 1919, 1206, 2869, 3387, 8190, 8174, 1393, 5256, 5582, 6865, 4894, 222, 5299, 2165, 6052, 7600, 2218, 1182, 7670, 1789, 101, 8818, 277, 8157, 4899, 2044, 1610, 54, 3856, 1883, 1450, 5389, 21, 8386, 9098, 2553, 5060, 5983, 9354, 8523, 5268, 9, 2991, 1024, 472, 1584, 19, 452, 703, 1953, 4692, 9200, 9116, 1897, 6867, 620, 9766, 2564, 3678, 7298, 4364, 8306, 1817, 1685, 1785, 3842, 6141, 8221, 4100, 9286, 7213, 1377, 4722, 4833, 7501, 7323, 3322, 2532, 4474, 6481, 3405, 968, 8781, 8880, 1849, 8965, 9117, 8282, 8933, 6244, 4188, 2016, 2788, 671, 6895, 7533, 6854, 9448, 2601, 8650, 2069, 6554, 5046, 7314, 2947, 2796, 8088, 3315, 2999, 4298, 2311, 7546, 478, 4672, 6230, 4382, 5095, 4462, 5829, 4946, 9059, 6649, 3100, 773, 2718, 9714, 9221, 5727, 7714, 5509, 5848, 2442, 7109, 1456, 8051, 7253, 1257, 85, 8744, 7767, 6444, 9452, 1565, 6031, 952, 3556, 4713, 3914, 5891, 2409, 7713, 2779, 6375, 5813, 4161, 3714, 324, 2256, 8368, 9886, 6599, 9013, 1044, 4754, 5274, 4702, 8103, 5620, 7164, 1081, 1686, 1682, 9944, 6163, 1476, 8930, 1846, 4833, 169, 1183, 2236, 8782, 9118, 981, 9180, 2850, 5842, 5944, 2804, 9918, 8083, 9233, 8784, 6426, 7706, 146, 9965, 1384, 295, 3857, 4019, 4651, 6279, 1590, 7393, 3192, 604, 2005, 1666, 1719, 2119, 1979, 4174, 9818, 4412, 2077, 6586, 7341, 361, 7753, 9680, 6778, 8086, 5656, 1877, 3475, 7850, 3330, 8534, 7089, 7791, 9179, 8758, 1931, 522, 1133, 2156, 2311, 1587, 1494, 3326, 6686, 6722, 4756, 6308, 1680, 7908, 2582, 6496, 2556, 9510, 3596, 6392, 2231, 6381, 7911, 2205, 454, 1227, 7886, 9617, 2585, 3157, 4457, 8835, 4457, 1317, 5425, 7182, 5912, 2139, 3093, 6651, 6016, 2877, 1322, 5581, 2775, 2732, 1173, 2669, 974, 9725, 113, 7851, 8704, 8592, 1048, 8320, 3703, 2013, 5504, 8485, 3607, 6256, 8167, 3641, 5725, 9576, 6624, 8843, 3672, 2505, 5316, 7693, 6009, 8142, 8700, 3614, 2040, 5654, 3934, 9134, 1967, 6026, 3533, 4895, 5900, 3881, 32, 364]
List Size: 7000
Insertion Sort Time: 2653.290900 milliseconds
Merge Sort Time: 34.118500 milliseconds
Built-in Sort Time: 0.957100 milliseconds

Original List: [4422, 4688, 7692, 3972, 4911, 1178, 8984, 716, 4838, 2960, 2851, 7572, 2858, 2433, 1341, 2237, 1093, 5379, 5401, 3373, 2395, 521, 6876, 497, 9861, 3554, 5359, 4096, 5328, 5005, 8842, 5128, 2400, 3378, 7103, 8088, 6743, 4227, 5972, 977, 6782, 748, 4894, 7537, 8503, 6874, 3556, 1938, 2098, 7054, 6084, 965, 9110, 1888, 3414, 1800, 6838, 4807, 7392, 9806, 5844, 4422, 6091, 7135, 7752, 1843, 4026, 4561, 6745, 3383, 6136, 305, 590, 6082, 7495, 7920, 7743, 3085, 7447, 7058, 255, 8135, 9133, 7428, 7709, 4832, 478, 3187, 8434, 8816, 1393, 6705, 8491, 9114, 7623, 493, 2399, 7114, 8585, 9661, 4288, 1980, 9889, 2592, 7098, 6293, 4966, 3331, 4344, 5678, 2659, 6156, 3680, 6556, 743, 955, 1656, 3702, 8560, 2373, 6722, 8629, 854, 366, 8597, 1058, 1699, 6216, 3734, 2491, 5773, 1085, 7229, 6772, 1413, 5607, 5187, 4803, 8791, 3504, 9765, 4273, 4387, 5958, 7022, 6672, 2237, 343, 3786, 476, 7564, 1355, 5442, 4809, 3601, 4623, 750, 9283, 7134, 1904, 2106, 4923, 236, 1278, 7580, 2775, 9088, 2008, 4132, 2620, 9002, 6374, 936, 6278, 2580, 706, 167, 5705, 4579, 8913, 842, 4948, 5151, 3081, 5220, 2522, 2392, 1320, 4452, 5846, 9143, 7168, 6797, 1932, 4236, 7193, 4070, 3128, 4268, 9596, 5170, 4240, 9471, 9993, 7059, 244, 100, 957, 5255, 2175, 5953, 620, 2853, 9462, 164, 9815, 1137, 7518, 1831, 4759, 1760, 9965, 9757, 5908, 1372, 4804, 9516, 775, 7463, 2637, 2705, 7219, 3072, 850, 829, 3731, 1066, 6236, 909, 465, 3055, 8387, 700, 6505, 2155, 5240, 8759, 8949, 4728, 1145, 6116, 5997, 5666, 1270, 6676, 4540, 8384, 1080, 30, 8842, 6523, 6342, 7850, 9733, 1181, 7733, 9169, 2187, 3933, 4637, 7675, 5550, 7430, 9171, 2100, 6928, 4335, 7503, 9335, 7898, 2967, 6188, 884, 1259, 5727, 3644, 4107, 3902, 5507, 4556, 6721, 6069, 4942, 3133, 7252, 2291, 7251, 481, 5172, 6949, 8076, 4306, 5955, 8943, 2202, 3340, 5686, 1500, 484, 4805, 792, 4790, 6942, 4529, 7123, 8096, 5862, 2392, 9050, 8052, 2748, 5950, 4356, 5496, 4166, 5261, 3150, 4247, 3465, 1837, 2048, 8025, 4719, 9738, 6737, 6449, 6608, 3514, 9511, 5699, 1740, 8767, 2928, 9104, 9750, 389, 2728, 5520, 6576, 5329, 6488, 9490, 4075, 6883, 6261, 7388, 307, 8939, 6680, 624, 4231, 8295, 4328, 6382, 7289, 403, 2158, 1800, 5285, 1789, 9300, 9463, 8399, 3214, 333, 62, 1576, 5633, 6162, 7783, 2400, 8037, 1020, 7167, 8430, 4290, 4270, 9302, 8167, 6395, 137, 3727, 5892, 83, 6230, 6945, 5247, 9791, 1900, 6082, 8771, 8402, 8402, 2507, 5146, 3047, 1997, 6204, 4497, 3552, 6472, 8422, 9220, 4541, 5649, 7126, 6826, 9356, 105, 7288, 3116, 6986, 2400, 6732, 4224, 2254, 5404, 6254, 4454, 8337, 3160, 9991, 9299, 2350, 2987, 5635, 3635, 9859, 9298, 3644, 6461, 6974, 9361, 8695, 2307, 2124, 308, 4463, 4145, 8763, 9415, 9397, 1131, 5817, 6759, 291, 7578, 973, 8367, 9656, 1718, 288, 2894, 5853, 7852, 3868, 6431, 5923, 9464, 2672, 8376, 1282, 7912, 6454, 8475, 2989, 7419, 8379, 7381, 5665, 7262, 4790, 4595, 7295, 198, 4037, 4543, 659, 4527, 2569, 1619, 3494, 6042, 5666, 9599, 4179, 3850, 6453, 1668, 452, 1341, 2598, 7649, 8674, 7665, 1725, 9509, 2760, 5992, 5435, 6429, 8919, 9460, 3134, 9645, 9254, 4464, 9531, 2212, 7121, 3782, 886, 6735, 4768, 4108, 4995, 5658, 7936, 4012, 805, 2153, 2617, 2706, 4718, 6246, 8414, 6689, 3896, 9357, 1668, 5103, 999, 4364, 3106, 3681, 6096, 974, 1986, 8655, 6248, 2499, 7892, 790, 7975, 2466, 9755, 7854, 5083, 1158, 2991, 5025, 4656, 3461, 4109, 1634, 3531, 9317, 4097, 4437, 4060, 4345, 3071, 4510, 4323, 5499, 3883, 4723, 5344, 1409, 2927, 4121, 4536, 8880, 2554, 725, 4161, 8846, 568, 8513, 7032, 6244, 2639, 5659, 6620, 939, 173, 3106, 441, 4036, 9912, 998, 4022, 2938, 7311, 3850, 3086, 499, 3989, 183, 3978, 5311, 3347, 6558, 4768, 8691, 4049, 4755, 7023, 9611, 926, 2818, 9633, 6589, 5018, 7489, 3966, 3936, 7250, 4364, 8, 5157, 5377, 2869, 1180, 1282, 4642, 1799, 6757, 171, 471, 1441, 4139, 6037, 8570, 3949, 9235, 9475, 4956, 5420, 7534, 8203, 9938, 7140, 6284, 8580, 3438, 6917, 4015, 808, 3281, 8417, 4544, 5620, 8850, 7669, 727, 2363, 5478, 3938, 4745, 6957, 9921, 655, 823, 9710, 9028, 3250, 4732, 4378, 3345, 8027, 7304, 9531, 7246, 7969, 9777, 433, 789, 5054, 6228, 4140, 8030, 4878, 3173, 9704, 5604, 7870, 6528, 1296, 5363, 6661, 1660, 8051, 1943, 1439, 5467, 4490, 587, 2991, 8843, 3387, 1204, 7936, 5586, 5139, 4037, 362, 879, 6509, 9584, 104, 7141, 6295, 4068, 2660, 4718, 3372, 286, 6686, 7289, 3068, 9706, 2671, 8378, 178, 7405, 23, 561, 3536, 6465, 556, 140, 7982, 2548, 9154, 4837, 4635, 2341, 3668, 1444, 4150, 145, 2765, 7890, 8840, 8266, 3270, 2018, 5290, 2562, 8539, 2558, 1729, 5811, 2758, 6611, 4193, 8649, 5210, 9125, 7909, 3362, 294, 5833, 4156, 7204, 7928, 6209, 6640, 8732, 1227, 887, 3298, 8518, 3421, 4301, 3707, 9772, 5670, 200, 5242, 972, 6403, 1037, 1550, 8425, 362, 1756, 9149, 9360, 4897, 4114, 6890, 2099, 9056, 1207, 3618, 5725, 3109, 5730, 6635, 7384, 9088, 3376, 5397, 5311, 9283, 8914, 1794, 6397, 5177, 9780, 4778, 9702, 5071, 1985, 2672, 2943, 5200, 4505, 5012, 322, 2323, 864, 259, 8411, 5844, 1727, 7186, 7322, 8774, 3209, 3755, 7563, 6385, 2850, 8706, 9070, 5108, 6942, 7272, 9258, 218, 2195, 8441, 8376, 3888, 446, 2318, 3568, 7834, 3733, 5882, 907, 3543, 9908, 9765, 9280, 6875, 9668, 2229, 2363, 1425, 6616, 9068, 7096, 8977, 2693, 4208, 4331, 237, 9188, 7242, 2300, 4711, 960, 8361, 3124, 1518, 4609, 2169, 3549, 476, 8468, 9262, 3618, 5575, 6574, 4942, 6779, 6276, 2408, 9151, 8246, 7933, 9166, 4880, 4020, 5746, 2669, 6750, 5308, 2541, 7427, 3046, 6579, 7682, 75, 3151, 7951, 5354, 3904, 8135, 1499, 222, 87, 928, 2229, 7437, 8706, 1906, 8168, 8263, 1965, 2534, 7522, 2836, 2407, 3938, 533, 2194, 1747, 6337, 1583, 9995, 6669, 2482, 7848, 1745, 465, 9452, 2039, 1322, 8097, 9206, 5954, 8919, 1766, 3131, 667, 9510, 6997, 2890, 3117, 9437, 7468, 3474, 8116, 7566, 5241, 2416, 8914, 8803, 1382, 6809, 113, 8753, 5442, 5749, 8817, 9095, 4395, 1101, 4144, 1977, 8341, 7518, 529, 8462, 2294, 5056, 7211, 6862, 8265, 869, 1671, 7693, 6669, 3165, 2368, 4632, 58, 7747, 4239, 3613, 5887, 5942, 3771, 9237, 8726, 1229, 251, 8500, 3990, 1301, 6820, 7075, 5704, 614, 5928, 3537, 3358, 6889, 6251, 7787, 6695, 935, 302, 1958, 2079, 5924, 6040, 3094, 8707, 8927, 2185, 7773, 331, 43, 3681, 5463, 8219, 3829, 9718, 2025, 9848, 2490, 6600, 590, 7562, 9261, 7178, 8031, 5621, 1848, 7226, 9153, 589, 4386, 3569, 6305, 5783, 3237, 3991, 5572, 6468, 3172, 2635, 3972, 4451, 100, 2333, 1928, 27, 3860, 9869, 781, 6063, 8116, 9119, 9932, 5001, 3138, 9655, 7783, 4852, 8828, 5194, 8965, 1907, 1306, 3293, 1140, 4359, 5804, 6987, 7328, 3205, 3731, 8694, 4881, 6776, 2324, 1086, 1139, 3584, 6095, 322, 5952, 4593, 5666, 8856, 9196, 4657, 9191, 2162, 3035, 6604, 7463, 9808, 4972, 6927, 2206, 7030, 1679, 3205, 8664, 2312, 6667, 9510, 4987, 7773, 6426, 6931, 8724, 8907, 1213, 6510, 3468, 1969, 3522, 54, 6573, 9405, 9724, 5946, 5139, 5022, 8832, 8755, 9306, 7096, 8972, 5196, 6550, 1038, 1229, 9963, 3192, 3838, 6072, 9734, 496, 791, 758, 6731, 7413, 8357, 1201, 6156, 3357, 4733, 4654, 6348, 922, 1595, 9817, 3047, 3571, 369, 3830, 8946, 1352, 6489, 8892, 7325, 8349, 9874, 7356, 6532, 411, 6471, 6835, 0, 2251, 1206, 2282, 3287, 7825, 4213, 9153, 8290, 118, 8966, 4649, 3410, 6571, 4897, 9115, 5864, 2652, 6570, 4124, 2687, 4378, 3990, 1116, 9389, 3150, 7507, 3182, 2314, 9745, 310, 9713, 1052, 2264, 1588, 7050, 6058, 4761, 5908, 7999, 5886, 2859, 9625, 4159, 3363, 2277, 5234, 2736, 1699, 169, 3084, 731, 2369, 5518, 1558, 3389, 6607, 4780, 1128, 8375, 9033, 9121, 5959, 6589, 5662, 5573, 1606, 459, 4538, 5747, 1381, 2764, 7488, 2110, 6502, 7664, 7294, 7642, 3005, 1352, 8229, 3423, 2618, 9929, 8026, 1682, 6606, 5338, 2196, 1003, 6858, 8194, 3208, 6423, 5103, 2150, 7225, 6135, 1760, 2534, 2339, 5398, 9335, 3243, 1678, 1666, 7061, 3838, 2600, 9290, 6938, 8113, 7833, 1445, 5053, 1382, 5665, 2130, 1675, 5191, 6512, 1530, 7044, 4631, 4685, 5890, 9827, 5690, 9201, 7021, 53, 7318, 8225, 4572, 182, 8885, 558, 8955, 7774, 7229, 9185, 8920, 6361, 869, 4290, 8599, 3059, 8418, 8724, 3275, 2851, 4475, 6881, 6247, 5906, 5930, 6013, 957, 5529, 9245, 2326, 3908, 4356, 1502, 9755, 151, 8632, 3293, 1705, 4450, 7505, 1312, 2831, 1484, 8793, 4762, 2719, 6871, 3457, 4557, 8203, 7705, 5030, 149, 4274, 2472, 8449, 1838, 3137, 3282, 6696, 4834, 7876, 1201, 4790, 8712, 4886, 3545, 5147, 7317, 7821, 7147, 4802, 910, 676, 7437, 4445, 5570, 6697, 5329, 6589, 6142, 3002, 1018, 1930, 1462, 2460, 7700, 6629, 2329, 2668, 8705, 6140, 3701, 891, 2245, 5797, 822, 5698, 7976, 4111, 3199, 5813, 1327, 3379, 5250, 8326, 50, 358, 3879, 9947, 3150, 2683, 3257, 2530, 9858, 6460, 9198, 7944, 2826, 1742, 9875, 498, 2914, 7323, 6201, 6429, 1266, 6947, 5443, 6971, 2789, 9141, 1357, 6721, 6789, 3482, 6325, 8386, 8089, 7751, 6666, 3988, 1466, 7656, 1130, 6023, 3542, 4278, 6902, 7714, 3550, 2931, 5707, 8363, 5661, 1110, 7039, 8032, 6915, 2356, 2821, 3394, 7274, 5186, 7150, 7841, 4705, 7416, 3039, 1115, 6671, 7994, 4722, 4906, 5386, 4021, 3348, 9918, 9222, 3907, 1011, 4131, 1338, 2049, 1089, 4580, 2598, 6668, 2758, 5739, 4875, 7971, 5640, 7139, 6560, 6201, 9666, 7166, 4896, 1076, 4875, 3038, 3101, 9209, 7085, 5979, 2414, 5355, 8459, 6550, 5221, 1470, 3856, 5994, 3037, 8756, 6413, 845, 4210, 8479, 7179, 3387, 998, 9872, 8819, 9947, 7192, 1238, 2412, 508, 2564, 2851, 5615, 2201, 7090, 8803, 2451, 5245, 2524, 2055, 4409, 3752, 4150, 18, 6784, 5047, 8091, 3789, 985, 5927, 91, 2413, 742, 4475, 1930, 145, 7714, 3874, 9697, 8724, 7641, 5568, 8381, 1998, 5029, 3945, 8153, 4639, 4277, 8487, 3964, 1859, 4913, 4222, 5046, 3523, 4292, 1135, 7505, 1489, 8620, 7296, 4519, 1313, 5037, 9866, 6378, 673, 6605, 622, 8614, 6684, 723, 7727, 934, 2987, 5600, 8582, 9764, 8913, 7063, 2297, 1094, 5010, 268, 4764, 7981, 5687, 6832, 7731, 6238, 9359, 828, 674, 2704, 9463, 6592, 6346, 4782, 9067, 9403, 8087, 5518, 7131, 8059, 6898, 9291, 5580, 1793, 7611, 5659, 348, 6213, 7340, 4211, 2232, 9737, 5174, 8967, 7435, 5734, 4305, 8630, 5391, 470, 964, 7484, 6966, 7262, 6158, 8835, 7924, 5080, 6201, 8625, 5104, 9551, 4809, 4051, 4162, 5575, 2832, 1889, 5564, 4242, 3827, 7212, 2945, 9386, 4772, 4710, 2606, 3637, 3607, 5387, 207, 1067, 7352, 7380, 2504, 1136, 4056, 3306, 3516, 8564, 5361, 3909, 6338, 8274, 2482, 4329, 1548, 4099, 8036, 1823, 1912, 3737, 6938, 6397, 6956, 1002, 7467, 1540, 5107, 6964, 128, 9437, 493, 6491, 9457, 1231, 8810, 279, 5311, 5437, 7180, 1246, 9771, 2464, 3511, 8692, 6225, 8660, 3500, 7622, 7330, 333, 3012, 614, 3135, 2549, 808, 3119, 7951, 5268, 6764, 6439, 7758, 5504, 1608, 3485, 879, 6931, 2968, 4190, 3554, 7022, 7838, 9235, 986, 7405, 701, 5289, 5593, 7432, 6829, 8304, 5374, 2177, 2294, 2937, 6040, 570, 328, 3688, 5270, 8853, 4422, 6245, 2227, 7400, 9638, 6549, 4885, 602, 6127, 9939, 1566, 7072, 7438, 227, 2316, 6742, 2487, 5004, 1116, 8508, 6083, 1319, 3138, 2852, 8147, 6005, 9937, 9707, 3268, 8301, 8760, 8364, 2607, 456, 7662, 9616, 7284, 7948, 5626, 5524, 9177, 8362, 7277, 9340, 512, 9743, 1014, 3996, 1916, 7836, 5108, 1963, 7167, 1643, 2018, 3155, 1278, 4470, 8939, 7030, 605, 854, 9888, 3824, 156, 7629, 763, 8088, 9445, 7941, 6239, 2359, 4825, 1018, 1862, 3251, 9916, 7289, 2613, 9162, 835, 5958, 5952, 2965, 6712, 3973, 664, 3570, 7604, 6787, 3497, 6970, 7040, 8224, 287, 8372, 133, 5421, 6739, 3426, 3002, 6793, 4974, 9944, 1532, 1265, 567, 7295, 1857, 2693, 2875, 3498, 4781, 5314, 3265, 8604, 7521, 8264, 2171, 9056, 396, 850, 8772, 6344, 4070, 847, 470, 4111, 8286, 4288, 1012, 2661, 6374, 399, 533, 3784, 1495, 7570, 9710, 1671, 9664, 9811, 9638, 1517, 4093, 3645, 195, 3460, 8446, 3497, 2156, 208, 1294, 9066, 3593, 4073, 4807, 2368, 8668, 6995, 7903, 7034, 712, 5221, 1421, 2270, 7050, 3578, 5427, 4092, 3792, 7504, 9519, 3791, 3805, 7210, 3207, 22, 1957, 96, 2422, 1020, 1968, 7260, 1398, 5713, 5781, 2654, 2172, 9596, 1438, 3992, 504, 883, 4169, 2032, 1287, 5737, 857, 8979, 3596, 9887, 2327, 4408, 8772, 1518, 161, 9532, 3156, 2262, 925, 586, 9695, 6646, 8477, 9195, 372, 5418, 6077, 4717, 4747, 895, 786, 6038, 3169, 4936, 6753, 2737, 9014, 3032, 293, 4452, 2710, 1843, 2661, 3725, 2811, 9878, 2205, 2617, 9355, 3424, 5183, 6656, 3965, 9849, 1422, 6867, 6800, 589, 5546, 5045, 8997, 3228, 8786, 9982, 5804, 905, 3271, 9019, 483, 418, 4116, 3102, 7201, 319, 399, 592, 7717, 2484, 1535, 2914, 2828, 5807, 7668, 1935, 6978, 871, 259, 1433, 4785, 5359, 6258, 4932, 1933, 1173, 480, 3179, 5573, 8728, 1640, 6095, 5552, 5247, 1000, 4549, 149, 3980, 6396, 2001, 794, 5649, 4967, 9063, 6902, 7042, 6391, 4540, 6339, 3306, 7217, 4554, 7585, 2153, 5127, 4433, 559, 7356, 9524, 1170, 904, 967, 3931, 5688, 3282, 7780, 7065, 5832, 926, 6290, 9584, 8470, 9170, 8890, 5249, 385, 5797, 7016, 8350, 5702, 7279, 9093, 67, 4800, 6924, 1109, 4541, 9610, 3188, 6258, 9358, 8675, 5258, 5778, 3721, 5058, 6313, 138, 5022, 9590, 4504, 4449, 9080, 8037, 6982, 799, 7459, 4416, 4810, 1885, 6830, 9349, 9818, 8858, 3560, 1343, 8306, 950, 1278, 5182, 2294, 9672, 6703, 7105, 5533, 4305, 9063, 8164, 4482, 6338, 5147, 4248, 7739, 1000, 9458, 7762, 4594, 2510, 5484, 110, 331, 7322, 2383, 3297, 7043, 1458, 9507, 7295, 6308, 9097, 9945, 3563, 4426, 2164, 331, 9986, 7402, 1708, 7779, 7935, 3708, 3924, 1483, 9370, 9915, 6115, 6831, 4686, 9051, 4200, 8380, 5939, 615, 8815, 8899, 1482, 8650, 8228, 8720, 8046, 3220, 767, 6132, 8097, 2461, 8491, 2270, 4056, 5331, 7973, 3861, 8320, 7736, 6966, 6020, 5725, 218, 338, 1363, 1083, 800, 5627, 8251, 6671, 4829, 7754, 8842, 9977, 8351, 7331, 4444, 4961, 4760, 6097, 8117, 8279, 1433, 3195, 7823, 3122, 5512, 7017, 168, 1640, 4042, 4689, 9874, 239, 5087, 5005, 5317, 7741, 3039, 511, 2621, 4064, 7572, 4281, 2444, 2202, 4584, 6053, 8838, 7838, 6450, 1531, 6159, 9728, 5161, 2463, 7207, 7054, 321, 6918, 7554, 5310, 5735, 5069, 5103, 8229, 6199, 5716, 905, 9290, 4280, 7483, 5513, 9524, 2586, 1205, 1675, 2736, 2773, 8781, 589, 3859, 5622, 3649, 305, 6789, 8344, 8661, 8347, 8239, 7881, 5099, 7302, 1981, 3414, 6805, 1861, 2059, 7946, 6600, 985, 7192, 424, 7910, 1333, 4563, 4490, 8338, 2635, 1626, 4411, 6088, 6681, 8064, 654, 3970, 6479, 4494, 5812, 9092, 2519, 3261, 4196, 9552, 8822, 2096, 8016, 6781, 3521, 5824, 1423, 4893, 8105, 3053, 8197, 969, 6794, 4178, 9778, 4609, 6967, 6529, 4431, 9972, 2988, 1374, 8748, 8310, 2933, 7420, 827, 3720, 3729, 4875, 1639, 6697, 9709, 1416, 1591, 3108, 2110, 5533, 718, 4275, 7468, 3482, 496, 1155, 5063, 2523, 8981, 7540, 3926, 7607, 4052, 925, 4276, 9753, 8226, 6902, 9189, 7794, 3080, 6074, 6362, 9379, 5101, 8629, 7547, 8006, 7468, 5787, 9389, 6693, 254, 1887, 4297, 1940, 1308, 3540, 3968, 3764, 6425, 3073, 8217, 4641, 4991, 3011, 7805, 5291, 3551, 9167, 9467, 4922, 7111, 9906, 6633, 9272, 2875, 7465, 8657, 4358, 647, 9679, 5898, 3167, 5263, 1914, 8171, 1213, 6751, 2739, 1714, 4547, 3074, 4178, 5898, 3434, 1390, 4908, 2029, 2920, 5116, 9066, 8764, 9682, 4601, 4708, 6794, 6184, 547, 4556, 4711, 895, 4517, 1056, 1566, 6605, 9370, 7689, 7455, 7523, 2770, 1397, 3791, 5383, 802, 145, 3256, 3740, 9834, 9436, 9068, 8856, 6776, 1194, 3979, 2031, 1457, 7257, 5152, 8638, 6505, 9172, 2344, 7929, 4270, 9583, 4208, 2661, 5034, 8746, 3488, 9346, 6336, 6823, 4956, 5746, 6562, 8814, 6187, 9335, 6311, 8183, 3654, 7356, 1706, 2285, 323, 742, 8439, 8846, 2416, 7740, 2453, 1584, 9488, 8534, 1203, 5588, 4024, 3024, 5588, 3383, 8929, 1173, 3469, 2440, 4225, 6064, 5186, 3743, 407, 250, 110, 8411, 1840, 1731, 1292, 6806, 1861, 4036, 5331, 204, 5366, 1117, 773, 8386, 2310, 4490, 332, 1023, 1448, 2140, 5331, 2720, 3605, 1561, 6404, 3766, 2561, 2164, 8795, 3536, 9144, 8567, 3812, 3203, 9497, 8475, 6990, 1127, 3460, 3711, 9227, 3802, 9854, 8314, 4852, 2395, 1023, 1169, 1062, 6212, 524, 5606, 7677, 2206, 3377, 9375, 9128, 8839, 2370, 2232, 1784, 5387, 7361, 9272, 5608, 4343, 4188, 1155, 1830, 970, 2460, 4457, 4457, 1355, 5642, 5640, 7663, 8273, 7855, 4902, 6308, 6138, 6837, 5398, 6879, 2311, 9812, 9691, 2011, 9538, 4667, 4971, 2304, 6160, 1216, 7992, 2709, 59, 4672, 6030, 3527, 6132, 7735, 3112, 6667, 5372, 1459, 3793, 1282, 8008, 3131, 2280, 9063, 3457, 5753, 9725, 9499, 1825, 7022, 9103, 8026, 5744, 5138, 175, 6030, 4410, 3870, 9975, 6164, 7513, 2507, 2119, 2624, 3683, 7606, 6267, 4850, 7068, 2809, 9394, 403, 9517, 5078, 767, 7690, 2456, 7269, 3640, 4818, 6909, 1520, 1648, 2171, 3784, 9344, 4476, 7166, 448, 2690, 5083, 779, 3228, 6960, 3454, 8347, 675, 390, 8335, 975, 5347, 824, 1800, 8364, 3063, 9186, 1512, 6721, 3909, 5893, 848, 5154, 1352, 2002, 5093, 5944, 6006, 8239, 2556, 2562, 697, 6319, 4558, 7484, 9676, 5529, 708, 4783, 1047, 1645, 1557, 4724, 2780, 8844, 3492, 735, 2844, 6420, 5957, 1637, 3340, 7913, 1235, 9214, 8193, 8581, 1910, 7681, 3903, 6474, 1196, 3641, 8463, 7033, 542, 8141, 6840, 1109, 6250, 3690, 7827, 6752, 5035, 839, 523, 2411, 6759, 4336, 3112, 9066, 6927, 710, 1701, 208, 6114, 5523, 4838, 7256, 6057, 4462, 6145, 3066, 526, 8673, 9890, 6533, 4275, 9679, 2700, 3481, 7007, 7451, 6834, 2496, 5978, 4634, 1475, 5652, 9536, 5139, 8158, 2180, 1493, 9686, 4381, 748, 5946, 5245, 8040, 8712, 3268, 2234, 5204, 8115, 9530, 5771, 8629, 1944, 9979, 6696, 3332, 4708, 8536, 4729, 6077, 5472, 1417, 665, 5922, 1655, 494, 4675, 5124, 9240, 9813, 2005, 6244, 7951, 1434, 1497, 4177, 362, 2509, 4983, 6752, 9226, 3520, 6109, 3399, 3074, 7425, 9379, 6683, 5447, 5378, 2499, 9284, 5026, 4645, 4876, 5565, 9709, 400, 3884, 6062, 1221, 8124, 815, 8118, 7707, 8166, 2621, 8905, 4809, 610, 3007, 2785, 8235, 3622, 3514, 7877, 1238, 3949, 344, 9879, 5844, 8151, 5294, 7594, 3836, 4991, 5208, 4154, 6177, 5514, 5155, 2132, 7082, 4506, 2497, 7229, 730, 3822, 6761, 704, 8396, 3657, 8208, 4594, 561, 8393, 4649, 7429, 1785, 2358, 7944, 2344, 1219, 9439, 7806, 8691, 8399, 6060, 8832, 8766, 3549, 1855, 1146, 1515, 4858, 4665, 8344, 3952, 5958, 3468, 4506, 305, 4328, 6089, 434, 2717, 3392, 5600, 1240, 5946, 5002, 3652, 7345, 928, 9394, 9403, 6643, 4338, 6303, 7562, 5535, 8906, 4272, 5153, 9949, 9645, 8925, 1577, 6895, 2786, 7361, 4004, 9068, 2903, 6877, 1014, 9743, 6545, 8313, 5011, 2115, 6989, 9331, 8987, 1370, 9521, 9662, 8635, 4504, 7441, 4544, 6419, 5232, 679, 3439, 4141, 9219, 6581, 6402, 7105, 4474, 5375, 4673, 9869, 8726, 4851, 6616, 8988, 146, 3994, 7484, 524, 2245, 1034, 6729, 3333, 1762, 2130, 4773, 9897, 1076, 2535, 7965, 6228, 4357, 2898, 3943, 3264, 5728, 9285, 8755, 570, 2992, 1994, 4011, 3659, 9109, 7619, 2686, 5127, 478, 3254, 6504, 746, 2836, 1945, 2005, 2110, 1886, 1346, 8345, 3172, 1649, 1841, 7527, 5873, 372, 1683, 6248, 9311, 7575, 1785, 8472, 7753, 5732, 6565, 1217, 998, 9879, 299, 9465, 1332, 1473, 2902, 5316, 6132, 9134, 6286, 1529, 2666, 9865, 879, 672, 6011, 5269, 8809, 5845, 4731, 8803, 8084, 3179, 5365, 7651, 987, 9189, 3738, 8266, 7952, 507, 6671, 1048, 7746, 9327, 5203, 5613, 6904, 4845, 8438, 7796, 2829, 7262, 1387, 8729, 1382, 1471, 6626, 2836, 6924, 617, 3025, 8941, 353, 103, 3113, 6369, 4437, 278, 3615, 3375, 7622, 1700, 4731, 6161, 7596, 4268, 319, 9396, 3843, 6541, 9562, 2915, 2349, 8435, 834, 3217, 953, 1491, 4669, 7305, 2253, 4179, 982, 8186, 6701, 2794, 8549, 810, 1015, 9773, 540, 2607, 2119, 3731, 1910, 3442, 5725, 5020, 7407, 8654, 9982, 961, 3563, 3529, 6129, 5200, 7923, 1439, 1380, 8058, 9136, 6895, 6665, 8297, 9764, 3604, 5373, 2237, 5141, 1982, 3515, 4374, 1371, 9747, 2666, 8114, 2874, 7126, 3756, 279, 3005, 5200, 4354, 2953, 5370, 2795, 5836, 3733, 1114, 4567, 8092, 1864, 4590, 5929, 1080, 9599, 9805, 3907, 2961, 3123, 767, 3510, 693, 925, 6844, 9930, 5805, 8673, 3785, 5907, 6492, 1139, 8882, 3440, 5649, 5775, 7107, 7834, 6697, 9813, 33, 7705, 9666, 5954, 183, 3475, 7205, 5655, 9260, 8149, 9501, 8534, 9771, 310, 7618, 7686, 1132, 6998, 347, 9543, 3037, 9686, 3075, 8793, 1391, 64, 9003, 6872, 267, 4535, 9075, 4807, 5330, 5308, 6568, 2535, 4539, 8200, 8983, 9779, 7762, 6763, 7493, 2014, 6881, 3746, 5955, 6627, 7190, 6749, 583, 3836, 4878, 921, 6612, 139, 8828, 7652, 7119, 6553, 485, 8890, 237, 627, 36, 4815, 3054, 7334, 6163, 691, 3449, 5901, 2075, 4867, 2500, 9690, 6784, 7698, 5481, 8109, 9683, 9479, 2689, 5262, 5376, 6730, 7469, 5587, 6629, 2316, 2388, 4588, 2032, 803, 6701, 278, 503, 1964, 2079, 9665, 5966, 4746, 2912, 9459, 3846, 716, 9228, 5918, 5025, 2814, 5765, 5419, 4510, 9153, 7211, 5186, 8327, 62, 3659, 1955, 5851, 7235, 4545, 8222, 5420, 7262, 4870, 6609, 8045, 1020, 7579, 9712, 2279, 5562, 6011, 4129, 6108, 3911, 4341, 7890, 7069, 7210, 9090, 3603, 7426, 2798, 8685, 3775, 2655, 5867, 1103, 6141, 9534, 6237, 932, 3216, 1664, 2181, 2286, 1170, 45, 3614, 7510, 553, 8253, 8186, 961, 1515, 7345, 2669, 9764, 9770, 9016, 9996, 4850, 4658, 2249, 7596, 3201, 4249, 6473, 6418, 602, 9093, 9232, 6671, 5166, 8258, 7013, 2279, 5737, 837, 5151, 7380, 2190, 544, 1353, 3846, 9392, 1144, 4297, 5648, 534, 2631, 260, 6109, 9562, 5024, 3587, 7143, 7457, 225, 6763, 5307, 8443, 6836, 3358, 3232, 4149, 7110, 8925, 8491, 93, 1105, 9042, 7795, 6070, 8678, 8988, 4972, 1113, 8553, 8246, 4980, 57, 8079, 8298, 9150, 5178, 9576, 8032, 6154, 7809, 2971, 4185, 6856, 8238, 256, 6143, 7517, 7462, 3358, 9291, 9161, 1358, 6623, 8810, 2475, 1623, 5130, 3751, 6966, 7256, 4087, 6458, 1710, 2466, 7313, 1756, 6229, 6493, 1607, 4054, 47, 9703, 430, 4934, 1709, 9444, 9985, 8883, 7938, 4330, 5804, 7932, 6781, 332, 9012, 9032, 5641, 2917, 7538, 8142, 8049, 2054, 3723, 3965, 7095, 783, 5055, 8656, 3638, 6704, 9888, 6202, 4508, 2328, 9610, 7828, 340, 4334, 6808, 9771, 8542, 5666, 9854, 4070, 6549, 9784, 6840, 7976, 562, 2746, 5963, 2115, 5785, 3026, 3757, 5535, 8946, 4665, 48, 6759, 546, 3077, 2262, 212, 8660, 7565, 6046, 34, 6511, 8967, 9340, 161, 7972, 6735, 5330, 3509, 7010, 1556, 6513, 2111, 7530, 7008, 5581, 5969, 883, 1169, 2170, 6249, 3552, 8054, 4989, 4873, 7123, 7742, 577, 800, 6081, 7447, 7554, 3436, 9360, 3450, 8322, 5453, 591, 6410, 6278, 4851, 5012, 3711, 5332, 3637, 1178, 7365, 296, 2008, 5191, 8770, 1905, 1922, 1265, 701, 2831, 3710, 170, 1373, 6627, 6470, 4884, 6631, 1550, 673, 5262, 980, 4513, 9972, 6423, 1610, 5456, 5632, 963, 1182, 2991, 1890, 2165, 3139, 6423, 8544, 9095, 1018, 1919, 2740, 2126, 9315, 3660, 8944, 7698, 2791, 351, 5318, 4256, 5948, 5429, 4069, 1439, 5264, 3995, 5932, 3995, 630, 6311, 5880, 2084, 2669, 1479, 5978, 4659, 8905, 8837, 6539, 5624, 4074, 3841, 7780, 4243, 1951, 4312, 2309, 1904, 2421, 7583, 3786, 5482, 9143, 8971, 689, 1812, 5783, 7432, 4535, 4198, 1612, 1514, 5045, 6342, 5508, 5976, 2009, 1312, 449, 2118, 77, 2721, 6118, 8469, 5169, 9184, 315, 4426, 1476, 1574, 5514, 5732, 9404, 1405, 1726, 4312, 460, 8252, 2699, 1777, 4230, 6620, 981, 8196, 5590, 8294, 3832, 5546, 8027, 1253, 7277, 9370, 9744, 4806, 423, 4821, 5412, 4815, 9083, 3611, 6535, 3811, 2043, 5201, 7594, 7426, 7075, 7799, 9550, 1440, 9647, 7041, 950, 8850, 4206, 4480, 3893, 2017, 4817, 1191, 4067, 9173, 3325, 784, 4563, 4531, 1812, 2938, 6565, 7316, 4448, 2448, 6673, 9602, 3489, 1637, 5002, 3208, 7349, 2949, 2760, 7750, 44, 5917, 4064, 4034, 8691, 6486, 5208, 6917, 1462, 1160, 2146, 3449, 7401, 726, 7706, 8853, 3080, 8689, 8124, 2909, 6575, 2310, 8676, 4348, 7812, 8905, 4766, 9334, 9526, 8508, 9227, 4302, 2015, 2611, 3382, 4598, 2403, 3952, 2728, 7538, 3946, 830, 2167, 8903, 5239, 3086, 2922, 7589, 3513, 553, 4253, 5539, 7088, 5550, 5164, 8288, 3458, 2862, 4483, 5259, 3973, 3621, 9247, 2010, 3569, 1469, 58, 4088, 1863, 7222, 3639, 7683, 6001, 7637, 3634, 1164, 5926, 4892, 6762, 282, 3321, 1391, 8968, 7116, 2025, 3179, 1497, 6155, 7164, 4965, 9684, 7884, 2132, 8952, 3728, 909, 5924, 2716, 1445, 7016, 5484, 7927, 8299, 4953, 2289, 6505, 6317, 3850, 2106, 255, 2971, 7991, 2735, 353, 5282, 2650, 2505, 6380, 6588, 6197, 7486, 418, 5370, 738, 3271, 4854, 5765, 7521, 8171, 7166, 2230, 2569, 7306, 9529, 2718, 593, 5442, 8244, 7814, 2920, 8413, 7114, 8910, 5616, 7100, 351, 9687, 3067, 3234, 573, 982, 4016, 2337, 2055, 2862, 2615, 1277, 4994, 4555, 6643, 7116, 4530, 2622, 7615, 935, 2740, 1246, 4532, 3879, 2112, 4799, 3108, 1316, 9200, 8593, 9286, 7262, 7936, 9607, 5213, 9995, 9387, 8747, 940, 7215, 1167, 1841, 7280, 2569, 5353, 8876, 3940, 2224, 2731, 719, 6772, 7389, 735, 1073, 3454, 794, 5221, 8074, 6518, 9736, 607, 1308, 9160, 6870, 8000, 3060, 5188, 6499, 3366, 4378, 6211, 985, 2034, 2994, 6193, 7209, 4412, 3451, 4215, 9796, 9074, 8144, 4626, 8662, 614, 5936, 3743, 4787, 7397, 492, 2989, 3177, 4735, 1110, 2232, 1573, 828, 9955, 5053, 3803, 8717, 3799, 9461, 5240, 3671, 8073, 807, 4897, 9144, 273, 1137, 5046, 2419, 6016, 2324, 6849, 7758, 5335, 2172, 5076, 1983, 1311, 8139, 3380, 5601, 7590, 2397, 6707, 9586, 1958, 3101, 2552, 6236, 6397, 3289, 4034, 6560, 6622, 2754, 3204, 6091, 8055, 7699, 4781, 2804, 9613, 8063, 6466, 9151, 4474, 4357, 2600, 7417, 7693, 614, 6844, 4993, 2561, 918, 8051, 1552, 3173, 3291, 2434, 7458, 6191, 3391, 1224, 209, 660, 5561, 3835, 5862, 5820, 85, 2854, 3036, 6346, 4428, 6275, 5603, 3846, 5133, 1547, 2067, 9798, 6971, 9373, 4442, 163, 9738, 3542, 5422, 1743, 2078, 27, 6112, 7582, 1918, 6433, 9800, 7639, 9061, 156, 1152, 6720, 1883, 2063, 1636, 1795, 3295, 4075, 552, 9121, 9931, 4137, 7125, 9921, 9240, 1050, 5788, 6697, 6627, 4243, 3047, 1608, 5773, 1296, 6836, 8038, 3275, 6819, 1427, 2991, 5588, 1075, 650, 9083, 7780, 7609, 7902, 6643, 3152, 8240, 3784, 9589, 5635, 3407, 5069, 8265, 3740, 5904, 628, 6375, 704, 2479, 142, 5048, 963, 3569, 4897, 9344, 5926, 8315, 1940, 9306, 4849, 3738, 7367, 2310, 561, 35, 8249, 7251, 5005, 559, 4984, 1882, 1295, 7855, 9301, 4961, 7589, 5400, 9428, 2092, 5871, 6660, 4354, 5073, 3979, 7255, 4587, 7630, 5172, 4899, 3351, 5130, 4931, 1286, 8206, 8615, 8806, 4812, 5332, 5901, 7722, 9949, 2412, 9026, 2577, 3977, 2496, 9568, 5271, 4724, 1176, 8797, 1768, 4155, 6696, 2951, 4939, 2960, 328, 7098, 6907, 1117, 4735, 5505, 831, 2378, 2406, 9440, 2402, 8277, 487, 9496, 4427, 7575, 6580, 9638, 7074, 1921, 2661, 3708, 5858, 4223, 1279, 6496, 8864, 5747, 2324, 5826, 7727, 2206, 144, 93, 9748, 6824, 1693, 9627, 6266, 9176, 9581, 531, 5149, 4214, 918, 2047, 6072, 8323, 7920, 9368, 7808, 2431, 9344, 3708, 2591, 3186, 9263, 5074, 9854, 8966, 6986, 4905, 8186, 331, 2040, 5268, 7002, 1229, 828, 3008, 8783, 9730, 5086, 1007, 6740, 2006, 1156, 1839, 644, 3491, 2348, 4040, 5478, 8300, 5067, 878, 9022, 2213, 9692, 2231, 9271, 7493, 9960, 856, 4291, 9072, 2464, 7010, 2839, 2364, 8956, 702, 924, 8640, 7475, 9617, 366, 4283, 2247, 9379, 5049, 6162, 3132, 2112, 1100, 4919, 9477, 1757, 319, 8245, 820, 7355, 193, 1195, 2553, 4755, 142, 9674, 5907, 2439, 8138, 4043, 3837, 6209, 496, 9882, 2428, 2192, 8981, 2788, 8209, 2320, 4455, 1049, 6561, 1642, 3503, 8039, 1908, 3081, 4708, 2939, 7159, 1400, 3339, 7410, 9973, 3831, 7288, 6104, 8586, 2717, 9696, 7623, 4448, 1537, 5688, 2270, 7638, 6702, 1235, 7056, 3164, 4836, 5288, 5052, 8281, 1356, 6119, 351, 3773, 5114, 8181, 3058, 1150, 627, 9760, 4438, 3276, 4132, 9330, 5973, 1863, 2139, 4432, 8672, 5789, 2481, 1683, 4842, 4038, 3344, 5788, 9965, 1423, 5266, 8012, 1010, 1060, 7221, 7341, 4776, 2869, 4283, 673, 5220, 2560, 8199, 547, 9314, 7769, 687, 4839, 7078, 542, 2235, 3455, 8956, 6858, 5406, 8756, 879, 1965, 2213, 1195, 6629, 4346, 9572, 9068, 5721, 6358, 8995, 5182, 3332, 2744, 1052, 7383, 1374, 7644, 601, 8726, 9530, 8511, 3330, 6945, 144, 524, 483, 9732, 2666, 4986, 3474, 2338, 7658, 1408, 513, 6982, 7655, 2140, 7521, 4411, 3671, 4471, 5185, 270, 7143, 4592, 5985, 8730, 4918, 8772, 1185, 1432, 6508, 6123, 30, 2109, 2250, 1243, 158, 7543, 5851, 1316, 9554, 1152, 1026, 2676, 40, 4817, 9011, 7025, 781, 5396, 6622, 8421, 2606, 8926, 6717, 9746, 8150, 3003, 653, 658, 1802, 7878, 5957, 4493, 9636, 5807, 6547, 7701, 5695, 216, 51, 3385, 6477, 9496, 7909, 8851, 7809, 9006, 3054, 7391, 2998, 6118, 7445, 6293, 1332, 9216, 8447, 8601, 1235, 5267, 4747, 4886, 4175, 8076, 5075, 1995, 832, 5995, 761, 7243, 9249, 9611, 8078, 2925, 5910, 4263, 506, 9216, 1692, 3203, 7410, 7097, 3980, 2363, 5368, 9581, 9795, 9805, 850, 578, 2192, 3155, 9476, 4862, 4828, 6257, 284, 6179, 2261, 6965, 2077, 7450, 720, 6151, 3144, 6213, 1680, 4309, 7025, 1019, 7075, 6875, 5624, 6074, 2635, 7863, 824, 1729, 6696, 754, 8798, 4745, 8456, 5671, 8730, 8235, 5082, 2674, 7680, 2222, 8655, 3581, 8050, 7704, 3483, 7028, 9620, 8730, 9924, 1921, 5741, 2218, 3094, 6108, 5592, 190, 9776, 1508, 1087, 2856, 3868, 9027, 3631, 3467, 8944, 1788, 6664, 7351, 7637, 7957, 3564, 8885, 6891, 1993, 9228, 5633, 4729, 3295, 1420, 9328, 690, 5235, 7133, 1415, 3483, 5225, 6925, 1082, 9954, 7012, 1556, 8344, 6990, 6215, 760, 7451, 5635, 8298, 1029, 9808, 1365, 576, 1518, 8105, 3151, 2524, 1615, 7044, 736, 4260, 3444, 4778, 4195, 5890, 4458, 2120, 3966, 6837, 3063, 6834, 9742, 2721, 8727, 4053, 2193, 3065, 2598, 1148, 5342, 5428, 3899, 4236, 4920, 6915, 2887, 1054, 2626, 7739, 5786, 5738, 8357, 5766, 2707, 6709, 4349, 5207, 2093, 2466, 7755, 6189, 4084, 2256, 7305, 9768, 956, 5617, 5574, 209, 5353, 2384, 3615, 5177, 5483, 2385, 7733, 4582, 3570, 7388, 8483, 4901, 5633, 90, 7080, 7348, 3540, 4391, 6930, 7004, 123, 7797, 8192, 5572, 7956, 9867, 8189, 4890, 8619, 4323, 910, 9343, 1128, 6389, 271, 7655, 959, 2585, 2119, 4263, 5932, 1472, 1071, 1275, 2242, 8242, 3305, 478, 352, 4115, 4927, 9709, 8921, 2337, 6134, 5539, 1776, 3586, 8820, 7183, 9716, 9426, 2279, 9218, 2980, 2909, 145, 9481, 3269, 6929, 102, 1205, 2676, 2082, 1026, 1963, 2369, 2291, 4943, 2314, 2019, 5709, 8397, 4292, 837, 7578, 4078, 9872, 9457, 5274, 1983, 2928, 7209, 8206, 1555, 1762, 7510, 4466, 620, 1671, 1606, 9602, 5287, 2718, 6975, 23, 7867, 4677, 5490, 7172, 6894, 3160, 3143, 637, 871, 5678, 4498, 9460, 4334, 7373, 2391, 6440, 8760, 839, 3394, 7505, 3174, 2331, 6432, 63, 8612, 2767, 3280, 4745, 1720, 7596, 5452, 9886, 8766, 7364, 7821, 6802, 1130, 5263, 6211, 1747, 4332, 7989, 4580, 576, 3138, 3757, 1897, 9987, 3459, 660, 8497, 7935, 6481, 8650, 9835, 3792, 691, 5380, 7058, 6886, 6455, 6434, 2365, 6744, 9662, 5266, 21, 6431, 1725, 4904, 4608, 4872, 6592, 9078, 2649, 6203, 7023, 9681, 1198, 5450, 5328, 3695, 6558, 2938, 1355, 3303, 2457, 2757, 7336, 7428, 4554, 8179, 7199, 7106, 1281, 1184, 5884, 8179, 960, 944, 5627, 362, 1957, 0, 3075, 5334, 620, 2671, 8731, 3578, 4504, 6372, 6796, 7973, 3584, 1204, 7958, 459, 6180, 711, 8917, 660, 387, 2914, 1051, 7849, 4524, 910, 6316, 3936, 9945, 4024, 7772, 289, 5830, 7661, 1870, 1551, 45, 2401, 974, 4725, 5262, 1701, 8706, 6177, 2377, 4301, 6522, 5460, 4825, 5146, 2786, 8129, 9039, 1375, 48, 6001, 4627, 472, 549, 1942, 3441, 6647, 8381, 6324, 4013, 8988, 5244, 2170, 5908, 589, 3487, 867, 3035, 4205, 4349, 4941, 4867, 7920, 4026, 8990, 8131, 6181, 5973, 7763, 6669, 8469, 4390, 5460, 2780, 6686, 5215, 1259, 9939, 1649, 7901, 69, 9061, 9720, 4054, 4861, 5637, 8391, 3080, 4623, 8895, 9284, 2716, 4295, 8445, 2246, 5560, 2409, 5727, 5966, 5724, 8659, 6901, 2500, 33, 559, 9541, 7964, 9039, 3284, 9129, 9977, 283, 3863, 4231, 6216, 5623, 5780, 3988, 9672, 2016, 3843, 9638, 8016, 1644, 2997, 6606, 8471, 4321, 8186, 6894, 110, 2137, 9419, 945, 8247, 5980, 6240, 156, 1408, 45, 3342, 1971, 9311, 7170, 7577, 1850, 7010, 6111, 1665, 5939, 8512, 2533, 5936, 8597, 8388, 2948, 7727, 7081, 1885, 6346, 7287, 6972, 428, 9742, 2272, 8222, 4696, 3004, 8278, 5118, 8719, 5673, 8778, 293, 9271, 8407, 4374, 5302, 960, 8791, 7259, 6938, 5610, 8004, 1013, 9989, 920, 6309, 425, 8752, 8277, 3058, 8824, 3053, 2201, 1302, 7017, 6320, 607, 4110, 4678, 9914, 9684, 9941, 5759, 5676, 220, 2478, 9470, 3430, 1850, 6914, 5180, 6349, 7087, 7283, 3578, 5414, 4588, 724, 3984, 1186, 1227, 6906, 8355, 28, 901, 3801, 5926, 2010, 5793, 9935, 1414, 3194, 9925, 1269, 2196, 4865, 4362, 5636, 6817, 7406, 7805, 3383, 7843, 1173, 1710, 1087, 971, 4372, 2132, 5215, 9608, 5729, 3266, 3462, 7360, 9436, 2271, 323, 815, 4311, 3265, 9338, 8922, 2569, 8522, 7604, 9032, 9953, 9253, 2136, 6345, 9560, 3228, 1515, 4007, 2334, 2017, 3062, 6894, 7795, 5640, 7882, 4640, 7366, 2850, 2224, 8991, 86, 1217, 8487, 9502, 8734, 100, 7500, 9863, 2295, 4148, 7561, 2145, 7743, 7314, 8079, 91, 9324, 4471, 194, 9780, 8973, 2996, 4922, 6872, 6657, 9818, 6808, 8092, 1480, 8730, 3315, 3882, 9030, 9688, 7850, 8225, 1299, 1594, 329, 8690, 2009, 8876, 3579, 273, 5386, 1838, 9756, 7534, 3707, 8652, 7209, 6166, 9772, 1986, 4391, 8673, 3066, 5941, 4253, 4230, 6510, 2706, 3775, 1629, 319, 6939, 1279, 7570, 2938, 1580, 3878, 8492, 9245, 1807, 516, 6222, 3171, 2742, 4186, 8679, 4857, 4120, 2812, 7149, 942, 8888, 8050, 1908, 4783, 444, 8614, 7459, 4479, 362, 6644, 8592, 4047, 1076, 4444, 7591, 4819, 63, 3900, 3285, 5652, 241, 4238, 6732, 3340, 6710, 4472, 1654, 8059, 1891, 8160, 984, 4409, 5187, 3984, 9170, 9689, 2229, 7779, 2823, 9241, 567, 9976, 8834, 1663, 8706, 2196, 6783, 5979, 7139, 9325, 6971, 2878, 6860, 1007, 265, 9220, 3591, 1007, 310, 5459, 108, 721, 8648, 4709, 6932, 7810, 7445, 7638, 8480, 1813, 2116, 8835, 8047, 7665, 4048, 6918, 7911, 2612, 4018, 5649, 5597, 9488, 3452, 9695, 5127, 5949, 1058, 6624, 4156, 1931, 2519, 5758, 5320, 4117, 7113, 5466, 876, 5232, 2072, 6053, 7010, 5351, 6379, 3263, 73, 6086, 3050, 4061, 4208, 2545, 9995, 4353, 5844, 4691, 2832, 654, 7580, 4897, 7443, 1795, 2778, 9995, 2166, 3838, 5398, 7105, 1911, 4237, 8348, 6224, 4042, 668, 8859, 803, 4373, 5304, 8645, 8429, 360, 9861, 4108, 3469, 3410, 5934, 6411, 4360, 5782, 9170, 2895, 7509, 8731, 4444, 2426, 1802, 8327, 8826, 354, 8869, 5748, 2261, 1012, 9198, 2462, 4668, 1072, 5441, 4926, 7758, 4489, 6787, 6327, 3112, 3181, 1353, 786, 4165, 1399, 6329, 2142, 9276, 7453, 4358, 7182, 6034, 6449, 4352, 3328, 8048, 8456, 5011, 9766, 7600, 3292, 6457, 1031, 3103, 6263, 4944, 6237, 1845, 9351, 1156, 3160, 8153, 203, 9591, 5567, 8945, 8292, 4953, 2608, 532, 8114, 2742, 9329, 4645, 9434, 3132, 5369, 6, 2494, 7932, 713, 7244, 3304, 130, 3223, 8301, 1029, 4978, 5893, 4253, 333, 8228, 3068, 2107, 6187, 4713, 7530, 7776, 6010, 4832, 8957, 431, 5167, 3469, 201, 6737, 2435, 3930, 7322, 4325, 4912, 2843, 2005, 7819, 4995, 6233, 8913, 8185, 638, 749, 8342, 4109, 689, 6101, 6164, 5678, 9525, 8973, 1710, 4346, 1688, 120, 6309, 7268, 3486, 8232, 7558, 3122, 7008, 1418, 149, 8271, 3017, 4765, 2324, 6863, 9210, 7920, 6074, 8390, 5615, 766, 2115, 2700, 8534, 3264, 8398, 3805, 1806, 8130, 5778, 8556, 2362, 1423, 2402, 1739, 6429, 4369, 157, 6511, 4215, 9242, 2682, 1238, 6599, 9644, 7079, 5697, 1503, 2090, 7005, 4736, 3815, 6701, 4627, 7339, 736, 1949, 9756, 6880, 5649, 2378, 9960, 619, 5288, 8204, 8844, 9834, 2287, 2310, 9953, 4624, 7639, 5811, 2408, 7557, 3230, 728, 6967, 8587, 3467, 6757, 7038, 6514, 2893, 6345, 9086, 6835, 4113, 9306, 2759, 9586, 1258, 7749, 948, 35, 6699, 7582, 2272, 1145, 6302, 7272, 6074, 2737, 2883, 7351, 3694, 627, 4546, 9692, 4491, 7294, 6024, 5241, 7577, 6420, 8861, 5830, 3187, 2974, 9096, 7172, 807, 9577, 8419, 4151, 5756, 9371, 6422, 7625, 920, 2717, 9206, 4215, 9063, 3122, 232, 9857, 2893, 6153, 8347, 4569, 3159, 2394, 8652, 8209, 2037, 5684, 3859, 5498, 5191, 8442, 6691, 7885, 7260, 8210, 5933, 6368, 8002, 5381, 6173, 213, 2003, 7607, 1117, 2974, 2111, 8761, 718, 7978, 2307, 8454, 1216, 8369, 2544, 701, 349, 9327, 7238, 1808, 339, 2799, 3518, 2534, 1030, 3449, 8006, 5967, 7413, 6091, 6887, 7923, 9161, 4812, 2536, 1782, 4519, 8333, 5706, 8196, 7166, 551, 6192, 6871, 314, 6127, 6332, 3281, 3287, 2590, 8673, 8937, 942, 207, 8898, 7505, 707, 6662, 360, 330, 4501, 8194, 6011, 4967, 5461, 3119, 2191, 8877, 9457, 1601, 7684, 3055, 7062, 3687, 3599, 5818, 3573, 1128, 3458, 3407, 7006, 2407, 462, 2381, 6615, 7843, 7410, 858, 536, 3085, 9276, 7410, 8825, 101, 5857, 502, 9377, 5782, 3771, 5566, 9631, 1714, 1707, 2077, 1717, 9792, 204, 5863, 3661, 8972, 6071, 8214, 5343, 6118, 5996, 2564, 6926, 4144, 5335, 9955, 7236, 119, 8625, 7903, 7639, 3364, 9091, 4798, 1309, 9296, 1535, 4869, 5752, 4124, 3372, 5091, 3679, 8063, 332, 6707, 6719, 1267, 2496, 811, 7009, 7191, 7905, 2379, 4169, 8331, 7818, 7030, 114, 8248, 643, 5813, 7779, 1668, 4284, 4704, 4877, 2708, 9524, 5701, 696, 6038, 4503, 2275, 8963, 4984, 4988, 2048, 6033, 1031, 6146, 1176, 5869, 6838, 7413, 5827, 3052, 2899, 9945, 2196, 7698, 789, 2061, 8559, 8474, 8085, 5018, 7145, 3929, 6720, 8904, 8360, 3329, 3634, 6666, 7643, 939, 8263, 2618, 6117, 1320, 932, 536, 35, 3697, 12, 2445, 745, 5129, 8770, 6192, 3099, 1942, 3088, 5706, 9181, 6778, 3450, 2991, 6988, 1305, 843, 1590, 8682, 3473, 389, 3668, 7481, 627, 9745, 9962, 9588, 5277, 6289, 223, 3732, 2874, 2791, 2494, 2168, 941, 3054, 4345, 6514, 5891, 1487, 3699, 6519, 6557, 6877, 1663, 9593, 7388, 4282, 5584, 810, 4491, 5580, 5020, 3995, 2666, 6058, 8806, 7360, 4055, 4553, 4076, 2808, 3566, 5292, 477, 5621, 3871, 9706, 2846, 7572, 7883, 214, 6813, 2585, 7790, 6548, 7553, 8709, 5571, 9141, 8963, 1343, 5183, 1750, 4298, 2059, 7113, 7150, 3278, 3233, 9817, 7696, 8450, 1600, 9869, 9834, 1530, 7031, 1542, 9216, 974, 9559, 7745, 9182, 8731, 741, 1438, 5325, 6985, 5011, 8696, 1110, 4110, 8580, 9303, 919, 5434, 1281, 9674, 5551, 2046, 4035, 8561, 9078, 500, 3497, 188, 9144, 3039, 4698, 3663, 373, 5521, 6480, 6130, 9575, 6986, 2896, 4192, 4375, 4972, 2309, 9665, 2633, 8576, 2305, 4482, 7329, 4410, 6353, 5414, 1529, 4749, 2152, 4603, 3506, 1364, 195, 378, 7408, 8164, 5100, 6919, 7195, 7822, 1191, 8604, 7452, 3998, 8539, 5651, 508, 5600, 9743, 7021, 1201, 1305, 9401, 2658, 5656, 5743, 371, 2507, 1159, 4982, 3957, 2805, 8526, 9253, 1361, 537, 1692, 456, 2957, 2804, 4189, 6302, 8847, 2399, 8461, 6033, 711, 229, 6310, 8721, 2472, 596, 8434, 3324, 5850, 4041, 3513, 2708, 9003, 8926, 1015, 7797, 9263, 9003, 7216, 4138, 358, 4174, 9123, 8124, 7916, 2388, 7011, 7442, 1570, 9356, 6228, 2708, 7941, 3968, 6457, 6091, 1191, 2471, 3048, 1234, 4185, 4515, 5783, 5371, 5651, 1486, 2179, 466, 6111, 660, 1008, 4409, 5127, 8661, 2464, 3595, 7041, 6392, 2359, 7090, 519, 8586, 2815, 3721, 9713, 8819, 4819, 4001, 3817, 4433, 9330, 2880, 7007, 6803, 1422, 1660, 6664, 6880, 8510, 6775, 8411, 5897, 2643, 6379, 3143, 2070, 2942, 1105, 3593, 1609, 2738, 2127, 6110, 50, 5099, 1078, 4838, 4486, 8156, 9175, 903, 8376, 9649, 2336, 7791, 8861, 2049, 1576, 8796, 2759, 891, 4808, 2941, 1437, 6060, 3467, 2824, 9126, 560, 5970, 4557, 6913, 3849, 2333, 7088, 9752, 3979, 2669, 2317, 4953, 7081, 5107, 49, 9752, 9663, 9707, 923, 8357, 8775, 3385, 8320, 8224, 7386, 4505, 3953, 3653, 2225, 2932, 9754, 5350, 1471, 3729, 2143, 6487, 3160, 709, 2011, 2142, 1954, 8888, 2370, 8256, 7502, 4458, 8403, 6188, 266, 246, 3256, 4528, 2525, 837, 4401, 2793, 459, 9702, 1295, 9643, 1506, 8272, 4922, 3762, 4983, 3258, 3113, 4915, 3875, 3636, 4606, 6911, 6146, 4675, 4688, 277, 3722, 8378, 5917, 6403, 8854, 1831, 1062, 1100, 4074, 8884, 8487, 2064, 9710, 9912, 5483, 3247, 4002, 4877, 2881, 8485, 9308, 2991, 8069, 7816, 2269, 9237, 7881, 7475, 267, 3617, 8823, 9355, 4443, 4872, 3762, 7362, 2313, 1623, 1231, 50, 1337, 1547, 4766, 8501, 9545, 4867, 8680, 9336, 765, 6536, 6372, 3467, 9166, 6779, 3750, 3380, 4916, 9273, 1221, 3215, 1265, 5448, 2213, 3767, 7560, 1705, 1090, 4671, 5660, 177, 3530, 284, 9101, 9541, 4801, 9977, 8575, 7787, 7431, 5635, 6968, 537, 7944, 6395, 154, 3307, 8505, 1924, 5591, 1766, 2244, 158, 2008, 9930, 5735, 3306, 133, 2036, 3365, 6537, 2499, 590, 417, 1809, 8775, 97, 8725, 6204, 3274, 4863, 2655, 3880, 2284, 1428, 5374, 4150, 2011, 2964, 4865, 9840, 1351, 1582, 8859, 2500, 4314, 64, 8691, 2141, 6832, 5425, 3016, 6362, 278, 8038, 7650, 4560, 5599, 9596, 1339, 9636, 2724, 6124, 8968, 2670, 8924, 167, 4583, 5726, 1337, 1798, 7129, 9999, 2609, 7639, 5011, 6624, 3822, 6767, 2396, 1987, 2426, 6758, 509, 7086, 1879, 451, 404, 9067, 9606, 3242, 6415, 977, 3354, 6207, 7457, 252, 8826, 9284, 5118, 7899, 3374, 3655, 4781, 4044, 8050, 8601, 761, 3485, 6175, 1144, 6950, 5917, 4988, 1996, 6934, 2434, 9987, 6227, 3651, 1861, 490, 6829, 3479, 2667, 3294, 1112, 3874, 1444, 1339, 2230, 5807, 3280, 1458, 2456, 6805, 912, 7903, 5543, 8271, 3726, 7037, 503, 6989, 9045, 1288, 520, 3196, 4026, 8710, 7963, 2238, 5337, 8569, 3350, 2744, 51, 3732, 2968, 4124, 2864, 4617, 8684, 7777, 6519, 1890, 7549, 8573, 2269, 2933, 2648, 4440, 5582, 5631, 688, 258, 5908, 5803, 746, 6360, 4765, 9906, 8038, 2996, 4983, 8845, 9379, 1965, 137, 8211, 3937, 8681, 3560, 2284, 6161, 932, 1328, 9539, 5948, 2313, 3455, 2511, 5663, 9457, 763, 6533, 6284, 4102, 7758, 6500, 4081, 1681, 1253, 7081, 7766, 9585, 2941, 220, 7162, 9554, 1729, 7561, 6307, 5692, 4809, 7663, 5995, 3072, 4981, 9889, 4315, 5207, 9378, 9372, 3716, 6233, 1400, 5979, 6057, 9067, 1107, 6280, 5590, 6745, 314, 8537, 1218, 4355, 3893, 9969, 4200, 407, 742, 182, 4639, 9171, 6908, 7145, 5265, 7000, 8238, 2030, 6187, 1972, 8641, 5494, 8898, 1547, 4772, 2306, 9673, 2116, 2249, 5796, 108, 9971, 513, 6980, 8482, 4722, 3337, 873, 2257, 9017, 2185, 7697, 9968, 7868, 7389, 5512, 1396, 3196, 2102, 44, 4589, 2838, 9743, 3926, 6044, 5598, 9208, 8229, 1699, 4269, 4783, 7448, 2441, 4113, 1236, 3230, 3344, 4038, 8520, 1994, 2685, 9479, 211, 4471, 5514, 1033, 6640, 417, 9297, 3080, 9600, 6269, 6644, 2360, 6875, 4549, 5709, 3229, 1056, 8141, 6790, 9042, 8451, 9769, 8126, 7535, 479, 6040, 6897, 2893, 365, 1069, 5066, 9580, 3970, 5316, 8438, 5254, 952, 1717, 9289, 7830, 5260, 9869, 1865, 4396, 1111, 4359, 5823, 5157, 9577, 4041, 5751, 7687, 1246, 4209, 7152, 4980, 4822, 6696, 4723, 8784, 3920, 5846, 6724, 7584, 1791, 2993, 5281, 2845, 5715, 2770, 9938, 2234, 2190, 326, 863, 3925, 8494, 4759, 5077, 5493, 1440, 7959, 6119, 8369, 1022, 2654, 2999, 4539, 6806, 3718, 5172, 766, 9224, 4317, 3975, 8550, 8714, 4559, 5152, 6628, 4695, 5775, 2260, 1019, 6278, 5972, 964, 9326, 6678, 9492, 2162, 4315, 112, 7582, 3031, 6272, 7310, 1085, 9876, 9419, 4431, 650, 2029, 1505, 1412, 8479, 3632, 5509, 8901, 9022, 6518, 8740, 9239, 4071, 7147, 4919, 1545, 2614, 5456, 2601, 7429, 156, 7295, 8737, 2497, 4996, 243, 1729, 3288, 3839, 9870, 7835, 6676, 8428, 7842, 8886, 1876, 5226, 5225, 3916, 4189, 6058, 7650, 4851, 4996, 73, 2843, 9323, 9862, 8485, 2318, 7953, 1341, 2136, 3090, 9525, 1163, 8653, 9623, 6995, 1811, 7576, 1389, 8308, 1261, 7287, 2993, 5678, 6547, 3871, 6949, 7375, 1565, 1972, 8849, 5146, 3530, 86, 7917, 3882, 8916, 5817, 9301, 8848, 1698, 2149, 3543, 6967, 5134, 1604, 9518, 7512, 2149, 5138, 5914, 1839, 9483, 9463, 659, 164, 3955, 9486, 9673, 2665, 4004, 7979, 6241, 2679, 7177, 3642, 7882, 1515, 354, 1, 5104, 3106, 4642, 1710, 4335, 3987, 4917, 2848, 6370, 5909, 8878, 7401, 7979, 9155, 5035, 258, 5982, 35, 2105, 8552, 7510, 8767, 1426, 1836, 325, 5130, 2456, 2636, 4979, 8087, 5679, 2301, 8424, 8743, 3812, 1112, 6375, 1389, 7608, 4237, 3188, 6216, 7925, 7051, 5487, 9065, 1468, 4148, 3819, 8341, 9537, 7516, 1459, 5723, 9547, 6196, 4712, 1992, 6105, 9242, 8336, 2831, 53, 6748, 6386, 6764, 844, 1117, 4723, 6840, 668, 826, 3381, 2633, 5688, 7665, 5869, 8314, 6696, 5225, 3524, 6864, 2482, 7823, 8115, 8221, 165, 3291, 6286, 6817, 5218, 1859, 4898, 2786, 8586, 5855, 2352, 1752, 4064, 2852, 7605, 3361, 6228, 9645, 128, 4382, 984, 4710, 5087, 4041, 433, 7399, 285, 8017, 928, 8783, 6874, 6244, 46, 8196, 8783, 9974, 7859, 1261, 2223, 6902, 305, 7571, 231, 57, 501, 6777, 9655, 779, 6759, 8606, 3978, 926, 4462, 6058, 154, 2560, 7163, 5812, 8600, 7041, 4431, 8571, 2606, 123, 6845, 6925, 4390, 9662, 3570, 2445, 406, 76, 4315, 8448, 3150, 2617, 1058, 8725, 2446, 5892, 4318, 7402, 9286, 401, 4260, 9239, 6840, 1165, 7831, 5030, 2281, 5395, 993, 4483, 285, 6749, 6830, 8622, 3645, 2829, 5250, 3113, 2209, 1051, 7926, 3149, 7534, 1967, 8819, 5095, 8068, 7180, 3597, 9055, 8011, 443, 9179, 462, 814, 204, 6667, 1251, 2875, 6112, 6182, 1351, 8419, 3528, 9553, 9718, 2638, 4661, 5465, 5719, 764, 7871, 4763, 3634, 7007, 3037, 5508, 1666, 1030, 6460, 9581, 4644, 1562, 7504, 3329, 748, 2772, 9721, 1363, 5501, 9764, 1792, 3256, 3798, 5786, 7483, 611, 8820, 6726, 14, 874, 3575, 7511, 6226, 2089, 3536, 4868, 6509, 1401, 3395, 7674, 9341, 6669, 9064, 7436, 587, 8772, 5667, 7874, 1710, 127, 5631, 325, 5917, 1909, 9070, 5880, 3859, 6444, 5177, 5045, 563, 5545, 905, 8217, 8212, 6704, 779, 3322, 6202, 3379, 2858, 830, 6820, 8668, 7906, 1415, 3505, 2828, 8718, 1389, 3290, 1940, 1293, 4516, 4383, 5520, 2393, 3530, 8769, 6980, 3687, 455, 5500, 5614, 4507, 5448, 7651, 2412, 1414, 7796, 2805, 1421, 3461, 5975, 4347, 2254, 2285, 7584, 4468, 7669, 8613, 1656, 1661, 3178, 4372, 8001, 618, 3875, 9933, 6837, 2046, 6527, 2611, 1047, 9883, 955, 3916, 1440, 9392, 9170, 4139, 6630, 8471, 2345, 8562, 2962, 3952, 6693, 5151, 612, 4744, 1693, 9612, 9023, 9414, 6032, 6095, 4658, 44, 883, 2129, 3422, 6683, 602, 1117, 8751, 5285, 8887, 5860, 7565, 5531, 816, 9737, 1817, 2618, 6933, 1351, 787, 2260, 3209, 3496, 3442, 771, 7733, 9408, 292, 9628, 5750, 909, 8284, 6197, 2462, 4662, 7822, 1003, 7305, 3993, 460, 7568, 9886, 816, 2714, 5382, 9324, 6321, 7257, 1521, 6929, 8482, 1636, 5704, 3125, 225, 8472, 9356, 8925, 8969, 4358, 6363, 705, 648, 7108, 3493, 4270, 7497, 3936, 2557, 6613, 4514, 1126, 882, 7486, 7339, 3593, 4184, 537, 2913, 254, 1007, 1911, 3658, 1239, 4386, 8435, 3922, 8410, 2128, 3777, 2985, 6282, 1699, 6362, 1322, 5802, 1560, 9158, 9152, 8836, 3506, 1540, 495, 6509, 2243, 3246, 3351, 9759, 8971, 2150, 2203, 9832, 8325, 3397, 7155, 63, 155, 1278, 5429, 3133, 6694, 320, 8164, 9634, 5235, 9659, 2535, 3357, 5340, 189, 6521, 1768, 2202, 3066, 9300, 6450, 4335, 9469, 6701, 7214, 5256, 5719, 2725, 8026, 2649, 1907, 273, 9984, 1182, 4165, 9056, 6180, 1751, 1923, 6107, 5481, 9324, 8068, 2018, 9892, 7308, 2718, 9701, 9798, 7319, 4564, 4914, 2092, 3729, 8681, 9176, 8100, 292, 6650, 4863, 3738, 5124, 9405, 2330, 2957, 7221, 9169, 2996, 2734, 4159, 6071, 4341, 9542, 4027, 3278, 6234, 3905, 6901, 3170, 8804, 8973, 4634, 1998, 1149, 3646, 5975, 8640, 7960, 5527, 4559, 9089, 7032, 3452, 8590, 5758, 2315, 2424, 6569, 8812, 347, 5375, 4250, 6086, 8727, 7147, 20, 6677, 7217, 1434, 2040, 7304, 1729, 3215, 2073, 667, 7352, 4532, 7067, 495, 6544, 36, 6698, 7249, 4562, 9844, 886, 3758, 1239, 3087, 9369, 8569, 2602, 3532, 9644, 1886, 3686, 2977, 2030, 3883, 5179, 5749, 8191, 7089, 4467, 923, 5343, 6463, 7777, 1004, 1677, 1856, 7546, 9141, 9646, 4645, 2541, 2854, 1149, 3571, 3514, 2854, 1315, 5316, 226, 5739, 1973, 2739, 6307, 1554, 709, 751, 3844, 2757, 5556, 9313, 5812, 7404, 9084, 811, 4068, 1447, 4408, 987, 6007, 9156, 3023, 2129, 8783, 3604, 8606, 342, 2578, 9204, 6061, 7962, 3510, 6291, 3462, 2311, 1748, 1468, 1047, 7686, 3040, 7548, 7097, 1431, 7262, 1452, 377, 7423, 4437, 3636, 8816, 6420, 4508, 9740, 5879, 188, 2721, 5703, 9246, 9549, 8796, 469, 7873, 248, 4017, 7334, 5352, 2828, 537, 8298, 2658, 6744, 3172, 9640, 3688, 4356, 4984, 5001, 3757, 7009, 9974, 3292, 6044, 4069, 4564, 7349, 3856, 8347, 7125, 1881, 3127, 2533, 3300, 56, 4531, 4159, 6225, 7530, 1928, 9374, 7460, 6463, 7038, 5530, 9900, 7845, 8884, 9922, 4038, 4117, 1940, 7485, 6370, 3122, 5398, 8536, 6195, 1252, 157, 5677, 6, 5345, 5218, 6889, 1062, 4018, 295, 3494, 1939, 181, 2893, 3516, 8781, 512, 1367, 8817, 4173, 8590, 6349, 9837, 3433, 5951, 9719, 5121, 7074, 2014, 7732, 5417, 3455, 7675, 5289, 2510, 4338, 6705, 8624, 8593, 7766, 984, 6477, 3249, 3986, 7757, 6258, 4543, 1614, 1871, 5401, 4838, 4789, 1330, 1422, 7296, 6256, 3497, 5467, 6032, 761, 7681, 4781, 8629, 8830, 1204, 746, 7541, 7435, 3663, 8669, 469, 5383, 9878, 1568, 8153, 4428, 3556, 3548, 9015, 3565, 1024, 1062, 1686, 7948, 1498, 2155, 2209, 1627, 3824, 8479, 9132, 4541, 2288, 9247, 7427, 3699, 3102, 1791, 3377, 5834, 8463, 9394, 2552, 4104, 3354, 9295, 9550, 2891, 8610, 7041, 7240, 8131, 9930, 4868, 6128, 7994, 2315, 5920, 6604, 5531, 1628, 6068, 8947, 5173, 1566]
List Size: 8000
Insertion Sort Time: 3163.828800 milliseconds
Merge Sort Time: 44.318700 milliseconds
Built-in Sort Time: 1.223700 milliseconds

Original List: [4213, 7938, 4130, 8412, 5364, 3283, 8265, 8112, 8101, 9054, 2103, 1384, 733, 7427, 1115, 401, 2182, 3188, 2193, 2207, 1572, 1619, 3372, 8334, 5133, 9029, 251, 7211, 1874, 3898, 7635, 5833, 4608, 385, 7143, 9147, 8975, 410, 4070, 9056, 7932, 7143, 4081, 6830, 3807, 9963, 5409, 5087, 2957, 5445, 7845, 9356, 8816, 6594, 3825, 9825, 9995, 3043, 9520, 4930, 1439, 4184, 142, 4785, 5389, 7464, 7086, 2266, 7607, 2488, 972, 439, 8262, 9700, 780, 8552, 6622, 3120, 3229, 277, 6469, 6884, 6443, 2399, 3372, 3445, 738, 5641, 2733, 7400, 4246, 59, 8507, 8593, 2305, 4912, 9704, 1899, 935, 8238, 5246, 5573, 4379, 4199, 1353, 95, 7067, 4752, 8007, 5500, 1267, 831, 6577, 9668, 4991, 7468, 4072, 7012, 4843, 616, 6951, 7793, 120, 877, 1067, 3138, 3325, 9114, 6804, 3110, 4221, 5745, 162, 8142, 1531, 1411, 7117, 8919, 6609, 200, 9061, 9437, 169, 6793, 6559, 2695, 4861, 678, 5232, 1949, 1448, 1930, 3698, 1530, 5260, 7263, 5625, 4476, 8937, 2052, 5198, 9598, 2504, 4913, 481, 9939, 2025, 6112, 1469, 1256, 1379, 4165, 4901, 5401, 3239, 9571, 7320, 4164, 4004, 6435, 658, 7841, 3846, 8247, 4118, 5007, 1106, 256, 5846, 6456, 1645, 2018, 3972, 8535, 9771, 8699, 6101, 1439, 9057, 7085, 4820, 9237, 3375, 4417, 972, 3449, 6824, 1137, 8939, 1418, 2516, 668, 6794, 894, 385, 8075, 7181, 4856, 7707, 4198, 5204, 4539, 8569, 8347, 5827, 614, 4856, 4367, 7473, 703, 5497, 6204, 7167, 3917, 8813, 5888, 1598, 7689, 7440, 8485, 6073, 6076, 3340, 1579, 7723, 4199, 9692, 801, 216, 3334, 6058, 6320, 2215, 6601, 5352, 853, 7681, 8148, 8475, 6402, 8557, 7332, 7757, 1553, 3629, 8719, 2822, 6841, 8669, 9276, 7003, 4293, 1249, 1256, 4677, 3584, 3156, 320, 6693, 8648, 4969, 1717, 4897, 2779, 4384, 9690, 2669, 6745, 3377, 1630, 999, 4434, 742, 6329, 4107, 5051, 1965, 2527, 4539, 7547, 3247, 4056, 6173, 6628, 6076, 5202, 5582, 5018, 4177, 9926, 900, 3991, 1292, 3601, 771, 5561, 5406, 1882, 8887, 6031, 5176, 7770, 1102, 7807, 8688, 5258, 7422, 1438, 5850, 8176, 6049, 9454, 6974, 3100, 2283, 9868, 4309, 3898, 6201, 7924, 646, 4195, 7030, 7904, 3123, 5290, 2889, 7457, 5157, 6080, 7953, 6375, 8887, 4566, 5353, 7369, 596, 6069, 194, 3471, 886, 4637, 7444, 3372, 8860, 9793, 7074, 7976, 9150, 2203, 8351, 9647, 9311, 647, 4217, 3217, 8040, 6682, 9713, 2538, 2720, 9340, 4849, 9590, 2505, 2663, 261, 6013, 8258, 554, 890, 5912, 3546, 9421, 1056, 709, 9704, 1646, 9309, 2347, 7618, 611, 568, 3048, 1068, 4870, 6055, 2645, 4049, 5099, 1150, 9168, 1358, 9320, 4006, 6937, 8797, 9755, 71, 55, 7154, 8248, 1976, 6173, 6941, 584, 7477, 5838, 3692, 3329, 1618, 7723, 7687, 3972, 8184, 12, 3395, 1967, 8598, 6543, 9425, 7601, 716, 8928, 7525, 3223, 3611, 1743, 9244, 8403, 3240, 629, 860, 6250, 8333, 5132, 5307, 9667, 1070, 2472, 6593, 4195, 5233, 2052, 7723, 8545, 7860, 7045, 707, 7865, 7664, 4197, 7188, 8937, 8904, 776, 1569, 6172, 6561, 2372, 7626, 513, 3226, 8836, 1902, 802, 6981, 4485, 6426, 1888, 8268, 7093, 3056, 8418, 2885, 7690, 2930, 8515, 5677, 1851, 2377, 6688, 3298, 931, 152, 4506, 6782, 1973, 5233, 7577, 5971, 4552, 1158, 8185, 4185, 340, 857, 1665, 4757, 108, 6500, 7167, 8296, 1435, 2931, 8672, 7197, 9023, 7770, 5353, 6711, 3776, 2151, 4601, 4826, 7667, 1700, 2610, 4708, 6549, 4649, 6636, 6528, 6814, 8770, 7119, 505, 44, 5939, 7767, 6084, 3901, 544, 6892, 9537, 473, 2257, 647, 5701, 5588, 7516, 6571, 6059, 329, 4658, 4560, 9570, 4609, 7324, 4886, 8365, 5463, 2686, 8497, 9554, 6115, 2689, 3442, 5014, 5708, 962, 7242, 8299, 1241, 9309, 9235, 3215, 3831, 2229, 4609, 2243, 2427, 8184, 3519, 9843, 9254, 1558, 9816, 350, 7109, 6957, 7030, 9805, 3111, 5368, 5574, 3516, 4825, 7754, 9435, 3336, 257, 5451, 840, 5907, 5436, 3985, 4005, 9234, 2771, 1158, 8086, 6825, 2635, 1853, 574, 4479, 3779, 2065, 404, 6772, 7369, 4784, 9695, 5665, 5152, 7592, 6145, 1914, 3455, 5724, 5048, 1628, 4950, 1623, 1268, 910, 9723, 4314, 4446, 8951, 1770, 9768, 5515, 7830, 6471, 5413, 7793, 7656, 3973, 7323, 2253, 3467, 5329, 1647, 5245, 5553, 4192, 9785, 4282, 2771, 6569, 3227, 8215, 5507, 3450, 6670, 9684, 9395, 608, 9544, 2264, 9883, 7947, 9410, 4764, 6173, 4700, 8254, 9166, 3868, 5875, 6864, 4830, 5095, 7469, 9690, 4118, 5800, 6443, 325, 1511, 3316, 3186, 1266, 9403, 5491, 9609, 340, 1283, 3237, 5192, 5400, 1826, 7596, 3035, 22, 6301, 3939, 8106, 2331, 6100, 7896, 3506, 6300, 3748, 4482, 5270, 6347, 5049, 7688, 8005, 402, 6565, 7312, 7001, 3637, 176, 9826, 5790, 9326, 3901, 8904, 8353, 3665, 9530, 5168, 4251, 2166, 787, 8742, 7343, 3300, 8842, 4803, 6227, 9370, 6644, 2527, 1881, 7381, 9977, 7447, 6285, 5602, 6398, 1427, 8592, 5216, 8775, 3734, 4477, 6252, 1655, 8797, 4393, 213, 1670, 6494, 8004, 4131, 488, 4735, 4535, 3355, 455, 9135, 4286, 3916, 5161, 4630, 8764, 1599, 2983, 5121, 4903, 416, 1, 7952, 5654, 3847, 3998, 6263, 7140, 6312, 8996, 3873, 1065, 5329, 833, 870, 3520, 8721, 4419, 8699, 484, 9091, 4050, 4040, 1153, 9834, 1862, 9014, 3256, 5339, 1235, 5450, 8923, 4987, 106, 7568, 5991, 5160, 8639, 9584, 751, 9856, 8842, 5782, 8367, 9922, 2894, 646, 7729, 5319, 2416, 1638, 7944, 5936, 6436, 4649, 2602, 946, 150, 1716, 2309, 8992, 3337, 6755, 5811, 6056, 4668, 5294, 4868, 6149, 7037, 7515, 1811, 5088, 5394, 7974, 7374, 2606, 9335, 1835, 3471, 3416, 7368, 3531, 4037, 9212, 1722, 1345, 7584, 5500, 6732, 2042, 8211, 290, 8136, 9383, 6517, 4241, 4326, 718, 7660, 4866, 9739, 7558, 1618, 8418, 1094, 105, 5678, 60, 3581, 9942, 1490, 8163, 1454, 1285, 479, 8899, 3137, 7423, 8806, 240, 9058, 1326, 4134, 2665, 362, 6881, 3437, 5379, 498, 7948, 320, 6104, 4673, 7673, 7860, 1844, 4017, 3255, 3280, 7385, 6468, 7082, 7532, 8658, 6789, 6688, 1118, 5254, 7407, 9336, 707, 1432, 6796, 7995, 6963, 927, 4459, 7757, 693, 3796, 6478, 8273, 7940, 7937, 8346, 4071, 5257, 1934, 6294, 5784, 7716, 7626, 259, 1023, 945, 8023, 780, 2112, 8989, 6821, 7494, 6850, 8130, 2997, 3200, 6394, 7051, 7809, 7441, 7473, 9738, 2120, 113, 9636, 7880, 2576, 2909, 847, 4135, 9872, 9139, 9542, 3716, 484, 1344, 469, 6911, 4310, 5014, 2986, 1040, 2571, 7479, 1150, 7334, 2829, 4175, 7163, 6906, 9509, 9497, 3374, 3198, 3205, 5266, 214, 6276, 8172, 5888, 8218, 5425, 423, 6075, 2504, 8176, 1011, 107, 9342, 2539, 1979, 5353, 8846, 500, 2461, 8888, 6205, 258, 4712, 4146, 7984, 383, 1684, 6388, 4882, 6707, 2809, 8592, 3283, 2142, 5953, 427, 5075, 844, 8353, 7496, 324, 2583, 642, 956, 2045, 3671, 1664, 1297, 1109, 6590, 9561, 5027, 6845, 7523, 152, 2754, 6170, 58, 3094, 7479, 2705, 1323, 4921, 4457, 5369, 6048, 7463, 5869, 2321, 1008, 9944, 8245, 8964, 3396, 656, 6466, 5734, 1852, 5119, 8235, 2985, 853, 946, 6118, 8641, 738, 2433, 8745, 6547, 2347, 2166, 3978, 1171, 5901, 3076, 171, 6791, 4603, 9556, 3281, 7674, 4392, 1853, 8338, 6657, 1042, 4655, 1948, 6469, 3512, 4558, 8245, 4154, 5021, 6894, 5329, 1999, 629, 8065, 9217, 4603, 8038, 8121, 1930, 5102, 985, 3943, 9002, 2821, 8115, 75, 2567, 8856, 3693, 4428, 9611, 6299, 8580, 208, 4786, 9861, 8841, 9164, 6042, 4465, 8953, 3360, 9330, 7280, 6687, 3276, 9552, 2473, 502, 2171, 1922, 9747, 9884, 9317, 6398, 7150, 4985, 1607, 3359, 5156, 6828, 8209, 9396, 1894, 6435, 1618, 2475, 3916, 63, 336, 2642, 5432, 7134, 9637, 5820, 4245, 7097, 1105, 5998, 3682, 8212, 87, 3777, 1426, 9643, 4547, 8715, 99, 3321, 8635, 5746, 1658, 591, 7367, 7917, 1160, 914, 8276, 9918, 8905, 6971, 2465, 2978, 3704, 4076, 4865, 2280, 5788, 2887, 833, 4070, 549, 7624, 8715, 972, 3797, 3714, 4894, 4870, 3215, 8460, 7097, 4616, 1028, 8382, 4875, 9694, 7397, 5610, 4832, 363, 12, 2520, 6963, 4077, 1684, 3797, 1890, 8978, 7221, 9549, 7266, 1989, 1954, 8196, 4092, 8020, 8411, 4156, 1325, 6749, 2461, 390, 6360, 2276, 3957, 9879, 9824, 7511, 512, 1434, 2337, 1606, 7612, 4215, 9918, 2358, 1855, 6783, 612, 876, 193, 6433, 4256, 6548, 258, 6832, 8702, 2521, 6134, 9210, 5545, 8649, 2877, 2509, 2584, 2279, 492, 5650, 5310, 3895, 441, 9749, 1438, 9904, 6506, 5427, 462, 4880, 5515, 9104, 9494, 8808, 9993, 3606, 9549, 4734, 4944, 4893, 5018, 391, 2560, 1312, 4138, 5432, 1105, 4068, 4254, 7952, 3814, 5758, 1887, 2118, 6882, 6119, 8676, 3752, 6470, 9723, 2888, 4317, 9073, 6427, 7779, 5964, 9959, 6331, 8187, 5667, 7120, 9557, 3386, 2254, 2366, 825, 6827, 1162, 8916, 4148, 8817, 690, 7280, 8725, 68, 5337, 7630, 9642, 4130, 237, 4140, 8602, 611, 940, 1773, 3538, 7454, 9468, 2838, 3708, 9679, 8656, 7045, 5983, 6762, 2852, 7765, 7530, 9280, 4712, 8595, 2098, 6829, 4203, 2850, 2788, 809, 8481, 2495, 2033, 2769, 6441, 1386, 1796, 7911, 6795, 3030, 8416, 3854, 7044, 6548, 4571, 2875, 2535, 7494, 8981, 8911, 497, 2290, 2216, 2971, 5392, 2414, 3144, 6836, 7147, 9091, 2698, 7480, 9700, 5096, 3300, 6302, 8966, 4592, 6403, 1147, 3105, 8051, 2912, 9653, 5508, 8809, 8396, 3409, 292, 1976, 3735, 6811, 8422, 6014, 988, 2104, 1770, 4262, 8906, 1029, 3682, 1467, 4715, 4509, 1155, 503, 4771, 5921, 3708, 3291, 8327, 3759, 1794, 9635, 4502, 7588, 1922, 3772, 8832, 3345, 7941, 9362, 3344, 425, 8604, 640, 8184, 7475, 625, 4402, 3968, 285, 5334, 4156, 2084, 5181, 7342, 1206, 4466, 8105, 7861, 3617, 9524, 9840, 8810, 9799, 6395, 6703, 2841, 5383, 8417, 6453, 9901, 6966, 8476, 5193, 2783, 7185, 2200, 7163, 4690, 3853, 9720, 5554, 4353, 356, 650, 543, 5886, 8960, 9605, 8978, 998, 2183, 7804, 6498, 7630, 7619, 9815, 3916, 115, 1087, 9439, 4948, 780, 8008, 7436, 6978, 4086, 7914, 524, 4958, 9646, 6791, 9668, 4108, 477, 2688, 9944, 5387, 8366, 5333, 4547, 6211, 3468, 6531, 5469, 2528, 2273, 709, 3545, 965, 5124, 741, 3343, 4298, 8924, 3199, 1039, 8210, 9199, 9642, 9680, 6335, 8493, 9013, 6572, 6227, 1846, 3360, 7736, 8535, 9916, 8719, 3964, 5057, 7319, 2986, 2865, 1117, 5072, 7388, 3491, 5037, 5909, 5665, 9752, 3173, 1645, 1338, 118, 3859, 825, 6123, 1029, 4975, 7389, 8685, 6596, 4630, 7619, 1309, 3882, 7092, 7797, 9573, 7786, 7508, 2395, 4237, 9125, 6830, 4993, 5372, 294, 5370, 8014, 286, 759, 3052, 3142, 218, 8834, 7558, 311, 6492, 6644, 9992, 7364, 1159, 6946, 6317, 9469, 4759, 3877, 2201, 5750, 6601, 4934, 7157, 6891, 4086, 5570, 1935, 6770, 7743, 2691, 1681, 3159, 337, 6669, 443, 8154, 7227, 5403, 2515, 5406, 5505, 4972, 2765, 4613, 4051, 4526, 2736, 2866, 8652, 2879, 8989, 4879, 2813, 5212, 9567, 4170, 1651, 6518, 1255, 9839, 2791, 9840, 8560, 3987, 3084, 8861, 7713, 3825, 7079, 7674, 698, 6556, 9453, 6169, 8463, 8952, 278, 8904, 4498, 8739, 486, 6522, 4517, 8686, 3540, 2600, 0, 497, 6924, 4938, 3586, 64, 5661, 5548, 2506, 6671, 1413, 5348, 394, 1967, 5080, 8459, 1184, 2598, 1918, 8048, 8060, 5552, 6658, 2483, 6331, 1012, 1521, 6315, 228, 3847, 1906, 4345, 5983, 7735, 8563, 954, 5042, 2474, 8004, 5143, 507, 2644, 7578, 6925, 6629, 5760, 5552, 1819, 1200, 1450, 8816, 4037, 9839, 6503, 3584, 2613, 2892, 673, 765, 9138, 9706, 8470, 5498, 549, 2820, 2149, 5908, 5262, 2651, 5740, 1593, 4820, 5451, 2392, 2846, 6294, 9196, 2674, 2448, 6102, 1286, 173, 7649, 3381, 5297, 3142, 68, 500, 9685, 2582, 1319, 3032, 275, 4543, 4261, 7456, 8199, 352, 8441, 9488, 377, 9180, 7917, 6741, 1424, 3100, 539, 4860, 2827, 3679, 4903, 969, 2297, 4327, 2221, 3358, 548, 3090, 430, 2434, 5971, 1286, 7297, 6982, 872, 1857, 2220, 6301, 6383, 7878, 734, 6197, 8826, 1927, 6788, 9449, 5928, 5777, 8398, 3724, 3843, 7902, 2150, 8630, 9202, 9287, 3668, 1052, 412, 6917, 5344, 375, 2270, 5304, 648, 5402, 3217, 122, 8825, 7774, 1755, 7572, 4625, 7185, 8460, 6806, 5154, 4412, 2994, 8787, 4697, 5999, 2615, 1324, 754, 5036, 9109, 2417, 5309, 4106, 6429, 6266, 4466, 8545, 7867, 4342, 1406, 6186, 6315, 4766, 7379, 3192, 6421, 793, 1260, 1502, 8680, 5640, 7491, 6918, 9721, 7882, 7617, 7696, 2298, 509, 3709, 7850, 3232, 8872, 1729, 3182, 8105, 9081, 1936, 3678, 8831, 1973, 7919, 6191, 8730, 2278, 7752, 7796, 6183, 9168, 6519, 4078, 3601, 405, 1561, 4318, 4505, 768, 8178, 498, 9244, 4535, 5020, 4902, 1989, 8407, 8876, 8852, 8495, 7220, 8019, 5910, 2548, 5889, 8577, 2579, 4916, 1269, 9524, 3751, 9555, 1538, 3969, 7541, 8087, 6827, 1735, 954, 671, 748, 7649, 3422, 2754, 6704, 5015, 4455, 654, 1734, 3285, 615, 1861, 4027, 8146, 2613, 6865, 7213, 9675, 2213, 9691, 5213, 2711, 5970, 2059, 6225, 3911, 1498, 7138, 1072, 9103, 9131, 5970, 1266, 8919, 6579, 3045, 3396, 5542, 7460, 7533, 8785, 8678, 717, 1085, 1769, 3477, 8979, 8675, 4721, 4069, 154, 9030, 4577, 1869, 7849, 2059, 4720, 5087, 3374, 4976, 7486, 523, 7428, 590, 8958, 6123, 8923, 6505, 2962, 2044, 7473, 2495, 6890, 3125, 6582, 1287, 4052, 4437, 23, 360, 2310, 1876, 5009, 5589, 4908, 3472, 2275, 8217, 8148, 6760, 3341, 4757, 6282, 9624, 2052, 240, 4763, 9480, 3301, 9760, 9450, 763, 3389, 9814, 9776, 8878, 3938, 1791, 8820, 8083, 9470, 3420, 7857, 7686, 2822, 3303, 8915, 2076, 7700, 1863, 6587, 5521, 5467, 6067, 2768, 1034, 6938, 7657, 4244, 8393, 7118, 523, 2422, 535, 8385, 6070, 3913, 1041, 1024, 2459, 5477, 2705, 6128, 4637, 1890, 6910, 8804, 2953, 4874, 9626, 6291, 3607, 6888, 8729, 8056, 9900, 6133, 7120, 2315, 7220, 234, 7934, 9010, 5080, 2222, 4073, 1742, 9285, 5770, 1346, 211, 92, 1907, 6110, 590, 378, 1209, 5301, 7235, 9470, 5661, 5047, 954, 1055, 8419, 4421, 9617, 9297, 3604, 8424, 9243, 8044, 827, 9003, 5135, 7228, 9766, 7930, 9559, 2094, 3519, 4092, 2981, 3820, 7193, 3203, 3194, 8540, 97, 4574, 4315, 3388, 1071, 460, 8064, 5622, 3185, 7148, 5863, 6098, 8377, 4136, 2859, 389, 10, 1913, 1428, 1195, 3658, 9798, 6066, 5853, 4727, 7672, 1611, 2739, 9600, 9655, 8439, 709, 5927, 1651, 5844, 7701, 7942, 846, 969, 9813, 1455, 9773, 2947, 8943, 5737, 7610, 7849, 9558, 2388, 8631, 5315, 9078, 9590, 8300, 8746, 334, 1252, 8334, 7440, 7468, 2997, 3957, 5646, 6692, 6167, 1588, 7564, 1422, 8107, 3089, 1334, 8433, 6488, 4138, 2904, 244, 6011, 6815, 4542, 5437, 6723, 4335, 627, 8639, 1579, 5806, 7852, 4179, 8041, 5267, 4290, 8269, 257, 7251, 3091, 7662, 1185, 9001, 2690, 9577, 7735, 8405, 2307, 4475, 6375, 4735, 8503, 5062, 7812, 9097, 5270, 4495, 6486, 6279, 5095, 3457, 6107, 1645, 9772, 9010, 9800, 7409, 9976, 6475, 9097, 7975, 1319, 8323, 5870, 7297, 1175, 5987, 4753, 1089, 5558, 4627, 9463, 7131, 460, 6569, 6234, 3696, 5807, 6930, 840, 5508, 6135, 327, 3459, 4635, 305, 1177, 628, 5781, 7118, 3595, 1553, 1628, 1346, 9358, 103, 2948, 4737, 3380, 9915, 757, 3742, 4501, 3495, 4974, 6332, 1098, 2369, 362, 6247, 7269, 3325, 1084, 2718, 2230, 408, 761, 3125, 282, 1979, 611, 3316, 8323, 9752, 2408, 8371, 5928, 4967, 152, 1704, 8238, 8973, 3127, 615, 2831, 3620, 4926, 5688, 1705, 6875, 2346, 3750, 3184, 9607, 4160, 3632, 5117, 5071, 8413, 7611, 3396, 1714, 1086, 9549, 6219, 8712, 7240, 4139, 2665, 3578, 1586, 9840, 5360, 6170, 9607, 285, 1734, 1026, 607, 6243, 203, 7162, 5678, 3167, 6814, 3450, 9557, 7985, 4561, 7378, 4547, 55, 2657, 6528, 9854, 6392, 8913, 7772, 239, 6987, 4052, 174, 3367, 5268, 1260, 4947, 791, 6165, 6667, 8395, 9597, 9977, 5296, 140, 4489, 5120, 8964, 6324, 4912, 4305, 2629, 336, 8515, 6131, 5855, 641, 3705, 3621, 4710, 4971, 9366, 1798, 5551, 5969, 5232, 4506, 8327, 4666, 9840, 1655, 691, 8914, 2616, 7450, 8101, 40, 6354, 3279, 6702, 6332, 764, 2221, 861, 5130, 7146, 8697, 1752, 5329, 7255, 503, 7747, 1853, 9733, 5832, 5132, 2780, 8853, 1585, 3261, 9631, 5940, 5953, 2647, 1656, 4681, 6822, 935, 3176, 2922, 1837, 3874, 7116, 3906, 1402, 2509, 5198, 4587, 5931, 1944, 4368, 3036, 4893, 1495, 1166, 7913, 1935, 7172, 3692, 7294, 2671, 543, 7499, 881, 1703, 5793, 7008, 5517, 6014, 6484, 8525, 6004, 1664, 2734, 3347, 271, 5467, 4248, 9053, 3375, 2573, 4295, 5489, 2843, 1321, 5870, 7520, 943, 5371, 423, 1712, 2447, 5212, 1340, 5931, 858, 1591, 7870, 9044, 1087, 8614, 8456, 2976, 6905, 443, 8179, 9116, 3948, 2392, 2755, 2922, 1526, 7712, 1278, 7475, 4811, 6006, 3551, 2408, 1842, 6119, 4748, 2372, 2459, 9506, 4530, 8862, 1456, 1684, 7459, 6428, 8407, 2436, 6909, 2028, 5888, 9612, 1828, 4239, 7515, 3819, 1657, 5674, 4254, 5109, 8988, 6619, 4289, 515, 6901, 160, 5082, 7890, 6182, 4292, 6214, 425, 5929, 599, 510, 5033, 6883, 5207, 4189, 4303, 8728, 4900, 2558, 9584, 167, 4471, 3055, 2611, 7963, 9890, 2936, 9269, 8149, 7434, 2980, 7737, 1642, 6517, 5897, 9085, 958, 5402, 4282, 2599, 3018, 9125, 816, 1882, 4491, 5789, 2940, 9531, 2929, 6039, 6136, 4602, 2616, 4093, 1997, 2457, 5209, 4134, 7743, 8091, 3761, 6972, 1139, 2367, 3456, 1704, 8292, 5420, 2675, 450, 4129, 8975, 814, 2850, 1071, 5609, 8003, 8182, 2428, 8164, 4133, 4780, 7414, 9812, 3164, 6926, 6946, 4293, 959, 5930, 8536, 526, 3447, 1140, 6158, 7923, 9951, 441, 6623, 454, 1619, 8531, 4724, 7377, 2968, 2515, 9011, 1815, 285, 1362, 5912, 3498, 6804, 9002, 8220, 4303, 1518, 4769, 5206, 1587, 8162, 7383, 2984, 7124, 2827, 7899, 5798, 8202, 4231, 119, 373, 8723, 7494, 6743, 8040, 7083, 5087, 3784, 5861, 8410, 8044, 663, 3880, 9538, 506, 4855, 7971, 1642, 5265, 587, 5163, 4539, 8912, 3461, 5232, 3310, 4562, 4435, 6310, 2165, 4478, 7181, 6550, 8838, 1613, 3786, 8213, 7244, 1863, 2172, 2506, 7321, 7814, 3839, 9794, 4408, 4857, 2811, 2316, 9869, 3491, 1694, 5868, 7344, 6294, 2642, 3545, 8631, 735, 1665, 8687, 546, 4935, 5289, 6140, 2412, 2319, 170, 2101, 4804, 6465, 8051, 648, 7650, 3415, 3591, 1655, 5543, 5486, 8609, 7792, 2922, 2898, 1694, 9865, 6116, 5038, 4880, 5130, 8505, 5832, 2270, 517, 6766, 1150, 8185, 2382, 7282, 6133, 4718, 5861, 9388, 8165, 938, 3692, 6643, 6426, 8181, 1265, 4065, 5558, 6340, 2316, 5637, 1070, 1587, 8993, 6550, 8886, 9984, 7685, 5652, 8004, 1610, 1690, 1908, 9306, 7730, 1685, 9812, 3525, 3111, 1390, 5838, 1891, 5779, 8976, 3828, 9336, 1380, 5997, 6301, 2414, 7515, 3810, 6291, 4957, 4831, 4243, 8883, 286, 4183, 2256, 6994, 3020, 1921, 8969, 9051, 7734, 4692, 2423, 3783, 7918, 2625, 7044, 9502, 3344, 5717, 4190, 6838, 4975, 2923, 732, 1423, 1641, 4827, 3423, 7893, 2139, 4348, 4259, 6894, 333, 2699, 5894, 7222, 2988, 8973, 1862, 8623, 6204, 6759, 2622, 7466, 3051, 6155, 3910, 2038, 4410, 3746, 6823, 9422, 926, 8117, 3759, 1262, 6055, 4960, 1074, 5224, 1262, 3548, 4676, 7454, 5543, 4362, 4664, 7909, 2657, 2404, 8252, 316, 5270, 8506, 7540, 8045, 46, 5245, 2274, 5232, 3928, 3918, 3328, 1169, 4023, 6079, 301, 642, 9863, 7063, 3354, 555, 1435, 6689, 3184, 7063, 6283, 5455, 2805, 5868, 1025, 9468, 920, 7347, 2848, 8216, 9370, 3456, 1056, 1063, 6751, 4504, 799, 7725, 2339, 2996, 1280, 2626, 1465, 6800, 3241, 6399, 7227, 9889, 4350, 649, 5773, 8923, 9985, 3174, 412, 9148, 9721, 7164, 7945, 1737, 1269, 8427, 2434, 7881, 8381, 6126, 4456, 6399, 1941, 2633, 1557, 3630, 4102, 4475, 6219, 9577, 9312, 9741, 7911, 4290, 8750, 2421, 3930, 2692, 7859, 5911, 8340, 6198, 2995, 2412, 4047, 3274, 9867, 80, 9211, 5145, 8640, 212, 6821, 839, 1200, 2279, 6318, 9726, 2265, 2931, 2941, 1742, 7031, 9344, 2259, 2950, 8295, 9597, 4082, 6259, 7300, 5507, 5408, 6385, 2354, 3207, 5290, 9886, 9040, 3971, 6576, 7550, 3461, 7754, 8781, 3442, 3851, 7043, 5904, 4599, 3506, 8947, 9557, 5910, 7980, 5283, 8735, 7619, 4174, 3849, 9965, 7964, 4326, 7173, 3763, 2639, 3586, 3204, 9584, 5292, 3151, 5476, 475, 3951, 1438, 7973, 150, 6611, 790, 9501, 6800, 7805, 5527, 638, 5137, 4072, 3565, 6048, 7264, 6378, 8325, 8186, 9793, 2032, 7842, 296, 5867, 9740, 8003, 4211, 9520, 6951, 3094, 6168, 9277, 5248, 6927, 7733, 5323, 9981, 2745, 4662, 9020, 5926, 4013, 3208, 5932, 528, 3729, 7, 2762, 764, 7847, 4454, 8838, 6289, 4827, 6744, 5561, 5804, 6514, 3454, 7701, 9481, 1655, 7757, 3491, 9057, 7847, 679, 1338, 1293, 3278, 6847, 4373, 9126, 3587, 1557, 5209, 1142, 1266, 441, 3162, 4970, 5986, 7122, 8702, 2194, 1102, 8814, 7446, 7292, 1057, 6099, 7295, 1538, 3853, 5028, 7676, 9150, 4645, 185, 6035, 366, 3279, 3492, 3250, 7960, 3746, 8746, 962, 9831, 1112, 6064, 9496, 8794, 1817, 7605, 4169, 5212, 2481, 4614, 9585, 1904, 9322, 6771, 6457, 5675, 1272, 5873, 8894, 5531, 1684, 377, 7944, 2400, 2222, 9383, 9401, 5756, 5130, 9159, 7216, 4213, 6831, 1448, 7241, 1863, 4523, 3958, 315, 6747, 3873, 6924, 6945, 8173, 8246, 3517, 9886, 8142, 4596, 6981, 5145, 8445, 8334, 250, 4425, 9382, 1253, 5228, 4325, 8484, 8393, 5769, 3802, 828, 9298, 2184, 9850, 3277, 9956, 9387, 595, 6700, 3990, 8292, 7894, 3825, 9267, 199, 4116, 7413, 2955, 9646, 1147, 2432, 8849, 8524, 4345, 1526, 3541, 4827, 4810, 7381, 5771, 9793, 8056, 5149, 4939, 8378, 9580, 6487, 7616, 6446, 4359, 9351, 5506, 6536, 9397, 7897, 1778, 3617, 8827, 4268, 8728, 1103, 3271, 4389, 9724, 6113, 2431, 9505, 4456, 5835, 7617, 6707, 8355, 1829, 8692, 3456, 8952, 7902, 2423, 973, 3876, 8216, 2931, 3600, 9485, 7084, 6135, 7575, 3100, 5127, 6449, 3454, 9933, 8446, 8348, 9447, 6061, 6988, 3303, 3658, 7519, 2945, 2527, 3662, 3019, 3497, 9973, 4481, 6746, 5395, 1450, 7774, 5754, 4850, 6744, 3762, 7121, 8632, 5516, 5677, 9470, 3789, 1096, 8046, 9304, 3444, 8209, 8979, 7853, 281, 9706, 3792, 5894, 2665, 4966, 6643, 4028, 533, 5626, 7224, 7104, 6864, 6106, 2385, 8292, 1426, 9658, 4431, 583, 4242, 4481, 6631, 2989, 3408, 9997, 987, 6575, 6997, 9404, 9667, 5949, 8411, 9610, 5661, 4952, 1530, 6334, 767, 3294, 3378, 1053, 152, 832, 4403, 4100, 4595, 1740, 9632, 6108, 8298, 3782, 6629, 8350, 7654, 7359, 7488, 3943, 7405, 3386, 2560, 6409, 146, 3522, 7809, 6757, 6540, 9052, 9020, 710, 5654, 9068, 6192, 4768, 3038, 6508, 570, 5996, 6315, 8035, 3235, 1352, 3918, 1779, 2938, 3421, 4849, 1054, 6888, 5413, 887, 6170, 2076, 8796, 4553, 3878, 6895, 2767, 4300, 8322, 5408, 4460, 8253, 7498, 1365, 9071, 5979, 7245, 9366, 1424, 1114, 969, 6486, 3147, 8242, 6951, 8872, 4854, 469, 8614, 2500, 1337, 5561, 2970, 3116, 5733, 4104, 82, 9885, 6242, 6384, 2066, 3204, 2860, 2129, 2843, 287, 1962, 8163, 1455, 1507, 6212, 9263, 7091, 6565, 3541, 2861, 9415, 2613, 2955, 2289, 9523, 2071, 2854, 9190, 3111, 6549, 229, 8862, 7240, 3597, 9017, 6184, 679, 1859, 7664, 5563, 3767, 2243, 5337, 3800, 3409, 8061, 6409, 5886, 9772, 3151, 1846, 5726, 9919, 3948, 3007, 477, 6653, 9617, 6585, 3777, 3987, 9886, 5865, 1014, 1308, 7219, 2885, 7585, 596, 3663, 8311, 7365, 567, 8658, 1308, 7563, 9681, 312, 1370, 8060, 905, 4414, 3045, 3567, 8598, 2541, 6235, 1388, 7434, 3454, 5750, 8441, 6272, 6217, 206, 8861, 3581, 4366, 2389, 5205, 9349, 525, 5246, 2264, 1172, 4582, 8605, 2452, 3375, 119, 7800, 8224, 6980, 3622, 19, 5438, 4546, 6623, 7455, 8382, 3583, 1569, 2738, 2127, 2592, 7702, 5111, 4642, 8455, 8170, 2302, 694, 1596, 7383, 615, 580, 5398, 6591, 9249, 7243, 2322, 1434, 8917, 3231, 4777, 2258, 6721, 3528, 3068, 9076, 3583, 1096, 1110, 3091, 2247, 3723, 7195, 7582, 7115, 6186, 2162, 1222, 8632, 1085, 3441, 3615, 6985, 783, 8417, 3601, 5461, 4593, 622, 6816, 6814, 3115, 4387, 4133, 6693, 7464, 1479, 5792, 6815, 4949, 2854, 5731, 7788, 938, 5771, 9377, 7271, 5098, 3531, 925, 7072, 3613, 4995, 9632, 3954, 2861, 3994, 3082, 2315, 7670, 7218, 6457, 7047, 1134, 2942, 5848, 7220, 8950, 7211, 2448, 6194, 9145, 4125, 2821, 53, 7955, 3416, 1193, 9603, 4777, 1819, 3638, 130, 6539, 8074, 5496, 8566, 9774, 9182, 3985, 272, 1725, 2195, 3098, 9030, 4752, 6445, 2224, 9522, 5610, 9598, 6441, 6109, 7806, 5297, 2834, 1809, 6897, 7531, 1023, 8023, 9149, 9823, 1761, 8348, 7105, 2882, 3133, 6403, 831, 3440, 2292, 6016, 6998, 7229, 1638, 5930, 7499, 9862, 4468, 7497, 7386, 4336, 6461, 2313, 2604, 1961, 5161, 9125, 3768, 5490, 1355, 3874, 9252, 6438, 836, 1855, 1362, 8044, 7258, 1096, 7205, 9001, 9802, 1559, 432, 1058, 6287, 8823, 3620, 489, 1187, 7145, 9823, 1290, 8041, 1896, 6933, 3605, 545, 868, 2636, 1326, 6088, 6733, 5758, 5341, 4322, 2345, 8153, 5161, 5879, 5784, 2437, 9543, 4644, 4135, 3959, 9571, 8682, 8289, 6112, 2040, 5863, 4472, 3203, 548, 7190, 8150, 5064, 4988, 6941, 9780, 9998, 7643, 4065, 5094, 7750, 5990, 9917, 6699, 2762, 4148, 3352, 8016, 8684, 4207, 2261, 5760, 9898, 4801, 242, 1487, 3579, 6422, 2649, 3684, 242, 8018, 9614, 8789, 7011, 2546, 2904, 142, 7824, 4505, 2271, 3851, 699, 4129, 2066, 5602, 5534, 8514, 8436, 1463, 1083, 3247, 8765, 8338, 4296, 9465, 4193, 9894, 5031, 1287, 5091, 7020, 8194, 5924, 9168, 2356, 7747, 9162, 8945, 5676, 7918, 7531, 1838, 9600, 1784, 5660, 9278, 9599, 7359, 2562, 1305, 545, 5651, 1768, 7212, 8934, 9522, 324, 5072, 1734, 5909, 9065, 913, 7309, 9336, 3799, 6177, 8732, 7420, 8322, 2673, 4289, 7589, 6232, 5420, 1417, 6591, 4534, 6687, 2866, 8552, 4748, 2652, 7454, 5392, 1461, 4623, 6660, 5509, 719, 1640, 532, 869, 2316, 7938, 3731, 5430, 7561, 5873, 8737, 3037, 1520, 2495, 5043, 3801, 9626, 9456, 9351, 258, 6151, 2100, 5890, 7819, 9980, 1654, 7282, 7133, 9267, 8430, 6074, 6456, 2707, 6586, 6257, 6475, 8930, 8835, 8514, 5729, 8743, 7981, 7554, 8186, 2009, 3987, 2545, 1144, 382, 3307, 7870, 8741, 5604, 585, 4356, 4559, 2584, 9246, 5943, 9864, 9162, 384, 9000, 1828, 5842, 6627, 9474, 7273, 952, 1703, 3058, 5589, 3247, 8239, 9690, 7709, 3816, 1138, 8492, 1751, 3059, 6427, 3448, 7697, 7052, 1684, 5904, 4720, 7576, 2400, 8566, 2167, 4139, 728, 2326, 8863, 3390, 1137, 6800, 9882, 5263, 8611, 8947, 722, 5077, 9561, 8829, 5336, 2365, 9214, 4803, 7304, 3306, 9079, 306, 4110, 2498, 3698, 2081, 1515, 4628, 8076, 2858, 1213, 3846, 6697, 8993, 5925, 252, 1788, 8954, 1886, 6959, 6725, 4782, 6780, 4477, 4434, 5212, 6863, 253, 5291, 6986, 1852, 9045, 9170, 1511, 1231, 6958, 7024, 8525, 5253, 6896, 7609, 4588, 2972, 5044, 6324, 9408, 6618, 3174, 586, 2314, 8314, 282, 9224, 7652, 7916, 8334, 3473, 7789, 1841, 3834, 7657, 8774, 6988, 6793, 9300, 6112, 3648, 9855, 207, 2604, 2460, 6960, 6081, 4106, 2309, 1585, 5748, 8043, 9989, 7891, 6334, 9840, 382, 3583, 5391, 2978, 2213, 9707, 2722, 4915, 593, 534, 8638, 7088, 6698, 4647, 3091, 7095, 8089, 7834, 8883, 9793, 7213, 2555, 3786, 2775, 4394, 5227, 8451, 291, 7784, 869, 1449, 4427, 6929, 8629, 7631, 7515, 7653, 9258, 4016, 607, 1193, 3224, 3134, 974, 9447, 1416, 7563, 8538, 56, 9151, 7394, 6191, 197, 334, 6012, 2532, 6174, 4143, 6985, 5295, 6481, 7875, 980, 437, 4225, 6599, 2841, 5942, 8874, 1231, 5149, 3738, 2376, 106, 2064, 295, 5952, 817, 1555, 2398, 34, 4667, 2999, 2150, 7000, 7204, 72, 2634, 3775, 3132, 6194, 4801, 7774, 3982, 4501, 6967, 9645, 5031, 5587, 9773, 6473, 5186, 7307, 2519, 8407, 5442, 5182, 8732, 662, 9096, 7403, 9070, 2252, 526, 3607, 1999, 9153, 4863, 4549, 638, 6813, 3485, 8330, 963, 4290, 3752, 5631, 9741, 3994, 4255, 4355, 4382, 8808, 3076, 6005, 7582, 8435, 5267, 2567, 6724, 2774, 8990, 1297, 5702, 5676, 5775, 2417, 1515, 3447, 1694, 8747, 815, 1585, 3168, 3624, 8097, 4775, 3602, 7113, 2199, 5317, 3592, 7754, 9259, 4821, 4827, 3461, 5933, 1728, 3878, 4529, 8309, 3665, 4259, 6814, 9937, 4695, 8868, 8806, 3534, 7694, 3931, 2331, 5260, 2807, 8661, 4493, 4954, 4384, 9599, 6936, 1254, 5073, 4969, 884, 2136, 5350, 8868, 304, 5408, 4549, 4271, 1504, 702, 6077, 1404, 4513, 2673, 1198, 9576, 1411, 6316, 9867, 5073, 4036, 747, 8544, 607, 5949, 905, 7419, 6475, 9777, 6223, 4488, 6327, 3041, 2460, 9906, 8785, 5381, 1445, 4328, 9912, 5011, 812, 3085, 1443, 6368, 4546, 931, 9786, 5365, 6778, 43, 2422, 9326, 7210, 7294, 9190, 8159, 4679, 3655, 6320, 1097, 8537, 4170, 1254, 918, 2241, 5322, 9178, 8215, 5686, 9566, 9580, 7628, 4362, 1855, 9245, 7284, 1813, 4031, 5468, 1746, 875, 2903, 8190, 7528, 1884, 5370, 2648, 5454, 2141, 2399, 9543, 5177, 5426, 4634, 5916, 993, 4709, 5650, 4208, 241, 5910, 7609, 8488, 7655, 5740, 8156, 5650, 7679, 7874, 3495, 9701, 8141, 9116, 3438, 9918, 3602, 38, 343, 3037, 4378, 2043, 2267, 5405, 6325, 2864, 9689, 4930, 79, 7042, 2228, 6281, 1439, 2768, 9915, 1063, 4590, 7932, 5762, 8737, 3137, 9991, 4224, 189, 1410, 5781, 8694, 4660, 2135, 3184, 6159, 6207, 5733, 269, 3411, 7607, 1233, 2308, 8117, 5821, 3249, 8092, 4073, 6531, 7707, 5278, 3756, 8871, 8064, 7425, 2926, 9474, 5375, 3265, 3871, 1902, 3633, 9367, 8667, 7488, 8561, 4855, 3457, 5478, 8445, 1244, 5421, 3426, 8320, 2132, 1877, 9682, 397, 9004, 3989, 1719, 4121, 4769, 9380, 8143, 4153, 3848, 8983, 8344, 3393, 8572, 3891, 6972, 3782, 7336, 1669, 8523, 5626, 7655, 792, 1828, 6856, 3896, 3698, 2083, 8700, 7867, 9962, 917, 216, 4506, 4264, 6431, 4365, 3696, 6658, 5422, 8901, 3891, 5304, 4807, 9663, 5390, 8513, 2413, 928, 2107, 3841, 9723, 6105, 3620, 8544, 2870, 8390, 2394, 1486, 6330, 9021, 9849, 5940, 9738, 1433, 6065, 3535, 6127, 1356, 7013, 9058, 4903, 6847, 9271, 4648, 7230, 2687, 6462, 8746, 8882, 9807, 1257, 7162, 7280, 804, 7369, 4682, 8018, 7653, 1670, 3971, 8807, 337, 714, 3861, 5680, 1052, 248, 6162, 7807, 6100, 8720, 2018, 2246, 9238, 8681, 843, 7755, 370, 1536, 190, 2320, 6134, 9953, 4472, 1323, 3591, 727, 8274, 1983, 1626, 9403, 6068, 5733, 7541, 8931, 4224, 4444, 9019, 8236, 2813, 3613, 1437, 9896, 432, 5842, 4179, 6645, 8866, 6201, 2046, 2433, 8089, 1996, 4225, 9831, 3099, 5545, 4602, 2299, 6987, 3751, 8282, 447, 1103, 6223, 6237, 4735, 4453, 36, 4952, 618, 7770, 6401, 5494, 541, 6549, 4855, 3124, 1359, 6378, 2126, 9362, 8443, 4143, 6767, 4513, 7680, 7313, 1711, 327, 7832, 1818, 3586, 934, 515, 6441, 3105, 945, 6426, 8287, 1238, 1087, 6045, 7917, 2521, 3391, 1621, 3556, 578, 8667, 389, 8848, 2748, 2060, 3162, 36, 5696, 8816, 3592, 5364, 9009, 2171, 8482, 9518, 6152, 6013, 93, 2873, 9808, 1496, 8611, 5012, 7634, 2495, 9168, 3524, 4827, 7304, 1902, 7933, 4993, 4689, 9596, 9758, 2487, 9334, 1312, 8491, 5243, 4456, 9760, 8029, 7007, 7101, 5370, 8637, 6454, 8788, 9546, 3011, 2077, 4952, 2923, 7617, 1096, 4698, 6552, 5670, 4678, 4984, 9691, 1441, 6100, 442, 2106, 7650, 8994, 2173, 2104, 8788, 7734, 8309, 2676, 2838, 1318, 7733, 6490, 9028, 8538, 2296, 6255, 8946, 2541, 9169, 5651, 3579, 1573, 656, 4969, 2411, 1619, 2914, 8204, 9582, 2613, 6777, 1344, 2410, 3163, 4629, 3344, 3821, 9947, 4676, 6639, 5125, 2793, 3022, 972, 297, 7173, 8684, 6928, 5664, 4230, 933, 3644, 5782, 8474, 1144, 5661, 3137, 5187, 120, 8555, 4249, 8789, 3359, 9884, 6998, 2417, 8098, 8641, 5084, 5491, 8378, 2938, 6118, 4629, 114, 614, 5787, 8331, 431, 8057, 2892, 4687, 9757, 2497, 995, 8516, 5122, 39, 4693, 4466, 2194, 5347, 3673, 1746, 2151, 488, 3203, 3901, 4126, 7650, 1143, 8897, 629, 6026, 7466, 8761, 2170, 2130, 9486, 5306, 8622, 280, 7020, 4131, 7919, 9735, 1131, 7704, 5115, 1108, 175, 8702, 5376, 7903, 2119, 893, 8794, 2626, 1614, 842, 9876, 952, 3889, 4743, 4375, 3705, 557, 7479, 879, 7856, 1732, 98, 4931, 3699, 6982, 8340, 2933, 2255, 8019, 7042, 6738, 7495, 6320, 6201, 3394, 4380, 4179, 2227, 8205, 8232, 2742, 3555, 4287, 6411, 3099, 1544, 7739, 5462, 5248, 8231, 7050, 5850, 9406, 3451, 3633, 1610, 2786, 5377, 955, 5076, 5970, 3710, 4111, 8474, 7670, 9555, 178, 6586, 7019, 7492, 5096, 1958, 820, 4563, 1034, 3670, 7377, 4926, 2841, 8335, 8389, 7473, 5302, 4541, 7040, 8395, 6286, 4580, 5771, 8763, 8514, 8080, 4179, 541, 8557, 1916, 2028, 8827, 8288, 8169, 5602, 5776, 3292, 5625, 9225, 5415, 8924, 3778, 6378, 3007, 1997, 574, 497, 2407, 8346, 5496, 596, 1422, 1137, 98, 4519, 882, 8850, 5873, 5461, 5956, 4268, 1838, 9479, 7475, 9554, 3732, 1192, 1699, 6059, 4965, 5852, 5704, 1692, 6203, 9336, 3011, 121, 3029, 7466, 646, 3626, 4551, 6268, 9436, 3995, 2404, 1861, 9457, 479, 2759, 6389, 3556, 7322, 4753, 7440, 5292, 2860, 764, 1240, 1011, 6169, 6461, 8700, 9205, 3902, 8301, 7234, 9346, 6779, 2114, 7246, 727, 6458, 8230, 8191, 2913, 960, 4265, 7878, 7972, 2612, 8929, 5859, 6719, 1607, 7067, 266, 5302, 4969, 1667, 1833, 5585, 6007, 1763, 9932, 4335, 6687, 4221, 8633, 542, 4831, 6822, 5131, 8473, 7099, 9301, 9819, 8222, 1141, 9847, 7809, 8135, 5180, 2226, 4253, 4472, 3838, 4022, 9907, 6999, 1431, 9884, 3905, 5492, 8830, 9285, 9990, 7548, 4008, 7008, 1901, 3950, 4279, 7518, 1586, 2417, 7174, 7438, 9168, 2984, 9743, 7203, 2543, 9847, 9297, 3709, 1598, 8235, 7998, 640, 3547, 5675, 5572, 9623, 2834, 9664, 9656, 8317, 8110, 98, 1779, 8010, 3371, 9295, 7704, 5296, 5885, 7308, 8698, 9070, 9905, 2270, 6414, 560, 6175, 1495, 8610, 7713, 8454, 7955, 4208, 8223, 6719, 7348, 3438, 2582, 744, 9534, 9648, 7371, 4152, 5938, 2672, 5666, 5540, 1831, 9710, 8793, 4304, 123, 346, 8038, 5615, 2815, 6732, 8408, 4523, 1641, 3154, 6570, 82, 138, 1056, 9119, 7676, 8500, 1521, 7364, 386, 3470, 5227, 5196, 5055, 9146, 8363, 7953, 3192, 2127, 5158, 5407, 4088, 3105, 2160, 1726, 508, 4421, 6371, 4489, 5759, 7067, 8070, 9863, 3957, 9140, 2348, 4175, 4317, 9908, 7522, 7526, 706, 8533, 2134, 4357, 1951, 4294, 7657, 2645, 217, 7462, 7689, 5860, 3962, 9746, 4957, 4993, 8153, 8295, 767, 2183, 6948, 4380, 1532, 160, 6635, 6974, 9193, 3400, 6268, 1005, 4048, 4512, 7566, 139, 1973, 7197, 2748, 193, 2130, 5832, 1456, 7945, 1224, 7652, 3507, 3367, 6981, 6116, 126, 1250, 586, 5621, 2013, 2099, 9481, 5255, 4625, 7556, 1449, 7761, 6748, 6024, 6659, 8700, 7196, 8732, 9253, 8619, 9666, 3816, 8875, 7956, 8657, 9399, 349, 6551, 3759, 6985, 4273, 730, 1597, 1455, 2213, 6949, 8229, 1055, 3490, 9929, 3515, 1597, 7213, 3514, 7429, 6004, 3901, 6390, 6373, 5831, 3185, 1198, 8264, 9002, 8266, 9425, 4423, 9488, 2533, 7920, 7280, 7609, 7637, 3137, 9346, 2080, 1734, 7937, 4206, 9071, 2420, 1328, 4702, 248, 8025, 1428, 1803, 9891, 739, 7376, 2042, 1261, 5102, 6352, 4363, 1972, 8126, 9334, 9640, 2026, 4457, 2738, 5314, 2082, 2872, 4214, 4348, 2275, 1181, 9425, 3504, 6679, 2233, 3513, 1301, 2161, 7217, 2687, 8150, 168, 3031, 1633, 731, 8338, 2976, 216, 8939, 6779, 7355, 27, 4948, 8334, 9814, 4184, 3621, 3548, 2414, 1886, 4513, 2418, 7365, 3023, 7899, 5325, 6219, 4011, 5527, 1389, 773, 1290, 763, 2197, 9078, 6311, 3072, 9475, 4961, 1709, 305, 4793, 6190, 7309, 9686, 759, 6752, 1203, 4159, 5504, 8890, 2938, 1322, 2893, 6824, 2120, 4561, 4720, 1066, 487, 4573, 9305, 5232, 938, 2326, 5793, 2867, 7033, 653, 3956, 7460, 9914, 9348, 6474, 1557, 3840, 6478, 8537, 9663, 482, 4315, 9547, 9265, 1785, 5867, 6134, 3777, 9420, 7262, 7116, 2458, 8551, 1370, 5876, 6083, 7868, 436, 9583, 4908, 7443, 5840, 6688, 9719, 3871, 1460, 5867, 9752, 2065, 1000, 2765, 7776, 532, 8101, 4266, 6317, 6994, 4885, 6783, 3988, 2885, 5452, 2158, 7225, 4046, 6739, 885, 2715, 5261, 6128, 1008, 8283, 2038, 7903, 940, 560, 7185, 70, 5468, 4037, 5515, 7019, 4501, 4321, 552, 720, 7184, 2561, 3019, 4150, 7706, 4184, 2972, 3280, 623, 5835, 7018, 2945, 2392, 6391, 9251, 2799, 1709, 2479, 5217, 254, 8882, 9817, 2150, 2171, 8363, 3938, 2572, 9288, 2136, 5352, 3748, 929, 5417, 4714, 5833, 178, 2026, 8710, 9695, 9409, 4666, 7085, 1877, 7252, 4356, 3787, 4336, 297, 5309, 4005, 8948, 7989, 8589, 4119, 9903, 8395, 3925, 9186, 1032, 1563, 2830, 1809, 1688, 94, 5049, 6722, 7190, 4547, 8800, 4518, 1092, 5, 5072, 6501, 521, 2000, 7100, 5245, 8193, 4762, 1151, 4397, 8894, 3667, 3310, 3182, 2038, 9103, 9659, 5247, 4761, 595, 9830, 2360, 3010, 4521, 1658, 1915, 846, 803, 7372, 7601, 886, 3883, 8221, 8536, 5023, 2862, 3966, 3343, 1022, 818, 3126, 7839, 1337, 746, 9188, 1049, 3450, 4836, 1084, 1430, 6545, 3065, 1768, 6867, 2362, 2272, 5285, 4041, 8546, 9837, 2538, 5048, 6000, 4897, 4474, 7377, 8047, 4494, 1082, 6725, 2249, 8136, 1404, 8268, 6490, 5764, 246, 6480, 4224, 8959, 4810, 9787, 2634, 5762, 5680, 2746, 7530, 3596, 4262, 7628, 7118, 4562, 5913, 8575, 900, 5573, 1640, 4674, 4458, 864, 5188, 3559, 8764, 1020, 1924, 1594, 2824, 3656, 9237, 2987, 384, 8449, 257, 8675, 4089, 6840, 1558, 7076, 8438, 1060, 4293, 5822, 5174, 4739, 5550, 4961, 2680, 3560, 193, 3052, 7001, 3860, 5299, 783, 1003, 4658, 942, 3463, 7374, 6741, 2800, 2119, 5695, 1725, 3356, 7037, 8310, 2264, 8812, 3800, 2632, 2658, 5955, 4357, 7201, 3111, 9251, 8329, 8423, 9288, 6850, 2526, 2964, 3106, 9613, 2261, 7526, 3625, 7635, 8766, 908, 7501, 5151, 9175, 7004, 7405, 2608, 9446, 2947, 5136, 660, 2648, 8224, 1379, 6206, 1068, 6342, 4602, 4343, 6751, 6954, 8856, 2952, 45, 9251, 2266, 5804, 2691, 966, 3227, 7356, 1595, 6244, 3397, 6912, 2221, 6729, 4816, 210, 2685, 3616, 7702, 4282, 5584, 1653, 7119, 1028, 5638, 2055, 1, 2801, 339, 1641, 7806, 1080, 9189, 2093, 4632, 966, 935, 7031, 9406, 9911, 4257, 6668, 9573, 2667, 7221, 5730, 7561, 2539, 1604, 2213, 6029, 6092, 3623, 7473, 9720, 4687, 6348, 5360, 9321, 9663, 8835, 6403, 1921, 7711, 9027, 1255, 8922, 7267, 4554, 8543, 9159, 9824, 3863, 2913, 5669, 4679, 871, 9104, 1727, 9866, 4174, 1501, 9705, 7686, 2131, 3554, 3555, 4489, 470, 3461, 1800, 173, 321, 4061, 3163, 1265, 8953, 1990, 2795, 3411, 5321, 8145, 4105, 3954, 4564, 8530, 5190, 1135, 6689, 4242, 274, 8090, 4898, 3654, 9280, 8320, 3818, 3568, 7219, 7168, 6482, 2609, 8582, 8642, 7653, 7615, 6740, 4297, 8279, 7287, 5646, 7917, 8743, 4006, 7730, 133, 2340, 9304, 9924, 4891, 5998, 5434, 3495, 2453, 3302, 2061, 5015, 7282, 9635, 3294, 9728, 272, 6855, 9193, 8635, 6391, 1641, 9519, 1156, 5931, 2905, 1005, 2091, 5599, 5840, 6329, 6211, 4347, 9259, 8820, 7533, 1969, 6875, 6971, 5176, 7451, 1402, 8702, 9154, 9429, 9464, 6857, 6, 8389, 8271, 2797, 8021, 1539, 8717, 3795, 1399, 6117, 3394, 3357, 3493, 6974, 5194, 9683, 7006, 6564, 5036, 4918, 6041, 3437, 6335, 2472, 4571, 1676, 7884, 9061, 3171, 870, 4468, 8586, 9861, 8719, 2881, 507, 5274, 7117, 3656, 3759, 2953, 5800, 9025, 8678, 9044, 8272, 7540, 5805, 7809, 137, 1, 2972, 9173, 6029, 5998, 2241, 9698, 7340, 2661, 9954, 2105, 1061, 3935, 94, 9992, 439, 2567, 3045, 5627, 4195, 1826, 1432, 8084, 1457, 9672, 4860, 3923, 7689, 2589, 5341, 269, 4317, 5313, 2874, 1534, 5701, 6191, 6242, 6753, 1974, 6067, 630, 607, 3150, 8438, 901, 6878, 8107, 6428, 1080, 1829, 5086, 9973, 3260, 3752, 1004, 5461, 8130, 3924, 9996, 3406, 8105, 6738, 3716, 660, 6244, 2946, 3727, 1151, 5130, 8183, 5679, 6801, 169, 2022, 625, 3751, 2459, 2889, 6116, 2737, 9686, 6754, 9514, 234, 8672, 3813, 9766, 455, 5951, 9512, 4183, 7562, 6627, 6693, 2279, 2628, 4923, 1479, 8200, 770, 6618, 7247, 3828, 6328, 7225, 4545, 8257, 3490, 9056, 8136, 1828, 9753, 9999, 2984, 2629, 1583, 5543, 6164, 7889, 3096, 948, 9194, 3999, 5467, 9867, 7771, 9505, 3190, 3168, 4319, 2452, 5117, 6620, 7036, 9309, 1980, 2315, 8534, 2975, 5992, 1089, 8283, 3370, 9374, 1216, 9869, 898, 3967, 9531, 2895, 8178, 6909, 3396, 566, 2589, 3821, 176, 5355, 5550, 8129, 6451, 7453, 5865, 6392, 2690, 1143, 3937, 69, 1298, 9909, 4455, 6882, 2710, 5350, 6822, 6845, 6485, 9117, 6663, 2496, 2201, 5115, 3861, 4265, 3085, 4468, 34, 7209, 2753, 3079, 4937, 4924, 2198, 1339, 7685, 7348, 6423, 50, 3861, 7760, 1512, 4821, 8640, 3905, 7858, 6602, 571, 8842, 29, 8459, 4352, 9655, 4893, 7409, 8922, 3791, 3040, 9185, 5477, 312, 3002, 3602, 628, 7881, 6573, 3774, 4802, 7110, 8012, 8935, 4295, 3266, 6234, 9695, 8128, 9475, 7540, 7515, 1600, 432, 1349, 7611, 3159, 3043, 9486, 2958, 365, 3395, 249, 6696, 1827, 9315, 5470, 7803, 4428, 5805, 9000, 3859, 3537, 3121, 1966, 3325, 4021, 4375, 1441, 2007, 3396, 8152, 9609, 5580, 940, 6208, 3639, 1659, 6443, 5033, 9653, 5983, 2256, 5455, 5269, 111, 8382, 9700, 2391, 2368, 1980, 9859, 2630, 6286, 7056, 3748, 371, 2384, 2962, 1797, 3705, 6533, 6303, 640, 1884, 6033, 3931, 6853, 5701, 1043, 3605, 496, 128, 216, 8349, 459, 8283, 9421, 2845, 667, 2535, 638, 882, 2915, 4238, 4792, 9746, 858, 6106, 4754, 8378, 1230, 9024, 3417, 9224, 8666, 5219, 9209, 8523, 7279, 2435, 3903, 5022, 9813, 5362, 5218, 3223, 2733, 1330, 949, 3787, 3693, 436, 5959, 2831, 8372, 8166, 9137, 5988, 3561, 7599, 3727, 7857, 4112, 2376, 1580, 4544, 2674, 6312, 9251, 5720, 9119, 694, 5013, 7275, 6798, 6314, 939, 9006, 5284, 6903, 6723, 6486, 8109, 4819, 1241, 9489, 5579, 6046, 4109, 3759, 6574, 6573, 2964, 7690, 3024, 131, 7389, 1924, 932, 1839, 7888, 4362, 6232, 5826, 6754, 3520, 337, 584, 9713, 8891, 3516, 159, 7203, 4996, 3338, 2572, 6012, 7187, 4511, 6002, 2991, 9908, 4961, 8068, 4971, 8157, 2742, 9966, 1004, 3571, 2837, 6744, 5946, 8395, 2938, 2651, 5018, 5806, 9962, 7218, 9086, 4397, 7952, 171, 2973, 1150, 8470, 9887, 7233, 5646, 5784, 6851, 1028, 5298, 3162, 5418, 6769, 4274, 2123, 3872, 3672, 3244, 7285, 1070, 4367, 115, 9944, 2349, 2565, 3325, 9562, 5794, 3423, 8801, 6566, 9151, 2116, 5014, 1168, 4238, 5264, 459, 3435, 2250, 8019, 5058, 9927, 3767, 9793, 9034, 8793, 121, 5209, 2040, 1850, 6158, 9049, 5931, 692, 3046, 5168, 7854, 6543, 6500, 8781, 5467, 4523, 3020, 3159, 3548, 7023, 1276, 1538, 6805, 7784, 6699, 3807, 6352, 9224, 5168, 2374, 3730, 5341, 8046, 3632, 4108, 9758, 8604, 6321, 5507, 9203, 4570, 7431, 6946, 376, 6830, 4844, 1067, 4094, 6438, 6097, 2594, 822, 179, 2686, 6801, 6907, 6765, 5054, 5035, 3721, 9308, 2126, 5132, 3382, 5454, 8045, 8592, 1485, 1598, 6595, 667, 4358, 5590, 156, 1866, 5440, 7655, 1460, 1280, 5521, 1975, 7699, 8839, 7536, 1928, 9979, 626, 7478, 4819, 9120, 3726, 6698, 140, 4945, 8988, 5397, 55, 1709, 5380, 1888, 8078, 4353, 3742, 7206, 7853, 1916, 1237, 8868, 6240, 4258, 2644, 6321, 4764, 261, 5395, 1796, 1935, 5160, 6266, 8466, 6990, 1736, 6102, 7932, 2784, 9395, 7453, 909, 5560, 1225, 9305, 5019, 5083, 7139, 393, 4515, 7261, 5072, 1937, 156, 2794, 3452, 7461, 599, 7885, 2870, 8422, 5350, 3853, 6144, 9126, 7242, 3044, 627, 6593, 8181, 7050, 1496, 4747, 6006, 2296, 9837, 6920, 2624, 6382, 4228, 3376, 1340, 1126, 9536, 819, 4674, 6429, 2425, 8663, 867, 9249, 2493, 1306, 9177, 9153, 600, 3157, 9406, 5875, 9551, 2228, 3595, 3648, 9326, 2140, 859, 7850, 4991, 1385, 4421, 1202, 4899, 9499, 8310, 7259, 3920, 810, 5886, 4454, 4319, 2075, 3938, 4489, 8935, 5863, 4889, 7556, 9171, 3139, 9964, 4673, 2355, 8363, 1563, 5189, 6769, 8619, 971, 6211, 5737, 9775, 5588, 5343, 1591, 3070, 9852, 1093, 4991, 3555, 6488, 8735, 6671, 8055, 6987, 7072, 5493, 200, 3275, 862, 7807, 4014, 653, 1496, 3563, 4927, 86, 7266, 7891, 8461, 5894, 1481, 2093, 6132, 853, 1428, 8045, 7178, 2917, 4348, 6508, 9191, 9329, 6441, 964, 8436, 4115, 5906, 6858, 9738, 3663, 7576, 9878, 8257, 2018, 8732, 8913, 6083, 8368, 6255, 8976, 8650, 2441, 9297, 7457, 3101, 94, 1838, 3081, 1967, 1964, 932, 9436, 5611, 1788, 3086, 4294, 5142, 7954, 278, 7509, 7873, 7884, 9015, 5583, 9508, 3364, 511, 577, 5184, 3784, 619, 654, 1411, 8976, 3122, 3968, 5434, 6157, 3497, 9793, 2113, 9279, 9329, 3763, 6112, 3732, 3085, 9195, 4567, 5003, 1976, 8532, 9950, 692, 1344, 1160, 2048, 7655, 5190, 3225, 4496, 5448, 3651, 3505, 5314, 6847, 7092, 4563, 6258, 1099, 5825, 8126, 4281, 3878, 5428, 8235, 2654, 366, 7689, 7813, 8610, 7004, 6596, 1338, 3364, 6267, 8674, 3480, 4876, 3816, 4033, 7601, 7869, 5139, 747, 6357, 4059, 4576, 2976, 937, 9385, 4052, 562, 5533, 3690, 9207, 6880, 9499, 2990, 6984, 1411, 7395, 5906, 6232, 5572, 939, 3822, 2425, 4541, 8826, 7310, 8659, 5453, 4063, 3856, 8650, 4807, 3651, 6152, 6143, 2050, 4351, 5152, 8360, 762, 4006, 3840, 4128, 2928, 4339, 8501, 162, 1149, 557, 7066, 556, 869, 9217, 2167, 9003, 1556, 9483, 8053, 4752, 8461, 8225, 922, 7676, 3059, 3916, 181, 8804, 8611, 5371, 5109, 5121, 4310, 7300, 7001, 5611, 5318, 6775, 1181, 2582, 1764, 4253, 8605, 1194, 8841, 1708, 6745, 1774, 5443, 4170, 4200, 8274, 1670, 368, 8681, 8282, 9366, 8508, 2762, 5967, 2662, 8349, 4052, 7709, 2576, 5000, 3094, 6344, 1197, 9941, 3468, 6414, 6073, 5260, 7364, 9260, 3284, 3315, 4622, 8289, 1167, 5215, 9241, 2683, 527, 5762, 9177, 1148, 5232, 8531, 5231, 8375, 7641, 7717, 4260, 8700, 9550, 9450, 5016, 9395, 786, 2009, 8317, 9940, 3403, 7174, 4595, 8676, 2745, 7744, 2346, 6617, 2397, 9138, 2113, 3714, 6026, 9988, 5934, 123, 8241, 8001, 4847, 2174, 8907, 738, 5930, 7912, 9729, 707, 4013, 8039, 4290, 9811, 8977, 9714, 4657, 5664, 3238, 1283, 5296, 3452, 2068, 152, 2378, 1719, 6866, 30, 5820, 3878, 2812, 215, 5410, 7414, 7956, 6446, 9900, 1923, 8980, 388, 5158, 6160, 2656, 6130, 2492, 6022, 6171, 7138, 6360, 5505, 18, 3377, 1361, 8033, 3105, 7916, 8472, 1057, 1370, 7657, 7477, 1349, 6089, 2451, 5886, 2686, 6109, 8985, 9006, 8790, 3982, 5450, 7414, 4367, 5477, 128, 7888, 6243, 9936, 4435, 4422, 1991, 3903, 1005, 6350, 8746, 3553, 8904, 6709, 3361, 585, 2856, 3567, 7600, 869, 156, 5622, 8824, 3582, 4552, 2568, 6999, 7657, 1568, 9791, 4929, 8666, 5223, 398, 6359, 9851, 4643, 4213, 959, 4485, 735, 3694, 2850, 430, 9502, 9040, 6489, 7419, 7183, 5945, 9714, 5505, 9706, 9796, 8789, 8772, 3311, 8003, 837, 1935, 6049, 6319, 9242, 3859, 7955, 3089, 4878, 6503, 6125, 4817, 1488, 5107, 4145, 5749, 198, 5157, 6377, 9637, 3840, 1443, 8672, 27, 9829, 9108, 7140, 9112, 6090, 7496, 1546, 3429, 5275, 1524, 5665, 198, 7927, 8769, 9077, 3404, 715, 2307, 5126, 3197, 9248, 5798, 5495, 2801, 497, 1461, 7591, 3706, 4566, 4541, 270, 7442, 8085, 4402, 3868, 8897, 5349, 7037, 672, 945, 2708, 1623, 4526, 8140, 9846, 3144, 3133, 2864, 7297, 520, 3066, 7730, 8153, 7003, 9510, 4331, 2535, 3863, 1961, 5270, 4726, 9127, 9278, 1770, 7721, 4790, 6955, 9306, 9059, 1394, 8732, 6896, 9013, 1513, 6806, 5475, 2682, 8762, 4077, 3712, 3616, 5950, 5706, 7734, 9436, 2795, 3903, 4886, 5418, 7235, 3242, 7148, 6669, 7349, 4017, 1097, 6176, 4781, 9548, 7599, 5743, 4884, 8086, 3183, 6748, 7682, 7907, 3568, 5145, 3365, 7427, 5733, 6614, 6594, 2990, 3746, 8436, 4185, 5154, 3738, 3586, 9685, 6658, 113, 1518, 3310, 504, 7145, 5865, 981, 5838, 5342, 5828, 6817, 9957, 8072, 974, 4195, 4577, 8065, 7661, 3581, 6223, 2931, 5355, 3191, 5548, 2865, 9888, 6969, 7713, 6975, 3676, 6641, 4809, 9600, 9793, 9742, 669, 422, 9955, 9273, 9853, 3617, 2907, 4558, 8488, 589, 4247, 5785, 3507, 4660, 1506, 4255, 9523, 3098, 8000, 5957, 3442, 7972, 8592, 2697, 2480, 1975, 7713, 3912, 6323, 90, 9663, 6366, 3695, 3199, 7520, 7397, 1628, 8041, 2637, 1944, 1375, 2889, 1340, 6174, 3390, 7176, 524, 6508, 4936, 4536, 5667, 5945, 3100, 2098, 6077, 9920, 6010, 1632, 7442, 2553, 7916, 8528, 4460, 1530, 4774, 1923, 9974, 2744, 3148, 1388, 5192, 9936, 4339, 8576, 1438, 1713, 4645, 3037, 6753, 3112, 8677, 4777, 2413, 9184, 1389, 9995, 9136, 4193, 1839, 1938, 689, 5278, 9595, 7215, 6289, 9477, 9126, 8589, 1850, 4612, 1266, 292, 8937, 1121, 8445, 8332, 5192, 3383, 6539, 1263, 3107, 6591, 4770, 7378, 357, 7890, 5555, 7453, 2774, 7611, 1661, 3966, 738, 7369, 3974, 6736, 8945, 1681, 5519, 5466, 6482, 2367, 8082, 325, 8057, 6392, 201, 5797, 3073, 4040, 5260, 1565, 5791, 191, 3021, 8150, 6733, 4248, 817, 3415, 8990, 7790, 5073, 4638, 913, 2335, 1573, 1019, 4263, 3648, 9222, 6958, 8540, 532, 7482, 8819, 1497, 9801, 672, 2455, 2283, 7045, 9289, 7138, 3055, 3392, 7444, 7445, 8935, 5031, 2287, 336, 7466, 4870, 6783, 6295, 4226, 6395, 1962, 8165, 8477, 39, 5347, 3139, 9150, 1220, 5166, 4875, 4908, 8192, 8374, 9649, 6929, 215, 7334, 2342, 6407, 4992, 3962, 2278, 3, 8367, 4855, 2079, 8923, 7157, 8259, 1786, 645, 3806, 90, 6025, 2535, 5130, 7682, 9465, 4827, 5669, 9320, 2346, 8997, 7038, 4308, 1072, 7080, 8241, 549, 3359, 2417, 2186, 549, 1494, 1015, 617, 641, 3815, 617, 8638, 2272, 1697, 6681, 8369, 5838, 1864, 8227, 8107, 7805, 9825, 5854, 6144, 6133, 7719, 4105, 8398, 3973, 6136, 6430, 2120, 8149, 8661, 5275, 8364, 5740, 4581, 5906, 9480, 9926, 8462, 2832, 7276, 5899, 9539, 3402, 2134, 6390, 1599, 5447, 4573, 9439, 4628, 4567, 8982, 8314, 1662, 9510, 4225, 8462, 1503, 1787, 4189, 5347, 989, 1986, 6647, 7620, 6017, 8611, 829, 2155, 6691, 8580, 5762, 1132, 7703, 9849, 4617, 6199, 4598, 6341, 8097, 21, 5042, 598, 4716, 3752, 3373, 773, 1989, 7733, 3630, 7991, 9315, 7819, 6698, 9671, 3947, 9516, 9529, 9265, 3304, 6634, 6513, 2292, 7041, 9115, 7020, 9985, 512, 982, 3084, 8425, 9966, 9172, 5782, 4282, 5058, 9624, 6138, 1823, 4053, 7060, 9243, 5781, 610, 7697, 4366, 208, 6231, 7281, 2348, 2097, 3693, 1407, 1950, 608, 7530, 2117, 8662, 3587, 4786, 3589, 8369, 6622, 6510, 5633, 1942, 9012, 8760, 4601, 5063, 8805, 5026, 7785, 8119, 3109, 801, 1374, 9498, 6918, 6511, 2147, 752, 1611, 2475, 4700, 981, 6557, 5531, 1669, 6964, 6495, 4586, 3134, 1237, 3489, 7843, 1375, 3842, 541, 5913, 4212, 1063, 4283, 6534, 6402, 1043, 2357, 837, 3223, 2693, 6368, 7870, 7749, 1723, 6685, 9710, 2843, 9078, 3485, 6430, 195, 154, 1733, 8755, 5679, 6515, 5183, 5257, 6899, 5870, 5792, 9781, 7969, 536, 9360, 3270, 499, 4155, 5609, 3830, 612, 2410, 845, 7875, 999, 8909, 431, 6608, 2380, 1670, 7554, 7005, 2223, 3938, 4431, 6227, 4229, 7596, 1092, 418, 1797, 1144, 643, 7650, 7383, 9146, 7266, 8686, 7328, 8283, 8600, 5313, 3616, 1132, 3530, 4720, 3580, 2205, 8360, 1924, 5294, 8975, 6265, 2067, 2353, 9261, 8662, 3373, 3377, 9032, 6310, 5410, 7639, 6201, 172, 9232, 8271, 8692, 1110, 8080, 1844, 1339, 1859, 3639, 9770, 8331, 921, 2959, 5238, 6136, 7180, 5994, 5323, 6196, 4456, 8575, 1235, 2995, 7660, 8862, 2476, 9734, 8111, 6008, 4926, 1048, 4559, 3154, 4582, 8339, 3422, 561, 4158, 5517, 5617, 349, 5196, 2014, 7604, 7542, 9040, 4450, 8191, 6368, 2793, 3747, 9724, 6976, 1093, 4694, 6094, 9384, 6573, 7884, 3470, 1479, 5682, 528, 3515, 8929, 549, 2468, 1605, 7326, 2926, 3654, 2896, 9, 6303, 2588, 1211, 5138, 7281, 3364, 8924, 6271, 3034, 7766, 8512, 4366, 5811, 4234, 5909, 1567, 5943, 8478, 3955, 5894, 944, 3634, 8757, 5452, 4689, 9647, 319, 6043, 6273, 3842, 8535, 2832, 3348, 8443, 5355, 3901, 1861, 5968, 6218, 3130, 929, 709, 8769, 110, 9493, 7491, 1145, 8874, 4001, 5238, 8986, 9851, 787, 8111, 6263, 1220, 9556, 5549, 1759, 6365, 4297, 6455, 8892, 2467, 8089, 2881, 8847, 4320, 1401, 2720, 5728, 8713, 8330, 2416, 1501, 2378, 5831, 1091, 9211, 3500, 7295, 554, 4339, 7693, 4233, 139, 3915, 8628, 1299, 7880, 8904, 7644, 5173, 24, 4671, 9412, 4428, 3891, 4019, 6978, 2521, 4221, 9301, 230, 5555, 8626, 3470, 9466, 4482, 7080, 4366, 3609, 9073, 7678, 578, 8006, 9222, 2864, 1958, 9655, 4744, 5298, 4245, 5976, 7687, 4690, 9461, 410, 3719, 9881, 341, 8631, 8054, 2111, 3369, 6367, 527, 7572, 8311, 6591, 2796, 2404, 9870, 6221, 5239, 8652, 7709, 772, 768, 9991, 4341, 7648, 9772, 8031, 9803, 4427, 7401, 2906, 7039, 8259, 9418, 9635, 8360, 1282, 4930, 5732, 9215, 7892, 9153, 8022, 9108, 1628, 9165, 2563, 1162, 493, 5192, 9701, 5142, 3832, 3601, 4644, 8948, 563, 8665, 9891, 6951, 32, 1255, 8903, 8073, 3012, 7171, 1333, 137, 8426, 3864, 7254, 5127, 5895, 1204, 9090, 9228, 4382, 2575, 2853, 6787, 1459, 405, 8092, 9172, 5651, 6732, 6483, 9451, 9531, 6065, 5550, 9750, 2248, 9947, 7124, 6254, 1535, 9089, 110, 3364, 7593, 7011, 1503, 486, 8507, 2871, 5281, 7059, 9576, 201, 3750, 1123, 2241, 9980, 2208, 178, 7797, 2647, 6408, 4930, 573, 6737, 5676, 2346, 1290, 8152, 180, 121, 1450, 7417, 3608, 5293, 9246, 8353, 7290, 3385, 2947, 2850, 529, 9912, 6831, 9750, 1856, 575, 6129, 1530, 214, 9604, 3355, 1837, 4641, 6665, 7933, 2747, 8614, 4941, 1883, 4759, 1096, 1289, 8892, 7109, 6900, 1147, 172, 5803, 3046, 2833, 356, 4285, 4381, 9007, 5600, 6828, 8241, 7735, 3837, 2619, 4765, 3427, 6681, 3222, 474, 2914, 4866, 3582, 7294, 483, 6289, 7473, 9257, 1893, 4318, 4732, 1171, 6882, 7973, 7066, 9019, 5353, 3741, 6513, 9244, 8624, 4253, 736, 2080, 1185, 3447, 3621, 9903, 8267, 4991, 6477, 3818, 7519, 6457, 8313, 8789, 3989, 7209, 6009, 7188, 8265, 1776, 9161, 7814, 2958, 4562, 1093, 7881, 813, 4112, 5913, 3288, 397, 271, 7022, 1791, 2952, 6504, 6219, 5537, 4997, 2846, 1696, 7243, 9548, 1401, 425, 1635, 5887, 438, 631, 1744, 9413, 7450, 9000, 7522, 8196, 7442, 2763, 8229, 4807, 5945, 4129, 5395, 9185, 6057, 9654, 8696, 2307, 1993, 603, 5525, 3025, 9190, 2815, 6978, 1311, 3441, 5648, 5814, 2832, 2346, 1826, 6482, 7909, 9821, 4447, 1744, 1897, 5944, 2386, 8125, 6570, 4789, 9465, 2676, 310, 7499, 5332, 2946, 9673, 219, 2861, 5202, 1848, 6883, 54, 4508, 907, 5676, 3040, 5621, 7673, 3981, 6159, 9358, 3594, 3264, 9961, 9873, 6923, 2376, 5361, 8940, 1318, 4648, 2394, 1756, 482, 1925, 6741, 6604, 5145, 3598, 4613, 2939, 8673, 7992, 234, 7949, 4657, 832, 4707, 9429, 811, 3624, 4595, 1376, 3453, 3224, 9868, 9906, 1450, 4182, 9499, 326, 1002, 731, 1273, 6244, 1344, 2120, 1575, 3837, 1396, 8921, 4128, 8276, 6048, 2654, 5313, 8597, 3760, 6196, 7483, 1825, 9686, 231, 2894, 7010, 70, 8208, 5255, 3438, 1788, 8649, 6323, 4856, 9122, 7446, 1084, 9453, 8988, 1824, 2742, 5887, 7160, 6810, 6674, 5610, 4878, 9474, 452, 9617, 2261, 6456, 705, 5400, 1585, 9556, 2627, 6195, 9785, 2577, 8131, 8785, 4100, 9863, 8717, 4538, 8536, 1935, 2427, 7747, 1730, 2575, 7514, 3927, 6343, 3330, 6653, 9908, 2592, 9118, 2748, 9678, 388, 3611, 1569, 1419, 6837, 1272, 5714, 5553, 624, 314, 539, 6257, 9502, 9579, 8271, 8807, 8344, 5221, 4809, 2933, 6759, 1769, 4612, 3416, 9534, 268, 6930, 6424, 1353, 4077, 1910, 1892, 7587, 1333, 27, 68, 5319, 4539, 1541, 4908, 2531, 3609, 9979, 1873, 3973, 9526, 9321, 9944, 4363, 8191, 6108, 6263, 4997, 7950, 6002, 4781, 3015, 2693, 7421, 1818, 7986, 9290, 1990, 6205, 3935, 2188, 6725, 5465, 4017, 5933, 2992, 3861, 2870, 8904, 9297, 7028, 590, 4960, 3467, 7474, 2371, 3102, 2346, 3777, 8736, 9025, 6028, 107, 7333, 5191, 3747, 2435, 5843, 52, 5479, 5010, 100, 6012, 2246, 1759, 1305, 7639, 567, 9400, 5714, 7788, 8808, 4667, 9828, 5423, 1197, 7730, 5974, 4673, 7151, 4971, 1329, 7516, 7569, 4421, 850, 3373, 2368, 2937, 4688, 4351, 9613, 2547, 1994, 5775, 2089, 8876, 5103, 7184, 7713, 7052, 6172, 3639, 6723, 9253, 2924, 4738, 3871, 617, 1297, 7195, 5619, 129, 2863, 7406, 862, 8839, 2237, 7552, 9573, 8164, 9011, 443, 8660, 257, 1962, 3316, 3959, 2565, 9275, 5337, 722, 1160, 7194, 5542, 2362, 9914, 3913, 3123, 1328, 4975, 2686, 9856, 3198, 7993, 8221, 747, 3627, 1425, 966, 5474, 7772, 1205, 1829, 4215, 7236, 9363, 3040, 8637, 4506, 7365, 883, 2132, 3726, 8712, 7244, 8759, 8195, 8710, 3283, 9568, 1485, 3835, 3237, 3434, 5411, 8258, 9486, 455, 9432, 267, 3123, 7135, 6905, 8809, 3060, 9016, 7109, 3898, 1465, 4276, 9428, 7605, 4200, 5584, 5585, 1109, 2230, 7414, 2716, 2048, 8368, 7125, 9894, 902, 4989, 2314, 7133, 7303, 4263, 9981, 5331, 7074, 3343, 5771, 7750, 1068, 4418, 4983, 2826, 8222, 7603, 4623, 5142, 9246, 2073, 7017, 2508, 3484, 1856, 6409, 9530, 7069, 7120, 7017, 3506, 8771, 7356, 2313, 4817, 6883, 8529, 5616, 5148, 1643, 7225, 3578, 6609, 7467, 6907, 8958, 5384, 4323, 775, 5187, 6030, 2622, 2759, 4220, 2378, 3672, 2584, 4465, 9832, 6995, 102, 2212, 7070, 8855, 4538, 619, 3672, 7961, 1520, 3512, 3536, 1892, 1221, 5071, 321, 2560, 1785, 4415, 4021, 7855, 5992, 7402, 6791, 6833, 468, 2778, 6520, 3575, 2053, 1790, 9710, 6466, 2137, 2368, 2833, 1291, 6935]
List Size: 9000
Insertion Sort Time: 4016.352300 milliseconds
Merge Sort Time: 52.141000 milliseconds
Built-in Sort Time: 1.752200 milliseconds

Original List: [9510, 8070, 5477, 6796, 2171, 3043, 4749, 9125, 3266, 8769, 9812, 5752, 1251, 939, 3645, 2557, 9574, 9012, 300, 2278, 4787, 4197, 4838, 6636, 5593, 5779, 8447, 8691, 2237, 226, 1109, 9780, 1952, 9787, 8103, 1862, 5855, 4691, 7942, 7569, 4401, 1329, 2888, 885, 8278, 7916, 7199, 2845, 2146, 5423, 2507, 1960, 5682, 4334, 3292, 1649, 4558, 7194, 2222, 7031, 6566, 602, 2533, 236, 2231, 1590, 6604, 7474, 9527, 736, 6142, 7663, 3340, 5540, 5700, 154, 1106, 3941, 6229, 504, 995, 1553, 2943, 469, 3993, 9785, 2762, 7302, 7857, 5506, 2388, 2699, 1362, 3382, 623, 2849, 4814, 1209, 5473, 5902, 7181, 874, 4632, 71, 5740, 5255, 6335, 6301, 9261, 2129, 3247, 9671, 2194, 2079, 7974, 2973, 4537, 2066, 3361, 607, 2522, 312, 4967, 115, 1626, 2626, 7304, 9699, 7609, 5048, 1106, 1855, 3790, 7518, 1508, 9866, 5148, 5103, 234, 409, 8490, 5687, 8349, 8932, 2495, 8285, 1698, 378, 7393, 9089, 6595, 8837, 6037, 9728, 4842, 3180, 2715, 4755, 7600, 3215, 6179, 2690, 4503, 4760, 4913, 4704, 4753, 9001, 5283, 4554, 9517, 8237, 7842, 9636, 3475, 6406, 7018, 983, 5621, 8101, 4080, 6566, 9862, 8549, 2117, 8834, 6734, 5056, 7213, 8595, 8227, 5106, 9798, 2284, 5992, 5709, 4577, 4742, 3931, 8873, 3948, 4388, 3011, 6270, 4650, 2203, 3964, 8559, 4137, 6510, 7389, 2810, 5203, 8131, 6156, 5258, 3624, 3587, 7043, 5559, 915, 7333, 2742, 6794, 4849, 645, 8673, 2292, 5712, 943, 8762, 8981, 5328, 8524, 2299, 9389, 9465, 9351, 6177, 2146, 8188, 1146, 4184, 3887, 3745, 905, 264, 5489, 3665, 6522, 1725, 1032, 5766, 3434, 587, 795, 3243, 3730, 4620, 686, 8149, 1644, 204, 9535, 3077, 3779, 5276, 8215, 2862, 6188, 995, 6294, 5933, 9245, 2983, 9703, 7245, 875, 5690, 2618, 3913, 2437, 3205, 9867, 4943, 6412, 8170, 4089, 1128, 7743, 2636, 6741, 1093, 8562, 6966, 8317, 4310, 466, 2179, 7156, 3104, 2507, 8754, 4295, 2086, 5843, 1059, 1745, 5297, 7302, 7742, 9476, 2730, 1702, 3632, 1517, 2334, 3405, 549, 5275, 2132, 17, 683, 1696, 5684, 3051, 2584, 9431, 3088, 4796, 7612, 4053, 9393, 3946, 2371, 1084, 1842, 6150, 6110, 6505, 9386, 9574, 3741, 840, 3909, 3177, 7549, 9692, 7164, 8024, 6982, 4305, 1403, 6579, 1751, 869, 2383, 4028, 7241, 1967, 4066, 9619, 9575, 3780, 9568, 991, 2855, 3747, 1263, 9206, 6789, 1550, 4099, 7903, 2953, 9732, 1517, 2456, 8847, 8882, 3047, 3271, 8969, 5992, 2578, 313, 3815, 6479, 6398, 3558, 5755, 2635, 7581, 3990, 8060, 9102, 9020, 7337, 1047, 7190, 7012, 53, 3890, 3938, 1277, 2706, 4138, 1967, 138, 7414, 415, 9316, 3771, 5703, 3493, 3305, 562, 6671, 2455, 3095, 2278, 2934, 518, 661, 1986, 1801, 1383, 7005, 8658, 8502, 6784, 3065, 6051, 6893, 8140, 7835, 3402, 6532, 9992, 7389, 7473, 8329, 1005, 965, 2369, 9487, 8025, 2257, 7232, 1189, 1031, 3687, 2957, 2379, 7495, 6850, 490, 2074, 3539, 4836, 5123, 1483, 7869, 4197, 2146, 848, 2051, 2780, 9518, 526, 191, 4494, 7578, 122, 9195, 2129, 2177, 2657, 950, 8721, 4673, 5856, 7646, 3251, 9422, 7924, 3538, 7689, 2758, 3452, 2539, 8740, 8194, 9724, 449, 3510, 7229, 1759, 2610, 1012, 5948, 6306, 2193, 1189, 8727, 1808, 7406, 1846, 4378, 2864, 3036, 704, 7131, 7552, 582, 5001, 2897, 1970, 1243, 2483, 4860, 5395, 7266, 5995, 5136, 3528, 8438, 6802, 8403, 9457, 1483, 3039, 9666, 6660, 8014, 5419, 1500, 8170, 3774, 8023, 5847, 4205, 3348, 765, 4685, 8282, 4956, 8568, 7275, 5813, 8385, 3927, 6084, 2580, 1253, 6468, 3015, 7830, 2021, 7587, 2855, 6789, 8922, 8898, 9438, 7564, 5449, 6206, 5614, 433, 2420, 7786, 5058, 7275, 2328, 734, 4592, 4120, 9518, 3993, 9460, 2760, 7801, 3054, 1514, 4085, 6261, 7465, 9030, 3006, 5077, 8859, 1839, 1970, 7999, 6466, 5394, 7303, 7343, 7975, 9587, 5726, 4190, 3045, 2343, 9162, 1752, 6711, 6510, 5048, 7944, 6622, 2808, 1894, 3590, 9469, 4566, 9589, 244, 5743, 2779, 9872, 8247, 3073, 8833, 118, 2364, 2122, 1614, 2818, 5146, 9729, 4415, 6763, 3501, 8514, 1755, 1274, 4018, 4540, 4109, 4014, 8812, 1280, 2514, 5476, 6270, 4053, 8420, 8083, 3533, 7987, 1719, 4206, 5728, 2098, 551, 6355, 3528, 8927, 7541, 6163, 2744, 9404, 4370, 9632, 8830, 5089, 9305, 1891, 1347, 3953, 9297, 1609, 8624, 5957, 9324, 3467, 6734, 8916, 4129, 6121, 4078, 7894, 502, 1290, 3215, 2038, 6487, 4503, 8796, 2887, 3472, 2371, 6909, 2641, 3447, 9832, 7335, 8517, 8495, 6344, 1248, 545, 1841, 1305, 4551, 1575, 8974, 5444, 9405, 7487, 7876, 3228, 5383, 9578, 2574, 7038, 7531, 7379, 2025, 1510, 4048, 9534, 2163, 2459, 6050, 7851, 354, 1445, 7498, 187, 2284, 6333, 3939, 9646, 518, 1908, 8340, 4317, 311, 9902, 1273, 1315, 8153, 2547, 8076, 9710, 5016, 7421, 3153, 2750, 8370, 9655, 3180, 8434, 5442, 4289, 1743, 5572, 608, 2490, 4918, 9854, 7128, 5690, 2772, 522, 333, 1451, 1980, 1547, 9364, 2197, 4774, 2578, 4636, 1653, 4118, 2119, 4070, 6228, 4382, 3923, 5254, 4141, 7280, 946, 7133, 5397, 3236, 2505, 461, 6468, 5622, 8846, 442, 2375, 295, 2910, 3715, 7575, 6491, 4421, 71, 2016, 3196, 4447, 4816, 3265, 4160, 5956, 629, 5453, 899, 7042, 8995, 87, 8519, 2424, 7517, 3791, 2285, 877, 9960, 1934, 8169, 7853, 3745, 8335, 3477, 72, 2653, 4541, 629, 2504, 3090, 6900, 8156, 6006, 8966, 540, 853, 5214, 6904, 8137, 777, 691, 1452, 8175, 730, 105, 2260, 2826, 4400, 795, 9049, 3423, 2375, 259, 2495, 7565, 587, 4118, 9000, 2041, 1632, 6548, 504, 9515, 1396, 6105, 6102, 5892, 4258, 363, 2253, 7970, 3652, 8674, 4506, 4485, 9873, 4329, 8281, 1794, 2101, 6557, 6983, 6092, 8379, 7737, 1795, 1248, 1266, 7538, 9168, 8590, 8355, 8544, 1534, 5396, 2741, 2696, 9189, 5225, 3578, 1309, 4652, 6062, 3420, 1042, 107, 113, 1973, 9461, 7638, 6240, 7714, 6312, 3478, 7974, 5048, 4756, 9595, 7388, 9924, 9487, 2161, 8223, 6606, 382, 4430, 1002, 6087, 8869, 1060, 5566, 8704, 4474, 7160, 3221, 4014, 5206, 7058, 4591, 7133, 8388, 7404, 7864, 2862, 6736, 8415, 4019, 1473, 1026, 3288, 4799, 2696, 8282, 8335, 7761, 9977, 5393, 3935, 8870, 7100, 644, 1030, 8383, 67, 6175, 5810, 169, 9853, 3075, 781, 5999, 5243, 277, 810, 4127, 6855, 4429, 1512, 9295, 8740, 1842, 6608, 3840, 6576, 3196, 1368, 7140, 3650, 2328, 2822, 7637, 6635, 8873, 8404, 377, 1830, 1145, 314, 786, 4461, 2218, 6325, 5187, 5534, 5153, 9844, 68, 2222, 1700, 5184, 2002, 8232, 2213, 166, 2033, 4296, 3734, 2957, 2413, 6072, 1627, 9946, 7565, 6462, 7263, 5091, 6158, 3035, 3449, 1189, 6133, 9201, 6098, 2292, 7362, 1531, 2991, 7489, 1220, 6972, 4122, 3088, 9588, 3740, 8814, 7094, 6110, 6934, 2485, 6884, 1448, 6124, 3130, 9599, 5568, 1957, 2162, 8323, 1391, 6153, 2448, 9275, 3987, 4474, 294, 2584, 3890, 7791, 4962, 5256, 3635, 5492, 5386, 2550, 7593, 3823, 778, 2410, 6598, 840, 7755, 2505, 9997, 4042, 2964, 2639, 6693, 7688, 3911, 2655, 3647, 2775, 2622, 9789, 7211, 9248, 2555, 2933, 8833, 350, 6154, 2314, 944, 4861, 6368, 6372, 8831, 2294, 3213, 2218, 8857, 3637, 1486, 4381, 313, 6812, 9221, 6379, 1773, 9915, 7617, 759, 3851, 8474, 8915, 1884, 2441, 7963, 4671, 5514, 7789, 3280, 1005, 9249, 4424, 8773, 6635, 9797, 5564, 1424, 9056, 5202, 4382, 3425, 1894, 4309, 1566, 473, 5492, 1722, 251, 517, 7949, 4631, 4111, 3630, 4338, 7160, 3962, 6804, 5458, 3396, 1939, 8323, 6314, 258, 5165, 8942, 7801, 1086, 8010, 9017, 2960, 6212, 9677, 1995, 4119, 1028, 9523, 9698, 7778, 3960, 8632, 6533, 9796, 9499, 1737, 5304, 9368, 247, 4655, 8330, 2160, 3536, 3914, 8411, 7822, 7879, 4951, 5749, 1181, 8763, 2718, 7694, 7458, 6876, 6445, 3489, 9452, 749, 6352, 9927, 5152, 2956, 3818, 9633, 146, 5407, 9740, 7427, 4044, 4271, 4315, 4550, 6370, 1459, 6342, 6734, 4620, 8373, 3002, 7643, 2596, 2213, 4882, 3042, 1524, 5929, 8587, 7130, 3810, 7162, 7754, 9834, 7949, 41, 9033, 3923, 2002, 9174, 5252, 4135, 8046, 8490, 1728, 9583, 8094, 1807, 6171, 2375, 4624, 6388, 6457, 9362, 9509, 6251, 6781, 447, 2908, 5444, 1553, 9123, 8658, 4063, 6518, 3341, 4102, 3, 8979, 1036, 811, 7869, 7688, 4889, 4513, 2557, 9695, 340, 7997, 8856, 5272, 3456, 8403, 2640, 1658, 7163, 4958, 1999, 4217, 4893, 2161, 5627, 637, 3450, 8699, 9156, 3760, 3578, 5326, 6092, 7400, 4585, 3989, 3, 9806, 831, 304, 3956, 2380, 5812, 7987, 790, 4863, 723, 4011, 5732, 7840, 5686, 3883, 4666, 5483, 1510, 8617, 7297, 9745, 9836, 6380, 4600, 5750, 9914, 5417, 1059, 6038, 1915, 2, 4361, 28, 1258, 3338, 4892, 8560, 9038, 1102, 7960, 4645, 3967, 727, 5509, 3609, 9770, 2083, 5862, 249, 1927, 754, 5068, 5219, 1240, 1485, 620, 7006, 9279, 5074, 3326, 1822, 9098, 9808, 8505, 9576, 5847, 168, 9388, 5124, 7942, 1920, 7678, 9173, 5578, 7550, 8243, 5546, 6944, 3466, 5431, 6309, 3630, 8414, 1415, 1107, 9765, 2716, 3417, 6873, 4828, 2702, 4622, 1863, 117, 3258, 7753, 7681, 7270, 2656, 6649, 8527, 4428, 1772, 6334, 1431, 8539, 5096, 9158, 3332, 7696, 8354, 4433, 8981, 6958, 2725, 8967, 9428, 9773, 8184, 7301, 5262, 5381, 7545, 9578, 9269, 8915, 487, 2100, 7542, 3974, 6466, 1110, 3082, 6802, 2792, 1818, 6920, 3547, 4324, 9265, 1396, 23, 3555, 200, 50, 4446, 6847, 3997, 7229, 5621, 6206, 9615, 2150, 7002, 3350, 6946, 4869, 6611, 2957, 7570, 50, 2895, 508, 7035, 2782, 6389, 8634, 9709, 8209, 1103, 1133, 8430, 4296, 6042, 3173, 8254, 4138, 9343, 950, 253, 6569, 573, 2591, 207, 283, 8162, 5364, 3581, 1098, 6759, 3228, 2474, 3683, 6971, 7858, 9747, 5717, 5233, 5240, 669, 4523, 2123, 2926, 6098, 4005, 1823, 3809, 1264, 2113, 1024, 8081, 5273, 8832, 1725, 6119, 9855, 3371, 8847, 5107, 5167, 1853, 9554, 7013, 918, 7206, 7580, 458, 9725, 7448, 6721, 2033, 3192, 1847, 9286, 6251, 7235, 9694, 5455, 7591, 8558, 999, 7071, 1208, 697, 7089, 3696, 5451, 7701, 1963, 1362, 7012, 1720, 2108, 6816, 9854, 9546, 6258, 509, 4213, 6221, 594, 7007, 8583, 1827, 3775, 6900, 1483, 2602, 7123, 2430, 4814, 2638, 5745, 3443, 887, 2697, 3234, 6913, 6299, 355, 8392, 386, 50, 5090, 9611, 4459, 1500, 7757, 7440, 3785, 2353, 8889, 4885, 6423, 9159, 2560, 6304, 4899, 7088, 746, 3341, 6501, 5217, 6185, 1233, 5457, 5464, 7601, 9812, 8751, 5102, 325, 7060, 2705, 1247, 2599, 3148, 2908, 4247, 2462, 7995, 7427, 8251, 6910, 7946, 4490, 5478, 2866, 5095, 4526, 7333, 8696, 662, 9887, 2541, 6019, 5164, 7651, 1574, 4756, 1160, 9686, 8652, 7229, 8941, 4931, 4527, 1886, 7722, 8055, 8549, 5820, 1684, 1427, 920, 6843, 8531, 516, 5477, 9522, 1653, 2212, 1677, 8114, 3993, 4886, 3920, 5182, 3428, 8209, 335, 9093, 6915, 9306, 6843, 5852, 3182, 2193, 4459, 3432, 7477, 3811, 6140, 637, 3868, 1988, 5267, 747, 2364, 9667, 6573, 1057, 7068, 5718, 7553, 7819, 9560, 2424, 1798, 4506, 8250, 2548, 3614, 1151, 1673, 4210, 9466, 3578, 6098, 1148, 9435, 509, 6406, 1932, 2968, 449, 8765, 628, 7649, 14, 20, 6093, 5196, 7809, 1346, 6873, 96, 1202, 5032, 2229, 2450, 7603, 5838, 9735, 8201, 5634, 9893, 7839, 1017, 8207, 727, 8322, 801, 9499, 720, 9807, 5855, 2462, 4360, 6535, 5750, 3364, 3762, 9128, 4315, 319, 6887, 6790, 3831, 7180, 4556, 6390, 992, 1560, 4570, 5709, 7249, 3450, 4355, 8707, 5060, 8823, 9074, 6562, 9429, 4774, 5595, 2925, 9923, 835, 3093, 7971, 3399, 7152, 3543, 9815, 2866, 4764, 7758, 1364, 2158, 489, 9974, 8015, 1581, 1477, 4487, 8457, 4266, 2500, 2597, 4260, 2970, 8989, 9631, 953, 3396, 7367, 305, 2073, 1341, 7425, 3715, 9657, 2799, 6914, 2183, 9445, 2737, 745, 5008, 6725, 9647, 912, 1617, 4352, 3023, 8166, 1027, 1862, 3391, 1220, 8494, 6173, 8563, 5151, 3845, 7483, 4810, 8013, 3720, 5383, 7755, 6551, 353, 4329, 8564, 8740, 8405, 535, 850, 818, 5159, 8865, 5302, 4428, 9300, 4436, 8133, 8417, 7741, 8092, 598, 9811, 2055, 4420, 4723, 4277, 6674, 6477, 6010, 9158, 1819, 5132, 3729, 3028, 4999, 1744, 6367, 1595, 9012, 9076, 8264, 6689, 2509, 5510, 7091, 4530, 2988, 6252, 8068, 4244, 2052, 3462, 6851, 597, 2308, 9413, 1745, 2030, 685, 7105, 9283, 5817, 5735, 3908, 2879, 2907, 8748, 6475, 1547, 8983, 9755, 6049, 6899, 3224, 7511, 3820, 9678, 3802, 5108, 8335, 568, 6599, 5103, 440, 3670, 5723, 8387, 3678, 8959, 5226, 1744, 6310, 9751, 6811, 976, 227, 4728, 3899, 7777, 5516, 131, 5447, 1930, 5548, 1196, 8961, 8385, 1455, 8096, 1099, 9173, 6223, 7081, 8721, 2079, 7369, 9178, 7508, 8593, 5092, 8357, 7763, 894, 3579, 2003, 195, 578, 76, 6552, 920, 4565, 1425, 8470, 2357, 7578, 4444, 1184, 6252, 6370, 2015, 1672, 4972, 3828, 6501, 8799, 2759, 9229, 5496, 4079, 8946, 7096, 6298, 3191, 7231, 7956, 7732, 5630, 5180, 4528, 3711, 1266, 4921, 7931, 7421, 6903, 535, 7534, 8532, 5515, 855, 30, 3698, 7213, 6886, 5422, 6338, 2436, 7079, 20, 5522, 638, 1321, 3357, 3714, 3208, 4034, 9206, 6988, 1731, 4923, 2551, 2561, 751, 5794, 5841, 3176, 7455, 9966, 282, 5431, 3855, 7969, 7907, 8192, 6289, 9525, 7087, 6323, 6606, 4120, 2384, 511, 3131, 7419, 7071, 1776, 4781, 5189, 6500, 3340, 5026, 1405, 6753, 2114, 3984, 1379, 1431, 6505, 5554, 3543, 9929, 2807, 6493, 6518, 5809, 497, 4040, 7738, 8429, 8732, 826, 3219, 6201, 5136, 4779, 4478, 7962, 4572, 812, 2424, 4309, 5387, 4385, 4348, 3240, 7129, 8322, 297, 6646, 57, 6478, 6854, 8057, 390, 1085, 99, 1052, 1199, 4743, 6095, 9040, 6725, 8016, 6132, 2286, 8683, 9486, 7842, 2570, 5235, 7167, 234, 1274, 5989, 3272, 6234, 5083, 426, 4410, 8531, 9402, 3405, 9144, 7696, 3706, 277, 5755, 3890, 5859, 143, 2933, 6624, 5472, 420, 8141, 6526, 8289, 5070, 1356, 1838, 5893, 7125, 195, 7451, 4935, 6101, 299, 7394, 8350, 1903, 3855, 8176, 5104, 2904, 4876, 1237, 626, 1499, 8269, 5123, 8320, 2905, 8666, 4312, 6479, 5025, 5624, 4550, 3851, 2067, 721, 1744, 3404, 7160, 2948, 9490, 104, 9261, 7025, 2700, 1074, 9804, 4879, 2397, 5786, 5848, 5372, 8277, 3912, 3773, 6860, 3812, 9763, 108, 7192, 8793, 4144, 1109, 1550, 6602, 6782, 1166, 7993, 1641, 9536, 8669, 6826, 3872, 4017, 5346, 1607, 8452, 5301, 8476, 1732, 7094, 4154, 8834, 6127, 6777, 6484, 5939, 8735, 9071, 7967, 2265, 4202, 3430, 1271, 8770, 8915, 202, 1230, 7608, 8197, 5567, 288, 7159, 609, 2442, 1207, 4033, 8232, 939, 4464, 3808, 9534, 8065, 4634, 4942, 8759, 1348, 8862, 7715, 1522, 1036, 8777, 7546, 965, 1683, 2913, 9456, 5488, 8749, 4045, 4028, 9920, 8545, 289, 8806, 6121, 2977, 7373, 8307, 7028, 1629, 4592, 5886, 1072, 8955, 7004, 5317, 7390, 8386, 1406, 5266, 1824, 3079, 8942, 5591, 8910, 4020, 9549, 328, 1956, 6862, 5660, 8957, 4311, 3215, 5281, 3119, 2919, 7967, 8097, 8834, 2297, 2762, 8087, 8434, 5389, 7269, 4243, 2923, 7767, 1627, 7256, 9225, 2112, 3809, 1150, 7416, 6176, 4513, 3465, 9524, 1747, 3343, 9330, 4478, 8097, 8061, 1928, 1495, 7173, 1795, 6429, 1674, 5187, 5654, 1552, 3771, 2520, 1482, 7685, 9138, 28, 1644, 7288, 3705, 95, 3596, 7962, 7999, 6960, 8635, 5568, 8019, 5492, 2317, 7068, 9270, 2600, 3555, 6077, 266, 6462, 7822, 1980, 6802, 9577, 8461, 5113, 201, 7347, 6608, 8219, 1889, 6798, 9136, 3238, 8483, 7745, 5309, 4786, 7194, 7246, 6477, 7388, 3798, 5844, 2992, 4867, 9324, 7440, 7711, 5315, 8097, 2482, 3182, 7672, 9555, 8873, 7653, 7087, 6659, 7181, 2443, 4217, 2499, 5783, 7341, 9685, 1671, 6233, 4123, 529, 6725, 1653, 4524, 412, 8402, 4203, 243, 6513, 4029, 6570, 790, 1037, 3402, 4783, 9111, 2637, 8182, 165, 9095, 5007, 1344, 8803, 4385, 623, 292, 711, 8421, 7527, 4558, 3530, 7677, 5850, 4444, 292, 8709, 3564, 1882, 1724, 7554, 8834, 6445, 2940, 7712, 1146, 7741, 3478, 4359, 346, 2224, 5828, 3992, 1582, 7121, 5340, 3942, 2154, 761, 6267, 4613, 5558, 1057, 2512, 6482, 3227, 7906, 5410, 1871, 5092, 1461, 7947, 9899, 7796, 2735, 3914, 8734, 9321, 9511, 5084, 5916, 5279, 1724, 5436, 8628, 2764, 2700, 8254, 8070, 7497, 3745, 5398, 8533, 2245, 1990, 3895, 9363, 8347, 2538, 3102, 6280, 9748, 3734, 9613, 2351, 3213, 9373, 6042, 7446, 7552, 9722, 6014, 4792, 7554, 2768, 503, 2693, 3117, 4215, 5430, 7697, 6750, 4203, 5590, 7537, 7938, 7470, 874, 7203, 1491, 1320, 655, 7513, 1708, 3852, 1217, 1668, 1490, 2184, 5217, 6690, 4338, 3288, 3463, 8301, 8572, 131, 4516, 1287, 5625, 3417, 6646, 4923, 280, 6069, 2675, 3658, 1007, 3111, 6812, 4810, 9124, 5356, 9760, 5578, 3853, 3299, 2283, 1764, 8390, 1559, 9085, 5988, 9926, 5890, 8095, 5829, 4396, 8841, 4800, 8663, 2192, 236, 152, 394, 7073, 7620, 1241, 1801, 5562, 3824, 7585, 7735, 1148, 5141, 3817, 8935, 76, 6487, 2071, 5905, 8551, 2176, 9085, 208, 2452, 9104, 3098, 3299, 9423, 1418, 365, 653, 3243, 116, 5406, 3773, 9406, 4416, 2012, 6003, 2791, 2742, 9875, 8807, 8392, 7039, 4217, 6994, 4922, 7582, 5509, 716, 2873, 2581, 3446, 3397, 5017, 8583, 9151, 2021, 7049, 9826, 884, 7859, 4544, 3718, 5793, 995, 4532, 2255, 696, 3131, 2885, 1130, 5175, 3435, 8359, 7635, 1702, 5865, 1586, 8793, 365, 1007, 4664, 2869, 446, 9326, 4315, 7965, 1158, 2477, 5498, 7873, 9450, 7146, 3045, 1099, 5175, 5617, 2479, 5442, 8765, 8818, 9529, 8224, 3948, 6666, 6473, 9421, 1250, 390, 917, 590, 7511, 3960, 2429, 3750, 582, 9591, 765, 3035, 238, 6111, 3487, 5269, 1629, 5606, 2350, 8717, 1733, 2505, 2906, 9222, 959, 8740, 992, 5435, 4433, 5800, 3827, 3650, 2711, 6617, 7840, 4211, 2635, 3963, 9845, 9043, 8984, 7107, 9797, 5990, 7025, 3488, 2553, 7997, 482, 5332, 400, 2039, 1345, 8557, 9335, 125, 5182, 7083, 536, 8600, 1238, 344, 283, 7968, 5054, 3138, 8344, 9044, 3279, 2257, 5574, 5033, 3506, 6898, 8536, 9845, 9912, 5545, 6087, 1865, 2957, 8856, 1389, 4394, 4483, 3172, 368, 7518, 1888, 1075, 4277, 6151, 5241, 9791, 6761, 7049, 6374, 7060, 5909, 4830, 2113, 2127, 4984, 2569, 1248, 3817, 5236, 4878, 1004, 325, 6045, 1283, 5867, 4449, 1394, 7329, 382, 776, 2726, 969, 5728, 4853, 8811, 9561, 5536, 8712, 3912, 6516, 6373, 8072, 7345, 2651, 6876, 7952, 4151, 5539, 5278, 3618, 6628, 6968, 1623, 4955, 1020, 593, 2770, 314, 7724, 4184, 2171, 9988, 7820, 136, 3028, 4266, 7797, 4075, 896, 6736, 1553, 4432, 7417, 7067, 2878, 6029, 7436, 1854, 1666, 1842, 6336, 4838, 7348, 2719, 1074, 4873, 4946, 9400, 3986, 4670, 7031, 4899, 3431, 6055, 3008, 823, 8642, 3093, 4922, 4815, 747, 4313, 7395, 480, 138, 7851, 3964, 6589, 3774, 3816, 4225, 3486, 3841, 5204, 5250, 1112, 7452, 7582, 4599, 3960, 8073, 4916, 9250, 6264, 811, 9400, 9316, 1188, 1151, 2082, 205, 4190, 599, 8709, 2256, 19, 2922, 7527, 6846, 7425, 4489, 802, 8925, 6670, 4603, 5222, 6612, 2218, 7087, 1924, 1566, 8531, 2970, 9442, 5540, 4839, 48, 7964, 8911, 6569, 8592, 8041, 7737, 8710, 7863, 302, 9125, 6842, 311, 6440, 4746, 9107, 4035, 4644, 1293, 9376, 5249, 5873, 8510, 5935, 1111, 9015, 9277, 8322, 2368, 9025, 1406, 9855, 3852, 7551, 3778, 7436, 9832, 2129, 3018, 2049, 1825, 5629, 6997, 807, 9172, 1340, 3654, 2944, 1061, 1676, 5822, 6173, 8173, 831, 8670, 3202, 930, 3427, 2534, 8895, 2776, 1350, 4963, 8817, 7248, 779, 9388, 555, 8977, 7165, 1048, 5568, 5774, 8525, 2268, 422, 1712, 7737, 1508, 3785, 974, 4206, 9695, 9576, 5083, 1217, 3664, 1629, 9783, 7260, 2356, 5280, 7504, 9203, 7305, 1858, 2671, 7124, 5915, 5402, 8787, 9213, 8711, 8918, 3580, 3921, 358, 4072, 5561, 8901, 6283, 6802, 356, 1251, 6245, 227, 3218, 7323, 3560, 6482, 1518, 1073, 7393, 5319, 5360, 6404, 8323, 3244, 9041, 240, 9896, 5242, 7806, 7154, 1904, 115, 9947, 2498, 2976, 1606, 6879, 4423, 2850, 1061, 5526, 7030, 7153, 4578, 7553, 9031, 9513, 7849, 8750, 2327, 93, 2887, 5270, 9609, 1863, 7757, 7033, 2599, 7256, 2671, 9022, 3242, 5239, 5352, 9459, 7694, 9735, 6104, 7524, 9998, 2245, 3748, 8247, 1224, 5419, 2953, 543, 9520, 1989, 4294, 5786, 9758, 5751, 3078, 3751, 8125, 2577, 6056, 8329, 4423, 3452, 1189, 6949, 749, 6305, 7141, 8751, 1296, 8973, 7654, 6071, 7493, 9472, 8380, 8210, 6136, 6019, 4021, 9208, 906, 615, 7360, 825, 7832, 1602, 5077, 4723, 9299, 206, 2518, 3165, 708, 2261, 9092, 1282, 6551, 2204, 2857, 2443, 2061, 715, 6130, 6773, 4699, 7841, 4953, 2224, 9674, 682, 7163, 1648, 5642, 3909, 1994, 838, 8362, 876, 206, 4618, 5208, 2620, 4692, 1172, 7483, 9881, 1498, 921, 2412, 2329, 2556, 2447, 6550, 1036, 6433, 8088, 3051, 1919, 3483, 5931, 6596, 6147, 9439, 487, 4397, 5164, 2874, 3409, 6602, 1950, 7109, 2770, 8718, 3769, 3863, 2403, 8938, 8325, 3957, 7578, 2019, 9129, 4952, 3280, 8532, 4528, 7501, 9538, 7431, 364, 5474, 7252, 9431, 4282, 164, 3703, 9912, 874, 4569, 1761, 4910, 4508, 5685, 7823, 4673, 5213, 3238, 8650, 3342, 1672, 6973, 9027, 7289, 4093, 4564, 9253, 5277, 3255, 4558, 8074, 3749, 7734, 1931, 6578, 3813, 7520, 3532, 3920, 9964, 8761, 4419, 2249, 9337, 9668, 6852, 9386, 1363, 4647, 6736, 2944, 9356, 5133, 8592, 2828, 3895, 69, 8474, 9059, 7561, 3484, 6442, 682, 885, 9444, 7976, 6491, 7752, 7827, 2560, 5981, 168, 3847, 1833, 6190, 7810, 9672, 5047, 8460, 325, 585, 2593, 3531, 2760, 1952, 3751, 692, 8811, 5328, 118, 4793, 3134, 6821, 4953, 6802, 748, 5391, 8509, 2857, 8222, 7025, 7108, 132, 9965, 9752, 5304, 4225, 7072, 8769, 3092, 9450, 5050, 2403, 4298, 2607, 7415, 4477, 123, 2033, 7457, 1111, 88, 702, 7796, 2279, 4879, 9892, 9873, 1957, 3173, 2982, 9817, 4781, 6455, 6547, 9147, 5722, 3564, 7452, 2275, 8004, 216, 4145, 3217, 2837, 8374, 9128, 6192, 7380, 3250, 9134, 3948, 614, 9511, 40, 9289, 1697, 654, 3051, 4728, 1786, 4722, 7308, 5299, 7019, 7921, 9367, 8056, 4872, 5833, 8868, 7362, 9569, 7753, 4657, 4299, 5632, 978, 7298, 6837, 1638, 6547, 5928, 3418, 9564, 2556, 2930, 9046, 6233, 7357, 1852, 60, 4800, 5045, 5101, 2319, 1108, 6269, 9620, 5525, 9306, 5853, 5373, 5799, 5905, 8771, 6257, 872, 3166, 155, 3892, 9127, 8085, 5550, 191, 5804, 3168, 6955, 1252, 7359, 1591, 2076, 3208, 9292, 5562, 9833, 3422, 9276, 9503, 8476, 9958, 7924, 8699, 1947, 5677, 2557, 2459, 4210, 6067, 9451, 2288, 492, 3943, 9263, 7977, 1941, 7379, 2268, 5377, 873, 5725, 9947, 5581, 6363, 3903, 174, 7091, 658, 7507, 5434, 6646, 6925, 8405, 8203, 3746, 8584, 7584, 8464, 7572, 2556, 1851, 8745, 5511, 6402, 2775, 3068, 1181, 3001, 2970, 5042, 9395, 7715, 2994, 9934, 6576, 5764, 3542, 9708, 8711, 3084, 4211, 5253, 1972, 9257, 6852, 691, 7432, 1422, 9147, 94, 851, 5511, 7777, 9294, 7205, 7433, 8575, 2169, 9407, 3037, 5479, 8502, 4530, 8536, 4705, 3807, 7818, 693, 2251, 8115, 1036, 7319, 3140, 5837, 4892, 1093, 6299, 1006, 5666, 4831, 2649, 182, 7950, 2819, 9179, 527, 4284, 8535, 9729, 7263, 921, 4048, 2138, 3657, 1807, 5488, 640, 7677, 2559, 1734, 9180, 3300, 1465, 7558, 2833, 6643, 7534, 5694, 5213, 9751, 4956, 1523, 5572, 6544, 4885, 1461, 1961, 7028, 591, 9708, 7499, 3177, 3427, 2028, 8767, 1795, 9140, 4062, 6232, 6457, 4810, 5944, 8657, 6112, 3904, 9386, 9381, 4430, 1797, 6733, 5323, 795, 1373, 809, 7475, 1902, 3268, 6382, 1702, 2434, 6871, 6528, 6368, 6051, 1558, 3960, 1148, 2870, 5807, 9575, 5303, 9290, 1495, 1409, 4807, 3078, 4775, 6953, 4200, 3012, 8668, 5126, 9136, 1089, 5553, 7300, 442, 3460, 5819, 4202, 8107, 4414, 3063, 2832, 4932, 1778, 4281, 381, 3100, 8662, 8433, 2965, 3873, 354, 280, 7925, 8107, 640, 6276, 56, 9676, 6610, 9630, 3706, 1112, 5823, 4310, 3557, 2209, 4998, 8704, 5424, 7102, 4183, 6341, 221, 9562, 6889, 5459, 3618, 2316, 9451, 3215, 967, 6752, 3508, 8549, 3895, 3169, 199, 5771, 1884, 6642, 954, 253, 8956, 7345, 7937, 1194, 96, 1994, 5088, 8800, 1093, 5498, 8914, 6645, 2088, 6839, 1419, 7571, 152, 7751, 6559, 5923, 6237, 5955, 3562, 5850, 8714, 2816, 6473, 7300, 8891, 4705, 2019, 426, 5804, 5735, 7249, 6299, 9633, 4350, 3599, 89, 9325, 9597, 4386, 9974, 1214, 1077, 7086, 1007, 7844, 2088, 6377, 8322, 313, 8387, 2067, 8755, 8466, 5868, 6825, 7160, 3368, 1745, 7540, 8715, 3416, 281, 4269, 3333, 8000, 1274, 4544, 6142, 3625, 1657, 6430, 9332, 4997, 227, 994, 302, 5395, 6898, 5758, 9294, 8357, 189, 1560, 1765, 5009, 979, 8299, 6181, 2911, 3931, 9102, 5283, 8523, 9490, 8943, 8190, 3871, 9250, 4743, 8894, 6432, 9647, 848, 1595, 9673, 4921, 6141, 5803, 5881, 7637, 5300, 6048, 7267, 7585, 2818, 4978, 2722, 8538, 4680, 8405, 2394, 5730, 2262, 4691, 4639, 3842, 2305, 7091, 3854, 7499, 8041, 1100, 7507, 2571, 6338, 9071, 1137, 1420, 1139, 8686, 4554, 3781, 9541, 535, 1460, 2637, 7451, 2451, 8917, 6930, 3058, 1844, 9813, 4621, 280, 6039, 5440, 5453, 1982, 5266, 2472, 4265, 6862, 8672, 1603, 726, 8381, 9355, 865, 3746, 6506, 9244, 6504, 1805, 6173, 9931, 4651, 5297, 9486, 7900, 8299, 1582, 2864, 4681, 2230, 5254, 9256, 7485, 7271, 1464, 3304, 23, 801, 9472, 7279, 1327, 3728, 5336, 7665, 7966, 8111, 9607, 5300, 1034, 3400, 4075, 7841, 7364, 6337, 6961, 515, 8156, 7688, 3548, 1618, 1111, 5217, 9322, 2538, 4533, 2308, 610, 3253, 2413, 4645, 1907, 6588, 179, 8422, 2254, 4810, 2346, 7366, 2134, 8859, 4110, 1881, 6365, 2649, 9270, 3825, 4140, 6964, 1538, 4761, 8923, 6421, 7114, 8779, 5252, 3683, 6110, 9505, 9743, 3126, 9111, 7813, 7181, 9862, 9223, 1620, 1047, 2857, 937, 6840, 5682, 4223, 8535, 5117, 412, 1854, 5436, 5892, 3444, 2754, 5335, 8695, 4073, 6112, 3502, 3639, 7779, 4132, 7376, 4063, 1200, 9900, 5768, 8378, 7015, 1837, 8765, 8406, 4804, 7065, 879, 6585, 6799, 2611, 5954, 4187, 3750, 4799, 1221, 8935, 294, 1563, 1441, 7363, 3624, 8555, 5631, 3812, 2855, 21, 516, 8525, 1805, 4941, 7267, 761, 7609, 5001, 2296, 928, 5503, 6940, 7237, 7544, 3515, 3804, 5757, 1161, 4339, 6942, 2717, 3517, 6563, 7433, 4397, 6150, 9922, 8139, 7761, 8729, 9096, 5496, 8724, 8992, 4378, 6975, 1813, 4540, 59, 2100, 7947, 2907, 3689, 9597, 4218, 7604, 9076, 7550, 6469, 2247, 9070, 4590, 6472, 5288, 7961, 7509, 1420, 7519, 9760, 1062, 1452, 7275, 69, 2052, 9145, 1347, 5788, 3334, 1581, 919, 4162, 5356, 6569, 8713, 3583, 9896, 4804, 8655, 5532, 3504, 6774, 8912, 1598, 7090, 9752, 1513, 1623, 4849, 5853, 302, 7069, 8577, 4387, 2625, 7849, 8052, 9569, 9016, 7574, 1084, 8541, 7465, 4320, 6862, 4922, 3671, 7933, 5147, 1909, 7374, 522, 6780, 5787, 9673, 9115, 7187, 365, 2652, 3445, 8638, 5120, 6576, 4899, 1479, 8298, 2614, 9664, 2331, 3981, 4107, 579, 2203, 3231, 4442, 3445, 2592, 2235, 665, 6026, 2082, 4504, 3903, 8131, 2870, 6540, 6116, 7758, 2937, 4209, 1198, 3943, 8873, 2920, 8113, 7319, 2113, 1917, 4708, 7732, 500, 8426, 105, 3884, 6494, 5519, 8900, 4098, 5276, 2691, 2189, 6038, 9067, 3409, 5077, 9004, 684, 9773, 5604, 7261, 8099, 2415, 798, 9901, 1381, 5083, 7454, 4822, 3504, 4011, 8902, 5757, 9285, 9696, 5656, 5635, 1930, 6832, 1871, 584, 3004, 5186, 1509, 8409, 6003, 8436, 5574, 4725, 5748, 9450, 2539, 1597, 4848, 8517, 2767, 786, 2913, 148, 6525, 6895, 70, 3155, 5105, 3329, 5099, 7730, 871, 8760, 1759, 6483, 5575, 3624, 4724, 1695, 2468, 3726, 4444, 4277, 3679, 7656, 1021, 2917, 4795, 2948, 5225, 8277, 9008, 7712, 1545, 7626, 4406, 2939, 2932, 5136, 5140, 4327, 8869, 2061, 1739, 8068, 4273, 8264, 7595, 3257, 1040, 6439, 4256, 2244, 5589, 4290, 3028, 1601, 8894, 7189, 2808, 3784, 2695, 2934, 7450, 690, 9254, 5062, 5570, 9203, 6988, 344, 4657, 2973, 3382, 9565, 8972, 459, 854, 2609, 8000, 7935, 8424, 1603, 6068, 8073, 72, 5151, 2921, 7338, 3271, 2017, 3881, 313, 9381, 2491, 7199, 3665, 2256, 7596, 9581, 9523, 437, 8517, 4191, 8766, 8520, 2458, 4580, 5265, 8035, 4363, 6245, 3382, 4250, 3760, 4509, 9521, 6003, 8534, 5144, 9988, 5701, 2403, 9537, 6391, 5136, 8929, 9098, 3137, 1927, 1140, 2841, 8340, 5226, 5890, 6051, 4631, 8380, 7926, 7788, 7342, 5668, 1769, 7105, 9737, 5604, 3663, 8477, 4077, 9181, 8217, 6840, 5473, 3723, 3091, 9297, 3640, 80, 5694, 2845, 464, 5386, 5214, 840, 5629, 45, 1289, 5734, 7919, 8845, 8185, 9600, 1389, 6725, 7341, 233, 481, 1660, 7948, 4851, 8718, 4076, 9781, 6310, 4363, 8377, 6896, 713, 6380, 2372, 6718, 7668, 6867, 2374, 4258, 8886, 638, 7423, 7519, 2085, 3681, 8014, 4589, 4135, 4601, 5626, 3974, 4559, 9955, 8504, 7516, 9132, 4336, 8785, 1172, 2145, 1531, 6539, 2724, 1210, 3333, 513, 3459, 9051, 6252, 8392, 1222, 4822, 6173, 5509, 6748, 6661, 6373, 9495, 3302, 4998, 8829, 5721, 4494, 4634, 8985, 5061, 3012, 4137, 459, 9062, 9491, 4299, 8237, 1895, 3130, 2273, 9674, 9137, 2488, 4951, 666, 2895, 3660, 1038, 4899, 7379, 2894, 1932, 4980, 2141, 6401, 8534, 6794, 5898, 8116, 4315, 3876, 4519, 6970, 1899, 3587, 1260, 1067, 6323, 5439, 6927, 8206, 7653, 9640, 9825, 2975, 3882, 2970, 4192, 8153, 7916, 1989, 9601, 6521, 315, 2913, 9361, 5284, 9916, 7882, 4968, 4534, 8519, 4748, 5919, 2503, 4154, 6121, 6043, 6562, 7745, 5214, 670, 809, 7377, 2386, 1303, 3599, 884, 1260, 7950, 6544, 7020, 6528, 5282, 3712, 9482, 5008, 1050, 9308, 2941, 8765, 9135, 9773, 4017, 8857, 2692, 5870, 3133, 4712, 7287, 307, 2442, 9911, 4259, 1917, 6290, 1710, 6663, 7874, 1881, 1959, 2760, 3596, 5761, 3586, 6067, 2188, 9544, 4675, 4674, 7264, 43, 3238, 9165, 1253, 7990, 5506, 6704, 68, 795, 4625, 9448, 516, 8093, 1428, 8205, 606, 9193, 2679, 5229, 3353, 5041, 5958, 334, 3865, 266, 1780, 1595, 6047, 2353, 3161, 3122, 3380, 2777, 1949, 241, 3627, 1511, 7781, 6073, 2299, 5677, 3117, 8081, 4751, 8252, 2156, 4899, 4668, 310, 8069, 3246, 2227, 5892, 6864, 9781, 5497, 9739, 1759, 8364, 825, 8500, 1004, 5297, 8124, 2075, 5523, 1110, 9713, 6616, 2407, 7713, 8727, 8785, 7196, 4357, 2271, 5623, 393, 4770, 503, 5261, 9375, 9662, 1028, 3362, 184, 8304, 5532, 7418, 9928, 2013, 768, 7804, 2109, 7215, 9857, 4967, 770, 7691, 9954, 464, 306, 3981, 6196, 9415, 8671, 1527, 8481, 8115, 3222, 1351, 4130, 9884, 5741, 3118, 3692, 818, 5385, 498, 1615, 2237, 4103, 1985, 9415, 3079, 6772, 8087, 7402, 4660, 1676, 8870, 7373, 3443, 4814, 4336, 9439, 5871, 2806, 4695, 2311, 392, 6463, 4798, 1729, 5428, 1923, 2150, 8750, 5307, 4034, 879, 3844, 8389, 9824, 9927, 6664, 7422, 3910, 3210, 1575, 4395, 4680, 358, 7116, 644, 9362, 6436, 8256, 1315, 8172, 3505, 9286, 5219, 7981, 4341, 3803, 3182, 3446, 744, 7472, 3376, 1022, 2704, 4480, 2578, 5266, 224, 9675, 9976, 3151, 3442, 2673, 698, 3715, 138, 60, 9717, 7621, 9070, 3844, 890, 1566, 2789, 6494, 2468, 2635, 7113, 164, 9431, 7510, 3138, 2676, 9239, 9038, 9636, 9203, 6716, 7185, 2411, 1545, 9658, 2391, 6525, 3544, 6455, 6609, 350, 6618, 337, 328, 2532, 234, 4208, 5208, 3185, 9171, 7949, 2490, 4796, 5294, 1048, 8605, 2761, 1128, 3169, 3844, 4034, 4319, 6371, 5479, 3975, 396, 942, 293, 8955, 430, 7544, 6136, 4067, 9330, 9877, 6434, 8789, 7193, 6174, 95, 340, 7771, 8979, 2529, 2477, 588, 6632, 4443, 9724, 8715, 4386, 5361, 7531, 4050, 5158, 2945, 1953, 8858, 321, 9887, 1819, 8983, 6092, 7213, 5424, 2152, 1962, 439, 6607, 8983, 9318, 7776, 3976, 6196, 2788, 5041, 2278, 8580, 932, 8814, 7522, 8937, 7516, 1859, 5562, 6065, 8238, 4493, 3291, 6224, 33, 7610, 891, 4044, 6333, 4987, 1503, 7123, 1438, 9609, 353, 8765, 8865, 9314, 9675, 1931, 4447, 8950, 1930, 7725, 3610, 1183, 916, 4011, 2686, 7899, 2082, 4174, 1064, 5637, 1978, 787, 2806, 9527, 1174, 5475, 5315, 6352, 9140, 4425, 4599, 3744, 8195, 146, 7871, 9365, 4192, 3701, 2616, 8579, 7467, 5669, 8849, 5661, 1343, 811, 6534, 1645, 5975, 4555, 9779, 6115, 1164, 8891, 1493, 7965, 4633, 6934, 7807, 3084, 3690, 9678, 8580, 2020, 594, 4961, 5526, 5602, 8203, 5430, 5859, 8069, 6159, 8941, 7577, 1757, 6714, 2859, 9306, 1538, 417, 332, 7253, 6966, 8406, 1370, 7551, 3126, 8745, 9408, 9234, 3890, 6601, 8018, 5797, 692, 3433, 888, 2563, 8931, 1798, 3669, 4042, 2479, 1422, 5095, 6370, 2584, 422, 665, 2572, 4577, 1597, 5196, 5857, 1191, 7676, 7200, 3368, 4635, 6765, 4153, 1339, 2838, 4998, 891, 3038, 7182, 2039, 2005, 8979, 1746, 4981, 8526, 3996, 3135, 6600, 1759, 4355, 3027, 9559, 4134, 1959, 1770, 452, 2045, 364, 2946, 1705, 9409, 6556, 9027, 6398, 3285, 1886, 4578, 8964, 1936, 5718, 5038, 6343, 5813, 4904, 1023, 4094, 6715, 3788, 1779, 6985, 4870, 3786, 5264, 7474, 4039, 1693, 6135, 2181, 264, 7430, 501, 3705, 3517, 5755, 2754, 8638, 115, 8873, 5308, 1584, 5980, 140, 3666, 3792, 3842, 2960, 9654, 8616, 5802, 4898, 3826, 5303, 3645, 9818, 5567, 5873, 1694, 6402, 8135, 4405, 1576, 8037, 9014, 843, 834, 7978, 5061, 4269, 3053, 4268, 4475, 6296, 514, 2303, 7688, 5109, 4562, 2643, 754, 2597, 9780, 4011, 2931, 5006, 5566, 1498, 6156, 8180, 1252, 1997, 4812, 8925, 5231, 5181, 2783, 6232, 2471, 1009, 6914, 5018, 4820, 3214, 4356, 8215, 1919, 7315, 3633, 6320, 9633, 997, 7119, 6184, 3502, 4841, 1338, 450, 1096, 9857, 8934, 61, 6340, 6668, 4972, 815, 2416, 7815, 2701, 9934, 8412, 8274, 935, 5494, 4799, 4640, 6444, 3659, 5977, 2619, 3, 6165, 3677, 1776, 8510, 3064, 8496, 5596, 2252, 9407, 1739, 2051, 1742, 6015, 8220, 2798, 1327, 3970, 7622, 8722, 6310, 9862, 3482, 3609, 8608, 1478, 4545, 2670, 6084, 1052, 8413, 9893, 5729, 3545, 4365, 9625, 1102, 4360, 5125, 651, 6434, 9078, 8554, 6255, 2006, 1329, 4103, 2183, 940, 47, 8313, 2818, 5366, 6649, 4802, 4956, 302, 8234, 7192, 4448, 9650, 9623, 9255, 1644, 7774, 7155, 4023, 4596, 4284, 7065, 4675, 2433, 882, 9318, 9571, 8427, 8668, 6389, 5712, 6455, 6461, 4846, 8490, 8044, 1296, 5930, 7202, 1512, 2181, 4738, 9178, 8039, 3923, 2939, 8500, 9230, 4889, 521, 1686, 4482, 9878, 5282, 5377, 4279, 7855, 7902, 4900, 7612, 5912, 7374, 6623, 181, 5658, 551, 9304, 3094, 1405, 26, 2788, 2537, 355, 2063, 1202, 822, 2314, 9548, 9081, 1079, 6814, 1814, 1549, 6152, 5210, 6971, 2004, 6002, 8415, 6259, 6210, 6360, 156, 3458, 6251, 8439, 7648, 995, 4249, 3974, 8648, 5738, 1657, 2172, 7433, 6282, 2972, 4512, 9434, 6690, 1166, 1792, 5914, 6699, 8557, 2581, 6879, 1455, 7608, 9781, 332, 243, 2043, 3371, 1580, 4796, 9067, 397, 5094, 8869, 4485, 6498, 1006, 7333, 3525, 272, 9390, 9785, 8233, 486, 721, 9924, 361, 6106, 8747, 455, 4319, 9665, 7859, 2110, 4357, 9360, 3992, 8726, 8261, 5333, 3287, 9942, 6243, 2497, 1502, 1873, 4786, 2269, 7809, 9025, 5334, 6861, 8114, 8462, 6625, 345, 8181, 3249, 5540, 2629, 5689, 9310, 4321, 880, 6679, 815, 1238, 1254, 3714, 7643, 7642, 722, 5559, 6029, 9011, 5229, 5740, 8202, 4536, 9534, 315, 8512, 5408, 760, 1071, 3229, 4644, 6245, 3605, 6802, 6067, 1856, 9035, 1797, 2070, 331, 2968, 8443, 3248, 9491, 9756, 2956, 7116, 57, 3254, 865, 1407, 5932, 820, 101, 642, 7970, 9365, 4156, 6202, 9484, 920, 9697, 3162, 3446, 1640, 9165, 7673, 7416, 4109, 2079, 7700, 9649, 9738, 6881, 3760, 5048, 10000, 4959, 837, 4986, 9684, 1035, 8510, 7948, 1568, 317, 5072, 3766, 1857, 7893, 6624, 8287, 8428, 5852, 5520, 3318, 1346, 7955, 5750, 1351, 9337, 3161, 6152, 3332, 6477, 3122, 8882, 7370, 5594, 4504, 3105, 1900, 7424, 2290, 9612, 9265, 8491, 3236, 2533, 3927, 258, 1736, 1217, 8652, 6990, 6578, 6404, 8959, 5162, 3153, 1666, 7487, 7667, 295, 5284, 6649, 8246, 7730, 2883, 8710, 9319, 3308, 3508, 8127, 8799, 4612, 6795, 8667, 2941, 7433, 7749, 5210, 8321, 4526, 6898, 7448, 5053, 3990, 1228, 3796, 4808, 3717, 6546, 5978, 8289, 3744, 580, 9186, 7624, 5061, 985, 4358, 9902, 5814, 8928, 9375, 7799, 2790, 8936, 4562, 9254, 843, 9478, 4959, 4145, 1775, 4064, 5135, 2092, 5211, 1879, 7607, 9184, 419, 9167, 8246, 952, 8061, 3262, 7994, 1804, 9776, 6768, 2027, 8937, 6374, 9400, 227, 1331, 3475, 134, 6339, 7775, 2015, 5708, 9125, 7031, 3509, 3384, 1421, 7666, 7038, 2070, 7653, 7260, 8073, 4460, 6495, 4830, 808, 736, 353, 715, 2548, 419, 4534, 6538, 1292, 87, 6905, 1487, 3796, 2537, 5168, 3821, 7926, 2839, 6359, 6396, 9270, 4327, 6623, 2449, 3352, 6105, 9494, 1156, 4507, 2012, 6243, 601, 8178, 8658, 4617, 9461, 1386, 6635, 2152, 1998, 8396, 3107, 2109, 9638, 6911, 2001, 9709, 652, 8540, 832, 6212, 8378, 1923, 5759, 9615, 5786, 3794, 9314, 8186, 5009, 4433, 7197, 4438, 5862, 2744, 8826, 4692, 7535, 53, 4740, 5922, 2587, 8238, 254, 9452, 6511, 1288, 5406, 5413, 4657, 5034, 3225, 4535, 3048, 1, 5705, 5355, 3336, 8048, 6636, 7056, 8726, 6991, 375, 1100, 4472, 827, 6044, 3392, 7438, 6751, 7806, 6264, 1810, 808, 3245, 9009, 820, 8294, 7449, 2310, 7513, 3214, 8248, 6099, 8060, 4311, 6088, 9460, 9798, 7039, 7226, 1591, 3462, 9299, 6124, 8506, 2941, 5376, 4277, 557, 900, 6043, 4155, 6737, 7541, 1246, 5498, 3340, 1610, 4579, 7546, 4213, 6631, 3471, 5909, 8560, 1117, 2045, 6702, 3920, 1445, 9233, 9370, 6304, 9448, 6386, 93, 1966, 5597, 946, 2699, 4216, 8573, 2426, 9278, 9793, 9418, 9923, 7230, 3898, 1004, 8711, 6336, 8155, 9191, 9867, 6555, 3924, 7241, 6616, 8588, 48, 7695, 7182, 6037, 8770, 4122, 9922, 470, 4480, 7412, 993, 7932, 3466, 324, 6312, 2602, 421, 2212, 3061, 5889, 9105, 7719, 8976, 4096, 6777, 4133, 668, 5682, 7748, 1396, 2699, 3179, 8097, 1156, 4076, 779, 8529, 5478, 2680, 648, 9014, 9222, 6203, 3877, 9774, 8363, 4816, 1538, 1899, 6396, 4735, 3324, 6099, 3806, 6183, 1906, 2394, 5695, 8924, 5451, 2633, 3105, 8238, 7471, 6815, 7816, 4477, 7954, 8151, 3963, 5764, 7995, 8934, 7180, 6297, 8845, 4831, 7689, 5364, 1359, 3577, 6184, 1354, 3489, 8055, 2240, 6504, 1870, 4607, 1814, 9925, 9782, 3019, 9170, 3629, 1139, 9420, 2199, 7640, 8871, 153, 6441, 1881, 8398, 2007, 4482, 3430, 4470, 314, 8735, 3341, 7054, 4124, 3370, 47, 5710, 9227, 4548, 9091, 5592, 3507, 4710, 337, 2372, 2406, 9398, 3888, 1232, 8362, 5074, 5804, 8851, 9844, 3929, 4748, 6505, 2346, 3137, 8251, 6024, 7892, 3266, 1534, 9607, 4639, 3936, 1889, 9600, 7769, 7627, 8066, 2908, 1070, 1746, 1697, 9919, 9112, 7551, 7120, 6369, 142, 813, 366, 152, 3259, 7056, 2753, 4835, 9647, 5040, 5167, 6036, 5301, 8605, 206, 7626, 2777, 7379, 5456, 2730, 5922, 3313, 4758, 9153, 664, 3668, 8945, 9870, 4263, 5698, 3103, 9201, 694, 4195, 3961, 966, 8035, 16, 6305, 3747, 8663, 4502, 2578, 1295, 3492, 5857, 246, 2392, 7721, 7059, 1426, 4020, 2961, 1794, 6878, 6484, 9490, 86, 9632, 5190, 3271, 8212, 7631, 3794, 5655, 1462, 9838, 2157, 5906, 5588, 2705, 9701, 5914, 9865, 8564, 5754, 5023, 3808, 7902, 8224, 2687, 5260, 3984, 7267, 4167, 3022, 6445, 7099, 8435, 7144, 220, 4543, 307, 8627, 5530, 2882, 7615, 6469, 9915, 967, 5383, 6568, 5995, 3358, 7114, 7259, 5241, 8443, 9817, 9400, 8512, 8357, 5955, 388, 3530, 5072, 285, 2432, 8830, 3635, 9326, 5168, 1632, 1117, 2745, 2735, 2155, 4907, 9877, 4695, 2147, 5630, 1494, 1550, 5970, 127, 4742, 2882, 5774, 6212, 3218, 6754, 9769, 8127, 6409, 462, 6509, 4938, 4212, 2249, 5264, 3164, 6796, 6741, 6471, 9581, 2385, 8541, 7362, 9739, 7013, 1979, 1177, 8472, 4107, 401, 5701, 8218, 2014, 1667, 1477, 6946, 4100, 9376, 2247, 6758, 8035, 54, 186, 7060, 6169, 7011, 9398, 5414, 8626, 666, 1588, 2420, 3457, 4704, 8504, 3806, 8729, 1549, 6840, 4669, 9120, 7988, 3920, 9705, 8264, 779, 5183, 5235, 5935, 9796, 6112, 2008, 8774, 1327, 6457, 6538, 9153, 9039, 5156, 7876, 9809, 5416, 5878, 6907, 2870, 1721, 8752, 3238, 142, 2627, 1543, 59, 1578, 2135, 364, 6206, 6530, 5928, 73, 9032, 500, 1442, 4331, 6430, 9068, 7618, 3061, 3976, 9174, 5167, 6579, 2762, 7621, 1847, 8027, 1043, 1607, 9508, 8870, 8394, 5555, 806, 4807, 9198, 1611, 4349, 556, 86, 7586, 9, 3679, 3040, 2364, 1919, 6751, 4893, 2841, 9859, 1830, 5669, 7072, 6530, 7809, 2492, 3017, 6290, 4746, 7967, 1850, 4782, 9333, 7657, 2609, 9566, 4395, 3562, 6714, 7045, 2991, 7396, 4168, 6108, 2308, 1066, 7805, 5782, 4435, 762, 4361, 5078, 7736, 440, 1218, 7311, 9890, 3559, 4375, 3464, 9007, 7867, 9618, 9914, 4094, 8477, 9114, 8129, 3627, 1380, 8970, 781, 4163, 9703, 8662, 5853, 8732, 2216, 9077, 9593, 5358, 7002, 2680, 3632, 761, 2301, 5913, 1539, 1388, 7590, 4037, 5513, 3233, 785, 205, 6684, 8692, 9821, 184, 5468, 2648, 8108, 3974, 8042, 6281, 8841, 6232, 3580, 5323, 1278, 7675, 1973, 5370, 9772, 8896, 4652, 6913, 5757, 3710, 4203, 2662, 2245, 6922, 4717, 8432, 3111, 4796, 8941, 6992, 8129, 9284, 668, 4903, 4788, 7439, 468, 1927, 2131, 7840, 1015, 8181, 8582, 9560, 1652, 1478, 9945, 5134, 410, 5006, 4009, 8031, 590, 1594, 8402, 8110, 8889, 6256, 1940, 1892, 8834, 3245, 9632, 4827, 518, 9785, 3695, 8748, 436, 4689, 7932, 7289, 2907, 5423, 4852, 7434, 6845, 3104, 9468, 5315, 2914, 9564, 5182, 4368, 6083, 4963, 2040, 3155, 8651, 4967, 4268, 9658, 8922, 3137, 3565, 6916, 4318, 4327, 9763, 7162, 4211, 2969, 2302, 602, 6272, 637, 2104, 439, 4454, 4366, 2053, 6854, 8557, 7386, 1115, 2298, 913, 251, 5457, 7022, 7741, 6338, 2868, 3932, 1722, 630, 6472, 2727, 7773, 451, 6091, 5541, 9171, 1814, 7958, 3653, 7304, 1704, 3433, 3326, 9589, 657, 145, 5794, 7458, 115, 3550, 4396, 9224, 4652, 5645, 6772, 82, 8798, 413, 9635, 806, 9950, 5593, 2857, 6266, 6725, 4034, 3493, 9882, 7818, 9751, 8826, 318, 9266, 4135, 1874, 691, 9228, 9393, 8069, 172, 9683, 4438, 4170, 5475, 668, 1024, 3535, 1007, 655, 4252, 1453, 5994, 3573, 230, 9920, 378, 4554, 9876, 5361, 2681, 3742, 6949, 4565, 4927, 2909, 9593, 9416, 5671, 5659, 1604, 4153, 6261, 2092, 3604, 3718, 8695, 5359, 924, 1998, 3238, 3141, 4413, 9186, 3510, 2832, 4224, 442, 9041, 5918, 5869, 8625, 7558, 3381, 744, 7487, 3262, 4553, 2971, 1502, 341, 7646, 2401, 9564, 353, 5176, 8808, 263, 702, 848, 6942, 2003, 4331, 773, 6805, 9292, 1053, 77, 9682, 8993, 3077, 2392, 298, 5880, 2509, 7200, 7808, 2145, 6988, 3389, 8892, 3938, 843, 3104, 2942, 8381, 7242, 2470, 2540, 5632, 3344, 9171, 8257, 7826, 6284, 5472, 8409, 5985, 7583, 8321, 9369, 3797, 6039, 5446, 3472, 3030, 7863, 2312, 9320, 5457, 1046, 5485, 2611, 5695, 5001, 2105, 4481, 3361, 8993, 6767, 675, 8629, 5286, 6235, 9228, 4809, 2079, 2844, 9272, 7621, 1967, 6422, 7256, 8437, 3787, 9818, 8100, 2739, 4819, 3795, 6958, 9053, 6878, 1573, 8343, 8710, 2174, 4791, 6620, 6167, 8290, 1724, 9981, 5087, 8121, 7460, 4762, 9097, 9928, 5027, 16, 4273, 4700, 5234, 488, 3883, 3968, 5593, 3724, 8990, 1866, 7258, 5415, 124, 3107, 9826, 8263, 452, 8752, 10000, 4680, 9970, 2539, 7628, 4650, 7164, 5795, 3523, 9113, 1875, 3665, 1291, 4454, 89, 9684, 7020, 7215, 8, 6009, 1014, 9867, 6186, 6717, 9262, 1311, 6706, 2230, 6044, 6474, 4907, 4118, 7126, 8812, 7366, 2625, 5409, 7683, 666, 5, 653, 1247, 7853, 8126, 9941, 366, 8912, 5381, 4856, 4178, 8991, 1723, 9414, 3736, 9524, 1853, 1443, 2414, 43, 6725, 8565, 6854, 6616, 3826, 2097, 9574, 6912, 5061, 5153, 5374, 3532, 8193, 796, 999, 5049, 739, 2377, 4006, 7139, 8181, 480, 7286, 6016, 1203, 1577, 7592, 898, 5257, 1783, 2571, 6099, 2230, 8450, 2196, 929, 5047, 8162, 5058, 103, 7010, 6083, 4131, 5227, 444, 1729, 8587, 1238, 3782, 9627, 4225, 1525, 8397, 2552, 9984, 5679, 9658, 161, 7875, 6499, 7509, 2767, 7334, 5303, 5166, 5577, 1798, 2829, 298, 8124, 6458, 2386, 7898, 9108, 6572, 9860, 4325, 7249, 3340, 373, 6699, 195, 3266, 1640, 6846, 4223, 2858, 732, 3449, 1010, 7609, 8474, 9401, 5042, 584, 5525, 6260, 6445, 4235, 3316, 4761, 3644, 5798, 7870, 541, 6782, 4359, 3983, 7435, 7404, 6519, 5532, 6480, 1089, 3480, 9931, 7088, 6855, 14, 3608, 4991, 9808, 7303, 8949, 6792, 310, 8045, 6304, 2211, 8019, 5033, 5393, 1699, 401, 1631, 2482, 6901, 5025, 1521, 8689, 3729, 7896, 6128, 3100, 5900, 8470, 253, 9587, 3365, 9066, 21, 7761, 7528, 5705, 273, 9367, 3986, 6699, 8092, 9916, 6599, 7753, 5592, 4711, 2270, 5334, 4611, 5995, 5748, 3421, 6318, 4563, 8203, 5041, 7043, 6847, 4026, 7612, 8259, 5666, 2698, 7570, 9530, 5092, 9123, 6654, 2158, 3834, 7126, 3939, 3224, 3762, 5133, 2130, 8422, 1351, 6054, 1473, 944, 5047, 8568, 8071, 8223, 8837, 2859, 5944, 2070, 6658, 9674, 4422, 6250, 1400, 3511, 1338, 8200, 2930, 9922, 4739, 8149, 1224, 6061, 5417, 5756, 5351, 9056, 2999, 9548, 7000, 9379, 5031, 5529, 3665, 9888, 8024, 6781, 2366, 4058, 9334, 3515, 8308, 9904, 7261, 2144, 2167, 8451, 1112, 6020, 1257, 59, 4305, 6552, 1269, 9918, 9574, 7674, 1253, 7007, 5402, 3644, 5080, 6438, 2853, 1318, 3826, 6043, 6593, 4575, 8095, 7136, 2524, 3907, 8867, 4156, 7475, 2758, 4385, 9105, 5871, 1916, 6054, 6212, 4167, 6839, 3611, 3757, 2885, 527, 347, 8727, 5680, 6222, 7316, 8056, 1376, 6241, 2071, 9190, 1702, 9724, 3943, 7536, 8739, 4752, 4380, 2705, 3910, 9203, 1224, 2756, 6026, 3354, 958, 4311, 4987, 7537, 8067, 1236, 6890, 5018, 4650, 1872, 9736, 1586, 307, 102, 8912, 5939, 171, 4954, 1124, 8529, 8185, 6376, 9467, 8929, 11, 4391, 2196, 4580, 8817, 9105, 8204, 4054, 8632, 6651, 7465, 8487, 5301, 5723, 6363, 2060, 3707, 6996, 9603, 3942, 6906, 7688, 5782, 7212, 3562, 1397, 413, 5920, 9050, 313, 9807, 9000, 2728, 1895, 3719, 3895, 8239, 5138, 9057, 8666, 6572, 3385, 8572, 2483, 1149, 7369, 2346, 2000, 5830, 8184, 5233, 1634, 4771, 9245, 9002, 816, 4987, 7762, 347, 3886, 3131, 6641, 4274, 8926, 3281, 7678, 1980, 1935, 8361, 9064, 7265, 4533, 2818, 7019, 9392, 4481, 7478, 3515, 7525, 2965, 5613, 7021, 5620, 1870, 1338, 7448, 2059, 6667, 3628, 7631, 9281, 5443, 4737, 4731, 8734, 1893, 5102, 3982, 4121, 2166, 1960, 3973, 2644, 9119, 8908, 5196, 7398, 9723, 1177, 5628, 2938, 9556, 8199, 7979, 3299, 7162, 2492, 8395, 5294, 3626, 7412, 2192, 6280, 209, 2769, 2766, 5231, 5544, 3057, 3458, 4397, 167, 4426, 1265, 4439, 1296, 2299, 8960, 8916, 9115, 6117, 1813, 614, 9590, 1880, 1045, 6354, 9232, 8017, 302, 6655, 1907, 1242, 8000, 5052, 8940, 3906, 9843, 4946, 5946, 6392, 4664, 7298, 1411, 6647, 5654, 6083, 6387, 9137, 820, 5681, 1888, 1172, 1308, 7871, 7263, 4456, 4551, 2747, 6324, 7824, 9085, 851, 213, 2964, 2597, 4545, 717, 9304, 2242, 9057, 2453, 1088, 9213, 7183, 8685, 838, 1884, 6699, 9628, 6867, 7734, 2471, 3923, 8614, 1854, 7121, 152, 762, 5382, 1641, 8249, 2408, 7767, 7963, 5744, 4373, 684, 7437, 9281, 4842, 3031, 6605, 7770, 3970, 9683, 9000, 1327, 7500, 931, 2227, 4365, 7457, 4465, 8840, 5238, 715, 169, 5395, 1672, 107, 5601, 2535, 7425, 65, 3474, 1984, 2145, 4441, 2722, 7762, 1588, 5814, 2187, 6434, 7296, 7973, 3710, 1051, 7763, 1931, 6060, 7492, 895, 6648, 6666, 8069, 488, 4479, 2027, 4806, 5269, 8892, 1686, 6092, 1497, 6554, 3972, 7250, 7490, 4344, 2076, 8543, 9318, 1140, 4503, 2565, 1614, 5343, 6823, 1361, 5926, 4862, 3970, 3180, 766, 8743, 2940, 2175, 396, 4931, 3505, 9579, 1518, 606, 4851, 4676, 5682, 1511, 3576, 7656, 1410, 1429, 4052, 766, 6962, 7806, 6837, 9931, 5960, 7140, 2332, 7731, 6798, 8362, 4476, 6927, 515, 7170, 1987, 2353, 3482, 5309, 3791, 603, 9566, 886, 4057, 7517, 7760, 2169, 3775, 7554, 8526, 3476, 292, 1872, 1655, 1337, 1331, 868, 3224, 5742, 7528, 2783, 7743, 7742, 9388, 6429, 3814, 5562, 103, 4421, 9955, 2482, 7021, 2089, 8608, 7439, 5948, 6650, 1945, 6157, 8101, 288, 9661, 788, 7007, 7808, 7642, 9228, 6367, 9319, 822, 7483, 3408, 6862, 7587, 4025, 2247, 8669, 6407, 9545, 4930, 9082, 2531, 2315, 4483, 4233, 1678, 7396, 3454, 5033, 6844, 860, 1486, 8568, 8832, 6119, 5548, 8363, 6213, 4592, 548, 152, 9204, 8838, 5695, 8095, 1818, 1416, 8966, 5869, 9278, 1467, 3519, 1396, 1715, 4554, 6566, 926, 4598, 1351, 4881, 4084, 1545, 3529, 8477, 1919, 3407, 2747, 7306, 5845, 8713, 1713, 6630, 4236, 2281, 3400, 1064, 663, 6992, 7610, 4465, 5933, 9743, 2476, 421, 5103, 4294, 529, 847, 6476, 7351, 65, 7856, 1916, 2732, 4562, 7057, 9807, 239, 4667, 9190, 502, 74, 7345, 6952, 4349, 656, 8830, 9144, 1525, 7418, 4902, 8597, 990, 3411, 8198, 1932, 9601, 4554, 966, 4841, 249, 197, 9351, 5514, 3789, 3824, 207, 8096, 8724, 9323, 3278, 1830, 580, 911, 8587, 7440, 3417, 818, 7309, 4746, 7313, 7454, 745, 2868, 1424, 196, 1810, 1035, 5167, 1908, 7159, 6791, 6358, 1338, 2488, 2630, 7467, 5356, 7347, 9586, 7177, 1869, 2238, 3454, 386, 6643, 7962, 7830, 7926, 7437, 6568, 6697, 2412, 6430, 2284, 445, 6481, 6187, 6363, 1467, 507, 1730, 205, 6671, 9623, 7130, 2555, 6405, 6301, 6617, 3868, 3912, 9257, 9951, 2335, 9286, 8790, 1380, 7965, 2152, 8612, 1844, 1043, 1627, 1844, 9422, 8936, 5809, 7500, 4063, 8183, 8008, 5880, 2539, 8176, 6179, 3110, 6922, 6124, 905, 8503, 8377, 2856, 9806, 5402, 8014, 6839, 6881, 2774, 7545, 9097, 6291, 5288, 9715, 2599, 7928, 7330, 634, 2135, 6194, 6929, 4242, 9165, 9408, 1902, 5868, 5542, 6064, 718, 5482, 8165, 2422, 4752, 9135, 3122, 2444, 942, 9408, 976, 3841, 125, 6228, 6777, 8907, 7007, 8783, 3574, 8488, 5553, 4668, 7195, 8611, 6389, 1579, 1806, 9243, 3347, 3172, 5372, 1352, 7723, 6904, 8831, 523, 8213, 9538, 6801, 5700, 6142, 8279, 4368, 4718, 1926, 9111, 4514, 8847, 4036, 6502, 4988, 7673, 4783, 8309, 7932, 2226, 7202, 4693, 1946, 1789, 3599, 9691, 8285, 6728, 1016, 3856, 699, 5419, 4128, 6907, 9178, 2724, 1621, 7385, 9030, 3102, 7567, 4138, 374, 9080, 3775, 5160, 109, 2798, 3081, 8214, 1823, 1347, 5303, 6888, 3893, 6433, 95, 7031, 3684, 2977, 1207, 7487, 8921, 3901, 8672, 4805, 8690, 2010, 724, 8116, 8353, 7373, 5469, 3794, 786, 1480, 4014, 2463, 7241, 5440, 1786, 7919, 6062, 6277, 3020, 2036, 8211, 3703, 9138, 5833, 1440, 2856, 902, 6010, 8237, 7557, 8024, 7491, 9502, 5957, 2345, 2816, 1922, 5962, 2278, 8610, 2869, 4739, 1844, 4350, 8960, 3209, 2673, 7511, 7908, 4559, 8589, 3868, 6681, 5245, 5201, 3305, 7670, 2941, 1012, 3578, 3814, 90, 9942, 4878, 2658, 4844, 8954, 4020, 5832, 1823, 6500, 9586, 2763, 451, 6409, 3075, 219, 8539, 5375, 2318, 6363, 5287, 930, 1988, 8893, 7545, 5631, 2338, 5549, 9128, 8502, 8164, 5786, 8353, 1479, 826, 2335, 3029, 6935, 2724, 6763, 5505, 9328, 1374, 8581, 2094, 9143, 3296, 3898, 296, 4647, 2112, 3091, 2232, 5366, 5047, 1956, 5985, 9650, 4585, 6649, 6999, 2244, 5445, 506, 630, 2090, 15, 4716, 162, 7477, 1122, 9267, 7966, 4294, 4106, 4083, 5630, 3568, 9539, 4962, 1569, 8092, 6681, 5339, 6737, 6831, 6315, 4352, 5891, 6428, 8467, 6695, 221, 9618, 3343, 2047, 6973, 1433, 4706, 579, 4924, 4454, 6167, 9615, 3872, 3609, 6141, 4616, 431, 2273, 4396, 418, 724, 7556, 9927, 552, 7970, 7834, 9235, 8088, 6016, 1052, 9501, 7726, 2947, 8700, 6712, 3066, 3096, 8303, 530, 2834, 7076, 4733, 3219, 7414, 7777, 8081, 1716, 8594, 4439, 578, 3093, 4897, 5760, 9056, 854, 6047, 4337, 7690, 4019, 2543, 6648, 8393, 5539, 8908, 6703, 6741, 8736, 2538, 606, 4955, 3764, 2980, 735, 4538, 2823, 1519, 6026, 8887, 2789, 8497, 1450, 4342, 4823, 593, 5428, 8418, 1230, 1898, 1964, 9259, 844, 2060, 2045, 3930, 5820, 441, 2462, 732, 1413, 1417, 6367, 9131, 290, 6568, 9812, 2207, 712, 1858, 7200, 9670, 3672, 4500, 9000, 4869, 8291, 4751, 1175, 734, 4343, 4915, 8541, 4233, 1439, 9297, 4509, 1875, 2557, 3853, 1653, 1039, 8569, 464, 1579, 5834, 2291, 6442, 2328, 8730, 5940, 3506, 8935, 21, 8825, 302, 7778, 9869, 8760, 8562, 3162, 6952, 8825, 2734, 5706, 3935, 3392, 9556, 5557, 4912, 4787, 2253, 1671, 2323, 7787, 4582, 2220, 5708, 607, 7814, 1468, 3499, 6837, 6385, 9979, 8807, 3818, 6258, 355, 7945, 7314, 1922, 3548, 3420, 5109, 2972, 3627, 7861, 3920, 8205, 6434, 2838, 5392, 2817, 6955, 7529, 2124, 3971, 359, 4250, 1229, 5405, 5082, 8709, 4778, 4256, 7116, 711, 2936, 7270, 9719, 6179, 5702, 5979, 9726, 6746, 5680, 8019, 1411, 5678, 3255, 2523, 8535, 8546, 1379, 460, 7739, 8167, 845, 8728, 1878, 6830, 6422, 993, 7769, 697, 9528, 611, 3404, 8300, 7789, 5578, 3331, 9172, 2416, 6252, 6099, 2677, 7510, 7186, 6423, 1404, 3366, 9994, 370, 6367, 2248, 8256, 6504, 2592, 5756, 4198, 7214, 1922, 3488, 8768, 8148, 6110, 4827, 1683, 6967, 5191, 3611, 2228, 2643, 5758, 8174, 3808, 9582, 3733, 1035, 7532, 6385, 1196, 6450, 7254, 2920, 939, 3865, 9312, 3347, 4565, 5020, 2417, 5332, 4217, 7412, 4047, 7352, 7405, 2342, 9817, 5484, 5296, 4451, 4529, 4043, 5805, 4300, 1891, 2796, 3590, 3446, 2461, 9745, 9438, 1296, 5732, 3733, 6341, 8002, 5069, 3573, 6815, 8114, 2192, 9441, 4569, 7843, 7803, 6220, 9450, 3146, 3890, 7155, 3613, 3285, 6083, 8650, 8513, 9718, 5001, 1744, 1592, 8653, 6598, 734, 3828, 8618, 466, 7174, 4333, 3530, 924, 50, 4260, 9356, 2507, 203, 108, 5161, 9066, 9598, 8620, 4453, 7079, 4073, 3712, 7442, 7859, 4546, 6526, 4387, 9850, 265, 2715, 3891, 1461, 4058, 6894, 4384, 7082, 7626, 8827, 5049, 6216, 4973, 5312, 1532, 8364, 98, 7079, 6436, 3773, 6134, 7889, 9751, 5520, 3989, 2732, 4310, 6741, 1967, 1835, 2973, 4092, 8596, 7494, 5514, 2156, 4183, 4822, 27, 7305, 4760, 3429, 8378, 1912, 6981, 907, 126, 3676, 3335, 1690, 3969, 797, 2141, 6252, 3632, 5316, 4543, 905, 7949, 5551, 5439, 5050, 4698, 2695, 4629, 1607, 4776, 4498, 7980, 8438, 1983, 9985, 7934, 8067, 9374, 3474, 4688, 3718, 7921, 8449, 8802, 5825, 8782, 7199, 2050, 9512, 4764, 7481, 2895, 4626, 8401, 3228, 8306, 4494, 9177, 3321, 4569, 5388, 3904, 4573, 599, 9858, 658, 3983, 3172, 5107, 9597, 570, 7686, 7085, 9547, 398, 3710, 5877, 6614, 7618, 3151, 4013, 6927, 7322, 4818, 737, 2932, 7130, 7518, 506, 4059, 9841, 139, 1059, 9717, 2047, 9040, 7597, 1521, 1758, 1233, 5651, 9903, 1532, 8870, 8615, 8099, 1923, 3314, 1892, 3124, 6842, 7054, 898, 9715, 6174, 4662, 6241, 4478, 5594, 5168, 4783, 929, 2093, 2663, 2832, 1874, 6671, 5102, 1573, 2460, 4066, 6701, 1883, 5234, 832, 9345, 8887, 4302, 5198, 9461, 6441, 4204, 2997, 5340, 1061, 8157, 8695, 8010, 2664, 6415, 4985, 2282, 2786, 9957, 4240, 3276, 5500, 5127, 2274, 3717, 6545, 9231, 9977, 81, 1469, 8375, 9577, 1640, 4252, 9119, 9567, 6544, 9704, 3944, 3931, 3179, 2798, 865, 1110, 2880, 7500, 5396, 6880, 3036, 7447, 1492, 8957, 1474, 5600, 2860, 2814, 1219, 5075, 6435, 3787, 1064, 981, 9914, 9727, 9346, 4561, 206, 6849, 1267, 553, 6944, 7542, 291, 7472, 1387, 7368, 1513, 7699, 6400, 7881, 9423, 6784, 6003, 106, 1483, 4603, 2667, 1905, 7287, 6042, 4069, 3486, 793, 7068, 7743, 3370, 9290, 4953, 5019, 6673, 8936, 6770, 5528, 321, 5150, 348, 3245, 3825, 8015, 408, 4609, 2362, 4964, 6900, 8862, 90, 2626, 8559, 3351, 1355, 6538, 8282, 9440, 2676, 7124, 652, 7049, 7697, 4753, 2416, 2980, 3555, 9728, 9177, 8376, 810, 5862, 1265, 6486, 1195, 3018, 2596, 5318, 8248, 9957, 3126, 5210, 3624, 2679, 1344, 4186, 2699, 5398, 6929, 6599, 4455, 1000, 8144, 4657, 4567, 4175, 8812, 2575, 1807, 2567, 9145, 2656, 3813, 6170, 2042, 3959, 1004, 9379, 8915, 5000, 1546, 2529, 5540, 5494, 8821, 1866, 4541, 2696, 9567, 1703, 2063, 6545, 6727, 2803, 1511, 2925, 2718, 1486, 722, 1868, 3138, 3017, 4871, 6257, 231, 4771, 7791, 1531, 6222, 7542, 9518, 4169, 7260, 3575, 212, 9294, 4067, 8780, 9149, 3903, 7259, 1062, 785, 2424, 3599, 2800, 206, 3198, 6083, 1699, 9425, 902, 6381, 6717, 1795, 7648, 2748, 7006, 9007, 2897, 1007, 3653, 6635, 7219, 1286, 2161, 4767, 7087, 1637, 7046, 861, 7688, 7410, 8271, 9718, 9593, 802, 7041, 3054, 6621, 4731, 5713, 9869, 3333, 6574, 7964, 9106, 3266, 2476, 9798, 7706, 3953, 2269, 1952, 8340, 1704, 7300, 8905, 191, 5842, 1712, 4338, 4254, 5197, 8434, 7799, 1450, 9004, 9994, 4254, 8672, 7162, 8269, 4432, 6532, 2547, 7311, 7940, 2216, 153, 8125, 4744, 8003, 6082, 8672, 3766, 9353, 7353, 1208, 1933, 8918, 5607, 5385, 3615, 175, 8318, 8470, 9444, 1401, 721, 426, 9734, 2942, 5225, 3022, 220, 9414, 1751, 9683, 1511, 5903, 9337, 770, 6866, 4296, 9106, 2977, 1338, 7597, 7333, 345, 339, 651, 6011, 6654, 3919, 1474, 6832, 8139, 3598, 5607, 5635, 1235, 8255, 3983, 9253, 2893, 7587, 6158, 6937, 8033, 1817, 5417, 2702, 1632, 2749, 6973, 1922, 8940, 8159, 3723, 5985, 8918, 3429, 4949, 8912, 3121, 751, 7379, 2139, 822, 2968, 1286, 9249, 328, 7572, 6509, 1579, 8933, 1201, 4150, 3245, 2007, 4616, 5677, 5246, 1915, 4978, 1272, 7532, 7512, 4551, 7173, 40, 6235, 6285, 4492, 794, 6278, 5356, 6644, 3023, 687, 8164, 676, 2120, 5733, 7621, 5286, 2107, 5501, 3263, 7623, 950, 1499, 3559, 4906, 257, 7991, 8196, 688, 4600, 7155, 1831, 1302, 1303, 5941, 7456, 7829, 3999, 543, 5844, 2525, 4274, 6561, 613, 2029, 4098, 3636, 8811, 3590, 9881, 9601, 8029, 4281, 2451, 4122, 8404, 4937, 1770, 5342, 7394, 8693, 2055, 2184, 1044, 5805, 789, 4159, 6366, 1517, 4348, 7345, 9759, 938, 3366, 3943, 7142, 4646, 5881, 5531, 9371, 3150, 5694, 8057, 6548, 7203, 2290, 7479, 6824, 4355, 1831, 7765, 9238, 3594, 6525, 3858, 8693, 7960, 8032, 6214, 3084, 1072, 6006, 8403, 2271, 704, 2193, 3868, 1954, 6745, 4806, 7076, 3994, 5811, 6136, 5615, 550, 9434, 6965, 407, 1049, 7074, 9939, 6707, 2299, 6602, 5796, 2606, 1940, 9687, 4067, 7047, 5578, 1726, 1631, 3230, 8732, 3887, 4696, 6293, 575, 8425, 9573, 3238, 5251, 6432, 6929, 1404, 9986, 8069, 295, 8621, 9604, 7147, 4757, 2206, 7550, 2391, 2725, 5529, 4460, 3514, 3340, 7802, 2029, 9832, 447, 5232, 216, 4116, 5933, 9596, 2369, 8381, 5746, 5902, 6859, 3534, 8924, 5149, 7726, 5973, 5599, 3307, 4995, 2437, 2934, 4207, 8043, 7298, 6064, 7463, 4150, 1006, 3111, 626, 7073, 3083, 854, 6568, 3772, 8147, 1736, 9116, 1774, 4096, 381, 3960, 2936, 647, 5771, 3527, 4988, 7600, 3229, 9026, 37, 7118, 7054, 6659, 8823, 3277, 2420, 1130, 6655, 6535, 3950, 277, 6291, 4838, 4864, 9553, 8264, 3918, 2292, 8592, 7027, 5276, 1160, 3361, 2940, 4833, 3953, 4483, 9173, 6097, 4042, 6439, 8856, 7797, 2238, 6175, 5760, 65, 9493, 3281, 2199, 6832, 3335, 9642, 6775, 1131, 9500, 1599, 7652, 8520, 660, 1576, 9719, 4783, 5343, 9329, 7499, 3093, 512, 2554, 6043, 4206, 296, 6012, 8337, 4536, 7055, 2610, 2794, 6404, 3667, 5989, 2424, 665, 8348, 90, 7008, 2442, 9850, 5594, 4275, 5556, 7965, 4438, 4922, 2210, 4912, 3307, 6157, 1934, 9093, 898, 1565, 3015, 5016, 282, 2076, 7415, 5128, 4334, 4718, 7856, 1381, 2646, 7248, 1660, 563, 7352, 1723, 6510, 2117, 7602, 3391, 2118, 8537, 6582, 2061, 7403, 99, 5607, 7319, 4731, 1853, 6341, 3154, 7054, 3568, 4023, 2305, 3082, 2310, 6427, 1510, 8044, 9034, 4509, 3394, 6989, 7219, 7151, 1775, 4235, 2274, 4028, 4990, 7794, 5577, 9592, 8938, 9351, 6800, 5111, 1549, 5338, 2204, 7757, 9775, 2524, 9067, 5792, 7772, 4436, 3752, 8826, 3155, 2812, 4643, 7328, 3097, 5908, 9578, 2441, 3801, 7452, 9082, 9311, 4737, 2538, 5528, 8023, 6300, 8020, 6293, 5590, 3805, 457, 7423, 9130, 1236, 2271, 3676, 2973, 3212, 5410, 53, 6041, 3542, 6902, 1825, 8738, 492, 984, 9614, 1641, 256, 9718, 1915, 3640, 7323, 8843, 1479, 768, 5164, 3003, 9875, 8060, 6241, 7029, 3309, 8314, 3134, 8847, 3518, 9060, 7179, 847, 9328, 1132, 5830, 5162, 9178, 9721, 7507, 666, 1622, 5807, 3972, 3759, 3550, 5611, 7374, 9610, 7251, 6529, 8618, 7553, 782, 724, 2547, 2869, 2291, 7652, 4945, 7160, 6895, 1808, 7797, 119, 5772, 5472, 3692, 9237, 4178, 1327, 7590, 9999, 7542, 7088, 7858, 4916, 263, 3389, 1071, 3611, 4888, 1567, 3743, 4431, 5597, 6250, 8802, 7423, 1561, 7731, 5510, 7296, 7924, 8680, 3215, 651, 8778, 4158, 9083, 4631, 2494, 2775, 3196, 4387, 3178, 1940, 4056, 2755, 2601, 3925, 4937, 8767, 4040, 3345, 1382, 1469, 1480, 5144, 6781, 2113, 3606, 2351, 660, 7376, 4192, 3916, 3637, 524, 4713, 5547, 6866, 9490, 8228, 4449, 8515, 8265, 1134, 4678, 2966, 9920, 3615, 1829, 3731, 5334, 5840, 8805, 7589, 1782, 660, 3027, 868, 432, 7641, 4345, 7327, 8236, 5429, 8874, 7096, 2014, 3459, 4359, 8364, 4114, 9755, 5904, 2280, 2951, 8911, 3679, 5224, 8657, 7867, 8609, 2758, 4766, 5354, 8928, 409, 1045, 9044, 616, 9206, 4245, 4074, 9448, 9308, 9000, 4825, 332, 5395, 94, 8469, 4399, 9561, 6817, 5570, 1273, 3633, 1688, 7471, 537, 2222, 5068, 6084, 3366, 4695, 8340, 7104, 6891, 8001, 1820, 6630, 5498, 6479, 5885, 6004, 2638, 8912, 7476, 6567, 7042, 5852, 4931, 8235, 8492, 7879, 8701, 1817, 8503, 3244, 1654, 1368, 8672, 6579, 6074, 4137, 3997, 336, 5328, 9732, 8363, 8409, 1281, 7578, 8005, 8093, 3446, 9865, 2891, 844, 476, 1339, 5144, 4670, 334, 9224, 7271, 9004, 6591, 8882, 1268, 3618, 9806, 2323, 1830, 5251, 6926, 5649, 7896, 9181, 8700, 7190, 3407, 4854, 4232, 2886, 9696, 7487, 3576, 5497, 1837, 8841, 2641, 5021, 3941, 8929, 1671, 9639, 2194, 2990, 586, 5385, 7677, 7186, 3762, 582, 5340, 1537, 5655, 3136, 5784, 4994, 5293, 9384, 939, 3519, 9375, 8586, 9277, 7593, 2490, 7053, 6354, 782, 5701, 2341, 6991, 1479, 6658, 9820, 1051, 4082, 891, 4247, 297, 6287, 1166, 5631, 1719, 3277, 2516, 8761, 193, 7696, 63, 1424, 4185, 5430, 2334, 8580, 2374, 384, 8483, 9707, 5333, 1189, 5193, 571, 814, 4980, 1483, 833, 3297, 581, 8539, 6110, 4833, 4372, 4666, 4213, 1840, 3656, 6184, 5090, 8385, 1324, 8000, 6273, 3193, 7087, 3843, 7580, 3673, 9418, 4703, 6590, 5893, 2160, 3452, 7058, 5123, 2682, 4022, 264, 7110, 5526, 1505, 8056, 3639, 7481, 4238, 3873, 5443, 5635, 8899, 566, 2564, 9691, 6797, 7301, 3542, 5602, 5314, 5594, 1942, 396, 10000, 1132, 434, 6595, 7765, 4916, 3613, 4585, 991, 273, 9640, 2518, 6392, 4925, 6556, 1913, 1666, 8494, 1058, 558, 9521, 5474, 1985, 8528, 3279, 6711, 5747, 3357, 9720, 7423, 6899, 7323, 912, 9693, 5420, 2635, 7967, 492, 942, 6706, 4962, 2441, 6698, 6894, 7811, 4150, 1692, 8502, 6764, 6418, 8225, 6108, 3695, 8669, 3480, 6580, 4988, 7373, 3438, 7400, 7950, 1929, 3556, 5150, 1298, 9400, 1883, 4534, 6685, 4353, 4352, 1655, 7619, 8021, 6562, 6445, 6604, 2506, 4104, 4222, 9284, 9485, 7035, 9044, 1656, 8753, 3985, 2431, 8390, 7147, 5995, 3368, 3390, 8912, 6077, 7069, 5118, 6298, 3527, 3403, 312, 3555, 6818, 9494, 4077, 3783, 7981, 22, 4420, 4005, 5184, 8205, 1083, 7666, 9234, 2976, 1182, 6020, 4425, 5268, 4499, 9989, 4102, 7826, 4664, 89, 718, 9873, 2354, 8879, 3693, 5053, 1228, 7925, 9796, 4534, 1553, 7231, 3202, 5589, 5733, 7042, 9823, 8299, 6981, 5484, 8050, 4012, 7252, 7486, 6961, 3785, 2284, 1052, 9031, 9848, 1604, 4721, 7769, 6588, 3747, 1704, 7016, 7285, 9421, 3871, 3265, 1474, 7486, 9885, 2687, 872, 3083, 5702, 5452, 2765, 9892, 1157, 8939, 4760, 7126, 6939, 9803, 5673]
List Size: 10000
Insertion Sort Time: 5234.958700 milliseconds
Merge Sort Time: 63.149400 milliseconds
Built-in Sort Time: 2.624300 milliseconds

