Original List: [8760, 3099, 2156, 7214, 5298, 8775, 8703, 2873, 3778, 1536, 4685, 3338, 8328, 9004, 1259, 7142, 5332, 8983, 6388, 3415, 876, 2952, 5129, 1246, 814, 4996, 7408, 6178, 3394, 2065, 6827, 1191, 7765, 3167, 1379, 1198, 7159, 2247, 9455, 58, 5067, 1762, 3208, 5241, 6625, 1628, 3998, 4220, 2024, 45, 5443, 4468, 8077, 7349, 9425, 5621, 4049, 5450, 6018, 4325, 3526, 7295, 6872, 2275, 6325, 683, 3072, 4139, 1686, 7849, 3741, 2116, 7618, 9370, 3494, 7288, 2788, 8028, 7093, 8627, 9523, 6410, 535, 4245, 3911, 956, 8143, 7554, 7292, 5063, 9435, 4025, 37, 3906, 7093, 4340, 2325, 3178, 7959, 7829, 4685, 410, 503, 6601, 908, 6657, 9675, 7886, 1829, 2171, 5482, 6035, 6124, 6395, 4344, 3224, 1647, 7457, 7110, 7149, 842, 4758, 3533, 8172, 4245, 7450, 4372, 8261, 1214, 2361, 6944, 6879, 6414, 6701, 4466, 7490, 8143, 2022, 6226, 6007, 7696, 2623, 6972, 1704, 1180, 7077, 7666, 9178, 2922, 2367, 1869, 5040, 1771, 3165, 6129, 8576, 3965, 2008, 1809, 2855, 4745, 7496, 9520, 1428, 8353, 1475, 4932, 1511, 9666, 2560, 6191, 371, 5448, 8397, 6038, 4418, 8521, 1785, 5341, 3163, 138, 1207, 3865, 9574, 221, 5430, 8701, 3214, 6548, 9653, 4789, 772, 5988, 819, 327, 2963, 5498, 8089, 6059, 6914, 1817, 7637, 2897, 9921, 4041, 7496, 708, 7917, 6391, 7623, 972, 2667, 2698, 3801, 6884, 9549, 9207, 7034, 3068, 4577, 3148, 3725, 9662, 5015, 8522, 5208, 8744, 2055, 881, 3720, 6311, 4846, 5509, 622, 4881, 1575, 8605, 2543, 6368, 6726, 115, 2235, 1275, 8305, 8163, 5970, 7336, 3412, 1937, 420, 165, 6817, 9134, 6331, 8456, 6946, 6803, 3657, 2785, 2791, 615, 3611, 3387, 792, 2673, 1006, 7669, 2346, 8775, 4641, 1401, 9405, 8434, 6129, 8803, 9767, 5493, 1063, 1030, 8561, 6790, 4405, 2245, 7347, 519, 3621, 152, 9853, 6843, 304, 4776, 5059, 1224, 9042, 178, 7591, 8558, 242, 431, 1503, 615, 5199, 8843, 2889, 3988, 3373, 2608, 2601, 4785, 4127, 9970, 5178, 7884, 9245, 8203, 3567, 5462, 6386, 6610, 6160, 1227, 5932, 9574, 5474, 2076, 3388, 7129, 2549, 3032, 4412, 6605, 4600, 6377, 8081, 93, 3220, 7078, 3462, 7806, 5803, 5059, 5272, 4447, 3601, 2038, 5244, 1220, 467, 8873, 5451, 5120, 2614, 4294, 9612, 8573, 2702, 4920, 5346, 2007, 3553, 1146, 7395, 4941, 4595, 4931, 6046, 7362, 6039, 8757, 8705, 3522, 8922, 5168, 2776, 1631, 4026, 8137, 3384, 1160, 8019, 4296, 8265, 5411, 5733, 2471, 5185, 9810, 6950, 9160, 6350, 4438, 4403, 8154, 8290, 7270, 1859, 5619, 7798, 1639, 7251, 6361, 8371, 8033, 6897, 8780, 5005, 3771, 9665, 2052, 6306, 3862, 2609, 2585, 2495, 4065, 1627, 7826, 2998, 9307, 4494, 4623, 624, 6067, 9047, 7280, 9798, 101, 8991, 6560, 5209, 346, 442, 3931, 1571, 4392, 7323, 2572, 3525, 272, 8490, 9346, 9904, 1521, 8114, 1081, 1969, 8693, 3898, 1611, 5798, 5296, 5212, 6621, 8505, 9510, 4608, 286, 3019, 5888, 7898, 5973, 6969, 2995, 4712, 3767, 1301, 3963, 2351, 8369, 877, 5903, 1808, 7797, 1485, 5061, 9851, 2353, 1009, 2094, 3623, 9343, 9007, 2200, 2782, 6718, 9216, 1887, 3151, 9469, 1780, 2779, 4316, 2201, 9676, 562, 7033, 5336, 2093, 2177, 6596, 138, 1420, 1031, 7667, 6604, 1437, 5346, 4799, 7558, 8897, 9593, 7869, 5563, 737, 6317, 6361, 4446, 6849, 6383, 7557, 1287, 3659, 29, 2943, 6562, 6634, 5511, 1779, 9983, 6447, 5092, 7907, 7031, 2641, 4381, 5312, 5020, 2226, 2956, 3559, 2140, 7386, 6359, 672, 6849, 3587, 5654, 3260, 8400, 3052, 1027, 9848, 6699, 9686, 3188, 2215, 1806, 2923, 8651, 9424, 4591, 2035, 1776, 6319, 2842, 5520, 1744, 5250, 3980, 6500, 8595, 7022, 646, 2036, 3970, 5745, 5844, 5232, 5486, 2408, 7693, 1825, 5948, 8547, 6460, 8649, 2298, 1402, 3235, 3582, 2659, 1265, 946, 1323, 5231, 506, 1972, 5629, 876, 7185, 7100, 3100, 2616, 8445, 2084, 8350, 6048, 9765, 9072, 6955, 7845, 8721, 6916, 5704, 5201, 6861, 7015, 6570, 1154, 237, 6701, 3977, 8679, 4214, 3971, 3360, 3624, 270, 9922, 2229, 1869, 9011, 4256, 1067, 4208, 2623, 2994, 3126, 8514, 5459, 2114, 4475, 3330, 9333, 2556, 1725, 9748, 2162, 1223, 807, 9263, 7376, 8694, 2525, 7637, 3753, 3169, 6632, 9707, 9510, 4024, 3836, 9734, 8485, 5158, 8371, 7677, 96, 56, 6550, 273, 2105, 6088, 3672, 3849, 703, 5086, 4155, 4606, 3694, 7276, 7255, 8349, 4505, 7697, 7103, 2706, 342, 6531, 1067, 5350, 5874, 9337, 9300, 6557, 1624, 6771, 314, 2184, 7223, 8654, 8527, 6136, 7934, 9996, 6605, 5114, 6720, 732, 6897, 361, 7804, 508, 9996, 7499, 6190, 1704, 6032, 7145, 5004, 7064, 8909, 3105, 3835, 1022, 9985, 3357, 6023, 4335, 6051, 9659, 7201, 6451, 2812, 6494, 3959, 1725, 7095, 3675, 3480, 9223, 4531, 6108, 2950, 1189, 491, 2900, 202, 7218, 9226, 6391, 2585, 307, 8107, 7053, 5995, 4009, 9604, 3779, 2909, 1834, 8755, 1899, 4060, 128, 6137, 8947, 1664, 3103, 595, 5931, 7244, 6391, 4347, 3800, 9544, 1941, 1198, 1859, 2262, 2015, 4964, 6235, 1250, 1425, 4973, 273, 9376, 7643, 989, 7197, 353, 4418, 1197, 353, 7724, 8555, 3830, 4350, 2931, 4381, 4660, 8057, 4593, 600, 4059, 4467, 4752, 2778, 61, 7016, 593, 40, 2600, 5335, 3266, 2810, 7311, 8369, 161, 7627, 7374, 4011, 2172, 3404, 2966, 5061, 7143, 4590, 1540, 786, 9868, 6187, 2002, 4161, 5641, 4443, 8906, 7824, 1659, 8964, 9130, 1391, 2915, 1687, 1968, 7760, 7537, 2181, 8002, 345, 7269, 3044, 298, 9734, 5689, 7236, 5816, 9747, 5877, 6693, 3160, 4454, 6836, 9950, 5967, 5213, 924, 540, 4188, 9716, 5231, 8209, 9070, 6585, 7378, 8204, 6857, 630, 8228, 7933, 6499, 65, 3659, 1861, 7279, 3293, 6653, 3337, 4744, 3135, 777, 1562, 3669, 4193, 8575, 4077, 2332, 1319, 3916, 5748, 3579, 6934, 2032, 9273, 6182, 3629, 2094, 3234, 7690, 3107, 1099, 4944, 2845, 5168, 4402, 5010, 6226, 1979, 6331, 7333, 2585, 4348, 1959, 3426, 4394, 4464, 547, 7586, 5737, 7490, 9066, 5638, 9840, 4206, 2574, 2396, 1471, 8129, 6277, 9043, 9602, 2901, 7845, 5451, 9786, 4007, 3213, 3888, 9478, 1238, 7196, 5189, 5856, 3401, 4578, 3302, 4893, 2461, 6077, 3157, 5875, 6410, 9248, 6808, 3572, 6042, 8530, 8835, 2826, 9632, 1807, 827, 9341, 1863, 1052, 6655, 7765, 6453, 9612, 3282, 2021, 5821, 1710, 6190, 7476, 1883, 4831, 9683, 8028, 4760, 889, 6186, 497, 4037, 5957, 6077, 7670, 407, 298]
List Size: 1000
Insertion Sort Time: 50.233800 milliseconds
Merge Sort Time: 4.668200 milliseconds
Built-in Sort Time: 0.224200 milliseconds

Original List: [1263, 8944, 8823, 6133, 6913, 2397, 4558, 3870, 1840, 5381, 695, 7952, 9293, 8570, 7423, 862, 1280, 9381, 7464, 5320, 7879, 2320, 2820, 7805, 6594, 4341, 2816, 890, 6244, 3365, 6466, 2546, 3928, 3399, 3241, 1300, 8305, 322, 5227, 1423, 5649, 4842, 5090, 3622, 249, 8068, 6520, 7349, 9411, 1618, 8703, 8997, 8621, 3243, 9433, 8898, 7212, 7635, 3240, 7588, 4991, 802, 8402, 291, 9082, 4761, 626, 1765, 1371, 7229, 2585, 4508, 7241, 3904, 7896, 8799, 2692, 7129, 534, 712, 1275, 7285, 6099, 2674, 1923, 2660, 9688, 677, 5748, 7377, 4284, 9059, 4578, 588, 5623, 9176, 8053, 717, 9306, 5656, 9288, 8506, 2948, 7905, 2316, 110, 9023, 3876, 7178, 5395, 2654, 3973, 9847, 7072, 8410, 8399, 9018, 6866, 9425, 8496, 6719, 7810, 5321, 8096, 6148, 4681, 1994, 3126, 1423, 2870, 8249, 3373, 2160, 1335, 4860, 244, 6337, 6932, 9490, 2682, 3932, 231, 7446, 7673, 1115, 1001, 9396, 8619, 6468, 9808, 4462, 4709, 3889, 6266, 2042, 1807, 8930, 7339, 8741, 1718, 2893, 7005, 5583, 9979, 5686, 751, 6718, 1143, 7919, 8677, 6771, 6376, 5246, 9916, 4499, 7480, 1570, 4593, 3777, 1611, 775, 9401, 2887, 6342, 8775, 4567, 7181, 5175, 4018, 7049, 7875, 7388, 8970, 1632, 2129, 7770, 2143, 6166, 5165, 8031, 8285, 8877, 4479, 483, 9301, 2376, 5428, 1002, 3087, 2872, 7411, 4408, 2996, 9810, 6680, 7495, 2535, 985, 1358, 7808, 1813, 108, 9669, 8699, 245, 3083, 4633, 5737, 9714, 4336, 6747, 8099, 4855, 7279, 643, 4398, 9283, 8787, 1691, 6396, 407, 7370, 3079, 1359, 9647, 9256, 8446, 1354, 2433, 2163, 8761, 9372, 9990, 2320, 3991, 536, 9610, 3166, 4415, 5680, 7503, 9399, 5592, 6649, 5567, 1153, 5655, 278, 8342, 7101, 1184, 4171, 1890, 9931, 1219, 2781, 4541, 5577, 5730, 9866, 8688, 1236, 6835, 5195, 545, 7695, 5221, 1985, 6079, 3031, 5516, 1839, 107, 2693, 9812, 591, 4500, 4477, 5098, 6289, 6478, 4494, 6208, 9264, 183, 9248, 4813, 6027, 1005, 7537, 9996, 2550, 4145, 5038, 6377, 985, 5051, 8215, 2988, 4900, 4024, 2168, 9152, 1966, 3292, 6033, 4150, 6282, 7553, 3160, 5468, 3476, 2559, 251, 655, 952, 1762, 9811, 9673, 8811, 9789, 6295, 6396, 1202, 2516, 8380, 6821, 7941, 2629, 3902, 3339, 7451, 256, 5536, 4944, 7714, 9880, 2765, 5536, 2548, 1811, 4652, 6180, 7372, 8214, 2376, 865, 1679, 8357, 6235, 5551, 9603, 109, 6949, 5189, 3621, 8243, 4246, 6135, 7334, 1756, 1160, 5293, 3468, 4031, 9837, 7148, 9253, 6962, 3149, 5555, 5653, 9845, 4206, 5026, 3228, 8431, 2888, 6621, 3629, 856, 3599, 8820, 7340, 2295, 9367, 9379, 8851, 6730, 4528, 1176, 8030, 2850, 1622, 3400, 4096, 6637, 6255, 537, 9032, 7384, 907, 2729, 1112, 3023, 9141, 6057, 4940, 5796, 4829, 6332, 3532, 957, 7854, 6681, 3565, 7148, 641, 4962, 111, 6522, 3880, 496, 5360, 9141, 3450, 1006, 9604, 7870, 7883, 4921, 333, 2990, 756, 520, 3104, 1688, 1306, 456, 7758, 1063, 5655, 7602, 3516, 9119, 4448, 1951, 74, 3096, 2233, 7367, 6603, 247, 8091, 5126, 5421, 707, 6830, 6142, 9947, 793, 100, 3160, 3349, 7314, 2301, 7958, 1688, 1187, 5243, 8795, 4610, 2290, 8886, 3251, 8684, 3672, 4212, 8809, 4029, 8262, 2253, 4524, 3637, 4427, 9053, 5975, 5099, 916, 940, 7835, 5617, 9506, 2179, 8401, 7807, 1823, 8531, 9152, 866, 8108, 5109, 6374, 7398, 8134, 6847, 4906, 6816, 8072, 1158, 6083, 5443, 3110, 9935, 8115, 6238, 2272, 5869, 5625, 1344, 7051, 5050, 3160, 194, 8414, 1452, 5074, 1906, 6893, 5383, 6765, 5179, 5517, 6582, 5342, 2373, 6100, 4348, 2427, 4322, 503, 1161, 6914, 3340, 7421, 7101, 8064, 5081, 3364, 397, 9412, 7830, 5853, 408, 5338, 9986, 842, 6511, 360, 2021, 9081, 2761, 3258, 4855, 7451, 1059, 5512, 6725, 1929, 1367, 3006, 8775, 247, 2164, 6851, 9663, 6737, 2041, 3110, 5598, 2733, 6099, 4543, 536, 9358, 2234, 791, 8099, 1711, 3746, 5965, 6240, 1625, 4910, 3305, 4798, 3865, 735, 1894, 7042, 5954, 3207, 3601, 5575, 7165, 4778, 4741, 1157, 7361, 2618, 199, 4535, 1456, 2564, 6176, 2624, 5905, 2205, 2256, 9491, 9973, 7153, 7728, 3759, 3161, 3720, 7997, 4249, 7680, 3616, 8677, 3312, 4553, 1832, 3898, 2172, 1895, 5759, 2694, 1640, 1267, 5363, 2309, 7710, 3976, 3021, 7187, 3959, 6627, 5390, 4124, 1881, 1842, 5536, 3201, 9717, 5908, 252, 7234, 8698, 3820, 3098, 4620, 3947, 8114, 8419, 729, 8849, 9050, 4549, 1644, 6722, 8365, 1082, 5999, 7450, 3003, 3485, 5252, 5298, 3930, 4596, 7757, 6495, 7593, 1364, 8116, 5137, 3915, 7395, 1644, 2865, 5825, 4422, 3475, 5132, 7501, 751, 715, 8171, 5867, 5598, 7288, 1699, 9994, 6435, 2499, 5886, 8336, 1820, 2791, 7998, 4263, 2708, 2106, 1731, 1588, 3709, 3494, 6625, 5885, 1961, 3927, 8436, 9638, 1215, 7208, 8096, 6955, 4860, 8549, 8457, 3089, 3032, 8036, 5125, 895, 2350, 928, 5912, 6268, 957, 3650, 127, 3096, 2376, 332, 5459, 2479, 7770, 150, 749, 1223, 6458, 8107, 7577, 4300, 8821, 568, 1118, 3323, 5165, 1453, 2466, 5918, 1348, 5762, 1203, 7378, 2352, 1560, 6195, 3583, 3252, 9813, 1818, 3954, 1235, 3183, 1385, 8998, 1558, 4275, 6735, 655, 7237, 9369, 1730, 6497, 644, 5499, 9778, 3173, 4115, 3085, 9395, 3966, 1631, 1383, 3381, 265, 1508, 7614, 2768, 416, 7933, 9574, 853, 281, 4502, 4166, 4293, 3802, 2602, 3330, 5826, 8480, 6369, 7082, 866, 2011, 7860, 9932, 7206, 6578, 5943, 7715, 6758, 3126, 9621, 9502, 3758, 3295, 5914, 4550, 6513, 8838, 6668, 3237, 477, 714, 5469, 6360, 2306, 9202, 283, 7236, 3553, 608, 5810, 9101, 1631, 3057, 6069, 4879, 8497, 6583, 7592, 7301, 5003, 576, 2564, 2956, 4125, 4485, 5153, 4510, 3739, 9314, 9608, 2440, 1555, 8500, 1357, 1768, 2769, 7704, 7151, 7363, 8191, 4070, 7134, 1075, 6612, 4897, 6860, 3005, 2846, 983, 2750, 3294, 1495, 3508, 8946, 7716, 718, 5034, 5888, 4551, 4027, 7040, 3958, 7816, 3669, 2755, 589, 5646, 6089, 7957, 7338, 6003, 4763, 7173, 2867, 1094, 5184, 934, 481, 1791, 1200, 9879, 8298, 5885, 1353, 4456, 1500, 3049, 7219, 7827, 8815, 4718, 4862, 2964, 8780, 5342, 1010, 7142, 3426, 6508, 4169, 9390, 7860, 8005, 5748, 9689, 8183, 4563, 988, 5095, 3359, 4321, 4148, 7779, 5531, 3339, 4317, 289, 6901, 4723, 4405, 5668, 9013, 2837, 9050, 1560, 4745, 1434, 3261, 8728, 3846, 2084, 3470, 2946, 8080, 6972, 9695, 474, 5043, 6547, 5861, 1883, 6197, 2836, 8818, 2468, 5626, 6830, 7601, 8470, 7631, 1427, 8944, 740, 883, 9918, 885, 1254, 9915, 5994, 5427, 3395, 9116, 1903, 9082, 3152, 679, 1886, 8901, 4596, 1707, 9627, 849, 7775, 7251, 9753, 7410, 3520, 783, 215, 7239, 1234, 4604, 7644, 5676, 504, 3615, 1371, 8631, 7892, 6712, 8037, 5440, 2554, 87, 8964, 8617, 7078, 9940, 3360, 3023, 5429, 2344, 9009, 4306, 8104, 4580, 9137, 7287, 844, 9676, 6506, 8768, 5663, 8469, 9601, 1969, 9151, 6261, 8353, 3578, 819, 7424, 3162, 1646, 2400, 9636, 7330, 4362, 6815, 2638, 7901, 584, 854, 9750, 8359, 8100, 2548, 2012, 253, 8824, 7329, 8238, 8658, 6666, 8395, 7464, 2791, 3142, 8561, 3281, 1346, 25, 8585, 3269, 6767, 8453, 400, 7302, 8375, 1401, 2923, 1873, 9431, 4685, 8741, 6378, 8299, 8276, 4060, 3281, 5387, 6344, 7963, 8034, 3636, 2391, 9199, 3136, 4387, 9525, 8723, 6809, 3825, 795, 8369, 7590, 9320, 4478, 8449, 5958, 1879, 9978, 7819, 703, 1212, 8467, 5707, 3892, 7301, 9397, 6952, 9282, 1210, 5641, 6698, 1914, 2621, 5794, 4133, 11, 1199, 8095, 6086, 4020, 6508, 5693, 1288, 7364, 9053, 9463, 6806, 8959, 2442, 8802, 6058, 7814, 2527, 6234, 3000, 4085, 1139, 9830, 4965, 1138, 806, 8266, 4900, 1504, 8172, 3966, 6931, 1544, 5345, 772, 1618, 3032, 2349, 1131, 160, 5684, 4253, 7110, 5409, 5854, 4949, 5670, 6386, 1777, 852, 1539, 6663, 7754, 9649, 3574, 364, 4717, 4115, 5903, 3372, 9931, 5341, 947, 6539, 8641, 7862, 6613, 97, 2373, 5106, 7480, 7908, 1988, 96, 5083, 8035, 6158, 7065, 1748, 4138, 8835, 2917, 3333, 6190, 3957, 5121, 3300, 5231, 1046, 9424, 7264, 2525, 8775, 8777, 4447, 8452, 6675, 1082, 6094, 9241, 3518, 6808, 8058, 5931, 5201, 5624, 3787, 5884, 2100, 2206, 8336, 4693, 3701, 7371, 95, 4091, 5325, 6474, 1518, 6954, 9843, 7231, 1837, 4601, 7494, 7370, 5939, 6914, 6497, 441, 6935, 8276, 531, 4253, 8610, 7660, 6793, 2764, 4409, 1651, 78, 7572, 7903, 8269, 4229, 5279, 3473, 9078, 7309, 696, 9756, 3758, 8257, 4727, 1806, 6735, 6642, 8304, 9138, 6592, 519, 9851, 259, 2262, 5372, 6151, 1759, 2848, 7612, 3118, 3550, 2471, 2833, 6521, 6557, 5266, 3693, 1306, 6794, 3184, 6987, 5272, 4949, 775, 716, 507, 2111, 7540, 5426, 8909, 9005, 3035, 969, 4156, 6246, 2053, 9889, 6228, 4578, 6434, 1910, 2708, 9483, 261, 8036, 6416, 3744, 9488, 5251, 9807, 8295, 3615, 3397, 5824, 6286, 6146, 8315, 9337, 5703, 2099, 9575, 8393, 7710, 7717, 3563, 1865, 6293, 6787, 1308, 5332, 6202, 9865, 2355, 8622, 1044, 3436, 496, 8616, 5735, 1527, 9911, 8101, 8545, 7866, 6807, 2221, 2216, 6161, 7410, 6706, 967, 7295, 7471, 5274, 8670, 7758, 3891, 1990, 6343, 5057, 6837, 3982, 3997, 9892, 9485, 3339, 7330, 9877, 3543, 8291, 5433, 179, 3511, 9585, 1548, 4174, 484, 9215, 7702, 7310, 8638, 744, 9702, 2963, 3103, 5605, 2193, 4664, 9024, 8349, 790, 6948, 9706, 5906, 7058, 2246, 4108, 5242, 5658, 7709, 3081, 1145, 3646, 5377, 3337, 9694, 5697, 6926, 4328, 8551, 3871, 8967, 1393, 8648, 9972, 6627, 3221, 2318, 2132, 7199, 4769, 2210, 6177, 5698, 9844, 9147, 6625, 9382, 7497, 9200, 1332, 4532, 873, 659, 3931, 829, 2257, 1774, 8009, 8540, 8890, 1444, 5445, 3602, 3812, 8287, 6651, 2246, 1914, 9051, 6667, 4858, 502, 6507, 9656, 5217, 6894, 8558, 1257, 6317, 7328, 2384, 9668, 9587, 7272, 6472, 5402, 7169, 2066, 5407, 2399, 5759, 9179, 8714, 2542, 3171, 9916, 9081, 8084, 6040, 4576, 1464, 5396, 6840, 2988, 1768, 9753, 7035, 583, 6203, 1919, 8290, 1170, 1893, 4604, 1584, 4784, 4785, 9985, 6157, 9573, 5642, 8155, 4230, 4750, 1512, 7302, 2315, 7927, 899, 8952, 2305, 1781, 7043, 218, 461, 9175, 881, 3792, 8390, 9734, 4142, 4108, 1041, 3575, 8574, 8654, 8284, 8165, 5885, 6731, 3199, 9286, 365, 1629, 3993, 5222, 967, 7083, 5939, 775, 7965, 7380, 2027, 4861, 8526, 4803, 1715, 4254, 5705, 373, 5356, 8308, 8242, 1880, 5216, 5935, 6807, 2558, 1679, 2152, 1189, 3376, 6458, 8732, 2234, 6056, 920, 9603, 1513, 9279, 8823, 3081, 9169, 3092, 108, 6258, 6032, 4165, 1292, 9271, 8083, 6628, 8080, 8502, 3086, 7371, 9067, 3606, 3799, 8864, 4118, 3790, 856, 9188, 2692, 8799, 1583, 6962, 1212, 5360, 2390, 8299, 3690, 8537, 2971, 2308, 5742, 3450, 4725, 5792, 7120, 4491, 3727, 6618, 3785, 5481, 9340, 5929, 420, 8177, 251, 3640, 4831, 3024, 2991, 6948, 9013, 1910, 523, 9092, 3896, 193, 4273, 8826, 7873, 8683, 1031, 7312, 2708, 45, 3157, 1762, 9553, 5827, 5824, 920, 9445, 6189, 936, 2971, 7461, 1042, 4714, 3776, 8450, 8218, 5585, 6622, 502, 7477, 1605, 2865, 4771, 2136, 3510, 9647, 410, 8069, 6359, 8050, 7330, 6864, 5958, 9917, 3133, 28, 8053, 3905, 6353, 9999, 2143, 2780, 7604, 401, 705, 9151, 3854, 7775, 142, 8671, 576, 9847, 1127, 6458, 3362, 6107, 6139, 8524, 6764, 4456, 9370, 8265, 6231, 9288, 4214, 2132, 6440, 8874, 3954, 1825, 990, 9904, 1080, 5820, 5762, 7550, 8335, 7596, 3927, 8773, 9022, 5245, 9242, 4623, 9124, 2157, 4174, 4659, 2664, 5789, 3111, 203, 3778, 7924, 6135, 9498, 9988, 5743, 7518, 3902, 3601, 9910, 4980, 6078, 4379, 1745, 7600, 6386, 3003, 1493, 5957, 9064, 1502, 4243, 348, 8268, 7192, 3878, 9954, 7023, 877, 6582, 898, 3692, 9292, 4123, 7637, 2734, 3481, 2934, 942, 7119, 5400, 8481, 3338, 6117, 4272, 8660, 6320, 9530, 581, 5145, 371, 9946, 1416, 3191, 8529, 4211, 2645, 8341, 3424, 4985, 9083, 5236, 2983, 1289, 4905, 5233, 2911, 9934, 1683, 7804, 6409, 8598, 1550, 7260, 5146, 7003, 6789, 310, 3158, 7039, 4296, 4736, 8001, 1783, 7811, 40, 9574, 6871, 9986, 2027, 5130, 8493, 5370, 9168, 6325, 6116, 4402, 8786, 1986, 6110, 9298, 5031, 1919, 332, 5397, 7563, 4791, 3461, 4530, 1804, 8598, 4263, 9191, 2910, 5330, 5033, 8544, 9433, 6580, 520, 1992, 5340, 2103, 1776, 4047, 7848, 257, 535, 7209, 3348, 5643, 3106, 610, 6971, 4098, 7572, 8855, 3937, 7685, 4875, 1028, 6980, 5407, 9421, 9901, 9944, 4673, 6454, 2910, 5258, 1663, 6180, 9720, 2288, 8964, 2049, 266, 8271, 1747, 7965, 4374, 3240, 6506, 5296, 3606, 8527, 1410, 582, 3439, 1873, 1240, 7940, 6821, 1224, 5717, 7133, 1865, 5253, 6501, 2231, 3088, 4001, 2020, 9304, 9196, 1685, 5658, 1207, 3378, 698, 5870, 9578, 4015, 2942, 5440, 2686, 2955, 7018]
List Size: 2000
Insertion Sort Time: 236.613800 milliseconds
Merge Sort Time: 51.808600 milliseconds
Built-in Sort Time: 0.578200 milliseconds

Original List: [9833, 7982, 2762, 2425, 4676, 4844, 2137, 2568, 8769, 9177, 9393, 1258, 6603, 6086, 4463, 8038, 6334, 1060, 4563, 6951, 4670, 4092, 5431, 1578, 1006, 4055, 3570, 916, 8215, 7948, 5556, 9045, 6966, 5716, 5772, 3692, 6674, 4799, 1722, 4081, 3533, 2806, 9655, 7776, 4487, 328, 4262, 1077, 4965, 9986, 6335, 3832, 280, 1291, 994, 1424, 4446, 3685, 910, 8984, 3840, 1643, 4895, 4856, 3092, 8477, 5040, 3519, 5587, 9281, 9803, 1361, 4279, 9590, 2911, 1807, 7911, 658, 1988, 4245, 8361, 562, 9117, 8249, 8574, 5817, 6112, 9342, 3508, 7847, 2871, 7227, 7436, 4421, 8859, 1375, 8429, 349, 9543, 613, 7985, 7745, 2352, 1806, 7610, 9098, 7499, 7179, 5898, 4574, 1501, 4556, 1356, 655, 8652, 3638, 8459, 1996, 5004, 9167, 9375, 9561, 9388, 2672, 515, 6341, 8114, 7097, 4798, 5147, 9546, 9308, 6343, 9324, 1940, 2790, 9909, 5944, 2452, 1192, 5518, 4102, 158, 5024, 3368, 3800, 615, 8474, 6634, 5010, 8172, 8404, 1984, 2867, 4092, 1610, 6119, 6874, 320, 5766, 6501, 5916, 2083, 891, 8995, 8465, 1165, 179, 2006, 8972, 415, 4472, 4411, 6941, 9539, 6425, 6945, 1305, 5664, 3414, 3808, 6885, 260, 7280, 883, 6769, 4047, 5791, 2857, 1274, 5770, 9528, 581, 5490, 4117, 4262, 6855, 1769, 6045, 3259, 4228, 2896, 4932, 532, 864, 9175, 6741, 520, 1306, 1611, 1535, 490, 1632, 204, 7547, 6831, 3848, 3396, 8116, 6936, 627, 5569, 2165, 2806, 2599, 2831, 3189, 8878, 4956, 6882, 3229, 9279, 9656, 6097, 9773, 5115, 7685, 1958, 4520, 6035, 2026, 438, 4149, 1558, 1573, 4266, 6736, 9984, 7174, 3561, 915, 7972, 3607, 7983, 6830, 6714, 5075, 5744, 1628, 2814, 1545, 3056, 2330, 4413, 9451, 2913, 4829, 5821, 1329, 4358, 4072, 7823, 1894, 995, 9408, 6301, 6594, 7996, 1898, 1781, 9064, 3196, 851, 7005, 9212, 7085, 3161, 8366, 538, 1660, 8234, 6692, 5988, 4173, 4992, 1848, 3989, 4507, 7697, 2782, 6936, 8299, 8527, 6027, 3925, 3682, 4313, 2183, 7733, 6061, 6003, 5993, 3939, 4689, 7905, 9101, 9163, 6388, 9473, 3796, 515, 4754, 5459, 7424, 582, 6154, 2106, 20, 607, 1021, 7707, 713, 7279, 9241, 7232, 8195, 7951, 5905, 8330, 6115, 2262, 9041, 4784, 499, 4180, 7782, 246, 6104, 6332, 5825, 4980, 7103, 2653, 2633, 9738, 2081, 7194, 7021, 7841, 377, 3943, 228, 7703, 5529, 864, 6127, 4153, 3187, 6743, 8136, 8728, 3933, 3404, 3708, 6992, 5439, 3014, 4766, 2154, 4366, 7941, 6331, 9543, 733, 161, 4598, 1036, 3666, 8453, 1778, 8840, 4530, 947, 6963, 1055, 1994, 4820, 5680, 3458, 7359, 1591, 3136, 5254, 2286, 5572, 5404, 8403, 2545, 8109, 5773, 9604, 4965, 4620, 5883, 699, 8066, 3483, 4975, 2762, 9149, 1072, 2032, 6252, 2631, 2076, 1626, 1041, 8075, 7466, 4731, 7813, 2481, 4997, 5723, 659, 1079, 48, 9881, 3720, 8612, 3032, 2666, 2286, 212, 4179, 956, 3462, 5441, 5016, 4922, 3683, 6839, 5401, 9839, 2520, 9698, 9470, 5636, 8630, 5762, 7767, 152, 2096, 6435, 7709, 2509, 9927, 4120, 1298, 7839, 8859, 4618, 452, 2448, 5144, 2108, 969, 1687, 7101, 6692, 2859, 3468, 5800, 7822, 2588, 4754, 2826, 7545, 4040, 2829, 1309, 5436, 5944, 111, 4550, 9742, 5783, 9164, 6977, 674, 6892, 5443, 290, 4486, 7649, 1376, 7408, 1369, 1124, 6704, 5067, 4113, 5287, 1447, 6485, 60, 9320, 4617, 5766, 3350, 1331, 8008, 3807, 808, 224, 6634, 2057, 6295, 8855, 1299, 1876, 3413, 1747, 3917, 6745, 5422, 2987, 3278, 4141, 8391, 6561, 2591, 7102, 4688, 2159, 8773, 358, 9161, 3948, 1372, 2226, 4925, 8792, 8111, 9300, 6095, 2977, 8742, 1867, 8033, 1215, 3200, 8501, 2662, 3565, 2096, 3188, 4079, 4015, 7556, 3544, 1017, 3303, 5549, 3972, 1031, 258, 7523, 5426, 8827, 89, 5281, 3447, 9144, 964, 5632, 223, 8404, 1984, 8311, 5050, 6992, 7756, 3359, 4787, 7973, 5408, 2530, 5969, 5929, 1400, 7807, 499, 8641, 4726, 2492, 627, 383, 3566, 6328, 7735, 5766, 2794, 7197, 3624, 3974, 547, 4145, 2389, 8389, 8183, 4031, 6979, 8295, 8366, 8943, 2381, 2250, 9440, 2044, 6379, 6678, 3807, 250, 6663, 8177, 4785, 5921, 8872, 5168, 4185, 3350, 6346, 2641, 8718, 903, 1173, 4273, 7861, 8280, 2074, 231, 1827, 7234, 8808, 524, 4511, 357, 4966, 7348, 6751, 5392, 2950, 2394, 2590, 6001, 6808, 1232, 9622, 1721, 2855, 8112, 7804, 1850, 8322, 9752, 8246, 1662, 6478, 34, 844, 5421, 9650, 5241, 4175, 8489, 3354, 7831, 6293, 94, 9524, 8789, 3293, 1578, 4349, 6924, 6219, 8248, 4564, 8269, 6861, 3402, 3189, 3858, 1017, 9804, 3764, 8140, 4253, 1169, 4109, 4358, 8464, 2841, 5256, 4674, 6375, 6575, 3508, 8705, 1774, 2026, 7019, 8234, 5953, 3958, 7113, 1433, 2918, 6656, 2083, 6044, 5449, 5081, 4546, 8745, 5046, 1301, 6231, 34, 6415, 1104, 6471, 3807, 4413, 950, 7370, 1423, 2361, 762, 5182, 2960, 6935, 2667, 2534, 3343, 1263, 6163, 4385, 7547, 9696, 6951, 2050, 9710, 2224, 5739, 8921, 5946, 6995, 5119, 6143, 3154, 5441, 9628, 8193, 9510, 27, 6157, 5966, 2253, 2164, 316, 6323, 140, 6389, 1761, 2421, 6366, 7367, 9320, 6277, 693, 6182, 5647, 9113, 9339, 8380, 7098, 3295, 6959, 5029, 2291, 3037, 7081, 9451, 3695, 3603, 6340, 3513, 1385, 4183, 6151, 8247, 5437, 3386, 2587, 1471, 7820, 6216, 4545, 6713, 9950, 3560, 3659, 6043, 4714, 3174, 6123, 7348, 1284, 3978, 3082, 7881, 3707, 5778, 1506, 6901, 7538, 2102, 5119, 1161, 3739, 5704, 6157, 942, 9610, 3178, 4146, 9665, 6702, 7086, 4383, 9555, 2095, 9455, 3936, 8287, 8432, 206, 692, 4199, 6853, 3646, 6865, 7218, 4823, 894, 7787, 7314, 6594, 1713, 3899, 9057, 1903, 8386, 2351, 6971, 8540, 6597, 691, 8141, 6608, 2257, 6776, 144, 7821, 9383, 6729, 7208, 2282, 1556, 3154, 2778, 3441, 3453, 3886, 860, 8318, 9562, 9495, 5796, 2233, 6476, 4024, 5099, 8175, 2922, 4871, 3068, 7952, 4145, 6825, 7223, 8612, 1083, 7283, 538, 3204, 8544, 2398, 1231, 1309, 7630, 7425, 6507, 7103, 1766, 590, 8118, 1828, 8283, 3412, 449, 9564, 669, 2467, 1078, 6087, 3154, 6442, 7170, 402, 3166, 8775, 5222, 2851, 4609, 9890, 7283, 7849, 3078, 5598, 1961, 3435, 9524, 4856, 7320, 7478, 1010, 6126, 336, 6882, 6530, 4618, 8156, 4761, 1270, 5927, 8583, 7528, 5032, 9312, 343, 3614, 6457, 3416, 7186, 6180, 5586, 2417, 3279, 7001, 265, 7867, 5182, 9642, 4673, 9772, 7718, 1773, 6705, 9123, 8267, 7537, 6945, 3951, 9698, 3909, 6005, 2589, 556, 8123, 4574, 5022, 2488, 1024, 7181, 7710, 9285, 671, 1491, 5663, 7721, 729, 8518, 8432, 3415, 6497, 9478, 9095, 7245, 9043, 7531, 3730, 9908, 6468, 1196, 2508, 5032, 1369, 6995, 7034, 7881, 5885, 6673, 2978, 7326, 4045, 3331, 3197, 9600, 3861, 7678, 881, 1276, 1591, 4357, 370, 8090, 7155, 4713, 5794, 5871, 5555, 1981, 8522, 606, 2254, 896, 7220, 18, 7798, 5178, 7838, 3212, 3375, 2634, 1103, 6249, 1145, 9576, 1811, 9991, 2135, 5255, 7149, 1014, 5089, 1871, 5633, 115, 5429, 5988, 6444, 462, 2082, 5799, 9783, 4608, 1604, 9167, 5673, 1372, 6484, 7801, 4717, 2750, 5312, 253, 7130, 5697, 897, 4499, 2341, 9741, 6229, 3692, 6240, 4261, 2460, 3199, 4692, 7483, 7863, 4999, 9574, 5649, 4765, 6531, 8637, 102, 606, 6796, 164, 7600, 3336, 4786, 9627, 5786, 9555, 1075, 7737, 2741, 2442, 6976, 1203, 8620, 8291, 500, 7424, 153, 6508, 4775, 9910, 1410, 568, 3859, 9898, 962, 9060, 4874, 7004, 1420, 2073, 11, 6483, 9437, 6181, 7638, 8665, 3966, 7563, 82, 6188, 4041, 5435, 9452, 598, 2093, 1203, 299, 3147, 7389, 7134, 4627, 9568, 4850, 7929, 6799, 4110, 1496, 9299, 113, 8135, 5685, 1694, 9789, 5952, 2985, 9606, 882, 3488, 4537, 13, 6813, 401, 8286, 703, 9711, 4774, 554, 3361, 9746, 9384, 8054, 1694, 7155, 5192, 488, 9221, 7392, 8382, 3764, 4732, 4241, 8637, 9470, 1761, 7065, 7914, 6353, 2549, 2188, 8167, 7663, 6148, 3766, 5631, 9948, 3548, 9678, 5788, 6559, 8588, 6615, 6729, 5558, 1708, 1380, 1533, 1907, 8580, 346, 8147, 7620, 784, 4616, 5424, 7557, 3735, 2203, 279, 2422, 2899, 4583, 5933, 5967, 3884, 6695, 5677, 2157, 9255, 5455, 1753, 1323, 6555, 4469, 3479, 7965, 9198, 2668, 5381, 6251, 8383, 9224, 8261, 4855, 5229, 5052, 6494, 7139, 6047, 2723, 4099, 8618, 4563, 2683, 2353, 197, 7770, 1306, 9819, 1629, 7960, 9967, 6230, 3890, 1103, 3467, 379, 895, 9310, 9379, 5558, 2112, 6966, 6328, 2007, 6486, 5644, 4677, 2473, 5220, 2913, 8576, 6805, 1965, 1922, 2768, 8593, 4176, 5288, 3270, 2607, 4206, 8303, 2709, 4908, 3130, 5693, 580, 7724, 2661, 5721, 2237, 4979, 4600, 149, 4801, 2047, 1908, 1390, 423, 5683, 4865, 6985, 5686, 4625, 3762, 2856, 5778, 3239, 3772, 7084, 1206, 4686, 1245, 1642, 2385, 4262, 42, 2573, 4203, 3086, 6559, 4725, 8844, 362, 7639, 7382, 4549, 5730, 7943, 8938, 96, 7538, 4576, 9690, 3525, 6219, 9642, 2644, 1416, 6465, 8773, 8395, 399, 9333, 9192, 7771, 8412, 6948, 2710, 3344, 9440, 5094, 8847, 2065, 6316, 6356, 3861, 4175, 4614, 8632, 2245, 6386, 49, 2434, 7113, 4948, 4014, 2266, 7478, 6261, 1419, 9276, 8425, 5461, 1898, 2698, 9182, 6288, 2492, 6415, 7289, 5118, 7168, 7287, 4743, 4902, 1016, 1236, 3982, 3558, 7850, 2180, 5824, 6471, 7587, 2640, 1195, 8192, 1609, 287, 9859, 1942, 3534, 5032, 3702, 8605, 4699, 5306, 9333, 991, 6197, 1175, 3971, 1398, 8822, 9243, 5945, 9743, 1216, 1949, 3113, 5329, 7786, 7389, 9561, 4617, 8887, 2967, 9576, 6710, 4909, 6151, 680, 6542, 3561, 1842, 4546, 1402, 7723, 4568, 8519, 8119, 2577, 7206, 1485, 8396, 5520, 9882, 7999, 2637, 3700, 418, 4366, 9963, 4730, 473, 8739, 2149, 1271, 9857, 1606, 1811, 17, 9410, 4105, 4145, 813, 5532, 3126, 6516, 4425, 6919, 2574, 185, 5490, 9437, 675, 7809, 3861, 9443, 4082, 9339, 128, 9275, 4555, 9618, 1767, 3822, 9798, 6390, 7483, 5627, 315, 7750, 8025, 1004, 8212, 2057, 7979, 8420, 3915, 1209, 3308, 5874, 1956, 7414, 250, 9085, 6777, 9571, 7382, 8142, 9362, 1564, 1163, 3290, 7277, 1118, 247, 6469, 1125, 9649, 4505, 8028, 3134, 3362, 1208, 6713, 9202, 9730, 8519, 7316, 2086, 8793, 1091, 4711, 1277, 2307, 1327, 6560, 3552, 6075, 2719, 7697, 3272, 6394, 2226, 5894, 186, 434, 8251, 7510, 1961, 2177, 5689, 2565, 4775, 8621, 5245, 9300, 4589, 9818, 3214, 7265, 9977, 81, 3553, 5352, 5414, 5839, 125, 1148, 3368, 141, 6509, 8493, 9172, 7361, 3963, 8728, 4280, 1951, 3617, 7078, 9948, 9445, 9637, 9582, 1285, 3531, 1358, 1616, 7739, 730, 3133, 2632, 3876, 1215, 7437, 5605, 8058, 5411, 297, 1420, 3, 7432, 9572, 8550, 6050, 3594, 701, 9821, 5699, 7157, 7398, 7023, 9718, 2709, 5138, 9916, 2352, 4350, 3930, 8006, 4609, 3123, 8342, 4007, 5838, 329, 8931, 4954, 1180, 9992, 5440, 9711, 5306, 9433, 1721, 5968, 5427, 5415, 8373, 5519, 5141, 5272, 7546, 822, 7756, 6577, 3052, 6962, 4578, 9315, 7916, 7315, 5152, 8413, 6919, 4267, 6766, 1774, 8963, 2186, 2730, 9922, 9918, 9865, 9630, 8540, 3169, 6867, 3587, 2598, 9610, 7749, 7464, 9589, 1287, 3855, 5892, 5546, 994, 5055, 8941, 8874, 195, 9877, 188, 811, 6368, 5166, 8806, 5299, 4190, 5592, 5700, 7367, 9580, 9703, 483, 8330, 6107, 4375, 3554, 4678, 2889, 4268, 6380, 2696, 7066, 1251, 5998, 9876, 9677, 8229, 1165, 9887, 7862, 51, 7599, 7140, 5847, 766, 3183, 1990, 7369, 5936, 1389, 5231, 1052, 318, 8142, 4312, 6169, 5264, 8095, 6071, 6181, 8143, 5710, 2119, 1, 7360, 3581, 6969, 1081, 5148, 5991, 1002, 1371, 4330, 9775, 5860, 8181, 7421, 8894, 7602, 4527, 3064, 9800, 2818, 6194, 9321, 431, 7967, 5094, 1550, 6278, 1502, 9960, 9470, 1606, 8318, 7516, 2568, 134, 5098, 5542, 8621, 5079, 8667, 548, 3347, 5863, 8605, 3809, 9502, 3143, 936, 9508, 2940, 5141, 1301, 8874, 7641, 1527, 6488, 5989, 7115, 1466, 9890, 1182, 4986, 927, 2691, 7557, 9764, 6826, 6567, 6244, 3304, 8732, 3920, 2883, 4791, 8006, 7073, 4846, 9502, 3086, 5740, 5447, 3115, 6361, 2483, 3882, 804, 7608, 2042, 4071, 5750, 8350, 5746, 8441, 7712, 7609, 9729, 9681, 2297, 5937, 8741, 3397, 6626, 4803, 8616, 7260, 8488, 9522, 2128, 5278, 9389, 4279, 2440, 3690, 4505, 3151, 7026, 408, 8202, 5968, 5230, 5376, 5879, 2118, 9153, 9421, 5697, 8799, 598, 7963, 8889, 4845, 1103, 3302, 2145, 2854, 3903, 5080, 9445, 3272, 6129, 4633, 1993, 3622, 4932, 1266, 7201, 4973, 8695, 3310, 1262, 7058, 3748, 4463, 6530, 5768, 3489, 8915, 269, 8323, 6405, 608, 7196, 2757, 6734, 1227, 1299, 3587, 9427, 2370, 6415, 7661, 9418, 5242, 1273, 2503, 5560, 8221, 2013, 2250, 2597, 3685, 7012, 4718, 6142, 9083, 2417, 1305, 6458, 198, 3195, 3753, 2223, 4082, 1889, 7404, 6964, 3470, 7745, 2503, 2505, 2621, 5652, 9752, 3799, 8773, 556, 5765, 7553, 2532, 8898, 8228, 5357, 6617, 3761, 1607, 3211, 8757, 8713, 4621, 3867, 9059, 6653, 3036, 4710, 8753, 5149, 669, 6291, 6014, 9425, 8655, 5695, 4427, 7206, 4371, 8258, 2539, 1492, 1992, 9515, 7075, 5411, 6341, 1648, 2564, 3613, 7769, 1357, 9301, 2820, 9729, 7405, 6628, 6684, 5629, 3486, 6674, 7616, 2797, 8874, 3333, 4612, 991, 1290, 2932, 2518, 65, 8611, 4678, 2674, 9640, 5676, 8670, 5708, 859, 8659, 7334, 9842, 1644, 5686, 7433, 1194, 8833, 3904, 4828, 1461, 405, 9051, 8196, 7817, 236, 7383, 9514, 9223, 7872, 304, 8411, 9920, 7463, 6463, 7375, 7773, 3690, 3202, 4077, 1883, 8093, 8605, 2454, 5186, 1004, 4217, 1885, 86, 6565, 5628, 2336, 3251, 7407, 8629, 5848, 4440, 9337, 5748, 3291, 2971, 1676, 7604, 5282, 4689, 1109, 5051, 8171, 549, 5034, 5853, 3138, 627, 1767, 1197, 4609, 7527, 4765, 5573, 465, 7026, 6034, 488, 428, 2770, 7308, 2471, 2377, 6697, 5602, 5933, 6483, 5219, 2815, 4702, 8361, 4058, 5100, 515, 9073, 7308, 5083, 4092, 9986, 9718, 6826, 6974, 8903, 1929, 7126, 6233, 5852, 30, 8831, 2685, 8211, 5555, 8095, 8326, 8467, 4903, 2018, 4627, 4792, 103, 521, 3507, 9820, 4466, 9883, 9297, 9042, 8982, 7913, 6291, 2722, 8313, 9848, 3717, 2007, 7305, 6568, 5237, 8793, 7728, 5027, 8025, 3284, 5795, 3456, 8282, 2862, 5590, 9279, 4170, 4935, 7043, 6963, 8372, 4180, 8471, 109, 4685, 7511, 2143, 6647, 137, 6468, 5393, 9892, 4764, 3571, 5154, 8766, 7147, 258, 9440, 5599, 9769, 8984, 3503, 2924, 3924, 1924, 8780, 2575, 1983, 8843, 3426, 3235, 8130, 9502, 4146, 7895, 8790, 9374, 1147, 8913, 4163, 4878, 4194, 8740, 6753, 5091, 318, 2490, 6146, 4773, 465, 168, 1272, 5984, 7792, 6763, 1444, 3051, 7842, 4508, 2525, 1772, 2267, 6691, 2389, 7598, 1187, 3485, 8929, 1102, 2378, 8627, 8907, 497, 7484, 6408, 8078, 1376, 5080, 7309, 9723, 4148, 4152, 5166, 3390, 5660, 5893, 8590, 7886, 5660, 334, 6019, 7086, 7057, 5458, 5696, 7088, 9937, 3839, 1334, 7022, 790, 6365, 6200, 2836, 221, 1645, 3129, 2678, 1088, 470, 8695, 7156, 4494, 4029, 3159, 4863, 6654, 8604, 7036, 884, 2244, 9966, 8198, 734, 1533, 4388, 9987, 6579, 8324, 1248, 2148, 3786, 4552, 8094, 7086, 3603, 6877, 8023, 204, 7079, 7549, 4704, 4969, 3257, 5092, 7332, 3130, 7083, 1401, 4577, 4605, 4681, 1661, 874, 270, 235, 8848, 9817, 178, 3224, 5816, 5010, 7241, 1625, 5444, 3325, 7846, 4938, 385, 8600, 5824, 6120, 8646, 7783, 6674, 8098, 2701, 1542, 673, 1297, 3048, 610, 770, 8661, 9965, 2152, 9412, 9582, 9865, 7214, 9505, 8904, 5528, 2726, 1212, 65, 4995, 730, 2036, 4023, 4884, 6357, 121, 2186, 7813, 4763, 9185, 716, 6800, 5348, 1347, 6281, 7537, 7150, 7370, 8283, 6309, 5443, 3557, 7081, 6838, 9630, 713, 4245, 9223, 4079, 1548, 6298, 1164, 6305, 7567, 4216, 7440, 9093, 4753, 7834, 3872, 9389, 6849, 107, 1514, 7261, 7043, 576, 7112, 1895, 3913, 1126, 9636, 9089, 2875, 7108, 7380, 5863, 6431, 9617, 2362, 1630, 633, 4182, 586, 2452, 1243, 9583, 9339, 5303, 2312, 5797, 5808, 4469, 805, 2998, 6552, 6476, 8941, 1378, 2769, 5236, 8322, 3942, 3389, 6941, 1445, 2672, 7159, 7131, 5826, 3443, 9839, 7911, 5710, 9153, 1804, 5576, 7942, 6790, 7448, 8696, 4712, 7388, 6186, 5819, 4128, 424, 834, 9724, 3900, 2405, 7999, 5868, 2176, 4811, 8911, 9024, 1468, 9507, 6818, 9627, 9095, 9036, 9398, 8911, 2219, 4306, 8868, 6785, 3630, 2326, 5638, 1991, 7280, 8446, 7947, 3925, 7017, 5724, 7708, 6498, 8160, 604, 8377, 177, 6640, 7824, 798, 9013, 8114, 2643, 8809, 5328, 6146, 3267, 871, 6666, 5187, 5024, 6149, 648, 3750, 6170, 2237, 2845, 4844, 5473, 7650, 6157, 8424, 5723, 6214, 4363, 3285, 3971, 1441, 521, 3050, 390, 1007, 704, 8084, 2088, 1845, 2220, 4608, 474, 9610, 7875, 5275, 6356, 4859, 2742, 8232, 5099, 1141, 9520, 5183, 1044, 5533, 7717, 1, 771, 3512, 534, 4367, 2338, 319, 3649, 1971, 1546, 290, 7691, 9981, 7065, 1822, 8552, 7082, 8687, 6104, 2489, 8734, 2959, 4155, 9201, 2996, 6889, 4759, 4450, 6786, 4912, 6971, 5629, 2928, 8511, 7932, 9532, 1134, 6025, 7243, 569, 5461, 6779, 9524, 3300, 422, 9625, 8350, 1502, 6987, 3061, 1418, 9148, 8736, 4323, 4529, 7284, 4024, 4599, 6935, 8280, 2062, 9194, 1554, 8475, 6804, 3383, 9418, 8820, 9239, 6921, 1337, 4789, 3162, 6209, 1537, 1385, 2707, 8164, 2386, 9094, 5706, 2108, 3983, 9097, 6517, 3328, 7878, 774, 7661, 2798, 5735, 7153, 7019, 1931, 5101, 3210, 1632, 9993, 6778, 7837, 7350, 8399, 140, 1132, 4881, 1738, 3735, 8085, 5391, 7109, 2072, 7730, 7407, 8265, 7243, 9428, 4806, 38, 7093, 8671, 1031, 2219, 94, 9808, 9513, 9626, 6980, 7444, 6343, 1380, 7772, 4684, 2212, 654, 9477, 554, 8010, 618, 3487, 9092, 1075, 7744, 4224, 1336, 1521, 757, 408, 5632, 4748, 7549, 5138, 2574, 5425, 8607, 1669, 3930, 3133, 8246, 5844, 9341, 4490, 1775, 1142, 1532, 3121, 5957, 9207, 7723, 493, 4236, 9521, 7686, 8695, 5700, 7557, 508, 9450, 3476, 3623, 8868, 9357, 5470, 8801, 9402, 5642, 5770, 2151, 5977, 5730, 4724, 1523, 1983, 6980, 837, 3451, 5801, 4177, 6532, 6449, 656, 7026, 8201, 6707, 2844, 9047, 3850, 7520, 6424, 1468, 4613, 769, 9637, 9810, 6234, 5877, 1954, 5275, 5879, 8764, 4845, 5857, 4738, 8966, 6743, 2872, 9554, 175, 9697, 5292, 7747, 5131, 7572, 8539, 5110, 9302, 9872, 99, 5105, 3808, 3684, 1356, 4094, 6864, 6132, 3322, 1196, 2654, 4191, 3473, 7968, 7400, 2195, 8577, 5685, 2402, 1931, 3421, 9800, 4837, 8287, 2315, 3622, 7633, 5481, 2971, 6564, 1221, 1921, 7851, 1348, 3308, 1628, 642, 2887, 8653, 3013, 7983, 7942, 880, 2224, 7282, 5255, 1663, 4781, 594, 8034, 2281, 5471, 764, 9517, 1018, 9186, 9771, 7516, 1785, 5310, 5469, 6226, 8178, 9825, 82, 6673, 3077, 4477, 6432, 5486, 7730, 8339, 6940, 334, 2588, 7169, 5109, 7285, 313, 368, 5741, 1444, 5094, 7543, 2220, 4758, 9690, 202, 8312, 4285, 1130, 3015, 3849, 1514, 2243, 7135, 2893, 100, 8711, 6219, 3462, 3810, 696, 4949, 6190, 2726, 2190, 4022, 6282, 150, 660, 8825, 5769, 705, 6797, 5296, 9444, 1164, 6244, 8194, 5456, 6858, 3698, 2059, 9297, 7956, 7612, 2369, 4274, 6405, 1099, 8782, 9360, 6194, 3426, 5697, 9260, 7334, 7383, 335, 3869, 5256, 4666, 5969, 2883, 5725, 2508, 3437, 8794, 6906, 1380, 5928, 9442, 8016, 9058, 6941]
List Size: 3000
Insertion Sort Time: 507.155800 milliseconds
Merge Sort Time: 16.685000 milliseconds
Built-in Sort Time: 0.595100 milliseconds

Original List: [7857, 1433, 3794, 2720, 5764, 1226, 8730, 5552, 2706, 3157, 4395, 9989, 8036, 5190, 642, 4056, 4950, 2449, 1208, 3373, 3022, 2517, 5936, 716, 3711, 1647, 6065, 9440, 6976, 4508, 5917, 2076, 9236, 8254, 5559, 4279, 1077, 2538, 3432, 7947, 9314, 5779, 7323, 6178, 3903, 6581, 4554, 3609, 3403, 1593, 8596, 440, 4894, 5034, 4395, 1984, 3194, 4453, 6348, 804, 4061, 3506, 7916, 299, 1717, 48, 6564, 3815, 20, 527, 2184, 8145, 8949, 4859, 4330, 9086, 2756, 2634, 1632, 9691, 2054, 9966, 9599, 1574, 4766, 5366, 7145, 3062, 2335, 1925, 3672, 4910, 5601, 671, 168, 6814, 2271, 3847, 331, 6843, 3645, 8289, 8443, 8765, 7066, 7051, 2932, 133, 1677, 7794, 4003, 2678, 7975, 319, 4097, 1428, 3083, 9579, 1069, 8084, 1193, 4827, 5983, 6914, 6747, 3741, 9847, 2049, 3336, 5665, 6440, 4464, 5580, 4879, 1615, 253, 9112, 6513, 6860, 6959, 8063, 6228, 8072, 2137, 6624, 5875, 8087, 469, 2071, 2447, 277, 3751, 3876, 2470, 9176, 594, 576, 2163, 1194, 6472, 2024, 6222, 5337, 4566, 7532, 3366, 264, 9568, 7757, 9639, 3321, 53, 2276, 35, 213, 7379, 6591, 2949, 4062, 3882, 6925, 8597, 8493, 4157, 2874, 7596, 5688, 5515, 9431, 6386, 6173, 7514, 1553, 7436, 1252, 1030, 3238, 5751, 2662, 5794, 8642, 6165, 568, 319, 6549, 2831, 7313, 9417, 3769, 5893, 7166, 3455, 7722, 5437, 7961, 7118, 2620, 3117, 966, 6408, 2394, 3082, 6498, 929, 7430, 1598, 3789, 3948, 2776, 8636, 3570, 6536, 9614, 28, 8079, 1452, 1844, 6333, 7060, 7843, 8993, 7777, 6830, 6248, 8187, 2488, 2935, 5972, 2257, 6240, 8398, 9413, 2794, 3436, 8132, 199, 5788, 9588, 4678, 30, 5702, 3942, 5423, 3448, 2720, 4765, 925, 5361, 366, 6567, 2956, 8418, 5559, 461, 4542, 1481, 1231, 4227, 9241, 7664, 5459, 2413, 5082, 783, 1988, 6913, 4266, 8927, 9324, 4446, 9846, 6449, 6936, 9888, 7556, 9772, 8718, 6515, 71, 2158, 574, 7384, 8452, 6492, 3347, 6550, 8354, 7655, 6477, 4369, 6462, 8829, 4944, 2169, 5413, 2376, 6669, 7211, 911, 3725, 1937, 5010, 8206, 6982, 6723, 6990, 2108, 8897, 9752, 6902, 9397, 8748, 9473, 5350, 5809, 88, 3259, 3029, 1723, 9976, 5021, 4294, 5835, 3337, 7759, 1675, 9323, 2125, 7757, 8006, 5368, 5651, 6075, 959, 7518, 5146, 9280, 3249, 3301, 7294, 8539, 1310, 6887, 5929, 8623, 41, 5625, 2137, 8598, 6493, 9912, 9085, 953, 1314, 6237, 1012, 7713, 850, 7671, 4187, 9292, 6690, 6796, 2133, 779, 25, 5988, 889, 6091, 2132, 1911, 1416, 6780, 2792, 9474, 42, 7156, 2280, 9249, 3403, 8575, 9180, 7936, 5985, 3157, 9072, 9793, 2873, 1340, 7010, 2751, 5076, 1139, 6562, 611, 8087, 6996, 4715, 7670, 5369, 2315, 9752, 8072, 5805, 6555, 1730, 8244, 1468, 8899, 2889, 7439, 5682, 6044, 6821, 803, 9413, 4619, 8942, 7403, 8006, 7336, 2448, 4096, 7821, 9020, 7351, 1749, 9307, 4949, 6578, 628, 1478, 293, 9065, 662, 3277, 1622, 7675, 1457, 781, 8635, 4063, 9867, 7551, 751, 635, 8494, 5378, 1761, 2270, 4848, 6119, 6802, 3671, 2909, 5227, 8837, 5555, 5013, 7540, 8374, 539, 128, 6032, 5947, 4201, 5311, 2769, 1266, 9740, 4695, 702, 8392, 2031, 3676, 7766, 7738, 5540, 7517, 2802, 1929, 6925, 2230, 7604, 3497, 3167, 4651, 590, 9358, 7601, 7184, 4434, 1839, 4164, 206, 6704, 7203, 7825, 4020, 8359, 9858, 9795, 879, 2602, 3068, 4478, 3426, 4573, 4087, 5901, 8055, 9051, 5380, 7748, 3226, 9024, 6211, 9474, 1576, 9959, 8432, 4561, 4761, 9093, 2733, 1847, 3973, 7046, 5042, 8529, 7905, 2400, 3486, 4538, 9050, 8151, 5161, 98, 1297, 7166, 5718, 4322, 5425, 4215, 658, 3263, 9847, 4435, 4054, 4205, 858, 8240, 9681, 2150, 2681, 9283, 9128, 559, 2352, 7449, 6040, 5733, 6085, 6087, 2949, 3476, 6896, 7985, 248, 2107, 701, 2090, 5950, 9691, 717, 4865, 4169, 6464, 4592, 3794, 8973, 2934, 4775, 7160, 840, 6971, 2824, 5179, 2247, 77, 7325, 1277, 717, 3989, 1012, 5843, 308, 7548, 9536, 9406, 3640, 6362, 679, 1947, 1581, 9297, 7153, 6196, 5677, 331, 1352, 7970, 9786, 3602, 3544, 5, 316, 6665, 2482, 7830, 6608, 9497, 4026, 7586, 3374, 9325, 9205, 838, 7353, 5680, 6256, 8579, 1375, 7371, 6934, 7434, 4310, 9307, 9107, 2104, 9303, 3640, 328, 5164, 7246, 887, 8529, 2797, 221, 7548, 3960, 7736, 1505, 1986, 855, 2688, 9283, 4469, 8201, 1598, 5283, 2563, 7102, 6641, 3741, 246, 5556, 4546, 2913, 8585, 6682, 1261, 8444, 6686, 8181, 147, 3503, 1254, 650, 9562, 1387, 756, 4541, 5579, 3356, 9567, 4932, 3475, 2815, 8306, 8474, 1217, 524, 3144, 3850, 1344, 8388, 521, 6309, 6482, 6452, 7993, 2751, 5598, 2643, 6205, 5832, 2458, 3657, 2780, 4562, 9788, 7701, 8184, 3413, 8495, 3335, 3373, 8200, 9963, 2839, 7460, 4014, 2203, 8956, 759, 5543, 9539, 1968, 5436, 4440, 7451, 9038, 8360, 350, 6196, 5155, 5992, 9999, 3210, 893, 9775, 6552, 9480, 2531, 4163, 6553, 6936, 9492, 7342, 6001, 6420, 5545, 1319, 7347, 6682, 9205, 3637, 2992, 5708, 5511, 2902, 8937, 3641, 1587, 3625, 4809, 8435, 6076, 2407, 9955, 7560, 3438, 4396, 3989, 7417, 4343, 2173, 7048, 6754, 5219, 9330, 2666, 7826, 4458, 5000, 6569, 9202, 3661, 7492, 5830, 3199, 8523, 8458, 7288, 9318, 1995, 5377, 4320, 1305, 8814, 2732, 540, 6787, 8113, 3703, 9921, 7460, 7844, 1896, 6773, 1298, 6951, 8098, 4011, 4181, 1086, 1351, 5903, 4330, 7372, 2703, 3710, 1432, 6521, 4137, 6785, 9863, 8910, 6920, 4089, 597, 5486, 6080, 1155, 3480, 7445, 5565, 3692, 6544, 2781, 2896, 4965, 6942, 3006, 6018, 97, 3550, 8998, 768, 5263, 9181, 4055, 3713, 6860, 1310, 8338, 9572, 1283, 6587, 1542, 8511, 799, 357, 8490, 936, 6448, 3297, 9017, 6302, 1994, 3259, 9954, 7068, 259, 3089, 7414, 5651, 7506, 139, 8157, 5426, 3399, 2481, 2139, 6580, 4705, 5279, 9302, 2826, 3220, 6361, 2744, 3425, 412, 5248, 6489, 3777, 1353, 1604, 3116, 2501, 4677, 3121, 3194, 6883, 4594, 897, 9606, 7549, 9889, 6791, 8137, 9467, 2449, 5910, 2291, 7069, 9696, 1962, 9653, 4305, 5106, 1429, 5200, 7205, 5341, 5896, 5078, 3375, 6929, 8340, 758, 8413, 8142, 8612, 7506, 5196, 9247, 8632, 4347, 9859, 3650, 4407, 7801, 3044, 1465, 3437, 2802, 8264, 9102, 2462, 6578, 5404, 957, 9915, 5223, 6848, 8662, 9450, 8420, 6432, 5329, 284, 780, 8449, 1489, 2274, 8366, 3551, 9108, 1059, 2112, 1773, 9997, 1659, 1004, 7242, 2966, 8722, 7457, 4747, 1982, 1813, 5672, 4149, 7875, 3281, 8467, 6376, 1294, 8963, 3500, 6395, 504, 7868, 8338, 7962, 3771, 9888, 4563, 2827, 2346, 2454, 2049, 7294, 2634, 9156, 2014, 8763, 5, 7175, 2591, 2996, 2903, 607, 6526, 5065, 1022, 4231, 6598, 4696, 9422, 3123, 8815, 439, 4974, 3905, 5269, 866, 3778, 5785, 1846, 2547, 797, 8856, 4401, 3510, 7838, 6104, 6833, 6237, 6368, 7965, 9211, 1297, 7487, 9175, 2816, 9265, 3598, 316, 3662, 6295, 9547, 8184, 6287, 9147, 8804, 4057, 6671, 3135, 8337, 4944, 5300, 7452, 7572, 1303, 6509, 2144, 9264, 4618, 5282, 2647, 9171, 8162, 8973, 1605, 641, 2994, 7856, 3579, 1996, 8623, 4100, 6327, 1973, 5143, 5587, 8056, 9904, 6314, 7840, 6243, 8155, 7715, 1100, 5921, 1058, 5374, 9015, 8659, 5907, 6796, 9723, 541, 7208, 1203, 2953, 9008, 5707, 2022, 1628, 4046, 4951, 6639, 3916, 4538, 9846, 5171, 3519, 775, 1653, 179, 7131, 6245, 2632, 4345, 3376, 4162, 4272, 1905, 3066, 7660, 6139, 3382, 9064, 8512, 9066, 4464, 4704, 4738, 24, 7948, 4205, 8064, 1079, 8900, 9502, 1036, 6817, 5009, 5735, 6569, 9983, 3565, 5105, 1008, 2554, 9046, 7590, 2641, 7881, 323, 6289, 5204, 8552, 2158, 2617, 5345, 9816, 4565, 9613, 4753, 4080, 6222, 9790, 1804, 6900, 4569, 9624, 4498, 6768, 9570, 8258, 2562, 8992, 1521, 7090, 9697, 3161, 4768, 6381, 4756, 4105, 4264, 9675, 9813, 2819, 8144, 8733, 6512, 1552, 1836, 8679, 3289, 4133, 5575, 5896, 616, 9992, 4795, 2343, 4148, 9797, 6278, 5757, 8846, 3396, 8353, 6585, 7706, 303, 9458, 5959, 3396, 8164, 1957, 7322, 3527, 6132, 2010, 9632, 1611, 897, 4962, 4110, 8342, 9421, 9833, 7162, 3693, 7895, 3181, 8087, 7975, 9176, 8018, 8666, 3601, 6343, 4251, 6166, 8396, 3411, 9086, 1188, 5462, 845, 9333, 742, 7584, 4573, 534, 7110, 8997, 5288, 4437, 4184, 5889, 7029, 5800, 2239, 6135, 666, 5584, 327, 6168, 8155, 4899, 3781, 2557, 3035, 1626, 2308, 7827, 9850, 7515, 9803, 6681, 204, 2412, 2379, 7217, 3597, 1107, 8879, 7054, 8611, 2752, 1036, 3271, 1237, 8704, 9729, 7801, 6403, 986, 9739, 5306, 8775, 9887, 3812, 3566, 6371, 6111, 7125, 5481, 9638, 6009, 8177, 608, 8076, 6678, 9966, 6949, 931, 6765, 5383, 2655, 1265, 9552, 8980, 5959, 3879, 9371, 7827, 3812, 6301, 6712, 6485, 1078, 1985, 356, 4028, 6342, 9154, 6219, 965, 5564, 4757, 2812, 7120, 804, 2939, 5453, 7142, 4674, 3542, 4026, 4926, 2732, 7041, 2665, 3303, 2884, 3673, 4071, 3190, 2822, 8716, 4182, 10000, 240, 8281, 6193, 1471, 2660, 4027, 9432, 8795, 1696, 8573, 4213, 515, 847, 3220, 1130, 2240, 2506, 1847, 9190, 7879, 8288, 5166, 8011, 5090, 1380, 2654, 9037, 5915, 634, 9065, 2419, 7798, 7260, 8899, 4324, 6358, 4573, 5012, 4196, 1437, 7539, 2806, 7862, 6703, 4415, 4157, 1925, 7622, 5961, 8148, 4262, 9209, 725, 3797, 6137, 8669, 1649, 2912, 9623, 7242, 2364, 2806, 1782, 2620, 7626, 7222, 7647, 5972, 4644, 5255, 469, 3010, 4697, 6559, 8294, 6684, 4497, 3644, 8885, 9678, 9654, 4913, 154, 4873, 671, 3309, 1871, 9685, 3902, 5651, 7789, 3775, 5847, 2490, 588, 2419, 1729, 5520, 5162, 2889, 7520, 9984, 7771, 2487, 7811, 5298, 8668, 225, 1682, 7107, 6044, 9183, 3506, 9730, 7636, 7831, 2152, 9461, 6506, 9550, 5470, 890, 4332, 6210, 2153, 7378, 2670, 5675, 9519, 6140, 8414, 7944, 6194, 6584, 2396, 9519, 7316, 4067, 1960, 21, 2550, 6444, 7577, 6269, 3343, 2954, 3622, 494, 3382, 4799, 1438, 4850, 290, 6271, 6940, 320, 6406, 4474, 5617, 8032, 7509, 1803, 6329, 2206, 4112, 5562, 210, 8221, 5734, 5235, 6004, 8744, 9014, 575, 2414, 3449, 9273, 4493, 8355, 3183, 1742, 1550, 6186, 1031, 9973, 1484, 7894, 8213, 5850, 7431, 2860, 2815, 3722, 9940, 8020, 4752, 5011, 7043, 2387, 129, 5903, 9900, 6173, 9135, 3204, 63, 6652, 5342, 3215, 4573, 9636, 9288, 4715, 3559, 8616, 1594, 5918, 5113, 5274, 5424, 9423, 5571, 2068, 3538, 6988, 2606, 6883, 9219, 5379, 3661, 1549, 8923, 2723, 2271, 9608, 5792, 3404, 6967, 45, 3357, 7903, 2832, 7424, 4621, 2844, 8401, 6142, 3546, 16, 3468, 5675, 7065, 1231, 5065, 5450, 9174, 8170, 88, 9572, 9783, 6667, 8755, 6151, 7035, 2562, 6067, 5820, 3989, 4827, 3916, 6002, 7595, 6345, 6347, 9112, 6455, 951, 2516, 1184, 72, 6952, 5149, 3970, 1485, 2664, 2982, 1957, 4205, 3251, 6508, 2494, 3111, 8672, 4071, 8455, 4827, 74, 7659, 2308, 9558, 7658, 9009, 1861, 748, 9345, 1436, 3261, 6591, 5983, 5241, 2874, 1933, 1861, 9162, 4549, 8786, 2391, 6079, 6540, 9200, 1274, 4712, 5754, 1198, 4031, 4735, 1704, 4691, 9104, 8601, 116, 8424, 1146, 361, 7535, 1598, 6291, 2738, 8445, 901, 6522, 8993, 8440, 3669, 3706, 5299, 8320, 3056, 7575, 4597, 8677, 1201, 9060, 6758, 2461, 5463, 7049, 3311, 8808, 7033, 5752, 8911, 6100, 2570, 206, 7495, 5866, 3575, 3273, 4181, 1541, 9456, 4856, 3378, 2724, 5490, 6283, 1604, 3103, 3644, 9374, 6780, 3022, 2056, 1906, 92, 2389, 4419, 853, 2140, 2584, 8711, 1274, 2755, 4763, 7519, 4431, 4720, 8447, 4269, 7570, 9231, 6165, 3851, 4345, 8709, 9657, 5667, 7865, 53, 7076, 5389, 8005, 7034, 5625, 6704, 4794, 1641, 4708, 7067, 1045, 7445, 5632, 9415, 8167, 5512, 1048, 1905, 9578, 7370, 8259, 1182, 3578, 1436, 9813, 7016, 1433, 7409, 453, 3958, 9700, 4165, 119, 9653, 7729, 8692, 9742, 3160, 3722, 9145, 754, 1528, 5664, 6202, 5442, 6832, 7008, 6244, 4099, 7262, 5353, 9302, 8079, 1004, 4299, 9521, 174, 7948, 977, 4648, 9626, 7664, 9102, 5044, 6476, 8320, 5727, 679, 3234, 2232, 3890, 3619, 2729, 2570, 6178, 1343, 9761, 4004, 1692, 1722, 7085, 1893, 4990, 2195, 2524, 6454, 9016, 5650, 7841, 4288, 2489, 1189, 123, 8530, 3858, 7760, 8216, 7166, 1943, 2536, 9215, 834, 5946, 8333, 3455, 3520, 8763, 2825, 6236, 6132, 613, 7794, 4428, 3912, 6874, 379, 5413, 209, 5869, 3582, 410, 5584, 2436, 448, 8008, 6195, 5615, 6705, 3351, 7522, 1134, 5451, 6340, 1555, 4223, 6189, 5972, 2126, 6452, 9950, 5820, 1207, 5275, 6006, 5803, 6573, 433, 3147, 7272, 5125, 5396, 5323, 7403, 1664, 4636, 2418, 8363, 3594, 5188, 4172, 5034, 9105, 7122, 4329, 1562, 382, 7597, 4398, 1417, 4021, 3889, 9089, 9323, 1802, 4093, 9001, 8397, 669, 6010, 9307, 3903, 9224, 6899, 2623, 1102, 7331, 143, 6073, 6765, 1102, 9109, 799, 8906, 7000, 366, 6130, 5805, 3557, 7529, 5203, 6647, 6415, 8753, 3808, 5709, 2101, 3688, 247, 9715, 5076, 9238, 3013, 4090, 1943, 1506, 3373, 6885, 4997, 6949, 1823, 8639, 5126, 7726, 7897, 2223, 7513, 8020, 3212, 274, 6816, 2079, 8078, 9152, 9259, 8282, 1952, 1651, 3984, 8897, 9775, 4964, 6049, 8093, 3739, 724, 6580, 8543, 662, 9351, 2839, 7836, 6246, 9391, 4067, 8148, 9227, 707, 4034, 4766, 1559, 4254, 2683, 6198, 4323, 7549, 1376, 4451, 4625, 6737, 3936, 4850, 6006, 5658, 8389, 7059, 7569, 7222, 8965, 2326, 1727, 1701, 6749, 2163, 1787, 6694, 3248, 2819, 5923, 1106, 1889, 7805, 4621, 5513, 8215, 6573, 709, 2370, 3090, 937, 2759, 9105, 633, 1760, 1306, 2484, 5037, 9467, 5027, 1791, 1613, 3934, 9105, 2461, 8203, 1463, 9410, 2407, 9909, 6083, 265, 1095, 7823, 1812, 9826, 3705, 3368, 8806, 8266, 544, 9416, 4525, 4787, 2785, 6330, 7704, 404, 3870, 7993, 6291, 1785, 958, 3353, 4739, 1533, 7258, 6356, 1825, 868, 2234, 4529, 9321, 7263, 9998, 6944, 5438, 823, 8363, 296, 8765, 1419, 3837, 6184, 5752, 6788, 1135, 9235, 6965, 29, 216, 2231, 8982, 7847, 498, 5291, 5820, 6348, 7460, 7572, 8269, 5148, 4774, 9462, 9843, 5057, 1989, 2659, 7185, 2834, 5028, 8641, 2197, 2558, 6872, 9473, 6555, 9770, 9160, 4494, 4769, 8252, 6835, 5715, 1739, 2331, 5340, 2520, 3817, 4778, 5056, 599, 9065, 9662, 783, 6679, 3754, 6927, 1231, 4584, 9716, 6129, 9573, 6617, 8728, 8454, 4603, 7622, 5034, 4299, 1929, 6632, 4697, 80, 8297, 3377, 8769, 589, 8769, 5833, 4842, 1066, 9141, 4617, 9289, 5128, 7562, 9564, 1809, 8284, 9049, 8016, 1346, 5588, 267, 1068, 9563, 7496, 3617, 7290, 1827, 3488, 1523, 653, 248, 5649, 1724, 5515, 5070, 2062, 3490, 3239, 808, 3406, 2731, 9441, 4601, 6849, 4189, 3388, 8146, 5243, 7011, 953, 900, 3537, 7047, 6932, 4634, 8406, 1412, 9794, 3740, 7904, 2148, 7905, 3037, 7501, 7193, 1677, 5856, 4735, 5606, 5553, 1646, 5875, 6362, 2971, 7973, 4343, 5582, 4124, 3586, 6550, 9424, 5894, 6057, 223, 519, 9899, 9786, 4940, 271, 5840, 6103, 2943, 3191, 4318, 1336, 9992, 4449, 7487, 3046, 2897, 3999, 8953, 5734, 5031, 5746, 9854, 4226, 6586, 4565, 1354, 1720, 43, 4762, 8067, 7164, 1632, 6841, 4191, 3095, 3374, 2609, 1916, 1050, 8888, 5733, 2098, 7857, 9724, 1193, 6815, 8083, 7775, 2431, 5764, 7856, 8816, 7430, 4916, 332, 2493, 9559, 5512, 3452, 5613, 3493, 188, 5415, 3769, 5473, 8662, 1056, 8542, 5228, 3352, 4879, 174, 2993, 4521, 3353, 6331, 960, 3103, 2701, 8192, 9540, 7490, 9558, 1777, 9164, 7007, 6846, 4030, 4338, 609, 7660, 260, 5395, 478, 5245, 3747, 942, 3137, 2976, 5289, 7466, 3880, 9928, 9984, 9574, 8202, 2833, 4354, 2983, 8882, 5845, 2505, 7978, 7381, 231, 8132, 1717, 8850, 5967, 9014, 1692, 3917, 9886, 6426, 4266, 993, 1365, 6498, 3150, 8703, 4636, 6094, 3515, 5257, 4134, 2132, 868, 383, 4004, 7666, 4768, 2882, 7723, 4, 7762, 2658, 4447, 2110, 8, 9942, 6357, 2156, 1146, 6200, 2972, 7218, 2509, 1758, 9034, 5217, 5710, 9260, 4220, 6568, 6009, 2187, 6071, 9824, 4061, 5448, 9053, 6293, 8579, 3704, 3023, 4185, 6792, 7518, 3256, 3604, 6033, 2663, 4232, 3681, 5466, 8115, 4808, 3607, 2462, 9611, 2920, 9244, 9629, 2195, 867, 7172, 2960, 9049, 3716, 6940, 3267, 1712, 1909, 8382, 6086, 7938, 4387, 9159, 1573, 1143, 9629, 2187, 5518, 5908, 1676, 736, 6253, 1280, 6872, 7181, 3313, 9087, 1312, 5034, 9516, 2787, 2698, 492, 4110, 157, 1568, 4558, 153, 8730, 1771, 8036, 2365, 6043, 6063, 7316, 6404, 8447, 7127, 5797, 8541, 3360, 589, 6461, 746, 5326, 9673, 5390, 3336, 3885, 3365, 4167, 2394, 1714, 6495, 9002, 6498, 207, 9090, 8544, 7651, 2941, 7461, 5236, 5585, 3803, 4481, 3026, 6625, 2053, 5938, 6540, 1245, 8102, 1133, 984, 7276, 759, 9728, 7937, 2730, 4926, 6019, 8751, 8767, 8962, 2027, 4984, 1005, 7237, 5065, 367, 4350, 9952, 362, 7360, 7146, 7531, 1830, 1129, 7616, 616, 5721, 7518, 7099, 9536, 6997, 8260, 1042, 717, 5880, 6851, 5954, 5939, 2571, 4689, 7473, 1198, 3089, 5688, 884, 2214, 338, 1474, 8940, 4359, 7892, 3402, 7140, 3745, 4295, 1048, 9339, 4676, 6672, 9607, 7357, 3181, 9268, 3034, 9251, 9412, 2994, 9038, 2279, 439, 934, 9462, 2564, 238, 3092, 9952, 6925, 6, 4647, 2859, 1377, 7998, 2414, 9474, 3490, 6279, 92, 1311, 910, 4612, 4647, 5390, 2006, 4498, 4996, 8666, 3618, 1883, 1414, 3670, 3406, 7935, 2878, 3933, 4758, 767, 9084, 5241, 8189, 1819, 5056, 7566, 2661, 1846, 4086, 8584, 4318, 1550, 5463, 8838, 6782, 1603, 1364, 8972, 1095, 4276, 4161, 4084, 2751, 4610, 7633, 894, 4370, 441, 9431, 3948, 3501, 3894, 1144, 2609, 9966, 6886, 7441, 3060, 9403, 119, 9918, 2972, 8109, 4396, 2036, 3274, 470, 3560, 2388, 6759, 1751, 157, 5471, 9417, 9620, 5048, 2423, 4711, 1210, 4725, 3221, 1789, 1478, 2721, 206, 6124, 6776, 3714, 3364, 686, 1654, 2362, 1238, 2847, 5805, 3952, 8011, 4643, 6043, 1297, 1501, 5187, 5850, 3330, 9466, 6323, 5825, 9470, 4923, 9082, 7791, 5678, 9211, 257, 2930, 5129, 9322, 4529, 8669, 4321, 903, 1059, 4038, 1466, 7772, 3489, 7956, 7676, 5244, 9576, 6757, 9770, 7725, 7009, 5114, 4382, 6597, 329, 9466, 4832, 3683, 9693, 6477, 780, 6419, 9426, 3393, 2117, 6884, 3071, 1182, 5678, 4820, 6427, 2152, 5689, 3266, 2701, 831, 8826, 2237, 8355, 5009, 6403, 7289, 5658, 1652, 8022, 8572, 3326, 4393, 8292, 4666, 2062, 7722, 6369, 1475, 4311, 5855, 1030, 7871, 9595, 1660, 9587, 1874, 9638, 7561, 9044, 3540, 8231, 5118, 1313, 6898, 9369, 9512, 8311, 2008, 1570, 6684, 2827, 8045, 2520, 5673, 8886, 429, 1456, 7132, 4747, 586, 1536, 2653, 5181, 6919, 6421, 1290, 3871, 9302, 395, 7214, 5703, 7586, 6463, 2105, 8554, 3790, 8535, 9295, 8566, 8232, 202, 5540, 5198, 1007, 2338, 1903, 2826, 6934, 6042, 1302, 9455, 9524, 2444, 254, 7412, 9298, 7150, 4362, 9069, 3009, 7544, 2139, 9745, 8787, 5772, 722, 6530, 3811, 3784, 2576, 9549, 3950, 4410, 7320, 8983, 7286, 7466, 1724, 7951, 7142, 8214, 6439, 6298, 2625, 7652, 6988, 1467, 5719, 4152, 3242, 1316, 2196, 8449, 7984, 5547, 907, 6531, 848, 2043, 6365, 4580, 90, 4387, 8698, 4599, 6442, 7872, 4064, 429, 7922, 1355, 5062, 1196, 5875, 6086, 661, 554, 6859, 5168, 7153, 5026, 2569, 6294, 3028, 1493, 7402, 7076, 2636, 6506, 81, 3790, 5829, 1311, 4508, 7602, 5680, 8365, 1206, 4368, 7738, 9490, 6305, 5410, 9748, 3361, 9695, 6655, 3164, 755, 8861, 4838, 4495, 2521, 403, 2757, 9842, 1443, 9388, 4139, 4239, 9437, 4031, 1596, 6411, 5755, 7363, 4643, 6861, 4535, 7326, 5102, 5621, 2758, 928, 5893, 4859, 4950, 5735, 6492, 2622, 5445, 5975, 9204, 6789, 5800, 8381, 7465, 1350, 9622, 556, 1016, 279, 3428, 5326, 402, 9993, 6895, 8194, 914, 9594, 7005, 5290, 5652, 1467, 8815, 9121, 2576, 4386, 961, 3153, 3882, 870, 8279, 7407, 5490, 4987, 1048, 2249, 2270, 9837, 8744, 5961, 4055, 6898, 4202, 9314, 4779, 5794, 7506, 3674, 1390, 7260, 3846, 5749, 240, 7106, 1343, 2027, 8011, 8896, 2439, 4067, 6829, 9257, 3919, 6082, 4638, 5105, 4037, 1979, 6839, 3876, 4947, 4049, 8353, 5525, 5822, 6124, 3585, 3530, 3892, 966, 2100, 5728, 3804, 2525, 6699, 4246, 6561, 2520, 4400, 4103, 7804, 3503, 9532, 8823, 743, 7551, 8081, 9748, 5957, 7054, 3416, 8216, 206, 5228, 7750, 3804, 4896, 1325, 7564, 4878, 4647, 6000, 5523, 7117, 9668, 9073, 3964, 7948, 5073, 5116, 1298, 1203, 4398, 7913, 8661, 4132, 3173, 1079, 8148, 319, 6898, 7848, 2613, 475, 2217, 978, 3260, 4309, 4451, 6022, 5256, 5450, 8293, 8453, 6343, 2220, 4459, 961, 7771, 2870, 6609, 3148, 4785, 6893, 6009, 905, 4496, 4913, 5683, 9801, 936, 9321, 309, 4365, 5942, 9896, 6443, 8581, 8874, 4941, 1320, 2943, 2958, 1653, 3656, 3221, 3380, 6203, 386, 2627, 1761, 9720, 5059, 9233, 7238, 9070, 5516, 3503, 5406, 3942, 5945, 1936, 6145, 604, 9187, 7365, 7121, 1352, 2602, 4703, 719, 9314, 2053, 1085, 1636, 4846, 3336, 6961, 9548, 8572, 1312, 5631, 1335, 7499, 8524, 2119, 411, 1919, 4697, 6558, 5584, 1795, 1525, 7726, 1243, 2385, 9455, 424, 2005, 8269, 8187, 6702, 3267, 4895, 4278, 3068, 3098, 3469, 8853, 2262, 2298, 9610, 8938, 3532, 5455, 8649, 1188, 9290, 2164, 4523, 181, 3518, 6419, 1225, 4992, 9701, 5306, 8263, 3481, 3779, 4222, 8541, 6258, 4309, 3834, 7347, 7450, 7828, 4967, 1244, 182, 6464, 3958, 221, 3555, 871, 7788, 7426, 7039, 1599, 5552, 395, 1602, 9887, 6208, 6866, 4604, 7913, 6859, 4024, 9613, 2001, 6748, 4899, 5597, 2095, 2015, 6598, 6517, 985, 2109, 4375, 3132, 5518, 7579, 3741, 1321, 4126, 9797, 4591, 8269, 9078, 2720, 2068, 5464, 8699, 2258, 6841, 7583, 950, 5678, 321, 2544, 2048, 7076, 2764, 8578, 1983, 9306, 9124, 35, 7455, 5153, 6947, 6221, 4874, 4805, 8772, 6138, 5782, 6427, 2642, 8069, 3213, 3651, 2587, 4660, 5905, 9880, 3526, 6294, 3988, 2532, 3013, 6248, 76, 852, 3837, 6522, 3367, 3609, 3843, 6259, 1503, 5860, 3392, 5691, 5118, 7949, 9475, 3403, 1642, 410, 2255, 9382, 6704, 741, 8815, 3118, 4609, 883, 1300, 5667, 2199, 9560, 9461, 5598, 2051, 3729, 2171, 879, 7973, 3396, 2706, 5249, 8286, 9364, 7626, 2557, 4618, 1367, 389, 114, 7535, 4748, 9847, 4000, 3405, 8963, 4127, 3173, 4915, 5182, 9613, 5321, 2075, 4276, 9797, 5494, 8800, 1696, 2253, 879, 1734, 6795, 8694, 3826, 7447, 7274, 2786, 8188, 6462, 366, 2480, 5272, 1035, 3867, 6528, 4047, 7717, 535, 3495, 9422, 8840, 3814, 4434, 443, 7083, 9759, 4849, 6676, 6066, 728, 5311, 2957, 7200, 730, 5961, 7408, 3545, 6312, 6068, 497, 992, 6450, 1669, 7879, 4372, 6402, 5843, 1923, 3854, 4568, 7499, 1890, 5368, 1825, 8425, 4950, 3918, 8167, 5829, 5246, 5097, 7501, 2541, 3238, 5273, 5803, 1736, 616, 1752, 6011, 8229, 9732, 5279, 2642, 9211, 4509, 8531, 6788, 3377, 1069, 7364, 1116, 765, 872, 6015, 4843, 1989, 9136, 13, 1557, 4860, 239, 9554, 5002, 3537, 7655, 1504, 5091, 295, 6992, 6606, 2298, 6076, 1729, 2426, 9486, 3249, 4289, 2614, 696, 8923, 1869, 2710, 6975, 3382, 1857, 5990, 8974, 4596, 7407, 1917, 443, 5181, 8952, 9835, 1939, 1197, 3666, 1260, 8266, 119, 2768, 7157, 4308, 7536, 7584, 9246, 6106, 2718, 4426, 544, 8552, 5066, 2620, 1757, 4763, 8122, 355, 2246, 3364, 2302, 8400, 6492, 6760, 5143, 2634, 9485, 5929, 9343, 8398, 5716, 4234, 2069, 9236, 9570, 1280, 9352, 4476, 4407, 464, 3028, 2953, 5978, 155, 8429, 6781, 1759, 6240, 7373, 1999, 9538, 14, 9905, 4527, 7816, 5076, 5929, 4005, 5979, 7814, 250, 6560, 7256, 8273, 6017, 5679, 6737, 1169, 2753, 9153, 8243, 1156, 8450, 1730, 7724, 7647, 8744, 2240, 9269, 6050, 5535, 9985, 6461, 2754, 327, 236, 1616, 1359, 8428, 650, 5087, 3943, 3310, 227, 25, 3840, 28, 6574, 6885, 5155, 6088, 5110, 4747, 2922, 130, 3805, 6398, 8941, 4129, 8700, 6807, 7060, 3970, 5626, 2106, 7124, 4716, 6744, 7470, 1290, 3503, 3710, 1946, 5847, 1840, 4379, 4778, 3598, 8526, 8946, 5729, 6689, 2316, 5051, 256, 5727, 6637, 6689, 9923, 625, 3659, 4248, 6485, 1901, 4315, 5611, 555, 4418, 5282, 9545, 4269, 9960, 2466, 3098, 2109, 2659, 5907, 8113, 4735, 2846, 9863, 347, 9517, 2753, 7018, 2996, 3313, 3286, 2109, 9984, 3721, 543, 3034, 1667, 2874, 6132, 2131, 4690, 2308, 1179, 1238, 7417, 8783, 9764, 528, 8626, 1846, 6608, 6980, 9873, 8687, 4027, 2823, 5949, 2530, 7262, 1114, 958, 8485, 1520, 6867, 9564, 6996, 9833, 9907, 5709, 7008, 2855, 8300, 5241, 4928, 118, 1321, 7668, 7219, 9326, 227, 7243, 5197, 1089, 31, 4681, 6891, 3302, 409, 6263, 4135, 224, 9510, 7537, 6171, 7689, 6378, 1387, 2020, 5705, 4368, 3437, 9112, 3350, 7951, 1863, 1415, 5001, 7650, 6043, 3593, 8055, 7968, 5453, 7511, 3065, 6917, 5935, 9741, 7837, 7144, 1813, 4344, 2852, 8074, 3470, 4215, 5830, 7590, 5223, 1983, 4399, 5977, 7470, 6445, 7257, 5013, 4011, 6291, 4127, 295, 7390, 3391, 860, 3953, 1492, 2588, 9400, 4355, 2133, 8795, 2000, 173, 7818, 1051, 2712, 2545, 1523, 6902, 4324, 2118, 6336, 3416, 7154, 1677, 826, 9507, 7107, 6305, 776, 1500, 2730, 3054, 227, 7159, 3828, 3493, 1014, 3885, 7282, 4722, 7922, 4795, 3517, 9667, 527, 1465, 390, 622, 1057, 2528, 9184, 8358, 800, 3510, 3398, 4509, 5758, 7914, 8127, 1611, 6315, 9766, 7877, 178, 1973, 358, 1014, 6098, 3382, 3558, 9873, 4062, 7132, 6871, 8924, 5663, 1111, 4851, 6498, 7160, 5934, 5486, 7809, 8231, 7899, 9885, 618, 4339, 1310, 4245, 2221, 4493, 2214, 4518, 1748, 6768, 8371, 3497, 3048, 2367, 8390, 8459, 46, 9351, 4685, 5849, 6914, 7031, 702, 5851, 9343, 1718, 4898, 8077]
List Size: 4000
Insertion Sort Time: 961.853000 milliseconds
Merge Sort Time: 44.845800 milliseconds
Built-in Sort Time: 1.749500 milliseconds

Original List: [2889, 7443, 9393, 5354, 4552, 4276, 7418, 5806, 4099, 5829, 9236, 5699, 70, 4051, 654, 5340, 6006, 4682, 1496, 2005, 3461, 8161, 8717, 8877, 7589, 3348, 5935, 9788, 5948, 1240, 8327, 3052, 7545, 8959, 7656, 8993, 6938, 2299, 3437, 5520, 5577, 2742, 6780, 4619, 7556, 7626, 5338, 2169, 2134, 369, 3679, 3306, 4116, 5754, 6397, 1529, 3271, 9871, 554, 8647, 622, 1750, 3153, 8068, 9088, 1529, 3930, 5758, 931, 6871, 2052, 3766, 4053, 8295, 162, 5399, 2755, 5738, 3448, 1134, 9102, 3457, 4640, 3396, 2226, 4527, 4712, 9106, 8223, 2477, 2674, 1733, 2948, 7769, 2265, 5332, 9956, 4167, 1078, 8913, 6462, 493, 1418, 9869, 9736, 4074, 5112, 5575, 3685, 5832, 9060, 3983, 9659, 4338, 4203, 3343, 7062, 6599, 2851, 4430, 1291, 55, 245, 1838, 3872, 3283, 6070, 6453, 1065, 9436, 4020, 3593, 6746, 3543, 5890, 6915, 4682, 6294, 7356, 9947, 7317, 4846, 9157, 3731, 8094, 4364, 7567, 3737, 5085, 5584, 3433, 4313, 4116, 9144, 9548, 3693, 9347, 6930, 2798, 5810, 3990, 1273, 1932, 9501, 2403, 2894, 7364, 7249, 6146, 9281, 8325, 3366, 1992, 6280, 8628, 7240, 9670, 8998, 5064, 4078, 4259, 1554, 3046, 8759, 2872, 7873, 5990, 7521, 3875, 6655, 3309, 4449, 6985, 8799, 3678, 7081, 246, 8116, 3847, 7876, 3704, 5254, 5058, 1736, 4829, 8924, 3883, 5032, 510, 9097, 5660, 3576, 1660, 2907, 1414, 9921, 5754, 1339, 210, 249, 5374, 4370, 2637, 4814, 7949, 2918, 52, 8590, 4501, 8633, 196, 9556, 4471, 6737, 6610, 8033, 1183, 5212, 2650, 656, 3133, 5654, 9458, 4874, 6829, 4612, 7176, 4930, 3583, 8269, 7460, 9390, 6223, 7168, 2965, 82, 4300, 763, 2974, 7728, 4327, 2415, 2897, 5283, 3992, 3096, 4590, 3758, 6772, 6313, 5901, 1950, 4495, 1115, 5824, 9671, 7069, 2388, 2219, 9461, 8631, 3860, 2698, 2523, 1919, 5616, 3671, 2372, 2547, 1290, 1228, 4083, 307, 282, 5894, 454, 5917, 389, 1615, 1825, 8619, 1064, 3905, 7179, 4939, 8262, 4384, 8153, 7773, 6503, 4946, 442, 5634, 3862, 9325, 1187, 379, 298, 9361, 8637, 5580, 5351, 2290, 5158, 207, 4849, 1268, 9043, 8305, 7122, 2105, 4310, 3658, 4779, 3288, 6451, 7953, 7990, 4018, 4483, 4263, 2909, 989, 3209, 2181, 5957, 5428, 6282, 7272, 8567, 3620, 2737, 4019, 5940, 7390, 7964, 4065, 904, 1432, 8123, 6044, 9565, 2916, 5807, 1340, 8188, 3354, 9072, 9074, 5632, 5137, 4063, 8648, 1593, 810, 5250, 8506, 427, 2860, 489, 7508, 176, 1527, 8560, 8023, 1493, 7740, 5301, 7821, 8495, 7268, 6050, 5316, 2194, 546, 4265, 5603, 5898, 1385, 4249, 2260, 521, 4599, 2378, 7830, 4654, 5446, 1747, 6229, 2574, 4468, 7357, 170, 6039, 8441, 394, 9471, 7786, 7306, 1110, 2730, 907, 2991, 1947, 5431, 3594, 3374, 2, 7203, 9950, 6922, 9287, 5498, 1887, 8127, 9000, 8964, 5643, 6910, 8877, 1194, 8245, 1315, 5521, 5742, 4774, 5353, 5255, 4047, 2977, 6211, 6447, 1977, 8537, 9585, 8082, 1271, 5977, 25, 1207, 1426, 4075, 934, 3112, 4389, 3678, 1951, 2579, 6295, 3350, 9184, 5286, 8908, 2550, 3958, 3424, 4256, 4503, 6432, 9800, 7812, 8302, 2191, 8367, 1459, 1911, 7483, 2630, 1191, 4257, 4451, 5211, 1938, 8222, 8193, 5485, 9273, 4993, 8265, 854, 7691, 4109, 7547, 8747, 8017, 3065, 3607, 7924, 4424, 4194, 9450, 800, 3506, 7705, 3036, 4652, 8081, 4009, 6147, 7670, 3836, 7486, 2445, 6611, 7570, 117, 3295, 6935, 6347, 2756, 4441, 4677, 9232, 6056, 5941, 5436, 5670, 2717, 5481, 1042, 9357, 8225, 9749, 9306, 8388, 3360, 9703, 1119, 7692, 8349, 2173, 3498, 2082, 4905, 13, 4213, 7206, 5782, 3946, 2841, 5111, 806, 1831, 1124, 3158, 6825, 4787, 5681, 9234, 552, 704, 7604, 3163, 8995, 8823, 9776, 3455, 7120, 8709, 7956, 4928, 186, 7382, 3903, 6280, 3259, 8148, 273, 8529, 8926, 4799, 6633, 4311, 4774, 4883, 2168, 1914, 1832, 1473, 3100, 593, 1886, 7372, 9129, 4828, 7182, 1673, 3509, 6897, 4075, 1021, 2854, 6908, 6074, 2297, 6488, 1685, 3383, 5125, 9014, 4999, 9296, 5800, 3868, 4924, 5150, 1702, 8570, 2411, 1925, 2823, 747, 6924, 1890, 5291, 6830, 6007, 4022, 9056, 8313, 730, 3524, 1227, 9804, 259, 1220, 1305, 4695, 6912, 6721, 4960, 9092, 9967, 4737, 1500, 8823, 5738, 5491, 7767, 3961, 9224, 1221, 4596, 1254, 6351, 5364, 3045, 6308, 4989, 57, 4158, 4785, 4812, 6139, 6725, 5852, 6449, 3415, 9934, 8649, 4488, 1932, 5239, 131, 1733, 2281, 542, 528, 5064, 3582, 9772, 4682, 3639, 2603, 8867, 6131, 9344, 2189, 5089, 5427, 6745, 9994, 2614, 6585, 869, 6639, 8012, 9091, 7232, 9342, 9823, 5610, 9575, 9673, 8214, 976, 6674, 1874, 3380, 8655, 4061, 1109, 2747, 7722, 8963, 5167, 9637, 4477, 8417, 2209, 7235, 9932, 5031, 7687, 7200, 7227, 8447, 2381, 2410, 1846, 7823, 6281, 7057, 6025, 4142, 6409, 1508, 5203, 3991, 7789, 9821, 644, 7141, 1786, 4192, 1077, 6793, 7184, 2092, 6725, 7152, 9375, 6990, 7975, 4042, 1363, 3979, 2705, 9599, 5246, 8639, 9354, 7798, 2190, 6297, 5935, 9240, 1396, 4372, 6002, 3459, 1443, 9698, 9170, 2973, 3890, 4191, 2840, 9432, 2920, 9194, 3495, 3206, 4169, 612, 6601, 3709, 1983, 2466, 7577, 2197, 8457, 3411, 4923, 486, 5355, 4172, 8592, 5362, 6133, 1569, 3521, 5935, 1314, 1783, 5127, 6947, 8934, 9669, 7317, 333, 8613, 4251, 7957, 7832, 5274, 804, 136, 73, 2460, 4121, 471, 84, 2445, 7877, 6962, 5893, 4045, 5099, 9595, 8698, 2335, 571, 8392, 850, 6707, 7999, 6600, 9916, 8017, 2971, 7550, 7118, 8392, 1404, 7458, 3634, 5581, 7483, 5546, 5232, 4889, 3873, 8723, 892, 306, 2344, 9056, 9320, 4979, 2951, 6752, 4195, 7589, 5732, 733, 5344, 6239, 3095, 6814, 903, 1036, 9294, 1464, 9603, 1794, 5983, 2904, 2285, 9194, 2058, 4340, 6442, 1741, 8547, 24, 6096, 5710, 9109, 6700, 7998, 5870, 8666, 7426, 3262, 3484, 9893, 3649, 851, 234, 8532, 3132, 3480, 2851, 1921, 6982, 5163, 1042, 3495, 6875, 3774, 3985, 1834, 8325, 5833, 4772, 3708, 7804, 999, 5461, 8353, 3106, 7067, 3364, 7967, 8104, 1469, 2938, 3763, 5855, 7232, 2522, 3252, 4455, 7421, 139, 1710, 4524, 2885, 9752, 3859, 3779, 8984, 3265, 555, 8751, 203, 3565, 7558, 3401, 8149, 4412, 2443, 4132, 2052, 3481, 6699, 9637, 1717, 4458, 3453, 6717, 5367, 8682, 6537, 9427, 1756, 8996, 3278, 5458, 7470, 6324, 3366, 4239, 5880, 134, 6676, 7871, 5465, 1395, 4624, 9668, 3154, 3049, 1486, 6917, 44, 2832, 8094, 6581, 7156, 8310, 4410, 7572, 9432, 1994, 9317, 1299, 7902, 8224, 1500, 3376, 4399, 2493, 1518, 575, 2342, 4775, 5924, 5292, 1928, 5623, 5381, 5852, 7812, 4530, 7238, 9711, 8535, 4078, 4520, 3688, 665, 2313, 4759, 7755, 1308, 1686, 1418, 7810, 6363, 484, 3664, 5688, 4387, 7751, 8631, 1806, 9827, 6295, 2888, 1828, 5445, 9279, 402, 2770, 1299, 6936, 1625, 1101, 4132, 3337, 4102, 9083, 1775, 733, 9092, 6299, 9579, 1697, 6535, 9719, 1234, 4611, 6389, 4728, 9812, 4491, 6518, 9611, 5489, 20, 1872, 8375, 429, 8818, 9332, 9185, 2712, 1686, 6364, 7070, 7470, 5381, 1965, 1590, 206, 2529, 4511, 2390, 8405, 7652, 769, 2080, 5444, 4579, 1258, 584, 4007, 6980, 8552, 1436, 9023, 2187, 3159, 3514, 5483, 2384, 6223, 5024, 5441, 4339, 6957, 4287, 9726, 5262, 7517, 5336, 2379, 1575, 6656, 1007, 7243, 6029, 9681, 6488, 3875, 9537, 2762, 8159, 2831, 2011, 2437, 6937, 5680, 804, 7033, 5640, 1714, 3548, 5357, 4729, 5430, 3790, 8172, 5050, 6146, 957, 2211, 2403, 2136, 7762, 7634, 7313, 614, 5656, 6247, 9041, 2138, 3836, 9523, 7665, 827, 9196, 1861, 4793, 5620, 9539, 618, 7290, 2883, 7926, 7693, 3745, 2908, 1905, 1344, 4441, 3415, 8675, 3887, 9717, 9065, 3305, 5736, 7575, 4563, 3852, 9832, 2915, 1114, 1158, 6759, 5144, 8160, 7494, 621, 1259, 4695, 9236, 2580, 3424, 4277, 7095, 5986, 2860, 7549, 6567, 2474, 4259, 477, 7551, 1468, 145, 6620, 7218, 186, 7911, 2205, 2639, 994, 5206, 6219, 4776, 1725, 7768, 4674, 1481, 5913, 9468, 5008, 9597, 6934, 6202, 9515, 2712, 6594, 1808, 6844, 2058, 8961, 2865, 6405, 1566, 6639, 7676, 1230, 9694, 5250, 7839, 2454, 6288, 2710, 6878, 6692, 4756, 4894, 7568, 8071, 7352, 2988, 7237, 6613, 2287, 9104, 45, 4915, 2778, 3963, 1661, 7375, 6205, 7117, 1612, 8215, 1778, 8943, 7437, 7369, 7036, 8055, 8655, 5867, 9588, 6625, 9725, 5210, 7701, 6001, 2376, 2873, 2434, 1165, 9135, 8, 7918, 5938, 1720, 3847, 761, 7491, 2121, 6010, 3615, 9086, 2108, 3301, 5873, 1300, 3437, 5105, 2455, 6314, 3519, 8550, 2272, 4533, 5077, 6143, 5601, 6363, 3099, 4735, 8499, 2872, 9728, 4693, 4143, 3622, 3031, 2524, 6471, 6055, 1490, 9553, 25, 4462, 105, 9510, 7794, 4779, 6609, 3603, 2454, 8728, 2898, 5702, 9277, 815, 6645, 3105, 2200, 9168, 6831, 5239, 2544, 9027, 630, 1987, 7241, 1836, 507, 983, 2408, 5504, 2673, 1026, 6386, 7486, 4592, 178, 8056, 474, 201, 2021, 8639, 3313, 4452, 1430, 9571, 1985, 1603, 7963, 4864, 8453, 6076, 2424, 8382, 2155, 9762, 6208, 8014, 1469, 1298, 2365, 8382, 5604, 2323, 8557, 6723, 2412, 7416, 1867, 6605, 2703, 5196, 4357, 9971, 6652, 174, 7103, 5717, 9636, 1342, 4657, 5628, 7768, 1835, 8533, 4507, 1738, 467, 983, 5213, 3710, 5130, 2360, 559, 8664, 4306, 7156, 2796, 1343, 8530, 7359, 9553, 7342, 5687, 1707, 504, 9707, 670, 4029, 1759, 5394, 4910, 2872, 7280, 7999, 1848, 5796, 6683, 2168, 4070, 244, 4427, 7392, 9831, 1283, 2802, 7265, 9180, 3165, 280, 913, 1350, 3588, 8902, 3584, 23, 5856, 8095, 9781, 6003, 9023, 1156, 3533, 9374, 463, 1226, 1886, 3359, 958, 3948, 2884, 2573, 5752, 6719, 2235, 9863, 9073, 5891, 4048, 7761, 5277, 9346, 3665, 7102, 4442, 8526, 4354, 2469, 9311, 7681, 1878, 3788, 6023, 6925, 1688, 9370, 8922, 1364, 4973, 954, 8662, 2573, 9036, 8957, 815, 6926, 934, 7917, 8341, 531, 7801, 3335, 2697, 4700, 4722, 2456, 2329, 6909, 9639, 7940, 2156, 5011, 409, 9445, 8679, 6821, 4557, 172, 6533, 7791, 6013, 2355, 1019, 537, 2291, 5, 6669, 6079, 8779, 5709, 3867, 9124, 2297, 7872, 5028, 9561, 1073, 2870, 9456, 7586, 1710, 7224, 456, 237, 3620, 5047, 5987, 6339, 9259, 9575, 8602, 7467, 1985, 7689, 9619, 8303, 8629, 5323, 576, 9926, 2334, 8103, 8713, 7591, 4323, 8970, 9042, 911, 6253, 7330, 8223, 798, 4708, 7973, 2854, 9711, 4336, 3259, 5956, 694, 5896, 9696, 8308, 3559, 4422, 6048, 7831, 7567, 8856, 8569, 9248, 4715, 9259, 5599, 822, 1395, 4784, 6670, 9978, 8094, 2157, 7289, 1163, 1123, 7425, 963, 7796, 2435, 6925, 8486, 7922, 3504, 7375, 8832, 7239, 7085, 7326, 4532, 3988, 8468, 5120, 9815, 3395, 3410, 6095, 9702, 6142, 4205, 8924, 4606, 4378, 442, 1051, 529, 5448, 4464, 7577, 2189, 364, 1104, 8285, 4687, 5455, 1817, 4877, 4061, 7892, 3925, 7269, 3408, 8562, 8597, 9739, 3699, 9386, 9035, 3575, 585, 8177, 8481, 7875, 1496, 608, 6145, 3481, 3530, 876, 8190, 2857, 9304, 3225, 8025, 9722, 6929, 2216, 2361, 9552, 1660, 7675, 6453, 7671, 4462, 538, 5440, 4030, 9857, 6508, 5696, 3347, 4044, 6900, 8112, 4639, 6178, 8494, 9825, 2622, 4029, 3634, 2293, 3362, 6971, 3616, 8407, 3784, 4717, 7525, 9496, 5663, 1747, 3664, 1779, 4665, 6076, 8633, 1062, 2927, 3839, 5625, 426, 1075, 6106, 3722, 4269, 5599, 4285, 3202, 7202, 8696, 1555, 1715, 8231, 1822, 2169, 291, 1941, 1911, 3254, 4788, 3970, 4918, 9934, 9645, 9657, 9710, 6583, 4666, 2904, 2730, 971, 6366, 8180, 1923, 9728, 7568, 6100, 5939, 7790, 7755, 3366, 5423, 1076, 1399, 7913, 9222, 2362, 1805, 6103, 8952, 9860, 5835, 7819, 5935, 9816, 7118, 8459, 7134, 6043, 6297, 4916, 363, 2393, 2843, 9736, 9837, 6910, 9380, 7772, 8583, 5582, 8052, 5914, 4810, 1401, 5608, 2083, 1160, 1891, 8838, 1274, 2444, 7733, 2456, 2960, 487, 8580, 4498, 9439, 4332, 4623, 6489, 5231, 1605, 7998, 895, 957, 7820, 538, 5073, 6255, 1134, 1219, 8755, 6422, 7559, 6422, 6495, 2963, 2680, 6579, 6118, 6752, 2800, 5148, 4799, 5371, 2322, 3314, 1750, 501, 4519, 9484, 9046, 2841, 5815, 5276, 2363, 7142, 8820, 2802, 9941, 9910, 1098, 1527, 7896, 8743, 6112, 8888, 8397, 9984, 2154, 3561, 5202, 5738, 988, 7676, 149, 4984, 842, 5328, 3969, 1233, 2131, 7304, 4411, 3092, 1992, 4876, 8749, 1215, 5488, 3253, 3231, 309, 5458, 6921, 930, 757, 3349, 4175, 332, 6550, 7700, 1839, 2440, 1122, 973, 3304, 690, 1905, 8626, 362, 4551, 5901, 9913, 7282, 6485, 4355, 856, 4484, 5115, 8592, 8461, 2474, 2837, 1357, 1491, 220, 7767, 4409, 3939, 763, 7832, 9736, 3080, 9728, 61, 3180, 3977, 8556, 9794, 1489, 1236, 8494, 6940, 5277, 8042, 5294, 1812, 965, 1130, 5592, 8829, 1951, 1950, 9884, 722, 2034, 5961, 7433, 4353, 4039, 7285, 2053, 707, 9380, 6294, 3997, 6659, 4225, 596, 4878, 4421, 3247, 9477, 3238, 8474, 1680, 9733, 6777, 2397, 8932, 4751, 9625, 7560, 2793, 9765, 2815, 8398, 4432, 6230, 6860, 6370, 3953, 1619, 3743, 9778, 5346, 6941, 7783, 3309, 9352, 7187, 9120, 5954, 7283, 8886, 681, 2261, 1944, 3559, 913, 4684, 6744, 6522, 6495, 7464, 5164, 1638, 9998, 2262, 906, 9180, 2426, 7968, 4599, 6020, 4442, 384, 512, 1367, 5343, 9926, 7390, 1687, 6477, 1341, 4405, 7321, 841, 8988, 5991, 3472, 9992, 8079, 8922, 2098, 3547, 5209, 4107, 2243, 4050, 1811, 8995, 9297, 1000, 7136, 2424, 359, 6321, 980, 6232, 9736, 4808, 8920, 5300, 1671, 7752, 2429, 1384, 6975, 1379, 8471, 2632, 5758, 1828, 8073, 9825, 4235, 2529, 5735, 6706, 4688, 4159, 1653, 3579, 6393, 5927, 4494, 8058, 3648, 5338, 5334, 2770, 7223, 1750, 4084, 2139, 8351, 963, 6774, 7513, 5664, 9410, 139, 8480, 4325, 2013, 5918, 9572, 892, 912, 4790, 2240, 9198, 6123, 7198, 7962, 5174, 3392, 266, 9761, 9979, 292, 3074, 1556, 6003, 7634, 3459, 3356, 2450, 8746, 6822, 5876, 1862, 5779, 7221, 8506, 3312, 7654, 8114, 7326, 5694, 6408, 9751, 1487, 6622, 3836, 7596, 177, 6038, 599, 3898, 9774, 9994, 8006, 8555, 3524, 6038, 4030, 1496, 6261, 2016, 4299, 6276, 3370, 6038, 3260, 2416, 6384, 5419, 5958, 3900, 416, 3422, 4686, 1661, 3383, 3222, 705, 5614, 4767, 2350, 504, 9530, 7582, 4837, 259, 8564, 8678, 4346, 9901, 963, 3583, 4531, 7888, 4621, 8250, 2543, 6272, 6305, 2374, 1899, 8178, 5202, 9908, 377, 480, 6683, 6858, 8158, 3871, 903, 4259, 0, 1727, 656, 5859, 4932, 9508, 2686, 2291, 1821, 9049, 169, 8816, 6801, 117, 8933, 2984, 5024, 2217, 6305, 2919, 4964, 386, 9745, 4642, 4089, 1307, 892, 3072, 1075, 7338, 3008, 7240, 209, 5725, 690, 8463, 7569, 9588, 7893, 2404, 630, 149, 719, 44, 5758, 35, 6947, 8501, 7848, 2854, 6124, 1339, 4795, 6843, 369, 3846, 9118, 4643, 9730, 1636, 169, 5104, 2739, 4320, 2823, 1095, 5760, 3129, 5706, 1624, 269, 5782, 2641, 2748, 6577, 855, 7411, 5941, 9178, 4801, 1136, 9590, 1041, 4918, 8319, 7320, 7805, 4412, 4765, 1827, 9324, 1939, 5050, 8639, 6730, 9724, 2000, 4261, 5277, 1856, 1674, 2313, 6151, 3784, 1562, 102, 5667, 7065, 6413, 3890, 941, 4859, 2434, 5895, 3655, 5198, 2205, 2253, 8922, 837, 8869, 6816, 680, 130, 934, 3485, 3928, 9679, 179, 7401, 4830, 5424, 8149, 6807, 1673, 1502, 6870, 4315, 2271, 8125, 3183, 6116, 3041, 6621, 285, 991, 435, 1888, 2337, 7085, 6755, 7572, 2610, 2341, 3866, 5935, 7634, 6447, 8059, 3456, 3908, 2110, 1524, 1630, 5577, 8544, 5122, 639, 9372, 9300, 6724, 2601, 9742, 2219, 5776, 7557, 8837, 5241, 8822, 2769, 3338, 4662, 610, 5751, 8796, 8559, 6576, 9370, 2177, 2650, 1112, 5067, 9722, 4248, 9083, 2951, 9792, 3993, 6664, 4851, 5953, 5193, 7943, 2571, 8149, 383, 9868, 5925, 83, 587, 7833, 2563, 594, 7080, 6434, 5172, 3539, 3554, 6966, 229, 2787, 4761, 2392, 2952, 4709, 1692, 2966, 2313, 7633, 9289, 7808, 9440, 7884, 9496, 6811, 1027, 4230, 8070, 6232, 5887, 4102, 2513, 5820, 6525, 4948, 1600, 810, 153, 8677, 550, 9467, 2676, 6736, 7564, 5351, 8292, 1560, 6006, 7295, 3690, 5430, 198, 4593, 4979, 1894, 860, 5217, 3380, 5941, 5326, 3361, 8325, 7428, 8975, 9719, 3048, 8155, 8982, 7433, 4855, 9414, 3460, 1641, 5143, 1863, 5236, 4968, 5355, 1231, 3277, 2575, 1314, 6676, 1673, 3117, 4290, 6341, 8160, 4473, 3974, 4139, 5954, 603, 3372, 9376, 356, 7359, 8405, 4386, 3189, 8451, 4774, 9542, 9056, 2384, 9022, 9847, 4474, 2170, 5161, 3469, 8486, 5498, 2373, 3589, 8189, 867, 7805, 7376, 8685, 2314, 978, 6458, 4818, 5667, 5204, 3083, 6652, 3684, 5541, 9938, 3816, 2250, 1752, 9791, 5356, 4112, 1612, 1866, 985, 9039, 8772, 930, 3118, 1401, 2799, 1410, 5050, 9772, 3076, 1273, 5475, 5573, 2926, 5406, 7978, 7036, 9022, 9256, 1901, 3453, 5808, 7548, 9441, 1874, 16, 4725, 5338, 5133, 3866, 9769, 7515, 7736, 5586, 3662, 7904, 7301, 8914, 9025, 4239, 6895, 1971, 2810, 8908, 1750, 5820, 4028, 5012, 747, 7368, 774, 9426, 4769, 3287, 1575, 429, 1753, 9970, 5007, 3330, 1557, 2788, 1485, 2815, 6609, 9706, 1119, 547, 9708, 1497, 7380, 6895, 2544, 943, 7713, 1086, 201, 9214, 7986, 526, 4138, 274, 10000, 1257, 7772, 2810, 5730, 9882, 7190, 9894, 6014, 5908, 1899, 3800, 2303, 7713, 7455, 9672, 6779, 4122, 1037, 3705, 2513, 7595, 8134, 7169, 9225, 2201, 8642, 2657, 6965, 1995, 14, 5773, 4524, 3662, 1860, 3945, 1427, 7018, 9202, 2596, 9307, 397, 9370, 3127, 9104, 6170, 1065, 7781, 7866, 2626, 5736, 6307, 4391, 6766, 7389, 4987, 2748, 7286, 9099, 9457, 4991, 1649, 7253, 7034, 7100, 4021, 7061, 5407, 8951, 6815, 7663, 6549, 4996, 4738, 8629, 2851, 9090, 2145, 9355, 4385, 150, 6510, 9531, 1310, 4130, 8738, 890, 7880, 5006, 7851, 6823, 6819, 7287, 9458, 6652, 8564, 742, 6867, 1692, 1611, 3477, 5382, 6026, 9881, 9498, 4935, 8578, 7112, 2784, 6047, 2796, 3517, 9148, 3335, 6738, 6617, 3009, 4203, 8147, 3485, 1125, 7246, 6176, 6132, 9862, 4390, 2525, 75, 5446, 6258, 5635, 1959, 3584, 8355, 5657, 9573, 9861, 6779, 1223, 814, 6870, 5963, 3551, 1814, 4618, 2156, 2440, 7821, 2551, 6749, 5339, 7488, 6328, 3709, 3222, 4585, 670, 2404, 3153, 6584, 1762, 9975, 5077, 4354, 2484, 2136, 5935, 257, 8462, 9239, 8233, 5376, 4410, 9637, 8674, 3321, 7411, 8840, 7737, 5253, 518, 5599, 5318, 6799, 2734, 3210, 5511, 25, 6031, 2110, 9842, 7878, 8301, 6663, 5183, 805, 5797, 7439, 4366, 5976, 9203, 734, 351, 8357, 3594, 3548, 4450, 573, 2466, 188, 6897, 7084, 3961, 919, 6791, 7474, 3884, 6656, 4410, 5912, 9608, 3059, 571, 2904, 9232, 4618, 8132, 1477, 7469, 5274, 6213, 3498, 1852, 9199, 6818, 5592, 6088, 2407, 8272, 2853, 6033, 4026, 4280, 8808, 4144, 4158, 9471, 9664, 5163, 5874, 3146, 4621, 3990, 6252, 2329, 9578, 445, 13, 176, 7377, 9948, 8184, 7996, 3800, 4382, 5838, 9929, 9848, 4131, 6749, 7715, 4784, 7730, 5693, 7125, 4542, 3188, 4895, 1914, 6076, 773, 2868, 7431, 3774, 1701, 4965, 5984, 8026, 6593, 5332, 8291, 9406, 2323, 31, 1954, 6929, 9648, 1615, 5099, 4913, 7970, 3266, 5762, 9934, 7294, 5780, 1433, 8154, 762, 7451, 8850, 8514, 6682, 9376, 3312, 3559, 2437, 1799, 7849, 7418, 9997, 2816, 5504, 9176, 8307, 7726, 3953, 3636, 1964, 6090, 8907, 8279, 7555, 8086, 6826, 6183, 6385, 7859, 4796, 3026, 948, 562, 8711, 1141, 7334, 5449, 1501, 7831, 7372, 6768, 6758, 4213, 7421, 5280, 2522, 7110, 8318, 5178, 4940, 103, 4419, 1923, 2352, 5581, 9920, 8242, 965, 9873, 3278, 1271, 3908, 8913, 6654, 87, 4770, 4541, 1161, 300, 6680, 2079, 461, 3139, 2400, 1255, 3137, 5645, 4127, 2179, 1182, 6771, 4534, 6477, 4500, 2337, 2229, 9751, 8764, 2726, 9927, 9421, 3286, 8424, 5389, 8701, 7932, 7615, 8013, 1288, 4922, 1693, 4763, 345, 9456, 9353, 8830, 7990, 5972, 6317, 811, 8696, 3512, 2941, 665, 1727, 9741, 2970, 9352, 7488, 3939, 447, 626, 9051, 9200, 7140, 3055, 1159, 467, 7221, 5929, 9816, 3798, 884, 9368, 8703, 360, 4745, 1040, 8450, 6521, 8480, 1611, 9373, 8133, 3942, 8565, 3333, 6271, 608, 6424, 9885, 5904, 4563, 9398, 535, 8321, 2104, 8897, 4511, 9407, 9131, 6950, 4330, 8876, 5941, 8944, 7633, 3185, 3611, 7286, 3342, 8156, 79, 7501, 3741, 8948, 8889, 4245, 5905, 3227, 502, 5810, 451, 3707, 8403, 3334, 1162, 6236, 2174, 1819, 1495, 201, 7686, 176, 2096, 2191, 1504, 1007, 6841, 8579, 6173, 8551, 9901, 2956, 2197, 1405, 4132, 3011, 4077, 2888, 6024, 5584, 9049, 5012, 8058, 9965, 464, 4813, 3529, 4025, 3647, 8668, 4664, 4393, 4061, 340, 3263, 8816, 2444, 4109, 3505, 2064, 442, 6907, 3336, 9974, 3814, 2849, 314, 1426, 1143, 7837, 1273, 9797, 5061, 1938, 5286, 6263, 5131, 5911, 7656, 6749, 779, 5205, 8147, 9747, 6092, 3673, 2948, 9638, 512, 4220, 3497, 1149, 9046, 761, 4091, 7625, 931, 2612, 8075, 5437, 8676, 8824, 9381, 468, 5939, 257, 573, 812, 5382, 6792, 629, 6202, 9846, 9527, 1789, 8227, 5464, 9632, 8273, 6221, 1342, 1855, 7136, 8114, 8392, 3057, 8156, 6297, 9231, 690, 8981, 2711, 4826, 9686, 827, 9983, 9813, 8834, 632, 3755, 4591, 313, 8826, 1242, 9097, 1681, 3098, 5124, 2310, 1161, 4502, 293, 1555, 2000, 5873, 5896, 2643, 8984, 5270, 8900, 930, 9384, 8225, 5741, 1037, 4982, 8387, 189, 1203, 1828, 4685, 6752, 6834, 4559, 4076, 2783, 4357, 3953, 9474, 1742, 6427, 2416, 1355, 894, 2322, 450, 8914, 1948, 8377, 1997, 541, 6227, 3573, 3427, 3019, 7164, 8993, 4986, 4460, 8602, 209, 5253, 3690, 505, 4754, 6828, 4788, 6520, 7735, 5085, 1966, 9747, 4062, 2622, 8002, 1214, 6025, 3706, 8234, 6602, 1478, 7493, 6371, 2027, 8384, 721, 3080, 8501, 4842, 1039, 6538, 4482, 6715, 2070, 8061, 4761, 4796, 7097, 8678, 51, 4468, 6312, 1714, 1163, 6210, 5840, 3724, 9207, 7302, 2091, 9885, 6312, 3464, 3127, 5639, 753, 698, 5278, 3236, 8350, 6409, 2482, 6986, 4582, 311, 4037, 7759, 5516, 5820, 457, 3995, 6415, 6301, 9260, 7643, 8889, 7475, 2337, 4581, 2296, 7297, 1273, 9105, 2584, 4594, 3742, 3112, 9023, 7360, 872, 1665, 7446, 991, 4556, 3791, 2875, 2529, 1929, 1184, 6271, 6284, 6878, 7097, 1457, 1923, 9652, 5441, 5175, 6773, 9130, 2492, 2419, 7196, 1822, 1709, 3202, 2576, 7451, 6271, 6400, 1255, 877, 3213, 3698, 7275, 4503, 9112, 2335, 5591, 8259, 3279, 5208, 4734, 1630, 5706, 2796, 5448, 313, 1214, 3683, 6318, 657, 9827, 7195, 8432, 927, 5617, 8015, 920, 5498, 6889, 7394, 7607, 2293, 7693, 182, 2673, 4059, 4081, 6843, 9562, 6990, 9606, 8203, 8621, 3127, 6360, 4921, 396, 2537, 348, 2408, 3564, 2875, 1107, 5215, 1930, 7684, 9332, 2719, 3572, 3661, 6302, 8455, 9604, 3937, 3573, 3539, 6961, 6785, 5100, 1667, 8998, 9549, 2468, 8545, 2926, 1025, 88, 7415, 6542, 5469, 8759, 6090, 6539, 8655, 9791, 4765, 3108, 5071, 4822, 8603, 6184, 9242, 6978, 4191, 2713, 5803, 6495, 8610, 8282, 7361, 8841, 6752, 2508, 5852, 8154, 9553, 8642, 6863, 5124, 7728, 9127, 6756, 5184, 7513, 5227, 1211, 5348, 8555, 7773, 7208, 980, 9812, 2129, 7019, 6552, 5908, 7500, 1384, 5416, 2711, 8918, 9436, 5938, 6408, 5805, 3019, 8566, 1322, 1603, 6267, 9892, 2553, 3302, 6078, 5393, 6197, 2383, 6277, 950, 2511, 2561, 634, 7557, 9540, 4011, 9166, 8987, 2857, 441, 4370, 7789, 6803, 2383, 5504, 1727, 4797, 7229, 7014, 4573, 1037, 7573, 354, 5001, 4888, 5003, 501, 1559, 707, 6786, 5746, 6085, 7929, 1011, 7844, 5193, 125, 893, 6907, 1976, 8810, 5760, 6708, 5433, 4412, 8210, 6261, 1386, 5204, 6746, 8458, 4175, 6489, 5926, 6710, 9634, 4903, 1274, 4408, 2199, 5921, 6777, 9168, 3559, 7227, 3101, 7465, 9296, 8009, 2997, 8305, 5142, 3694, 3825, 6257, 3565, 2786, 3910, 976, 1068, 4100, 6889, 7956, 2321, 6437, 1893, 2709, 6778, 6228, 1021, 1436, 1675, 3745, 8509, 328, 7482, 6839, 5443, 4596, 324, 551, 3384, 4471, 7991, 3661, 4875, 8519, 8781, 2657, 8165, 5638, 152, 4610, 6564, 1022, 3314, 9574, 6237, 5976, 224, 3548, 3027, 3335, 9834, 3733, 707, 1426, 8756, 7422, 8259, 2480, 254, 6997, 695, 1927, 1765, 1307, 9297, 6748, 8236, 8357, 9107, 726, 4851, 2856, 2805, 5332, 921, 1113, 538, 4194, 3760, 2000, 3407, 2979, 5005, 958, 9302, 6158, 7960, 1291, 4768, 6994, 1633, 1259, 8395, 3220, 1305, 7557, 1858, 6415, 3522, 1354, 1449, 7256, 4397, 2962, 7564, 331, 4170, 1397, 7228, 7499, 9175, 8369, 3973, 7813, 351, 248, 3214, 5081, 1808, 6786, 9430, 541, 6630, 5005, 7480, 3631, 9515, 2740, 6700, 8078, 9780, 4338, 3685, 5114, 5812, 197, 9730, 5251, 7779, 6785, 7385, 9691, 3313, 1747, 7238, 1825, 7932, 2022, 7600, 8728, 9507, 3325, 4319, 2645, 7350, 9860, 304, 3525, 6276, 7703, 5545, 9684, 4911, 2587, 3919, 9801, 6414, 933, 7981, 8522, 8396, 1230, 2728, 3460, 6754, 43, 2145, 2392, 7169, 3326, 2120, 657, 8147, 1535, 3048, 9179, 1053, 4282, 4389, 1803, 259, 9952, 1237, 168, 9419, 2117, 8959, 1322, 9944, 1217, 1647, 1335, 8913, 9825, 1519, 2597, 9218, 3196, 1744, 5990, 7596, 5365, 5862, 22, 1310, 1233, 9426, 1882, 6458, 2924, 3025, 9575, 6016, 6467, 2092, 1806, 5985, 2619, 8243, 4382, 9061, 3460, 6102, 4942, 1343, 486, 8209, 2255, 7257, 1890, 2052, 1752, 2564, 3748, 1581, 9092, 4958, 6196, 4951, 7682, 7791, 9026, 6632, 4057, 2457, 9272, 8112, 5958, 2919, 9639, 4727, 7084, 3093, 3613, 4418, 5417, 3696, 615, 9496, 2795, 9824, 2176, 5892, 8357, 3118, 1364, 8187, 8614, 5430, 1379, 3221, 8724, 3014, 9455, 1004, 87, 6699, 423, 4131, 2698, 3494, 8004, 6649, 9696, 6113, 6347, 4017, 3585, 4975, 782, 7858, 2592, 3524, 1978, 8898, 142, 8644, 5892, 5456, 649, 7254, 6968, 9582, 6203, 514, 9611, 4040, 7545, 5287, 2270, 576, 5659, 1269, 4421, 7239, 8859, 9696, 3204, 411, 4205, 942, 4078, 977, 1520, 3179, 5975, 3524, 7943, 580, 3352, 2114, 2517, 9347, 693, 3348, 1113, 3542, 2082, 7934, 5459, 6075, 3892, 4501, 8404, 1466, 9532, 3842, 2635, 9814, 8527, 799, 5935, 2669, 1913, 8968, 2497, 7872, 8727, 3954, 1829, 4849, 2698, 4144, 9266, 5065, 226, 5143, 7813, 2821, 625, 4722, 9529, 30, 1188, 3040, 9080, 7614, 7525, 9481, 5270, 5075, 7514, 6284, 5669, 6979, 4285, 401, 7508, 6167, 8053, 8074, 3886, 1405, 8628, 9709, 3963, 1689, 4202, 8948, 4367, 6605, 5686, 9456, 1348, 1741, 2853, 9070, 8995, 2043, 3853, 2678, 3091, 383, 3475, 9034, 5349, 499, 6113, 5309, 17, 156, 9660, 8681, 9132, 1237, 3281, 6915, 1681, 614, 9040, 2702, 3092, 9142, 146, 1342, 6821, 9012, 9786, 8424, 9528, 7417, 143, 5887, 6183, 8001, 8413, 7586, 1382, 9506, 6117, 7148, 4846, 4599, 7641, 5559, 5707, 8226, 845, 6027, 6768, 373, 2958, 2697, 1616, 5724, 1418, 1155, 8341, 2937, 2064, 5766, 7362, 6923, 6313, 8392, 2345, 7780, 5274, 2690, 4277, 1948, 9726, 6097, 2460, 4632, 5560, 7816, 9723, 1699, 7340, 5264, 5057, 7027, 6547, 9854, 2917, 5837, 6809, 3703, 9139, 7321, 3167, 2147, 6710, 9929, 8036, 7728, 1252, 3097, 3419, 4945, 6273, 5181, 9038, 4541, 7280, 9018, 5368, 8262, 9385, 6338, 4503, 592, 6474, 4711, 7652, 6618, 2725, 1834, 5127, 1100, 4380, 1715, 129, 4837, 7996, 6445, 4603, 2227, 28, 1346, 1298, 1673, 6305, 1849, 8616, 4823, 7007, 8249, 428, 9445, 432, 2856, 7424, 2155, 7741, 1858, 1340, 2927, 1745, 3983, 7027, 5241, 6191, 2436, 2050, 3281, 9158, 2335, 9311, 5540, 1590, 8229, 697, 2484, 9982, 4574, 7706, 9585, 11, 9980, 2139, 3544, 3595, 8442, 7036, 6560, 3299, 587, 1370, 7328, 2121, 3732, 2746, 5345, 6453, 7975, 9355, 5462, 9077, 8660, 9311, 8989, 4812, 1293, 9379, 3413, 8626, 4720, 754, 4607, 444, 1879, 2059, 465, 7159, 7804, 6051, 6833, 2320, 9512, 4996, 5685, 5986, 3223, 8008, 749, 9715, 8140, 6648, 3931, 2860, 7196, 345, 9133, 1883, 4484, 5906, 5396, 9036, 6028, 8198, 5552, 1194, 6858, 5793, 4708, 6193, 8071, 3000, 5222, 6064, 3779, 7705, 2453, 3953, 5440, 4726, 256, 3302, 362, 7645, 8771, 5789, 7541, 8175, 498, 7316, 3903, 9590, 9939, 6492, 3395, 5192, 5898, 1567, 5736, 2253, 4494, 6501, 6083, 1929, 5064, 3567, 5415, 141, 6520, 7302, 2882, 1774, 1163, 3371, 8890, 1522, 7096, 924, 9362, 6926, 7890, 927, 877, 3473, 9803, 2402, 2943, 8810, 1604, 3181, 247, 4951, 9426, 6241, 604, 9090, 5898, 5945, 7312, 3104, 8124, 7714, 6601, 5772, 8419, 1936, 3839, 2564, 502, 2200, 6997, 9954, 8228, 9802, 5604, 9695, 1478, 1094, 3947, 3425, 3344, 1156, 9318, 5967, 1213, 1214, 8609, 9383, 5808, 2625, 6723, 3155, 8329, 1150, 8603, 5822, 3208, 7298, 1266, 5595, 5467, 2258, 7950, 8143, 70, 6735, 7655, 6448, 6375, 6426, 3035, 2335, 6701, 918, 7644, 1338, 6637, 2031, 8963, 3845, 2296, 8923, 2971, 5414, 7099, 1764, 3466, 1537, 2982, 2335, 6126, 7020, 2254, 4937, 1999, 3512, 8722, 9385, 2645, 8846, 6593, 8265, 8225, 2057, 1492, 7553, 5133, 5150, 4479, 9205, 4894, 5491, 4454, 875, 5727, 5915, 5518, 5207, 8724, 2329, 4493, 8376, 2741, 6069, 4917, 5120, 1025, 7086, 2100, 9444, 8242, 1056, 9493, 1879, 9677, 6158, 7496, 3953, 4738, 4319, 7972, 8079, 3731, 5849, 1826, 8911, 8171, 8999, 7729, 7917, 4288, 7595, 3541, 1776, 6106, 843, 9814, 736, 7103, 0, 4982, 4715, 2026, 9280, 1334, 2159, 5991, 4141, 5737, 6405, 7702, 7420, 8665, 3667, 3042, 1358, 8631, 8653, 3802, 4199, 2531, 6997, 9239, 5619, 1085, 6682, 2698, 3916, 2139, 8541, 4191, 8912, 5635, 9942, 6630, 2217, 102, 8281, 8606, 1255, 8270, 8923, 1283, 7747, 43, 6511, 4035, 3526, 7377, 5622, 7502, 5925, 4790, 2478, 7743, 8667, 2204, 9349, 6712, 6805, 9410, 6882, 8663, 9413, 8359, 2848, 7388, 4865, 8173, 7956, 930, 9745, 4117, 561, 8174, 3216, 7067, 4213, 3062, 1615, 7784, 682, 6484, 8499, 7063, 3043, 9619, 2425, 4239, 4987, 5655, 9695, 8424, 4003, 9726, 7992, 4888, 3066, 5016, 6645, 2143, 5989, 7964, 8211, 6895, 9029, 2403, 1828, 7456, 8856, 4659, 9950, 6081, 8132, 7036, 8350, 2504, 5463, 2355, 371, 7215, 7748, 3855, 917, 9646, 3527, 6767, 6977, 7250, 5077, 1393, 7924, 2842, 6814, 9075, 9248, 8919, 7088, 9881, 2519, 4222, 2972, 5661, 1367, 9460, 9618, 5208, 2632, 568, 399, 5855, 581, 181, 7164, 7134, 3217, 5734, 8236, 5057, 817, 4109, 2757, 8158, 7509, 9468, 9763, 2942, 7571, 1110, 4554, 1892, 3875, 3052, 8266, 4682, 1508, 4551, 8799, 5460, 915, 4313, 8940, 9239, 5317, 4280, 8526, 3547, 146, 6942, 5372, 8283, 5658, 8535, 9305, 7593, 7738, 3865, 7546, 9377, 1731, 724, 8277, 4167, 8033, 9735, 9228, 2091, 5294, 7000, 7738, 2134, 8743, 4825, 1264, 9120, 362, 3538, 7855, 2109, 8060, 1881, 9874, 4407, 1062, 4173, 5834, 7327, 5329, 5948, 4902, 8099, 3239, 1572, 4928, 3519, 7200, 3230, 2024, 8782, 883, 5514, 7295, 4865, 3707, 3597, 3458, 347, 1609, 5715, 8467, 2718, 4811, 7433, 222, 3571, 8386, 2177, 9907, 2436, 7787, 9909, 927, 3228, 4447, 2365, 9742, 5299, 7276, 3208, 5796, 8845, 2878, 6951, 7765, 2358, 5122, 7817, 718, 1533, 1662, 8588, 7759, 7941, 8000, 861, 3899, 2673, 1115, 737, 2751, 5905, 4894, 5468, 4958, 9081, 8611, 3204, 7707, 1627, 8457, 9040, 8510, 8719, 1965, 6918, 7849, 4371, 4878, 7309, 9406, 9090, 6076, 345, 1766, 7883, 1658, 8102, 7734, 5231, 1605, 9382, 3810, 3925, 8023, 3185, 3856, 7209, 3671, 6974, 4678, 5152, 6175, 9990, 1889, 1768, 7476, 1700, 6576, 2079, 3373, 5636, 7004, 5851, 8651, 1433, 534, 6434, 7429, 8433, 4520, 3837, 7529, 9987, 4798, 7022, 8442, 5151, 3858, 882, 7121, 4610, 837, 4555, 8419, 874, 1976, 4589, 8679, 4067, 1062, 176, 8280, 1658, 3207, 8721, 5739, 8269, 2136, 425, 9107, 3323, 2643, 3630, 9441, 30, 1505, 9202, 5464, 2484, 1356, 9375, 4037, 5321, 2055, 2786, 9421, 2729, 7106, 6575, 5436, 815, 206, 6728, 5697, 1553, 7438, 186, 7371, 9786, 1748, 829, 9781, 301, 3865, 8165, 4353, 1105, 2248, 1890, 7717, 4927, 5736, 9395, 8578, 8926, 2823, 2349, 1773, 6117, 6775, 4540, 9245, 7057, 9595, 8324, 5455, 3907]
List Size: 5000
Insertion Sort Time: 1337.293700 milliseconds
Merge Sort Time: 28.305000 milliseconds
Built-in Sort Time: 0.676700 milliseconds

Original List: [3295, 9015, 1976, 3176, 8257, 1385, 3488, 6343, 8089, 1974, 2935, 7914, 8515, 5777, 7690, 1178, 5858, 493, 8342, 3179, 4649, 2581, 9187, 5173, 5767, 5982, 5690, 6939, 2474, 1727, 8268, 7106, 2282, 4894, 2767, 3852, 3880, 7518, 4942, 6972, 4868, 3505, 9319, 6505, 937, 9255, 9471, 9070, 9445, 132, 7574, 5243, 7165, 8080, 4904, 534, 1220, 3796, 5306, 731, 6207, 4197, 6707, 8124, 537, 9553, 4799, 9408, 7258, 1814, 9424, 5890, 833, 9963, 5945, 7029, 2210, 2480, 4686, 1498, 8115, 4803, 6567, 8448, 2876, 7014, 8914, 5057, 7161, 268, 7778, 8309, 8798, 9437, 9762, 6748, 4815, 4806, 2649, 4126, 7477, 7768, 8762, 1662, 8340, 8255, 5566, 9847, 2414, 1540, 1380, 2258, 8517, 2850, 6870, 6584, 3078, 6480, 417, 6868, 5637, 8416, 4400, 5710, 4844, 2120, 6630, 1023, 6710, 9627, 5291, 6402, 7622, 5975, 6993, 6715, 2881, 5978, 6178, 5702, 1102, 5362, 8114, 4808, 8583, 238, 4081, 6736, 807, 5706, 5687, 5693, 1744, 7250, 3930, 4101, 9312, 5622, 9735, 4436, 9959, 6878, 3040, 8251, 3805, 29, 5638, 9695, 1225, 7570, 4900, 3388, 7569, 5945, 524, 5321, 1170, 8392, 9091, 3038, 6803, 3007, 7098, 5840, 2205, 1226, 5103, 5472, 9267, 8900, 9616, 9707, 3057, 2334, 544, 5877, 1529, 3689, 5540, 1009, 6259, 3797, 6719, 9035, 2983, 2317, 4063, 8604, 1912, 9031, 6550, 2596, 820, 7141, 1677, 1037, 2119, 7521, 2085, 6737, 6070, 6866, 9426, 6030, 3247, 616, 9211, 5890, 669, 2514, 893, 2103, 4899, 5740, 919, 1637, 4616, 9021, 3074, 5151, 3773, 3085, 3628, 3389, 1618, 8842, 3717, 6265, 1364, 9104, 1349, 7147, 4602, 8762, 5267, 4660, 1874, 7666, 9089, 6448, 7334, 5148, 2416, 3435, 8266, 6291, 2315, 5066, 701, 9285, 7513, 2307, 556, 7903, 5761, 8657, 3950, 1690, 5021, 7153, 1597, 890, 1868, 6380, 7759, 6270, 4328, 5438, 6147, 2844, 6260, 5347, 2850, 1157, 7524, 1199, 7878, 7313, 1545, 9048, 4801, 1481, 7786, 2864, 7125, 6477, 1117, 7414, 3302, 9438, 6334, 5929, 9619, 9580, 1607, 7473, 9834, 3245, 3779, 9823, 8457, 8374, 1431, 7560, 1146, 8552, 5131, 2477, 3286, 8161, 9010, 5785, 7832, 4660, 286, 5940, 8932, 7378, 2430, 483, 1169, 2035, 3579, 6943, 4322, 2440, 2756, 7400, 2591, 7150, 1631, 5225, 6722, 4443, 5206, 2092, 4441, 9590, 5715, 4849, 4498, 9350, 9155, 3555, 2927, 2146, 7778, 6600, 8339, 8899, 6026, 2608, 8087, 8751, 1751, 4025, 9464, 6249, 6950, 4142, 495, 2864, 4612, 1726, 9798, 6671, 1910, 7883, 8973, 2362, 6556, 2884, 2805, 4594, 188, 3151, 2110, 4450, 4796, 5943, 1343, 2271, 1125, 1713, 4217, 8022, 4385, 9705, 3113, 5200, 4156, 1106, 4747, 9630, 4993, 7298, 9529, 1505, 6108, 3068, 7591, 3933, 2530, 7783, 8520, 8839, 6982, 9355, 4408, 6816, 8129, 9248, 8456, 3588, 5514, 2244, 3955, 6663, 3704, 8227, 3818, 4452, 2581, 3540, 8551, 1069, 5378, 8056, 7693, 2586, 4166, 5917, 2921, 1754, 1964, 3528, 8197, 7811, 3626, 7069, 9369, 95, 9475, 6456, 6097, 297, 1621, 217, 7032, 3497, 5957, 2363, 8976, 7023, 5706, 3381, 5478, 3446, 1988, 6860, 4983, 3436, 9851, 6261, 7406, 9656, 7026, 9108, 4788, 8768, 7617, 1656, 7792, 2812, 4044, 1150, 7745, 2748, 8554, 6554, 2333, 4859, 2813, 5092, 6835, 4541, 9831, 1721, 1707, 9438, 4816, 4221, 6903, 2532, 471, 3403, 2967, 396, 4669, 4726, 1328, 7401, 6501, 5812, 1437, 1739, 6088, 684, 2615, 9601, 5187, 6418, 7863, 1875, 7501, 5111, 1390, 2655, 3951, 7515, 3414, 2988, 4328, 9662, 1242, 7483, 1910, 2343, 5002, 5947, 1958, 2218, 7022, 3607, 1452, 3048, 7342, 3402, 690, 824, 1914, 9216, 746, 4291, 1027, 6050, 8470, 1227, 5454, 5888, 6775, 5706, 7196, 8927, 8680, 4074, 2583, 964, 9723, 6586, 4617, 7502, 2751, 7100, 156, 795, 4313, 5992, 6130, 9618, 685, 5782, 2065, 7746, 8539, 58, 1130, 2328, 7666, 1538, 1272, 3357, 1565, 1027, 2628, 5148, 4477, 1926, 1011, 4041, 4766, 2798, 2520, 5932, 5596, 9518, 4183, 3035, 1795, 8261, 6732, 7678, 1647, 1439, 1777, 8266, 2191, 5270, 2617, 8480, 7434, 8053, 807, 7712, 3009, 507, 4882, 8266, 4155, 2503, 7105, 563, 3668, 5983, 6503, 1663, 4847, 3392, 5852, 8995, 4889, 4718, 9424, 3148, 8235, 6855, 1955, 1226, 2289, 3822, 7624, 1305, 6530, 7015, 9391, 2994, 5293, 5126, 118, 3703, 4513, 1548, 3514, 9658, 9851, 7067, 3542, 5781, 9942, 6071, 7599, 3261, 3755, 2196, 6765, 759, 4897, 5790, 6180, 4046, 1927, 44, 7088, 9, 9538, 709, 9480, 33, 3123, 6406, 5096, 6612, 8456, 804, 424, 7459, 4207, 4956, 5068, 7710, 840, 8622, 1062, 2210, 2048, 6712, 2007, 384, 8786, 9174, 164, 1542, 4115, 8086, 4948, 3436, 4665, 4937, 6136, 2469, 8564, 7097, 375, 686, 6992, 2300, 7735, 8691, 4776, 7685, 4584, 6183, 7514, 7618, 9713, 4889, 2413, 1959, 6796, 2894, 4687, 9175, 5436, 4148, 2130, 3045, 5907, 3658, 7920, 9425, 6242, 4398, 8291, 7545, 2291, 9867, 4990, 5766, 2834, 3258, 717, 9940, 3690, 3921, 9068, 5137, 475, 5142, 7263, 3610, 7023, 6223, 3363, 7600, 2860, 218, 9946, 1070, 7158, 6259, 6357, 5505, 8150, 1278, 5772, 7774, 3765, 9699, 3145, 7351, 2660, 9291, 4102, 4786, 9036, 4655, 6790, 6925, 4525, 4495, 119, 7857, 3821, 196, 3893, 835, 4799, 3122, 3924, 759, 4041, 9668, 188, 2838, 5188, 6601, 3981, 5379, 6705, 5658, 1297, 294, 7875, 2847, 6882, 3369, 2512, 8847, 4057, 541, 6497, 8693, 9703, 3554, 8554, 9220, 8864, 7104, 3477, 492, 5260, 9111, 4488, 1317, 4208, 6250, 1853, 147, 5869, 2380, 8946, 4455, 7134, 2863, 2832, 188, 8630, 7843, 1680, 9329, 70, 560, 9471, 1237, 5069, 8535, 5366, 1106, 5505, 133, 910, 5479, 708, 7942, 7282, 3746, 4084, 6540, 5097, 6656, 9029, 8650, 6604, 5210, 4029, 7512, 2358, 5683, 1436, 8823, 3297, 7043, 1225, 5837, 8396, 519, 8838, 4176, 6674, 5425, 2057, 6683, 8256, 6111, 4065, 6024, 6291, 3259, 6639, 2119, 7698, 8042, 5148, 1044, 3997, 4627, 1877, 9101, 1557, 7697, 6882, 581, 8705, 1782, 3488, 1602, 6267, 4116, 2811, 7031, 5465, 1750, 8431, 2765, 8199, 5534, 9429, 7457, 2255, 2677, 3929, 9724, 6394, 2646, 9160, 8252, 6526, 8111, 8495, 9721, 4487, 2367, 8939, 4835, 3904, 5827, 151, 8060, 3880, 6192, 9793, 155, 7473, 441, 6325, 7759, 8637, 9634, 7087, 890, 8270, 391, 3925, 7328, 2943, 6359, 6766, 3134, 8532, 6575, 7758, 2735, 5040, 2977, 4987, 368, 8865, 9795, 8754, 6893, 6570, 6867, 9285, 5769, 82, 1697, 5386, 7797, 2732, 7549, 4998, 2677, 6634, 5479, 2662, 2785, 1744, 4979, 3023, 4670, 5219, 6584, 6130, 6221, 6013, 6361, 6260, 5126, 2166, 803, 4653, 2336, 8188, 6050, 9826, 7729, 227, 2836, 1100, 6701, 3550, 8859, 9262, 9676, 4446, 4965, 9897, 7915, 8183, 2151, 3301, 6430, 3535, 7038, 786, 7934, 8536, 2261, 5078, 9316, 4543, 1773, 3426, 3666, 3821, 6349, 8549, 1838, 689, 1962, 4362, 9184, 4164, 9979, 8600, 751, 1312, 1436, 5191, 8916, 8146, 8967, 6775, 4474, 1585, 900, 89, 766, 9214, 8471, 7714, 2906, 9518, 8058, 6764, 2916, 7606, 4935, 8768, 5250, 9298, 7667, 4344, 7885, 4514, 80, 3355, 9520, 5179, 8650, 131, 5276, 7685, 7347, 7198, 8397, 1025, 2102, 5693, 2513, 3742, 4925, 1433, 3729, 2990, 8767, 4837, 2065, 3178, 4498, 3074, 6168, 2419, 2795, 3589, 5635, 1093, 9585, 6635, 9399, 1290, 6298, 5668, 207, 7527, 9545, 6014, 9317, 5299, 5614, 5833, 4530, 8814, 3185, 4508, 3618, 3154, 2648, 4274, 5046, 4152, 2412, 5403, 9529, 1327, 3994, 5089, 7645, 192, 4431, 8669, 8594, 8444, 4833, 9885, 7937, 9944, 7747, 8285, 5242, 808, 1414, 1496, 6126, 2291, 8771, 7076, 553, 4897, 8113, 9386, 3325, 2265, 4375, 1259, 7586, 8859, 3612, 6895, 4249, 2291, 175, 8985, 4509, 6139, 6785, 5296, 2581, 79, 1161, 8064, 3558, 3428, 7, 8803, 1646, 2147, 975, 5048, 7513, 4793, 1722, 7994, 1990, 2189, 6829, 3577, 2311, 832, 2446, 8722, 5688, 8832, 9896, 6141, 1338, 8005, 697, 1273, 1543, 796, 7851, 4603, 2253, 2998, 4767, 5160, 1214, 9858, 9187, 3566, 1075, 6749, 6042, 1927, 5718, 4438, 6742, 5007, 4491, 5377, 1996, 7003, 3952, 116, 2240, 5010, 6370, 859, 1641, 1649, 1844, 5700, 2897, 3639, 5106, 5691, 7852, 1726, 3829, 9201, 5160, 8827, 4481, 3648, 2549, 3045, 3938, 6156, 7668, 7795, 4965, 6582, 8317, 4466, 1240, 144, 2832, 8685, 5279, 3938, 4231, 6652, 1241, 6140, 2658, 4098, 6833, 4507, 9609, 5373, 965, 612, 8973, 9612, 2117, 6951, 5770, 1621, 2354, 9340, 4898, 556, 3819, 5757, 6799, 4758, 7099, 3646, 4084, 6842, 3133, 173, 7851, 938, 5683, 1224, 8021, 1047, 6875, 7445, 947, 5412, 4669, 4191, 1895, 1702, 9445, 1518, 22, 5617, 5117, 7703, 8391, 5185, 1177, 2816, 2587, 8974, 4266, 1954, 1854, 587, 5457, 5691, 5471, 5302, 3605, 9191, 18, 6376, 7370, 9918, 2825, 8538, 3810, 6630, 8956, 2053, 9325, 8011, 2494, 3936, 8048, 3984, 17, 7279, 2029, 6548, 9881, 8630, 7869, 1651, 8927, 864, 514, 9111, 7455, 1592, 9648, 8458, 2027, 7116, 4715, 4936, 7520, 5635, 9701, 9536, 2493, 1013, 7852, 426, 6401, 9602, 1708, 2874, 9189, 6553, 947, 5422, 7551, 4820, 6804, 8838, 2281, 5083, 8957, 4021, 3286, 9170, 6243, 5434, 8510, 2686, 8112, 1607, 5750, 5721, 1304, 8699, 6297, 8750, 2002, 7116, 4515, 7856, 7818, 6494, 7679, 2761, 2939, 6684, 4848, 2953, 6959, 782, 24, 5232, 993, 4218, 5466, 5911, 2934, 9484, 7501, 2532, 7313, 8190, 2881, 3555, 7058, 8652, 3905, 7127, 2111, 3241, 8455, 8051, 215, 7206, 1824, 9850, 7084, 8226, 7568, 7120, 8647, 7420, 5236, 5824, 5010, 9559, 9221, 3574, 6543, 2525, 3879, 7852, 6336, 4056, 615, 3842, 6069, 6660, 5678, 4675, 4002, 2087, 5176, 4521, 3028, 4693, 2669, 7668, 2750, 9852, 5337, 5320, 6150, 7345, 4515, 3011, 5898, 2791, 5923, 6541, 8434, 3064, 3840, 5186, 8610, 5616, 8693, 9908, 9427, 5457, 3065, 1683, 3690, 9121, 9143, 3887, 8226, 1586, 8228, 1549, 2445, 545, 9595, 6786, 9148, 2547, 1091, 1449, 5362, 2967, 6654, 8597, 4476, 7092, 3908, 6888, 7693, 1753, 3906, 9194, 8151, 8381, 4587, 2778, 659, 4415, 5682, 8292, 8082, 6153, 1283, 3177, 455, 7593, 3317, 4232, 9506, 667, 6170, 7108, 6367, 6388, 4766, 6598, 6439, 7428, 1143, 171, 8930, 7121, 9427, 7371, 2125, 8398, 4874, 6496, 5510, 1631, 4649, 2209, 3316, 9324, 2356, 8257, 341, 2914, 3001, 7666, 2955, 7425, 8241, 6161, 1595, 4182, 2853, 9206, 6229, 1407, 4544, 2015, 2014, 8675, 858, 447, 1964, 6596, 5488, 3021, 2224, 3118, 2731, 9573, 3848, 5148, 9933, 9901, 4197, 9536, 9144, 3048, 1415, 6596, 9380, 5090, 9591, 5991, 1292, 8713, 874, 7014, 2241, 7132, 924, 920, 4908, 4013, 8729, 4978, 6551, 7407, 4365, 3925, 820, 7453, 9110, 5141, 9332, 947, 4734, 2142, 6370, 1143, 7668, 2981, 6906, 4724, 1313, 6703, 1285, 4659, 1363, 8646, 5759, 3542, 519, 1305, 9189, 7184, 5517, 6164, 3764, 9872, 6406, 1071, 7886, 7001, 8669, 4434, 2623, 9712, 5613, 4729, 3448, 2450, 3982, 335, 46, 109, 1286, 2283, 3076, 836, 8430, 7253, 9088, 207, 3715, 1117, 7624, 894, 9252, 1322, 2375, 4004, 5917, 646, 9696, 6193, 8279, 5332, 2971, 6415, 7963, 653, 6216, 998, 3633, 4307, 4740, 6348, 9590, 7560, 8466, 2368, 9831, 4530, 4459, 9801, 3316, 5592, 5001, 515, 3779, 5860, 8865, 639, 4846, 5835, 7461, 6188, 9920, 3290, 9452, 664, 9962, 133, 6704, 2886, 8202, 3187, 5433, 8800, 4524, 6363, 2591, 6124, 8965, 9053, 9501, 7371, 5778, 9210, 7030, 5116, 6468, 8179, 2844, 9652, 6845, 2341, 157, 1022, 8966, 1026, 3841, 6278, 1087, 3389, 7902, 3573, 7707, 111, 7111, 4750, 1071, 9903, 3281, 3565, 1327, 3078, 7241, 8945, 3362, 9395, 7532, 9046, 2918, 7337, 8411, 8944, 468, 1886, 7388, 4131, 9123, 3364, 3852, 5878, 7727, 8303, 1227, 1764, 3398, 8335, 209, 5346, 4690, 7190, 6786, 1015, 5284, 6834, 3191, 1540, 5689, 9287, 6489, 3312, 2176, 1177, 2548, 507, 641, 3724, 1364, 3712, 2612, 4502, 8383, 6814, 488, 2507, 6532, 8321, 8150, 5207, 5106, 212, 3330, 6380, 3000, 2589, 8284, 15, 2859, 4633, 8122, 1245, 6054, 6031, 6293, 4548, 2976, 3917, 9633, 561, 8580, 4296, 9987, 4183, 2271, 9513, 8582, 8711, 561, 374, 906, 2880, 9035, 3702, 7910, 7156, 1432, 5133, 6740, 8368, 5611, 3860, 707, 3376, 4828, 790, 9979, 4260, 5982, 6135, 5700, 6332, 2892, 1826, 2482, 6329, 3993, 9209, 4529, 8337, 3329, 641, 2154, 9431, 3838, 3577, 2079, 87, 6558, 243, 3049, 9441, 3967, 8194, 1292, 951, 3330, 8478, 3118, 68, 3370, 7499, 8193, 1155, 3315, 6078, 186, 7805, 5695, 2408, 271, 3155, 3042, 2990, 8595, 4532, 1868, 5322, 9866, 776, 1342, 5353, 4505, 8465, 2550, 6005, 8131, 2420, 1782, 5780, 1149, 5883, 7865, 4205, 2481, 7133, 911, 3085, 5889, 9546, 3246, 9122, 5644, 8777, 1866, 9567, 9261, 5507, 8292, 5303, 8916, 8612, 750, 2859, 4544, 9925, 3999, 8275, 2916, 764, 1399, 3324, 8696, 3601, 3718, 1985, 7595, 8626, 6922, 6859, 2062, 1775, 6159, 4907, 8990, 2487, 5294, 6249, 4380, 8083, 3254, 5429, 7048, 5594, 3784, 3694, 6647, 8014, 7400, 8241, 4037, 652, 2952, 5121, 1797, 9214, 4746, 4978, 3077, 4202, 8944, 2240, 3264, 5775, 5048, 4591, 4203, 694, 6974, 1446, 8869, 6159, 4976, 574, 4656, 5766, 7023, 8577, 5484, 6509, 8899, 5627, 2044, 3591, 7187, 7484, 6500, 3568, 5642, 7705, 3077, 4013, 4398, 7615, 784, 2043, 3935, 4664, 6059, 648, 7837, 9210, 1905, 8602, 7893, 2946, 9473, 9019, 2574, 4093, 1579, 2209, 4508, 6723, 9512, 6159, 133, 7008, 8580, 5526, 8145, 1586, 617, 8700, 4424, 5205, 192, 7658, 1018, 1864, 8903, 1719, 8540, 5036, 8608, 6410, 1860, 5046, 878, 3510, 1698, 6096, 1922, 5292, 7235, 3373, 3052, 9052, 1182, 4047, 4712, 5700, 8766, 731, 4019, 2394, 4970, 4678, 808, 4356, 5671, 1777, 7236, 8412, 4504, 3850, 8070, 3934, 4804, 6928, 2389, 6856, 8214, 1781, 6726, 9706, 24, 8645, 6541, 849, 2159, 2863, 3775, 7070, 2942, 2222, 2332, 9554, 5467, 1514, 5073, 5519, 4306, 1546, 2334, 8930, 9278, 57, 5268, 9402, 6314, 5602, 3362, 4006, 7575, 3783, 7716, 9085, 108, 4894, 8171, 4751, 9004, 6736, 6255, 2242, 242, 7338, 9824, 8337, 6044, 5781, 4411, 7034, 9534, 8597, 7359, 3441, 8445, 7107, 8288, 2985, 2232, 5148, 4452, 1639, 4736, 3294, 2032, 2298, 6957, 4112, 5810, 5783, 827, 1050, 4678, 1948, 5831, 1199, 393, 5691, 6500, 7235, 6234, 3478, 8310, 4637, 6401, 5897, 6535, 7534, 7215, 5935, 8027, 3946, 5905, 6525, 3493, 9405, 3456, 2609, 1377, 7096, 8743, 7819, 1828, 2013, 6907, 5569, 9586, 8149, 4499, 6029, 3055, 445, 2287, 750, 770, 964, 4909, 536, 4878, 9308, 4615, 5363, 1998, 5158, 3429, 4747, 6514, 8280, 2992, 5026, 4243, 2052, 3699, 7343, 2960, 9848, 3170, 1851, 3682, 4421, 9884, 2431, 26, 1160, 7972, 7349, 5593, 9180, 8107, 4717, 2168, 981, 9281, 7257, 1009, 3189, 1367, 9941, 5349, 4730, 3659, 4634, 1716, 836, 2640, 7648, 4533, 9994, 9827, 842, 8676, 1664, 2730, 361, 8373, 7020, 3897, 9728, 3943, 2750, 761, 4993, 5647, 1207, 4672, 6463, 5285, 305, 4242, 364, 4292, 2076, 4813, 4430, 2790, 7255, 3298, 1925, 1885, 9241, 9921, 1857, 8675, 1410, 3988, 9290, 2939, 8755, 1756, 3825, 2314, 6798, 5872, 9377, 7315, 8864, 4969, 3031, 1381, 3892, 8192, 7842, 8054, 9178, 9082, 4993, 4025, 158, 2378, 660, 4967, 8576, 1350, 4611, 5036, 3814, 5688, 394, 6303, 3413, 3372, 7954, 6833, 3680, 4226, 8594, 4276, 1149, 1569, 3382, 9281, 6882, 9820, 5579, 4656, 9759, 2504, 9240, 1830, 8600, 4865, 5480, 6199, 6577, 6416, 6198, 2428, 2500, 6829, 6453, 6553, 9601, 9827, 1907, 3099, 4151, 4609, 9188, 3273, 8006, 6231, 7524, 7297, 9535, 8599, 9314, 3695, 3633, 3785, 5228, 7547, 5909, 37, 6781, 5682, 2238, 9210, 6256, 4029, 101, 597, 3362, 3162, 3694, 505, 6964, 2715, 9310, 4814, 1023, 5009, 3368, 7729, 2502, 7337, 7158, 8663, 3685, 2540, 8578, 6768, 5165, 6775, 2490, 2886, 550, 2896, 6981, 3783, 1432, 1795, 5509, 3701, 4275, 4242, 7960, 4790, 3182, 1608, 4941, 3990, 7926, 3824, 8389, 1097, 7088, 4241, 1039, 4168, 8190, 5486, 5989, 1062, 8983, 4297, 968, 961, 3870, 3648, 3263, 2456, 2462, 6525, 5261, 4498, 6814, 2374, 2454, 1251, 2769, 4575, 498, 4461, 6409, 1037, 7884, 4187, 3218, 301, 9599, 298, 1226, 71, 1459, 5348, 1763, 7526, 1487, 8107, 8565, 8612, 631, 8079, 845, 5134, 2888, 5360, 7476, 2608, 4973, 9627, 2161, 120, 8254, 2526, 1411, 5459, 4288, 7070, 3915, 3474, 2613, 33, 6797, 4961, 4431, 6173, 4454, 1696, 7532, 6336, 810, 4666, 4144, 8101, 1738, 7027, 8007, 8747, 606, 7352, 7021, 3907, 6473, 5226, 1314, 7928, 9099, 8796, 6094, 9196, 2294, 6280, 8842, 9980, 4453, 1708, 1672, 3510, 206, 1036, 921, 2753, 9034, 4039, 3562, 9693, 916, 3432, 5966, 4221, 2100, 8513, 3582, 4673, 7763, 8286, 4788, 73, 5929, 8099, 8232, 3921, 8186, 5821, 4180, 948, 2718, 6053, 5570, 3877, 5323, 9269, 7942, 3746, 5861, 8226, 955, 6622, 1121, 2428, 4855, 9911, 8430, 8456, 5882, 52, 250, 4492, 1023, 2699, 4095, 9376, 5448, 5697, 6192, 1658, 9072, 4472, 8964, 6970, 5418, 1426, 3975, 1983, 347, 4240, 9426, 6979, 2843, 6421, 3944, 3370, 3578, 7784, 3527, 9534, 5811, 3234, 1290, 93, 8565, 2113, 1115, 7949, 1282, 1345, 2201, 3505, 6917, 2485, 1486, 6923, 7540, 2321, 1484, 6014, 5461, 4721, 8961, 595, 4874, 2140, 9748, 3786, 3612, 774, 2569, 5729, 7719, 4364, 6742, 6465, 7210, 1950, 9143, 4592, 9774, 7598, 8265, 8357, 1157, 2129, 213, 8385, 6717, 7660, 5148, 6738, 1735, 3580, 9610, 8876, 6570, 6399, 8062, 3633, 6950, 2434, 2844, 4583, 7448, 4971, 8251, 2375, 8276, 3071, 4048, 7086, 9232, 1015, 4320, 3313, 1387, 8756, 1452, 3842, 5453, 2896, 4702, 8892, 73, 1860, 2579, 3682, 6246, 1300, 4517, 6561, 6782, 5086, 9969, 3941, 3982, 3855, 369, 8045, 5565, 2872, 1668, 9565, 4123, 3513, 2846, 5379, 5186, 6202, 6459, 5252, 426, 4437, 2090, 2255, 6451, 5477, 1487, 2476, 3989, 3320, 8892, 2062, 5932, 2321, 4678, 463, 3292, 1475, 5442, 1615, 6071, 5092, 936, 7475, 6189, 9754, 3217, 822, 9399, 7453, 2153, 2885, 6490, 7735, 7568, 75, 1770, 6965, 3310, 1249, 3616, 9713, 4571, 1347, 9098, 785, 4818, 8423, 4473, 4115, 31, 6769, 4047, 1168, 4292, 1878, 6398, 8903, 246, 4841, 5727, 2420, 4384, 3116, 5357, 4212, 6727, 8388, 4414, 5296, 7880, 5363, 5809, 8034, 2465, 7050, 9334, 3505, 5242, 9144, 2017, 2241, 577, 4468, 9812, 2576, 3159, 7481, 6335, 4575, 1314, 2736, 7308, 59, 2813, 4417, 1000, 3024, 2383, 4025, 1540, 8082, 1701, 1840, 2769, 1210, 3526, 856, 9744, 3988, 5622, 8322, 4085, 2011, 2261, 2579, 9305, 7183, 103, 5378, 3239, 6875, 4361, 7060, 6959, 4483, 2495, 1817, 587, 1986, 3361, 9099, 6284, 5405, 8155, 9166, 3699, 6291, 8455, 9687, 5181, 8839, 9170, 4253, 308, 2047, 2140, 5245, 3181, 7651, 1518, 334, 1145, 6405, 9108, 9286, 535, 1166, 2593, 3845, 6169, 5165, 5906, 2183, 7980, 2058, 4484, 7413, 5953, 2887, 8843, 3621, 5570, 4768, 5261, 340, 7715, 7458, 556, 5779, 9675, 1999, 7695, 2380, 5191, 1962, 7995, 541, 2778, 8766, 6855, 8506, 518, 5297, 9244, 4650, 6860, 3877, 7898, 9786, 874, 5144, 9959, 7566, 4679, 8610, 4037, 392, 5085, 8527, 684, 2939, 642, 8653, 7749, 4066, 2186, 8609, 4061, 9780, 3737, 5945, 4524, 2930, 7040, 7781, 2049, 4637, 1119, 1651, 8332, 6270, 6541, 2369, 3696, 3722, 369, 1197, 5529, 1554, 4875, 1486, 1793, 3531, 8908, 2897, 685, 5505, 3372, 1890, 8272, 1762, 4266, 6198, 2688, 7148, 3235, 9811, 3078, 4233, 3896, 7435, 5658, 9680, 6206, 4606, 3732, 7356, 8189, 3796, 6348, 2474, 3849, 803, 7072, 9278, 488, 1086, 4921, 4193, 9334, 3250, 7326, 8226, 9712, 1948, 9512, 6594, 7829, 9660, 5360, 2380, 9173, 2340, 7637, 63, 3990, 145, 4833, 6080, 6865, 9866, 5148, 468, 810, 7626, 6035, 4579, 8473, 2243, 5161, 6025, 9973, 3670, 3786, 1051, 8509, 6039, 7338, 2202, 4730, 9874, 2280, 2157, 2763, 2889, 290, 2618, 2966, 5694, 558, 7591, 7603, 4151, 7517, 5263, 4543, 4080, 5, 7763, 3369, 3806, 4588, 3137, 480, 5672, 1970, 4539, 9736, 3093, 5539, 7408, 4992, 5240, 22, 228, 2859, 427, 7342, 5309, 7015, 8822, 2560, 3490, 8758, 6791, 6973, 516, 9250, 5128, 2691, 4214, 1676, 733, 6798, 4208, 6945, 7086, 100, 148, 9570, 369, 5885, 4721, 4417, 8314, 4751, 2900, 4324, 528, 1674, 5443, 4994, 3551, 6032, 8845, 2335, 9191, 1068, 7851, 8267, 2588, 8323, 7067, 2608, 4665, 1815, 1621, 3221, 2578, 8630, 616, 6089, 3784, 5699, 8094, 1525, 7671, 5435, 9318, 737, 7278, 9135, 4669, 8109, 6670, 195, 1352, 4140, 2772, 2803, 1067, 9962, 5122, 3640, 8010, 3578, 6523, 884, 157, 5281, 5710, 6533, 1800, 9840, 6604, 7369, 9227, 1165, 496, 4467, 2967, 844, 2010, 4307, 3555, 4747, 2946, 7779, 3767, 9389, 5364, 2890, 8686, 9522, 678, 7707, 6532, 710, 1715, 6109, 7579, 2061, 137, 8160, 5134, 5075, 6707, 3088, 5042, 2212, 6590, 6196, 9796, 6602, 8799, 6975, 6463, 7018, 45, 8651, 8059, 7741, 7582, 3927, 1391, 8227, 7685, 3404, 3468, 2959, 32, 6372, 5880, 8590, 5817, 830, 5021, 3690, 3033, 1264, 6476, 7602, 7668, 319, 7541, 9429, 5048, 5011, 2166, 3915, 1129, 113, 7677, 2406, 1799, 9429, 9283, 9465, 8902, 4821, 4869, 6924, 924, 2363, 5968, 2107, 1249, 552, 1780, 6533, 3459, 4963, 7164, 7092, 9361, 1098, 710, 1964, 6932, 987, 8191, 166, 1069, 359, 4218, 8983, 8105, 4209, 5519, 8176, 7014, 2752, 7496, 5181, 9523, 922, 3464, 6926, 9531, 2276, 3011, 3164, 7342, 1772, 7607, 2028, 3385, 8365, 8903, 5559, 7697, 5687, 452, 1148, 8595, 6425, 9542, 1111, 2385, 1031, 9247, 9709, 6787, 3980, 2887, 8274, 3810, 6106, 4117, 9554, 979, 4124, 3618, 8364, 3352, 107, 5425, 9209, 8968, 1134, 3845, 6083, 6780, 6753, 8199, 1608, 4089, 1878, 3425, 8761, 7949, 6847, 8352, 3750, 9468, 6996, 904, 5573, 8479, 4969, 2419, 8443, 3152, 408, 219, 239, 6852, 3119, 5547, 1887, 5621, 7794, 9720, 8998, 1899, 5911, 6749, 4294, 4154, 4802, 7481, 5356, 7394, 6999, 4452, 9601, 7762, 8566, 9199, 3596, 3557, 9217, 4594, 5447, 7222, 5668, 6012, 2608, 8892, 2217, 8205, 7214, 4498, 8176, 6573, 6881, 5747, 5314, 6629, 5250, 559, 2929, 5464, 7409, 7392, 5363, 6935, 5014, 760, 974, 5545, 2068, 5991, 3293, 2710, 2166, 6527, 5261, 8830, 9145, 1376, 7328, 3940, 720, 1440, 8246, 8014, 191, 9083, 4961, 7882, 9665, 8123, 2091, 268, 5392, 1532, 506, 9466, 846, 51, 1600, 9544, 9857, 3871, 888, 1074, 9896, 7811, 2745, 1099, 2359, 4642, 8152, 4703, 8553, 9743, 690, 9772, 7784, 6980, 9672, 5241, 3589, 7786, 2406, 5264, 7192, 7941, 4179, 6013, 2778, 2263, 9198, 7554, 85, 7376, 8292, 3977, 7494, 4880, 5911, 5402, 7602, 2017, 2525, 6832, 8893, 2982, 5895, 106, 3025, 8779, 8741, 2461, 5951, 3381, 3631, 773, 788, 9382, 8633, 4521, 8698, 1270, 4894, 5199, 7582, 3895, 7239, 4917, 701, 6179, 1254, 1715, 8323, 1633, 9806, 504, 7808, 8736, 8815, 6679, 8912, 6205, 1657, 4545, 9052, 1886, 6916, 2046, 6654, 8549, 25, 7788, 6823, 3219, 2889, 687, 4045, 7631, 4288, 3137, 3624, 7306, 9868, 893, 3076, 3781, 8705, 7829, 9475, 1877, 9987, 3082, 9840, 6763, 8676, 5177, 1414, 6104, 9919, 8177, 2484, 6336, 984, 4937, 1209, 1402, 6954, 3599, 5724, 9952, 8389, 5760, 6595, 7147, 6874, 161, 457, 5842, 95, 4158, 1902, 9002, 4355, 1431, 8490, 2716, 2929, 4339, 3196, 2359, 4902, 2641, 7104, 2771, 6801, 6925, 4596, 5221, 9138, 5587, 7474, 2847, 9318, 7778, 5452, 6887, 6018, 8032, 590, 9355, 3683, 6631, 3528, 9269, 6061, 4362, 1214, 9539, 213, 2364, 4200, 7968, 3159, 2150, 8720, 2450, 8053, 7298, 8809, 7706, 751, 1630, 3468, 6295, 7790, 8199, 3856, 1453, 5077, 1844, 6351, 454, 9451, 4969, 2899, 3681, 6969, 3447, 4802, 5231, 2326, 7784, 6835, 6565, 8179, 6257, 9453, 9709, 7693, 2866, 5589, 9639, 2538, 4808, 289, 5898, 5342, 6597, 7791, 4316, 3648, 3527, 3669, 2593, 9824, 9093, 6791, 5460, 8309, 2914, 4809, 9574, 60, 8679, 6275, 1569, 1324, 6120, 586, 1394, 7630, 9084, 8021, 2685, 6719, 87, 4616, 3069, 9570, 1078, 7352, 3120, 5087, 2369, 3617, 9603, 8928, 2605, 1531, 3455, 9821, 5635, 5964, 5757, 9151, 5281, 7711, 4700, 4581, 5044, 149, 9318, 7936, 8079, 4193, 6391, 503, 1675, 657, 5229, 1566, 1736, 7628, 6077, 441, 6986, 9761, 1222, 8381, 2319, 7758, 4370, 8285, 7218, 4938, 3996, 532, 2053, 1435, 4237, 3817, 2339, 3426, 5446, 5712, 3201, 4958, 4651, 9516, 5315, 679, 293, 224, 2036, 8972, 2776, 3757, 5935, 8523, 5347, 1210, 8153, 4645, 1569, 2240, 3604, 1141, 3575, 1242, 9620, 4038, 4313, 8602, 7179, 7, 9740, 1268, 4809, 2408, 2703, 9296, 424, 3554, 9109, 3344, 9173, 9533, 2134, 719, 8896, 6160, 8116, 5945, 1283, 6896, 4563, 9725, 8759, 2633, 2412, 4397, 7428, 327, 4295, 309, 9139, 941, 8325, 7633, 2491, 9025, 8124, 8569, 2624, 2491, 2857, 1559, 1168, 8573, 617, 1061, 8016, 8382, 4846, 3125, 2822, 1786, 2395, 5863, 7485, 8900, 2912, 476, 9395, 4523, 5113, 4428, 8225, 1770, 2248, 4796, 4954, 1008, 2887, 2795, 5931, 8703, 6535, 5515, 3038, 4250, 762, 5744, 3781, 1387, 9301, 2339, 3038, 3795, 6486, 82, 2890, 1066, 3244, 7016, 6267, 5221, 5325, 7158, 4234, 9614, 5362, 1798, 2475, 2195, 6733, 7394, 353, 6246, 3363, 92, 8806, 4267, 2980, 7920, 3170, 3009, 4269, 4600, 5453, 9050, 2031, 2448, 8832, 8549, 6571, 9622, 4214, 5978, 1281, 2894, 7752, 2461, 482, 754, 3083, 4066, 4703, 2609, 5956, 2421, 2155, 7353, 5071, 4557, 4580, 3926, 6197, 4649, 2289, 709, 6324, 9402, 3746, 3907, 8755, 710, 8861, 3551, 2915, 5363, 7325, 5625, 1275, 4984, 9726, 5403, 9988, 2341, 5892, 503, 397, 9429, 6863, 6986, 469, 7743, 9643, 7353, 4200, 6652, 9554, 6924, 4516, 2353, 6508, 9256, 4410, 5517, 850, 1225, 6510, 6455, 4871, 1901, 4349, 6604, 2913, 4832, 4575, 8001, 5267, 6894, 8433, 4599, 8484, 1157, 5360, 4942, 6596, 4562, 5232, 7126, 5518, 2487, 3006, 4561, 6763, 8681, 4187, 1487, 3667, 706, 4646, 6502, 4349, 8581, 121, 4186, 3351, 9902, 2267, 9428, 515, 8102, 2159, 5778, 1182, 5960, 5498, 8279, 9477, 2164, 2702, 3156, 6443, 6886, 4734, 9864, 3169, 6442, 3202, 6644, 2677, 7565, 1972, 2809, 208, 2289, 2955, 4588, 6484, 4262, 362, 2120, 7903, 4779, 4926, 1323, 2732, 2720, 121, 5860, 8785, 489, 8869, 8498, 679, 6571, 6822, 2256, 652, 3689, 6043, 8853, 9373, 2855, 9688, 7869, 6209, 7944, 5553, 9747, 1783, 6091, 9742, 7339, 1408, 4152, 1808, 9839, 7320, 8192, 1833, 5359, 1172, 6371, 4148, 4589, 4699, 4567, 8645, 6656, 5649, 887, 9107, 6007, 707, 2080, 4205, 1850, 6854, 250, 7905, 9302, 5829, 8045, 6047, 7422, 5665, 5845, 429, 4683, 7611, 7011, 5007, 4680, 1711, 2460, 9511, 3954, 3004, 9954, 4151, 6626, 1201, 590, 5578, 6155, 8151, 221, 3005, 861, 8093, 7132, 7137, 6730, 1792, 4208, 3545, 8456, 8558, 7267, 491, 8546, 7502, 8216, 2187, 183, 175, 2050, 7608, 4909, 9586, 4278, 2345, 8227, 9696, 6650, 190, 4300, 6843, 9964, 9883, 2874, 4795, 2758, 1945, 1691, 8174, 1704, 974, 8279, 2568, 2282, 67, 548, 8105, 8830, 3346, 9154, 7146, 9516, 4650, 136, 3572, 6923, 3262, 6449, 8715, 6151, 109, 6094, 8904, 9586, 8935, 6986, 143, 6240, 8672, 3805, 6809, 2823, 1166, 995, 2091, 3230, 3802, 655, 9003, 8295, 4270, 2244, 1887, 7053, 1478, 6408, 6330, 1797, 7056, 6070, 8199, 5013, 8856, 8340, 1611, 8156, 742, 4044, 3518, 7752, 9244, 3341, 5272, 9744, 2990, 9517, 1981, 5742, 8660, 5265, 45, 7188, 4477, 9900, 2409, 2574, 8987, 7576, 6127, 3661, 2133, 481, 5582, 9213, 3517, 3062, 894, 4894, 3627, 8878, 7332, 4324, 4153, 4791, 3208, 2474, 6638, 4615, 4301, 1556, 5711, 2291, 6058, 8246, 1289, 7236, 8241, 9623, 3747, 6908, 6368, 2676, 2527, 2506, 7671, 8437, 5945, 6109, 7854, 1505, 3080, 7916, 7930, 8676, 1819, 9969, 3086, 6539, 8317, 8953, 7137, 1074, 5450, 2738, 7165, 8845, 993, 5098, 9158, 3412, 5126, 4918, 6033, 2104, 9044, 7986, 1916, 3835, 7007, 7189, 2805, 8066, 3859, 4022, 8156, 4605, 2363, 306, 5418, 2858, 2059, 7688, 5630, 1759, 22, 3056, 8416, 5110, 6295, 997, 6662, 2807, 7957, 152, 5405, 7935, 7527, 7255, 7232, 9101, 2977, 5184, 3586, 6688, 248, 5134, 9795, 2743, 2932, 7830, 3427, 3323, 5000, 4341, 9574, 8496, 5509, 800, 3788, 5508, 7955, 856, 3689, 7128, 8976, 1413, 7832, 1242, 5554, 573, 2684, 9632, 9410, 5198, 1485, 5894, 2316, 1869, 1911, 4538, 3623, 8078, 2620, 8972, 9746, 3408, 4560, 499, 8480, 5821, 9000, 8947, 7950, 327, 1182, 5455, 1424, 1282, 6214, 2785, 4114, 480, 3600, 3727, 8948, 9014, 8181, 3259, 8622, 2958, 1536, 5619, 6452, 2032, 2204, 3077, 9908, 1120, 8085, 6820, 5388, 6399, 4807, 9404, 5284, 3249, 1936, 2153, 6049, 9685, 2233, 7644, 6288, 1262, 1512, 6195, 8459, 4536, 183, 811, 4357, 2133, 4986, 1716, 1185, 1058, 3924, 6045, 8253, 1022, 9072, 6005, 3152, 8008, 883, 5341, 8228, 3075, 7303, 1562, 555, 2703, 947, 3405, 5005, 6821, 9665, 9001, 167, 4284, 162, 1731, 6955, 6191, 99, 9651, 3849, 3631, 8150, 2727, 8022, 60, 2458, 5562, 6630, 540, 4099, 9707, 9337, 3805, 9998, 867, 616, 7922, 1512, 8635, 4120, 7313, 4390, 3904, 6241, 8356, 9670, 6980, 1479, 5200, 3774, 1832, 7359, 1448, 3896, 2388, 661, 2707, 6763, 723, 6845, 318, 4244, 934, 672, 2810, 647, 2842, 5399, 130, 4482, 7717, 2725, 104, 5262, 6927, 7917, 178, 9754, 5687, 7782, 1592, 6812, 688, 1463, 7486, 1195, 2647, 8060, 5778, 5810, 2908, 8249, 6200, 9184, 2554, 3140, 222, 4847, 8333, 7719, 9488, 934, 872, 6777, 2786, 2434, 1110, 5549, 7607, 3551, 5239, 5271, 9068, 4794, 1992, 546, 3180, 6777, 860, 3967, 7097, 3568, 2739, 8285, 5505, 1927, 5877, 6543, 3566, 2151, 3401, 2995, 8313, 2174, 7351, 8061, 2200, 5223, 690, 3770, 2638, 49, 6220, 9356, 7053, 6528, 2, 2443, 8723, 2636, 3751, 3375, 3883, 1655, 4669, 5492, 6177, 1852, 777, 7990, 8342, 9108, 6301, 2907, 3973, 3836, 1675, 6841, 5473, 1098, 8749, 5472, 9103, 8194, 8892, 5851, 8860, 2117, 7037, 346, 8268, 7827, 999, 6981, 7916, 763, 4467, 6641, 3201, 1905, 4065, 1075, 5821, 9864, 9266, 7477, 4498, 2666, 1395, 3581, 740, 5411, 8035, 7833, 1042, 5244, 477, 7852, 9494, 9942, 644, 655, 8083, 2608, 5991, 9903, 7857, 6811, 8539, 2296, 9590, 5153, 5513, 6207, 8725, 5448, 7467, 8289, 3956, 552, 138, 5343, 8103, 400, 7789, 9895, 3545, 991, 5304, 3002, 1470, 8534, 5104, 1425, 5451, 4650, 2542, 6606, 1323, 6749, 776, 535, 4163, 6685, 9618, 2191, 3791, 3239, 2760, 9367, 393, 2108, 7093, 4576, 84, 6830, 2345, 744, 9445, 6857, 7704, 1819, 6270, 5121, 4196, 3312, 7504, 9100, 9924, 7736, 3684, 2907, 5755, 3746, 7217, 4586, 9216, 6643, 1707, 198, 4181, 427, 9746, 6204, 4415, 943, 1512, 290, 3488, 8176, 7545, 3511, 7356, 1045, 6357, 462, 9093, 1003, 5952, 7606, 5237, 7273, 1920, 9907, 3104, 2146, 6397, 6813, 8446, 2072, 400, 7784, 5903, 9059, 4461, 2003, 933, 5916, 4960, 7318, 9794, 7422, 626, 5691, 2208, 6404, 8518, 5656, 1337, 3292, 7650, 305, 5688, 9567, 8967, 3625, 428, 6931, 7962, 8757, 1270, 8614, 8711, 7878, 2248, 9030, 4563, 2644, 1889, 2493, 6879, 4167, 9469, 9345, 5501, 8053, 4046, 5487, 5020, 5989, 4283, 2611, 2446, 3416, 9428, 9551, 5140, 7542, 8774, 4071, 9845, 7469, 522, 2753, 321, 4665, 4476, 7062, 3966, 1409, 2739, 3256, 3959, 1091, 56, 7733, 3634, 5348, 5760, 7375, 9960, 3147, 1300, 1633, 2291, 2445, 8193, 1986, 125, 9527, 4883, 6098, 5579, 905, 5807, 2166, 8126, 7966, 6037, 2024, 6600, 6583, 9646, 5707, 1232, 5938, 1382, 6858, 3751, 4225, 2727, 5061, 749, 9854, 4367, 2867, 1196, 9039, 369, 7904, 4750, 7223, 760, 879, 3503, 2138, 3975, 4782, 451, 8107, 3188, 1401, 6739, 6052, 252, 2430, 7656, 6077, 3305, 2159, 6418, 9160, 2600, 7862, 1763, 4856, 995, 393, 6170, 8406, 3092, 360, 1584, 3052, 943, 4024, 1923, 7864, 4638, 1713, 9779, 3396, 6883, 3086, 7694, 6284, 1666, 1386, 8987, 3744, 5322, 9096, 8362, 7491, 3714, 6642, 614, 853, 7322, 9714, 2648, 6456, 7259, 8500, 666, 4031, 8950, 5870, 2132, 572, 1100, 2124, 7041, 4434, 657, 3124, 29, 4429, 122, 803, 892, 4901, 1977, 4722, 6286, 2170, 4256, 2503, 5047, 3637, 7740, 9645, 494, 5352, 1753, 8596, 6054, 2172, 7796, 803, 5961, 2220, 9762, 3716, 8853, 3907, 9590, 1398, 7759, 8929, 8251, 5186, 1750, 4828, 6906, 2740, 1570, 277, 5174, 5808, 6027, 4528, 1582, 2126, 8408, 2681, 1557, 7860, 3389, 2370, 1155, 3072, 2577, 9889, 7628, 6926, 2442, 4641, 1426, 1418, 790, 2992, 9770, 7633, 7143, 383, 8479, 2028, 3556, 774, 4861, 9353, 5290, 1589, 2040, 6172, 8142, 3545, 3751, 1145, 7292, 1953, 5695, 2607, 5528, 6765, 5449, 7574, 2909, 8337, 8522, 5158, 9246, 4950, 7000, 6349, 7535, 7054, 2567, 8647, 3714, 2158, 1989, 9422, 1935, 2764, 6433, 143, 7563, 7728, 8943, 2544, 5914, 3581, 3779, 141, 1146, 6278, 531, 5285, 2232, 2520, 419, 4027, 4233, 8646, 4727, 7676, 7478, 9165, 9125, 8699, 2384, 5170, 8467, 5845, 7573, 1294, 5002, 8250, 2690, 3653, 9858, 2098, 5796, 269, 3953, 3288, 3519, 6324, 8676, 7427, 2534, 7700, 6399, 2886, 3033, 1467, 346, 6017, 9225, 7371, 552, 889, 7202, 6269, 4768, 3796, 5432, 6586, 2085, 6067, 9751, 8425, 4940, 3720, 1112, 812, 1578, 4952, 150, 4731, 7189, 6109, 6428, 4796, 7359, 8526, 1879, 9244, 7199, 7935, 6606, 6970, 4390, 4870, 7660, 6575, 3323, 4202, 4288, 2664, 5846, 6922, 7954, 9547, 9048, 5686, 751, 9589, 8510, 7955, 2417, 2264, 2473, 7135, 7471, 4788, 1744, 7027, 4571, 3728, 3853, 2740, 1436, 6277, 7853, 8213, 7507, 3892, 8740, 3329, 8747, 4201, 2348, 9148, 6373, 4123, 9093, 8464, 4435, 4543, 2075, 4121, 6043, 9575, 791, 4676, 2602, 1625, 4076, 5505, 7821, 8850, 6726, 4466, 7189, 2903, 5466, 1056, 3020, 1161, 7473, 3834, 7911, 8707, 8921, 3366, 6175, 5324, 7632, 1481, 8620, 1233, 8236, 6052, 1044, 3305, 554, 6924, 5684, 844, 2312, 6905, 9829, 230, 7099, 9709, 1960, 6845, 7176, 6187, 4271, 3471, 2440, 6963, 1742, 9151, 3415, 8435, 7837, 6001, 3909, 5180, 9752, 2782, 6742, 5429, 3719, 5857, 8746, 8759, 8981, 1644, 7288, 9898, 5492, 843, 3637, 7931, 6522, 3225, 926, 5452, 1452, 9807, 5794, 500, 1647, 8988, 3977, 1838, 2025, 2872, 9612, 4197, 6354, 3590, 4541, 8922, 1155, 5133, 2254, 9169, 3241, 6482, 2533, 7713, 4938, 4022, 20, 6436, 9861, 9027, 5523, 6247, 5418, 7121, 7566, 1793, 9390, 5864, 7081, 6156, 5435, 9117, 6146, 6876, 247, 4214, 1427, 3584, 4420, 2757, 3029, 5439, 1062, 1749, 7360, 7898, 6897, 5219, 9998, 9377, 8628, 6589, 3947, 4095, 3610, 357, 2961, 901, 8040, 2416, 9681, 1591, 1329, 502, 8184, 9640, 432, 2272, 1528, 3429, 5797, 969, 1426, 7243, 2607, 1994, 8884, 4264, 2501, 1570, 8443, 6747, 3336, 7620, 3243, 8817, 9341, 8125, 4340, 8033, 4397, 4514, 6573, 7434, 6470, 917, 1192, 8258, 2799, 5693, 2927, 6559, 9909, 3506, 4617, 39, 1957, 194, 8106, 2605, 6963, 860, 6855, 5654, 1259, 2788, 3447, 1045, 4644, 3275, 8223, 78, 3770, 6922, 2365, 7012, 3486, 7257, 8471, 8743, 3344, 3402, 2404, 5533, 2257, 479, 3658, 1864, 995, 6768, 2826, 7541, 9788, 4050, 1432, 5226, 5284, 923, 2276, 4534, 3059, 9039, 2699, 9260, 3456, 8815, 5776, 5977, 3619, 8804, 9752, 803, 7693, 1241, 9873, 1961, 1899, 9006, 3632, 6394, 3064, 3992, 227, 7653, 7970, 1256, 5019, 9970, 452, 7330, 8526, 3234, 6862, 3028, 8478, 5843, 5156, 5025, 5987, 958, 6857, 5793, 5958, 4331, 1126, 1230, 5000, 3954, 6025, 8244, 9047, 4226, 6749, 8408, 7401, 6069, 7601, 8093, 5505, 8522, 1356, 5565, 9754, 2329, 7097, 2417, 1599, 1318, 3009, 9188, 8482, 2516, 8335, 7986, 28, 4097, 8264, 8293, 7368, 9961, 3484, 1104, 1596, 1596, 1414, 2903, 6509, 6656, 9352, 1239, 9014, 3440, 6524, 639, 1042, 9329, 9014, 7640, 3357, 6960, 8366, 3244, 9292, 7110, 6513, 2474, 3412, 6118, 2115, 3205, 7974, 6998, 4291, 9513, 4807, 8297, 5063, 4890, 2189, 1667, 6727, 3481, 988, 7969, 1677, 5260, 9534, 3080, 8384, 1985, 2788, 6365, 2431, 9667, 8034, 1013, 2773, 4821, 3713, 1970, 3658, 1672, 7092, 4350, 6566, 7576, 4953, 9941, 4497, 8582, 5577, 7088, 1956, 6674, 4510, 2421, 3795, 1500, 3588, 217, 5369, 6478, 4571, 3642, 6912, 6345, 9573, 6550, 6775, 1969, 6098, 819, 8911, 3986, 2594, 8155, 4291, 4355, 3626, 7293, 5151, 661, 2295, 8322, 2831, 3898, 7263, 4254, 6967, 8606, 3464, 3956, 6214, 6868, 9932, 38, 9720, 8718, 2642, 2026, 3051, 1380, 3291, 6526, 9976, 8895, 7893, 8675, 4499, 4297, 5680, 5563, 9571, 1702, 6822, 6812, 3288, 4100, 187, 3534, 164, 5977, 1458, 3753, 6569, 5212, 4069, 9310, 9735, 6243, 7198, 9288, 4094, 6806, 3195, 108, 2340, 4312, 9986, 5906, 8716, 269, 1066, 5526, 3556, 7264, 1965, 1018, 7939, 5979, 3365, 5790, 6575, 9770, 400, 5592, 1804, 7385, 4832, 8997, 111, 431, 5125, 116, 4818, 6667, 7551, 5719, 9597, 755, 1274, 6086, 4174, 7801, 4371, 4920, 4195, 1303, 4265, 3795, 7667, 9880, 9257, 4659, 8918, 5088, 323, 736, 5463, 7769, 5269, 2469, 9997, 686, 2456, 3849, 700, 8491, 8007, 7495, 498, 2375, 9700, 6395, 4193, 7944, 1073, 3246, 7277, 8616, 661, 2798, 7747, 3833, 9886, 6832, 411, 1071, 6185, 5140, 6026, 8265, 165, 8197, 9016, 5593, 580, 7606, 5586, 6908, 625, 7373, 6404, 9478, 7438, 4222, 2150, 5074, 9867, 8296, 1351, 6573, 922, 6942, 8973, 8395, 1969, 3605, 593, 9869, 1978, 584, 3617, 3280, 6849, 8665, 6138, 4457, 5957, 6612, 1714, 6058, 3211, 8845, 1650, 5355, 8302, 4237, 1966, 3153, 3522, 1694, 2729, 7484, 2339, 6977, 763, 2557, 236, 5313, 6903, 3493, 9206, 3046, 2969, 6011, 2462, 6941, 3577, 7264, 2270, 4370, 7898, 8498, 1604, 7867, 5129, 9669, 5102, 7776, 2877, 527, 6271, 282, 8399, 7922, 6861, 5980, 3851, 9230, 2003, 6832, 4837, 7095, 9597, 7991, 1929, 1528, 4833, 2585, 9631, 2664, 6527, 1084, 8778, 7195, 1574, 1108, 690, 2940, 9667, 1319, 6080, 446, 138, 6032, 6301, 2126]
List Size: 6000
Insertion Sort Time: 2097.329200 milliseconds
Merge Sort Time: 57.506800 milliseconds
Built-in Sort Time: 1.268800 milliseconds

Original List: [3166, 7228, 9400, 9675, 1003, 4070, 234, 5280, 8326, 6512, 9030, 1899, 4575, 3646, 5674, 9534, 5273, 2799, 2894, 9559, 6584, 6466, 3886, 9337, 9994, 6409, 3508, 7311, 3149, 6191, 3351, 8437, 5061, 8743, 7353, 2632, 1326, 455, 3339, 3561, 3863, 6727, 1075, 6244, 7491, 892, 7615, 925, 732, 5029, 8293, 6159, 741, 2787, 343, 5178, 4538, 7977, 5876, 1549, 6096, 8172, 2513, 9032, 8478, 8090, 4507, 8495, 7688, 1002, 298, 3356, 2692, 4505, 4320, 8981, 2027, 4939, 2859, 1673, 9680, 8305, 2142, 3425, 5536, 6585, 6141, 6419, 9601, 2722, 8134, 5096, 1203, 5963, 6652, 5422, 8021, 1822, 4710, 2629, 5326, 8273, 6533, 5243, 9183, 4023, 9112, 9927, 5167, 1039, 5508, 1133, 5357, 3398, 218, 1015, 9398, 4788, 9792, 8167, 1173, 4270, 1868, 9920, 6028, 7726, 7713, 7517, 5199, 3613, 2480, 9281, 5149, 1929, 4231, 9230, 2851, 4961, 6379, 5052, 5160, 1782, 6713, 4124, 6786, 8512, 8620, 7697, 7668, 3822, 9815, 4556, 3411, 9876, 2656, 6670, 230, 5671, 2418, 36, 4425, 9338, 6976, 2465, 2096, 5828, 6572, 5834, 2497, 9618, 4947, 6735, 7861, 610, 3158, 8817, 8648, 1182, 6075, 1780, 1636, 8308, 9699, 3755, 3456, 3678, 6989, 6323, 405, 7900, 5561, 4845, 5255, 7010, 3821, 3560, 9621, 1327, 8914, 431, 5163, 9790, 11, 9983, 9265, 3041, 6449, 3935, 2630, 153, 5390, 5102, 3799, 6137, 7427, 8786, 4093, 2330, 700, 7047, 3834, 5996, 8692, 7699, 8702, 4095, 9856, 654, 5890, 2371, 9431, 5120, 3590, 8899, 3444, 9728, 6386, 9679, 4806, 178, 2831, 1264, 8232, 712, 9990, 8215, 8097, 7152, 4748, 7625, 5707, 6232, 531, 1416, 851, 1533, 2779, 2384, 6759, 6267, 905, 5656, 6550, 5289, 6964, 6531, 604, 6828, 5083, 781, 7645, 8901, 9321, 1446, 3804, 7086, 3261, 7961, 5925, 7038, 1792, 2958, 5726, 2145, 5825, 4327, 1455, 3246, 4725, 8776, 4816, 7552, 6745, 3582, 8551, 9284, 9398, 1078, 1853, 567, 2202, 4635, 3748, 2428, 5923, 8502, 3155, 7466, 4974, 6745, 7649, 9122, 5578, 2809, 820, 752, 7611, 5988, 6312, 7970, 3763, 4850, 9660, 9344, 3207, 2596, 1615, 9044, 5602, 4969, 8117, 2064, 1672, 415, 3916, 1516, 6455, 5098, 5321, 4570, 2109, 4936, 7090, 7993, 1918, 154, 3487, 1755, 6768, 8377, 6055, 35, 7053, 839, 9570, 1340, 7291, 2922, 8827, 134, 4941, 2494, 6216, 4148, 6137, 9508, 1350, 6067, 7868, 1366, 8198, 9144, 1060, 3742, 1088, 2784, 166, 4631, 692, 4492, 8408, 8078, 1322, 3091, 216, 7646, 9749, 4315, 8632, 9039, 9122, 7146, 6304, 5177, 2464, 6720, 2940, 6177, 7501, 8654, 7172, 2627, 731, 7882, 691, 7101, 4964, 5035, 4201, 2989, 4226, 6508, 8867, 4929, 7044, 2621, 4478, 8936, 3893, 9365, 2988, 8177, 1075, 6169, 6249, 867, 9064, 9693, 5705, 20, 6724, 7095, 2355, 7915, 754, 629, 2979, 4510, 2462, 5441, 351, 970, 2285, 5412, 5148, 9109, 54, 2806, 1133, 1308, 1072, 6956, 6713, 7245, 9476, 392, 2554, 4845, 5610, 8248, 2622, 9596, 7984, 4770, 7819, 6925, 5187, 4314, 3180, 8378, 3383, 9832, 4022, 1451, 7149, 6251, 4180, 6078, 7007, 6898, 7052, 9677, 5128, 8292, 9963, 8670, 4295, 6082, 3905, 854, 7246, 7527, 8194, 1333, 7991, 9851, 2581, 5468, 5208, 7152, 5275, 7040, 9780, 1757, 777, 8526, 6702, 1446, 5794, 15, 3055, 5395, 2230, 6514, 4711, 3121, 31, 667, 7609, 7362, 4687, 4176, 10, 880, 3256, 5415, 2114, 7139, 6492, 6953, 4986, 1270, 5163, 5958, 5099, 9300, 5997, 3608, 9788, 7470, 1125, 7944, 5232, 7839, 7318, 2279, 4014, 3843, 297, 8191, 9659, 1446, 9071, 6024, 145, 327, 7348, 8252, 2533, 2331, 1457, 1150, 9225, 1579, 6872, 4368, 2050, 5044, 8343, 2017, 3557, 832, 986, 8062, 6280, 3159, 7054, 2206, 8272, 5725, 7095, 4806, 768, 1897, 9165, 6289, 6936, 344, 73, 9847, 1283, 5153, 7562, 1023, 1498, 1713, 2672, 5154, 1652, 8336, 2776, 7718, 7352, 4255, 867, 3468, 9177, 9710, 1950, 7974, 9685, 5214, 7506, 7009, 1622, 2354, 2092, 7619, 5776, 1349, 2209, 8563, 7908, 1623, 7071, 1412, 4510, 4425, 1991, 3944, 688, 9593, 7898, 802, 9274, 2985, 3962, 8067, 5644, 2272, 3252, 8644, 303, 8501, 32, 8066, 6435, 9145, 1028, 3528, 8791, 7056, 7307, 718, 563, 9296, 2485, 9190, 9374, 4187, 9113, 5251, 2414, 6292, 4219, 8368, 7766, 4558, 66, 5715, 5439, 4356, 6925, 2198, 8859, 8977, 4663, 1340, 9833, 6563, 6077, 6332, 3695, 8773, 9526, 1103, 1422, 3159, 181, 6412, 295, 8524, 9208, 1000, 3534, 2135, 153, 8612, 5470, 4893, 7710, 9669, 7282, 2747, 8249, 7769, 4397, 8726, 4507, 4687, 9521, 2695, 8029, 9057, 1582, 9315, 9300, 2580, 5473, 4728, 2487, 2576, 6175, 8019, 2575, 5985, 399, 8000, 6738, 8218, 9469, 3076, 4491, 8385, 9823, 4522, 7980, 9096, 5313, 6140, 7616, 8363, 8371, 6978, 8110, 6126, 8236, 8682, 7534, 3837, 5764, 9905, 4339, 3198, 1922, 8023, 6137, 835, 1776, 6780, 1398, 2598, 7672, 2394, 8011, 8556, 9763, 4684, 3411, 7038, 6625, 1140, 7131, 2805, 478, 3702, 8987, 4, 9734, 1648, 4913, 3170, 52, 5576, 5815, 7572, 3564, 196, 7491, 6163, 1877, 1209, 300, 2317, 8697, 7565, 4563, 3200, 7667, 9163, 7404, 9831, 7726, 9846, 4553, 7441, 4007, 8446, 6050, 1483, 7502, 6887, 7077, 5409, 8026, 148, 820, 4100, 7726, 3649, 7015, 6215, 8565, 5215, 1779, 1067, 6448, 7963, 9135, 3138, 5605, 7452, 3441, 9906, 5623, 4780, 6072, 983, 2928, 6531, 2667, 2631, 577, 5656, 1720, 7343, 7571, 3112, 3100, 7572, 4204, 2658, 2655, 5410, 8621, 5267, 2436, 7377, 3792, 1742, 2520, 8502, 1281, 7823, 9012, 3641, 7778, 9842, 6878, 3575, 4931, 41, 5957, 1793, 5145, 4929, 8522, 4883, 7029, 197, 57, 586, 3226, 8713, 8174, 6040, 2171, 1654, 8377, 5361, 3347, 7491, 8848, 6955, 8615, 4469, 436, 2032, 3501, 7217, 4872, 5591, 1846, 2097, 6539, 5030, 3081, 8631, 1255, 135, 3636, 2686, 4655, 7591, 9140, 1047, 9453, 50, 8738, 7836, 5699, 5123, 5394, 4802, 6997, 8380, 1065, 6745, 3671, 7746, 3654, 1330, 7563, 2097, 1190, 8572, 4423, 5623, 7359, 6308, 4226, 1181, 9568, 3269, 359, 8609, 1138, 9678, 5972, 2916, 3361, 9587, 1549, 4224, 5855, 6296, 9288, 3480, 3100, 3797, 9696, 7105, 7834, 487, 2554, 9100, 8374, 2495, 7572, 228, 7883, 240, 8347, 1618, 8948, 2808, 9297, 608, 1833, 1419, 743, 6808, 762, 3502, 3386, 3870, 1701, 2095, 3091, 7353, 4918, 9642, 2678, 8197, 2717, 2676, 5231, 5026, 3461, 1964, 6966, 5637, 2698, 3748, 4815, 4532, 2146, 4845, 5077, 3042, 3936, 5588, 9181, 5924, 5837, 669, 1112, 9031, 1088, 8396, 5706, 4127, 4678, 3412, 3113, 2000, 7455, 9000, 8384, 1688, 7619, 1349, 3875, 9765, 899, 9162, 7168, 7821, 223, 2573, 4745, 7931, 5472, 476, 3830, 1821, 1781, 4030, 5280, 7275, 4578, 2670, 5341, 9321, 2233, 9963, 2215, 6444, 3045, 5975, 8036, 9411, 7616, 3739, 5500, 4049, 5443, 4613, 6113, 5965, 3138, 1660, 4007, 3992, 7308, 7082, 6819, 6085, 5154, 1934, 1989, 7280, 4264, 8941, 9431, 7568, 3257, 3299, 6184, 5359, 317, 3131, 8221, 3917, 9207, 7324, 6749, 2811, 6000, 5254, 3458, 5848, 835, 7228, 7244, 7966, 9896, 162, 7540, 5305, 3461, 9308, 1329, 234, 7784, 4791, 1014, 8276, 5559, 4006, 2210, 4762, 4146, 3952, 5612, 7402, 2078, 6150, 2993, 4000, 8760, 6746, 1428, 1999, 2137, 5240, 1034, 9734, 2000, 6448, 5800, 400, 7473, 1431, 4561, 2947, 8586, 4719, 5232, 8922, 2254, 8708, 4970, 8931, 8803, 777, 9418, 8526, 9906, 212, 9024, 4363, 4174, 991, 7922, 765, 9549, 3881, 8379, 8379, 4791, 481, 229, 6978, 5266, 6564, 5960, 2064, 1064, 7387, 1040, 925, 8158, 2177, 3892, 1481, 6252, 1987, 8284, 3950, 4404, 6601, 9522, 4076, 6229, 116, 6434, 7507, 3636, 2263, 7874, 9627, 5057, 4460, 5294, 2831, 9998, 1214, 9694, 7294, 8778, 9979, 8951, 9778, 6504, 3011, 7152, 4442, 7597, 4665, 8027, 4546, 3030, 4874, 8711, 5404, 6761, 5538, 1054, 2979, 6555, 7323, 734, 5956, 2400, 8868, 4332, 2361, 5015, 7540, 829, 831, 7096, 6813, 2764, 3066, 6192, 6091, 4646, 6576, 3255, 7174, 2600, 3439, 6999, 1670, 1471, 240, 8394, 7497, 1250, 6029, 9641, 2863, 5666, 489, 1442, 2865, 586, 5628, 9288, 2067, 3249, 2754, 551, 6998, 5642, 8214, 8370, 9016, 4337, 7168, 6689, 893, 8569, 5226, 6171, 3087, 5814, 1664, 401, 6664, 9361, 2132, 8255, 7155, 2630, 5851, 6597, 249, 2887, 3155, 4300, 9858, 1223, 3974, 4914, 2989, 2292, 4898, 7933, 4232, 5548, 5124, 4665, 8145, 3689, 1272, 305, 178, 2478, 2940, 6217, 7098, 8840, 1520, 4784, 9482, 1223, 1642, 3438, 840, 9912, 8807, 1736, 9139, 9717, 5016, 9021, 7914, 8198, 4772, 4375, 7029, 7632, 7401, 7060, 86, 9315, 3138, 5741, 7209, 8273, 1213, 4918, 1319, 5724, 2813, 9352, 7629, 1540, 2480, 9808, 7257, 3352, 8845, 887, 7962, 8674, 4489, 2964, 4116, 1805, 7067, 9947, 6318, 9915, 7450, 464, 2685, 3572, 2439, 2971, 7194, 8981, 1759, 3818, 5143, 9337, 3083, 5168, 6994, 4413, 9109, 6007, 1113, 40, 8401, 1119, 4078, 1285, 7118, 2385, 9164, 9818, 2180, 5962, 3586, 7919, 3640, 6332, 7013, 1843, 1690, 1770, 4216, 9431, 6670, 1238, 4611, 7667, 8937, 6720, 923, 5898, 153, 1870, 5150, 7818, 6932, 5355, 4198, 122, 1997, 9544, 9114, 6117, 376, 8287, 5298, 3268, 3966, 3930, 857, 5327, 6470, 6520, 976, 6994, 9480, 9861, 4330, 9679, 9447, 219, 2806, 6492, 4977, 1232, 2095, 8602, 2433, 966, 9986, 5223, 7963, 1987, 9692, 5369, 3332, 3188, 4307, 4123, 6430, 5686, 7863, 3605, 5997, 4822, 3945, 953, 8805, 7665, 8585, 9385, 7468, 9753, 3865, 3995, 466, 1684, 291, 3566, 7836, 2379, 3118, 640, 2020, 9683, 5798, 6067, 6600, 826, 8221, 4137, 980, 3114, 8302, 511, 2708, 5584, 5138, 4116, 2128, 2827, 6404, 7052, 1872, 5809, 8328, 9282, 3387, 8281, 7610, 5306, 3978, 4893, 5040, 9347, 5372, 464, 7738, 8344, 8107, 8261, 3287, 1405, 5796, 2282, 1343, 9540, 5563, 3470, 5271, 1707, 4171, 9589, 5416, 7590, 705, 9575, 368, 8259, 5721, 356, 2174, 5835, 2712, 4653, 1484, 1502, 6815, 9538, 9369, 4890, 9744, 1513, 1694, 7293, 8695, 5135, 7968, 578, 5334, 9302, 6814, 4033, 4416, 5169, 4906, 7440, 1348, 9116, 6941, 4953, 9228, 5886, 4976, 2723, 8856, 814, 6835, 66, 7168, 6412, 4172, 3247, 8983, 5905, 82, 3935, 4139, 4287, 3910, 9678, 5581, 1865, 9653, 8094, 3649, 2690, 727, 2034, 1155, 4707, 2012, 6542, 6739, 8874, 538, 6198, 6394, 2473, 432, 407, 5783, 4352, 8779, 3766, 7156, 1188, 1330, 1338, 3579, 2894, 2812, 2096, 5614, 7983, 641, 4453, 7556, 1991, 4360, 3754, 1145, 874, 2255, 2132, 2273, 2328, 2578, 4192, 7877, 5893, 6713, 3679, 8876, 5567, 2788, 9855, 2032, 9988, 8654, 1563, 6866, 942, 8496, 1006, 6534, 6814, 2378, 3990, 9028, 7158, 1161, 1540, 3169, 7847, 2297, 9417, 6427, 8024, 61, 778, 6647, 877, 3721, 7748, 1665, 6161, 9331, 6386, 573, 8067, 9989, 1894, 7476, 1398, 8126, 5752, 8392, 7781, 866, 3861, 666, 1350, 5695, 9300, 6716, 7784, 9895, 6142, 5182, 2341, 9885, 6213, 1604, 3011, 4997, 3669, 4020, 9894, 2494, 2002, 8667, 7178, 298, 9908, 9796, 8909, 6335, 5497, 4709, 6910, 199, 8571, 3216, 5946, 8540, 8604, 501, 1988, 2132, 3142, 2859, 5897, 8835, 2083, 4237, 9748, 7451, 1492, 6138, 8911, 2724, 9246, 1551, 255, 3255, 4728, 2864, 2652, 6740, 3753, 7143, 3274, 8677, 9022, 5298, 3940, 940, 8402, 6118, 8693, 5764, 1041, 6681, 292, 5065, 6322, 8215, 5396, 3552, 9837, 9396, 9085, 3068, 8663, 3771, 4367, 3044, 8304, 8268, 2886, 6549, 7392, 8784, 2430, 7995, 1071, 1117, 4766, 18, 5306, 9461, 2577, 3998, 5512, 9290, 7562, 5579, 5450, 1873, 1116, 4770, 6668, 4994, 8225, 7611, 5106, 6195, 5259, 4863, 5329, 9455, 4240, 9031, 9187, 284, 9356, 8251, 4683, 6127, 807, 3904, 2581, 8391, 2702, 5658, 8021, 1319, 4671, 2619, 6254, 8117, 2334, 8933, 427, 8149, 699, 2037, 4555, 7255, 545, 4083, 3314, 113, 4383, 177, 6991, 3935, 3171, 1071, 4613, 4439, 6277, 4096, 8234, 7607, 1409, 6642, 3346, 175, 1325, 8588, 8268, 5579, 1850, 1673, 8124, 554, 5969, 3628, 1763, 5999, 7718, 8578, 2680, 925, 7159, 5548, 7161, 6667, 3830, 5288, 8881, 9667, 8402, 4, 5485, 8528, 1042, 4234, 123, 4992, 7475, 5726, 9268, 547, 3280, 2741, 9069, 2341, 3082, 2258, 4634, 5442, 8159, 5319, 1049, 924, 8962, 6118, 3280, 4052, 5445, 2850, 1553, 8824, 4009, 6334, 3630, 9923, 7609, 1903, 3906, 2333, 1634, 7007, 8326, 2843, 1365, 5716, 8892, 6365, 2308, 2992, 6147, 719, 1505, 8667, 3917, 5168, 4808, 2492, 5285, 7921, 2200, 2553, 4421, 3615, 3042, 8513, 938, 6301, 6669, 122, 1331, 1630, 4823, 5521, 351, 23, 4891, 2787, 4307, 3206, 9937, 2438, 5645, 2923, 1290, 781, 1150, 8124, 2706, 2583, 3464, 5541, 2199, 6903, 2196, 9930, 2303, 2884, 1582, 4035, 5060, 4268, 7885, 5355, 9667, 3850, 709, 2063, 1813, 8806, 7621, 567, 5428, 1005, 986, 6192, 8075, 3175, 9562, 2899, 4412, 1736, 3099, 8590, 8712, 746, 5839, 1357, 9023, 2868, 2335, 8420, 4804, 7259, 6652, 9366, 2113, 9556, 2410, 5738, 8848, 5054, 7156, 2538, 1139, 1430, 8218, 9380, 4349, 1150, 5913, 5355, 4272, 6391, 6840, 5660, 8778, 5292, 2551, 9941, 3189, 7196, 1000, 6082, 4926, 8596, 8966, 6635, 5771, 6276, 2009, 6628, 9928, 5210, 386, 2759, 3626, 1555, 6828, 4353, 4667, 8348, 803, 9830, 4642, 2604, 8349, 9710, 3379, 115, 3405, 8235, 8952, 1521, 8003, 6239, 6734, 1340, 9966, 2779, 579, 2806, 8396, 5901, 9537, 6492, 7389, 4847, 5160, 1392, 5041, 9052, 7649, 6315, 4998, 2738, 7995, 29, 6896, 6839, 968, 4084, 2866, 935, 9450, 968, 8883, 4083, 7415, 348, 5965, 6095, 1867, 1972, 7302, 9192, 7128, 787, 351, 9760, 8041, 8895, 1754, 6688, 3916, 9929, 9680, 3624, 3403, 8354, 2937, 8335, 9262, 2755, 9061, 7684, 7189, 3563, 8092, 7938, 9679, 5256, 4750, 7233, 7294, 9498, 3418, 7917, 6587, 1216, 5800, 6135, 4135, 5093, 5510, 9777, 8845, 1531, 3987, 9994, 5788, 7252, 7584, 9214, 2079, 4311, 4803, 3088, 9837, 8351, 6838, 1751, 9123, 3573, 8391, 7434, 5155, 1635, 4101, 2002, 1486, 1911, 1517, 2900, 1207, 5149, 9446, 444, 6885, 5236, 4370, 2870, 1193, 1259, 6107, 7528, 3052, 6327, 2824, 2765, 3332, 1711, 9046, 9004, 5379, 8032, 8447, 2250, 7163, 1701, 3455, 8416, 6762, 1047, 4450, 174, 1472, 7005, 8500, 6797, 5199, 6413, 7087, 3192, 8735, 4212, 9906, 3399, 2370, 3807, 5013, 5691, 4163, 2204, 3409, 2370, 2702, 6205, 8777, 611, 8557, 3022, 3650, 6642, 182, 6216, 177, 8547, 4880, 2148, 3803, 8619, 6137, 1167, 8630, 1445, 9763, 5791, 9821, 7597, 6339, 8026, 897, 1633, 8405, 7904, 4641, 3386, 5823, 5081, 929, 7815, 8263, 1830, 7668, 4228, 8479, 4368, 7228, 7859, 4318, 4856, 1046, 8295, 7307, 2483, 2431, 5791, 2657, 6864, 5946, 3883, 8415, 1219, 6031, 2107, 9267, 7903, 1309, 7967, 9203, 1389, 621, 2817, 3476, 5012, 9508, 9427, 5709, 6006, 480, 7505, 2687, 4819, 5604, 2514, 1710, 2958, 7639, 4622, 2941, 8749, 453, 7923, 9489, 6261, 2789, 2364, 2875, 6900, 3358, 1236, 4621, 1080, 3422, 981, 4507, 6130, 6585, 6112, 109, 7103, 9973, 8185, 6140, 623, 6147, 2918, 3902, 4298, 6886, 7537, 4191, 7080, 6800, 2037, 7489, 3793, 2541, 6255, 9937, 574, 5780, 4436, 6001, 663, 1264, 8787, 2224, 8855, 415, 517, 1289, 75, 5562, 7901, 6608, 9197, 4484, 1121, 538, 1281, 6235, 7361, 6213, 880, 8278, 5892, 2329, 5918, 9926, 2111, 2409, 6704, 42, 8170, 944, 107, 6618, 4523, 1784, 8485, 7703, 1018, 8257, 4644, 8384, 7939, 3512, 9357, 246, 9991, 7077, 581, 749, 6984, 6351, 3515, 2510, 5944, 2227, 9169, 9919, 1431, 4357, 4948, 643, 5311, 4340, 821, 3984, 5257, 4659, 2511, 18, 3901, 5215, 2595, 3427, 1598, 3785, 3751, 4198, 8925, 2756, 2896, 676, 9117, 4876, 5853, 1628, 9527, 1050, 1318, 321, 8771, 1770, 262, 8443, 7018, 1239, 3269, 27, 7179, 4119, 2201, 8692, 9437, 6749, 6258, 5037, 4876, 2347, 8909, 4954, 8128, 3713, 164, 9113, 71, 2196, 7227, 7804, 5693, 8437, 7569, 4336, 5055, 3057, 7003, 7972, 5489, 1424, 2195, 828, 6122, 6303, 3736, 2466, 7500, 5019, 9444, 9185, 8862, 1928, 6071, 5771, 7492, 441, 8448, 9343, 5214, 998, 8382, 8291, 1625, 8588, 350, 459, 2447, 4155, 6051, 2968, 7928, 7828, 9233, 7767, 4657, 3128, 5742, 5422, 3431, 4124, 5762, 1993, 1038, 2454, 3743, 9298, 3009, 4111, 748, 5505, 1304, 123, 2964, 8273, 4797, 3209, 1596, 7427, 7624, 715, 6810, 9316, 3008, 5821, 9628, 4107, 5580, 2725, 8727, 5416, 9431, 8459, 5090, 7665, 741, 8125, 6586, 4374, 9753, 2998, 3579, 4469, 7813, 4481, 9173, 2348, 1804, 1187, 5066, 9942, 4687, 7510, 8505, 2022, 1189, 491, 735, 8643, 747, 3618, 2225, 7867, 6283, 9033, 8771, 122, 8778, 1567, 3121, 8160, 992, 2065, 8129, 3566, 9960, 7700, 7202, 621, 9163, 3083, 7272, 5125, 6149, 8371, 8073, 7478, 7892, 4717, 4138, 3083, 2640, 5985, 7436, 6329, 4142, 6811, 5727, 7294, 3063, 1523, 1935, 8522, 900, 5341, 8011, 235, 6165, 8334, 725, 244, 4097, 8748, 4464, 7603, 5114, 6377, 3827, 265, 6120, 1155, 2108, 8846, 2363, 7797, 3935, 1538, 5918, 3819, 6343, 705, 2452, 1882, 8738, 8023, 3271, 7812, 9370, 7327, 4673, 7963, 5818, 2480, 6215, 4156, 3151, 7390, 1758, 189, 2467, 5019, 6399, 2929, 9434, 207, 99, 5268, 7888, 5371, 601, 4126, 8445, 8500, 6079, 8839, 7871, 52, 1157, 737, 3015, 3937, 8507, 7736, 7559, 370, 3504, 9760, 3990, 4536, 3517, 9185, 1887, 9436, 8466, 2654, 4379, 7434, 4524, 3230, 8070, 8473, 8021, 9636, 3933, 1358, 3424, 1897, 4701, 8319, 3109, 9037, 2283, 9738, 8979, 187, 4195, 9152, 7330, 3908, 4097, 1370, 682, 7915, 3637, 9864, 2553, 6859, 6284, 2690, 8763, 6335, 8160, 7181, 7306, 482, 9893, 4713, 5981, 591, 1025, 4772, 8076, 6929, 9953, 7184, 4550, 9735, 273, 3654, 4586, 5692, 1731, 5300, 8484, 6530, 3200, 1650, 2151, 7067, 3118, 9394, 9773, 9181, 9463, 3905, 9667, 4880, 6587, 5950, 2132, 6180, 385, 5875, 7097, 5395, 5871, 392, 5295, 4142, 682, 8721, 1194, 685, 5805, 2870, 8339, 9786, 8335, 9209, 5255, 7852, 907, 7239, 4176, 8725, 3890, 3488, 4957, 7912, 1118, 7440, 3708, 3147, 6247, 920, 2178, 4463, 7579, 5875, 342, 1562, 3336, 8203, 9912, 1118, 9563, 9416, 9812, 9869, 3837, 7858, 1586, 1715, 5310, 2134, 532, 4347, 3241, 472, 7673, 8090, 1279, 2406, 840, 4055, 3723, 7431, 9805, 5827, 4471, 4174, 5420, 4261, 1210, 1206, 7211, 2405, 822, 7047, 563, 4097, 8123, 6226, 5345, 2667, 3734, 1824, 612, 4988, 1149, 1373, 6657, 4391, 861, 2456, 8263, 4285, 1129, 2189, 4065, 5127, 8913, 3244, 3074, 8623, 6117, 8654, 68, 5464, 9396, 46, 566, 7111, 8393, 9707, 6261, 2914, 1098, 4410, 1127, 394, 8106, 1168, 7207, 9604, 2297, 6034, 1458, 2321, 577, 9745, 4570, 6755, 8102, 9913, 8812, 1114, 7377, 3927, 7506, 6174, 1274, 7724, 1341, 1794, 4410, 3751, 573, 2380, 9526, 5981, 2695, 6275, 4988, 7927, 9400, 7461, 3195, 4616, 245, 1232, 6726, 9948, 2761, 2110, 5122, 7681, 8378, 7382, 2404, 4237, 8838, 1679, 7949, 6677, 2900, 2733, 8165, 7948, 8336, 7019, 9420, 9803, 2479, 6737, 1447, 4861, 8879, 9693, 4401, 5507, 1615, 7709, 8938, 6867, 3739, 9569, 2480, 9278, 9935, 8173, 555, 1113, 664, 2716, 4840, 7443, 5031, 8172, 7426, 9870, 9852, 4775, 6214, 9780, 5771, 3347, 1563, 1119, 9972, 7950, 6795, 7099, 8480, 7223, 4495, 3728, 1437, 9855, 1411, 296, 3368, 2047, 8743, 9564, 5032, 5778, 1975, 8563, 7049, 167, 9793, 1207, 9678, 459, 8931, 1828, 4382, 2905, 8136, 7887, 6721, 663, 6556, 3592, 4033, 632, 4757, 2561, 8078, 1585, 3246, 1954, 6463, 6553, 7822, 8581, 442, 1479, 660, 659, 2305, 2160, 4334, 9520, 2089, 9982, 7849, 5676, 2517, 8782, 9763, 6916, 3727, 3455, 6748, 1623, 4008, 898, 8772, 6396, 8933, 2221, 8508, 5741, 4220, 7080, 6872, 8150, 3664, 2659, 4981, 8785, 6387, 7783, 2264, 9414, 5594, 4419, 5140, 5831, 6198, 3458, 8478, 7308, 5828, 6987, 6761, 2828, 3871, 1668, 5094, 6562, 3082, 7866, 8355, 7745, 316, 7488, 2399, 183, 9877, 5132, 7169, 7225, 669, 1437, 2361, 8383, 8596, 2222, 3866, 5616, 3371, 1234, 4279, 7058, 6994, 8277, 3885, 7935, 3564, 5860, 8500, 9257, 7991, 3629, 9399, 213, 6945, 1502, 5619, 219, 6804, 9053, 5227, 616, 7874, 9140, 67, 8040, 7403, 8636, 1919, 4871, 6573, 1558, 4544, 4970, 5094, 211, 9933, 3897, 8618, 8541, 2126, 4318, 1775, 4140, 8759, 3961, 8824, 7027, 6399, 2292, 8531, 6140, 7767, 9088, 2165, 5676, 103, 7364, 5070, 2340, 7887, 250, 6412, 9922, 2210, 8252, 806, 8841, 5547, 5074, 3408, 179, 5715, 1630, 8282, 1916, 2963, 1862, 1487, 3073, 5626, 5117, 92, 1458, 6390, 1294, 7232, 9476, 9992, 4745, 769, 9784, 9229, 3922, 897, 1698, 7651, 4003, 447, 7606, 149, 3718, 5734, 9291, 4744, 6789, 8094, 4606, 2530, 7581, 2589, 3226, 4553, 2804, 9493, 1593, 8381, 124, 1147, 129, 9742, 1861, 5161, 5361, 3080, 1559, 1269, 1751, 7935, 9007, 6760, 3522, 6836, 9727, 5296, 1785, 6746, 431, 7674, 4513, 9664, 5113, 520, 8947, 2635, 5249, 8070, 7776, 9455, 665, 6675, 7086, 9893, 4584, 4849, 2968, 8960, 9450, 6895, 7106, 2226, 173, 6746, 114, 4562, 2348, 4286, 9196, 3809, 6978, 1625, 2266, 1379, 2725, 5094, 3163, 6519, 5603, 2210, 2495, 3078, 2766, 5885, 8639, 898, 9873, 2045, 3971, 7182, 5128, 2660, 1879, 7217, 7493, 5414, 765, 5714, 7274, 3202, 8478, 9044, 7036, 1188, 8245, 5837, 6627, 9076, 6147, 5841, 891, 8229, 428, 8470, 5544, 9363, 2519, 7404, 6094, 7179, 2174, 4340, 1434, 5411, 9973, 1640, 6506, 6980, 1145, 2471, 9353, 2476, 5819, 3783, 5395, 3351, 1245, 7438, 2698, 7492, 490, 2468, 5742, 7937, 8658, 2743, 6179, 1706, 1721, 7809, 4952, 7521, 736, 9194, 1688, 9400, 4544, 2305, 2663, 7663, 6077, 6289, 1224, 5216, 6960, 6586, 537, 5885, 7823, 2561, 9238, 5190, 9023, 3789, 6074, 1356, 8174, 4731, 1891, 5389, 9758, 6983, 3183, 6995, 7272, 3015, 2703, 7933, 6174, 709, 1367, 5285, 5836, 6098, 1217, 597, 5453, 7137, 3009, 2671, 152, 2926, 9344, 7230, 7367, 4451, 590, 5119, 8581, 7129, 7837, 4558, 1642, 7166, 7635, 899, 5451, 8730, 6178, 3458, 2387, 7287, 2753, 4391, 8298, 6643, 8342, 1457, 4301, 2229, 2941, 9884, 6922, 35, 9644, 2262, 9097, 7405, 6923, 4178, 9727, 2595, 5780, 3392, 8739, 4111, 7515, 7375, 3145, 3505, 3617, 7019, 8611, 6736, 4289, 3659, 2512, 3936, 3920, 9734, 4384, 5473, 7787, 3789, 9776, 5249, 2754, 4366, 8772, 4391, 6493, 5275, 931, 881, 7459, 9210, 3884, 6950, 7066, 2494, 8251, 394, 1590, 9714, 6579, 1223, 6915, 9167, 8247, 5510, 9462, 9464, 2822, 3091, 6005, 1880, 8598, 4002, 1442, 219, 2561, 5089, 6293, 395, 7273, 897, 4044, 8548, 3996, 7313, 2025, 8194, 8900, 1541, 2567, 1418, 9318, 2165, 7158, 8442, 4471, 7875, 3573, 935, 8686, 5387, 1550, 8225, 9373, 1315, 5219, 7093, 6571, 6238, 6831, 9369, 9090, 1417, 8536, 6096, 2179, 4091, 327, 1172, 5297, 5337, 9328, 6411, 5370, 5056, 2242, 116, 3442, 9839, 9777, 6950, 7462, 324, 3457, 8314, 2661, 9630, 1981, 8562, 4108, 8580, 3359, 5450, 3073, 5674, 2570, 2600, 30, 166, 877, 1352, 5173, 4432, 1249, 547, 4167, 8074, 5395, 4873, 7259, 9970, 1348, 949, 5866, 7433, 3504, 1892, 5512, 9931, 9394, 2082, 4642, 4058, 9435, 9733, 6894, 3169, 9919, 7360, 267, 9413, 7559, 3131, 9496, 6871, 4084, 224, 2423, 1543, 4367, 6658, 844, 859, 1927, 8928, 9004, 1639, 9147, 7324, 5627, 6695, 3155, 6733, 433, 9504, 2802, 9544, 488, 3288, 8419, 3249, 4792, 682, 6338, 1802, 2166, 6538, 5251, 7664, 9849, 3216, 1005, 1432, 6191, 4549, 9367, 1797, 9556, 4054, 9119, 9809, 3971, 2099, 952, 1074, 3105, 1153, 6612, 6308, 7207, 5990, 8977, 5805, 2928, 1332, 9917, 4966, 4501, 705, 4847, 6474, 5326, 6690, 4604, 6712, 1078, 9394, 684, 9208, 7375, 4687, 2047, 6399, 4282, 1999, 9927, 3839, 2180, 8069, 6342, 4525, 6385, 8914, 6060, 7729, 6231, 4998, 145, 6801, 5255, 773, 8470, 5496, 2376, 2723, 683, 8485, 8269, 7890, 35, 8499, 7792, 7168, 8183, 3591, 7527, 3899, 7188, 2314, 9954, 7365, 4203, 7256, 1598, 4288, 7625, 4393, 3917, 6346, 166, 8584, 3911, 4726, 1120, 8216, 1892, 1577, 8424, 9951, 9785, 2389, 3318, 806, 8962, 3902, 5622, 5053, 5220, 889, 104, 8048, 2202, 6499, 3980, 4149, 7660, 1805, 4807, 3495, 52, 7958, 3398, 6509, 7218, 9732, 6929, 6079, 6179, 2401, 3688, 407, 5337, 94, 5891, 7764, 8083, 6602, 8244, 9600, 6451, 9269, 781, 4692, 3506, 5248, 5852, 2214, 533, 1805, 2150, 6749, 3672, 9352, 1263, 8244, 7799, 4299, 2703, 3493, 7978, 7174, 9055, 8588, 7432, 6191, 5258, 5807, 4388, 4400, 1147, 8920, 7474, 2744, 1114, 9432, 6779, 787, 4861, 9303, 7534, 5360, 553, 4763, 2800, 7347, 241, 2133, 8220, 3153, 7056, 8499, 554, 8175, 5892, 3768, 8474, 1235, 6449, 7714, 3347, 9174, 5442, 4979, 5597, 1313, 6402, 454, 8478, 9917, 2182, 9724, 3208, 9324, 4820, 6743, 4054, 2256, 9069, 8539, 6783, 4758, 7873, 4935, 368, 400, 9062, 9063, 528, 5197, 3825, 4326, 4988, 8460, 7163, 4992, 2444, 7034, 8797, 8398, 7371, 1700, 1066, 2565, 5834, 4376, 388, 4913, 7985, 527, 1802, 8764, 7087, 2718, 6412, 3399, 1340, 3540, 3345, 8980, 2228, 954, 4447, 8148, 2928, 6937, 4027, 4411, 6446, 1403, 3925, 3196, 2847, 9815, 1604, 514, 7886, 9960, 3613, 2664, 1017, 4854, 5567, 683, 908, 5514, 7024, 2947, 5536, 2370, 6470, 350, 4594, 7004, 5328, 8256, 4905, 1527, 8229, 8116, 6559, 2380, 9948, 517, 6394, 1315, 7252, 9514, 2956, 4514, 2886, 6624, 4917, 7835, 980, 1062, 4675, 4974, 8837, 80, 9239, 99, 2064, 343, 3851, 3544, 5812, 9047, 5587, 2505, 2814, 4525, 2050, 7425, 8785, 7706, 8586, 4766, 8040, 5356, 2206, 111, 4091, 1588, 8171, 9853, 8147, 6083, 3109, 575, 665, 6286, 8755, 6875, 1265, 6088, 5428, 8574, 3014, 6707, 323, 4072, 7461, 9537, 6831, 5669, 3397, 6333, 602, 2544, 8099, 8401, 6753, 7681, 1289, 980, 1458, 4739, 3688, 7752, 1588, 670, 7176, 429, 4090, 522, 374, 5333, 8084, 8402, 2163, 8529, 3791, 5910, 6979, 5586, 7107, 8887, 2815, 6182, 9730, 2412, 5183, 3524, 8408, 4020, 3834, 109, 3278, 325, 619, 9812, 8000, 3029, 2569, 9666, 9816, 2998, 8447, 3001, 6814, 8170, 7884, 4833, 3997, 5049, 3435, 7423, 3969, 1470, 5354, 5983, 367, 9094, 7864, 5495, 8424, 4115, 3857, 4090, 2797, 3812, 4861, 2516, 6178, 9285, 2696, 4021, 9945, 391, 3078, 798, 1688, 416, 6535, 3679, 9490, 2995, 4870, 8803, 5820, 1982, 7752, 1555, 4042, 2831, 9750, 599, 9769, 3062, 2854, 9191, 2877, 768, 4103, 7884, 1529, 5205, 8279, 5380, 6205, 9776, 9059, 1649, 5183, 2252, 709, 2099, 5214, 5557, 3679, 4504, 2402, 2374, 4232, 5088, 6569, 6423, 8757, 2510, 6138, 3392, 2179, 4089, 37, 7667, 2271, 4468, 2277, 356, 4692, 8115, 5531, 8714, 2091, 8404, 8244, 1277, 4938, 4529, 8531, 9471, 1843, 9782, 9598, 4933, 305, 4359, 6486, 2000, 1070, 7019, 1724, 8084, 8101, 5221, 6223, 3857, 1248, 6172, 1081, 3610, 4065, 1570, 7453, 9255, 2855, 1338, 4741, 2353, 8432, 2831, 7182, 1561, 3828, 1458, 5043, 3604, 687, 7682, 6060, 3191, 1353, 5744, 1822, 5760, 6629, 9452, 402, 6988, 8120, 6634, 6077, 4956, 3469, 291, 9647, 5340, 7111, 7063, 5067, 8573, 2416, 9717, 7690, 4027, 7431, 7301, 2248, 2353, 2052, 1315, 3177, 8392, 4430, 8958, 2259, 5235, 7076, 1544, 9705, 8602, 3004, 7600, 7177, 5582, 1135, 4305, 4189, 1842, 6272, 4293, 4890, 678, 5737, 1145, 1905, 7594, 9647, 3648, 9569, 2713, 5789, 8489, 3867, 6091, 4264, 8227, 6397, 5534, 8920, 5165, 5010, 8085, 7535, 4060, 3363, 4056, 9048, 1954, 6063, 4997, 2766, 3769, 1619, 9233, 6898, 9939, 6761, 2998, 8045, 3710, 5306, 8001, 9950, 3302, 564, 6381, 6872, 6292, 8722, 7588, 1202, 4963, 1637, 4661, 9811, 3719, 9046, 9072, 1036, 2824, 6255, 2582, 9089, 7774, 181, 114, 5248, 1956, 2663, 9953, 1356, 1649, 9809, 2543, 2748, 3275, 4570, 1318, 3037, 6188, 9701, 6728, 6963, 498, 1242, 7828, 8505, 2888, 7026, 2557, 843, 5269, 4380, 4655, 8219, 3308, 9677, 5546, 7238, 8779, 4573, 1503, 5299, 5931, 6407, 8947, 4394, 8221, 5306, 406, 8556, 643, 926, 421, 9958, 6239, 5133, 851, 6478, 3578, 767, 3588, 7064, 5146, 991, 554, 4001, 4028, 8378, 5490, 1065, 5543, 2381, 9242, 1513, 1362, 4082, 2299, 8678, 1114, 4267, 3044, 9089, 2823, 909, 4154, 511, 9711, 8675, 2895, 1249, 3789, 5825, 3107, 7645, 110, 6838, 2303, 386, 2183, 3929, 273, 1160, 5985, 5934, 833, 1850, 2915, 6150, 884, 9908, 7762, 4826, 1984, 7732, 3058, 2850, 1005, 8274, 7753, 389, 9962, 2899, 9639, 5648, 9584, 5068, 778, 2944, 1732, 4014, 6568, 9505, 460, 2065, 1337, 9740, 901, 2899, 6332, 3599, 8894, 5992, 9800, 2622, 4919, 4533, 3463, 693, 3815, 5938, 494, 7586, 9125, 3026, 7512, 5852, 7473, 3451, 2341, 9037, 3241, 2461, 1254, 4549, 5750, 5985, 9555, 1870, 1807, 2757, 3813, 1059, 4776, 5674, 7594, 7995, 7082, 6102, 134, 133, 2886, 7236, 777, 790, 4827, 6485, 8882, 7135, 2033, 9287, 6483, 7840, 7472, 7423, 1818, 6492, 763, 9178, 5458, 1794, 8245, 5481, 8424, 6595, 766, 228, 8679, 8008, 5796, 2582, 6129, 4518, 9240, 5240, 6169, 7138, 4967, 1365, 683, 1734, 9282, 6244, 9520, 3887, 6525, 825, 8623, 1566, 8598, 3459, 6491, 2191, 8387, 1456, 4006, 8925, 747, 2874, 415, 3471, 7175, 4949, 7829, 5754, 8503, 7881, 693, 1085, 3638, 7196, 86, 6523, 8059, 2914, 4668, 9847, 8777, 7331, 6448, 8658, 293, 811, 2035, 6008, 2731, 1500, 444, 1221, 3384, 9132, 1123, 2263, 234, 4193, 4938, 6688, 9965, 3778, 6495, 3974, 8432, 1132, 8245, 6342, 766, 6192, 4763, 1143, 147, 172, 3831, 2061, 1103, 8290, 7814, 5369, 6904, 6832, 8395, 4884, 4711, 2095, 1887, 1190, 9083, 250, 5643, 552, 8171, 8888, 7429, 4090, 1048, 3479, 2950, 5303, 6828, 2860, 3092, 606, 5687, 7994, 1092, 7020, 4945, 3833, 4775, 7529, 1885, 7277, 1720, 5215, 1842, 4629, 8251, 9635, 6181, 6643, 5181, 1382, 1903, 3957, 446, 6106, 8947, 6881, 6233, 265, 310, 9668, 3817, 4185, 8091, 291, 7895, 7939, 3995, 6823, 4471, 5420, 4392, 1048, 8601, 6169, 1863, 4612, 3354, 7262, 2381, 2375, 3883, 6487, 890, 3347, 8264, 3957, 1962, 8927, 897, 5541, 9270, 6139, 5568, 6979, 8056, 3153, 1150, 4701, 8460, 6552, 5994, 3976, 8833, 4904, 2590, 371, 2841, 4985, 4733, 2149, 1556, 7735, 5519, 591, 6765, 8734, 8717, 8083, 8065, 2442, 2080, 9090, 2246, 2852, 3164, 8125, 3904, 9575, 4611, 3677, 4407, 5682, 1343, 7027, 9089, 5533, 28, 5555, 2533, 8695, 9300, 8018, 9581, 1864, 8113, 8883, 1064, 2459, 8934, 7418, 1563, 1094, 4718, 7754, 953, 6280, 546, 1386, 7280, 7853, 2161, 9145, 5655, 7460, 8857, 6259, 8198, 248, 7384, 5812, 298, 95, 1269, 6606, 7179, 6523, 5613, 2922, 2462, 4276, 5089, 2658, 8217, 5129, 6160, 7762, 2674, 1875, 6497, 1658, 1065, 8916, 1467, 2818, 3321, 2643, 6445, 7555, 608, 9525, 9644, 559, 7958, 3010, 4561, 3507, 221, 586, 389, 153, 4225, 4366, 4627, 2218, 1508, 5555, 9778, 1208, 2249, 7578, 8314, 1586, 6403, 2066, 8352, 3402, 9328, 9611, 8455, 4530, 2921, 6361, 9645, 7145, 7671, 58, 7577, 9845, 5127, 8020, 1444, 4221, 8715, 5897, 2328, 2174, 71, 5841, 6054, 6629, 4786, 5892, 561, 9066, 1748, 9773, 4491, 5702, 9334, 520, 5195, 6015, 3785, 4621, 7845, 7958, 5441, 9391, 314, 4845, 112, 7648, 5106, 360, 1254, 7416, 1055, 7257, 1857, 7697, 4183, 8625, 4845, 1212, 8326, 9976, 6042, 1317, 9558, 676, 7452, 4314, 5191, 8178, 689, 7269, 625, 2220, 3676, 424, 4463, 2183, 7775, 9492, 8944, 5722, 3993, 8699, 6422, 246, 8101, 7388, 8168, 8510, 6388, 7906, 8552, 7433, 4423, 11, 3116, 450, 4998, 147, 6953, 315, 8703, 5502, 7384, 7110, 1561, 5648, 7945, 2705, 4759, 2410, 5792, 1860, 6026, 9842, 9531, 6171, 452, 9865, 724, 3299, 9239, 8006, 8222, 9208, 1554, 7091, 7501, 1640, 9775, 4079, 1909, 236, 258, 309, 4296, 6462, 5530, 3238, 7807, 1729, 2510, 9214, 3700, 7018, 4863, 6659, 695, 6467, 6590, 1910, 3946, 5397, 4174, 3491, 5947, 6168, 304, 1085, 5819, 9891, 751, 6402, 3654, 3680, 1111, 4950, 7539, 5524, 8978, 8677, 2680, 6376, 7288, 3805, 5669, 82, 6637, 3952, 9902, 5212, 1376, 8186, 9698, 2369, 6693, 5717, 3446, 5617, 7470, 5446, 2027, 8755, 4910, 440, 9444, 5860, 1285, 6521, 5932, 2200, 6590, 1347, 256, 7240, 8830, 3756, 842, 4725, 9302, 4180, 9344, 6183, 1372, 2257, 8582, 300, 7071, 8026, 1533, 7620, 5110, 8005, 1016, 5286, 3741, 209, 7036, 6341, 5722, 1540, 3606, 1018, 6071, 61, 976, 3732, 9351, 1228, 569, 6932, 2288, 725, 8996, 2196, 687, 3073, 4174, 5365, 850, 7187, 1879, 9671, 34, 8496, 2955, 6035, 8943, 1084, 9069, 1481, 1584, 5905, 7709, 8714, 679, 2330, 8820, 3910, 497, 6532, 1333, 3749, 9624, 8326, 4240, 7403, 1016, 2501, 7912, 1291, 6185, 2238, 4878, 1998, 2647, 882, 7669, 8680, 6980, 18, 1127, 2349, 8822, 7307, 5775, 1054, 6266, 445, 4091, 9009, 9734, 7982, 8517, 9605, 9834, 152, 3699, 8361, 340, 332, 7324, 4406, 4026, 5355, 113, 9928, 9342, 9719, 8784, 7332, 1160, 8828, 5432, 4602, 1715, 1283, 3875, 9677, 4202, 1310, 9676, 5698, 6011, 1262, 7403, 7705, 6235, 3200, 4855, 4456, 3280, 5081, 562, 5530, 7532, 2101, 7579, 878, 89, 5503, 9323, 8499, 8558, 2080, 2955, 9056, 7352, 9140, 3711, 4683, 7207, 6256, 7925, 1561, 5332, 2374, 6186, 3613, 8837, 2936, 9536, 3423, 1429, 2757, 1019, 4504, 6439, 1302, 8539, 9884, 5634, 3257, 9767, 2293, 359, 4182, 8056, 1097, 2600, 1557, 1475, 4204, 724, 6859, 7346, 5825, 3086, 4750, 6602, 1027, 2840, 9762, 3822, 7093, 4516, 213, 8644, 7235, 354, 9911, 9429, 7436, 8890, 2013, 5831, 5079, 5666, 4059, 6997, 6458, 4005, 1556, 3322, 4264, 8650, 1123, 2768, 2449, 7517, 8307, 3436, 6484, 7338, 5430, 5260, 8177, 3544, 9798, 2025, 9414, 3198, 9848, 1394, 3586, 320, 5915, 7903, 1102, 7465, 4785, 293, 1423, 8199, 1818, 6851, 3509, 830, 9624, 4211, 5789, 1755, 3151, 2427, 1702, 7094, 1141, 5447, 3609, 5854, 4760, 3520, 4819, 1255, 8828, 6795, 8474, 789, 311, 5166, 6750, 2358, 9941, 3570, 1400, 912, 8120, 1434, 9924, 7339, 3949, 8737, 5503, 438, 6638, 31, 1836, 4723, 8683, 7929, 6816, 2124, 4728, 9090, 9003, 155, 8983, 7425, 1875, 2986, 5819, 9155, 8222, 9980, 1473, 3734, 1471, 9341, 7031, 5718, 8291, 7741, 447, 592, 5163, 4952, 8551, 5770, 3584, 8070, 8421, 4153, 2925, 539, 4965, 3262, 1929, 3225, 8754, 3086, 8373, 5436, 9898, 7399, 5891, 5260, 8436, 2559, 9216, 6294, 69, 5090, 1680, 1708, 4794, 9861, 3165, 7973, 820, 9834, 6310, 2285, 2152, 8437, 8403, 6062, 7983, 1857, 8255, 9446, 6797, 1271, 9008, 7643, 8920, 1121, 8097, 6949, 3866, 6807, 9082, 2554, 1829, 2860, 629, 4976, 6197, 1764, 4824, 3881, 7677, 3380, 347, 807, 6900, 5174, 1013, 6432, 9253, 891, 1697, 4961, 5356, 1334, 885, 419, 9275, 4392, 8464, 6636, 7586, 4863, 8843, 2952, 9469, 9832, 454, 3798, 7844, 2680, 6309, 132, 9724, 2902, 616, 2175, 6974, 9899, 3875, 4305, 4889, 7261, 9492, 190, 6346, 5552, 2059, 5138, 4203, 598, 82, 9505, 5621, 9578, 1534, 1769, 8778, 7113, 9694, 1721, 925, 6297, 4336, 3128, 6738, 5924, 6495, 3163, 582, 3791, 2820, 5309, 6506, 4273, 6073, 8686, 2770, 5033, 6615, 9459, 8912, 8049, 3662, 4838, 2448, 2301, 2506, 6701, 3501, 7182, 1143, 587, 7149, 59, 88, 3827, 2256, 7782, 2999, 4805, 5201, 5407, 7054, 3801, 1357, 5144, 8856, 1332, 7775, 8906, 7450, 6673, 5739, 3788, 2771, 2450, 801, 2860, 3972, 8333, 2190, 2948, 3409, 1288, 1914, 4676, 8017, 3038, 1603, 8177, 1059, 1466, 6069, 6561, 6623, 3829, 110, 684, 9024, 401, 3359, 6014, 8360, 9906, 3580, 4582, 5236, 986, 2117, 7651, 3450, 2511, 1612, 1550, 6613, 5680, 8413, 7402, 5647, 666, 8397, 9790, 3217, 4258, 6788, 7309, 413, 3720, 88, 7186, 6943, 7959, 8754, 469, 7861, 8990, 6793, 99, 6852, 7461, 633, 4459, 9245, 1415, 7334, 4304, 1682, 9669, 1920, 695, 7843, 278, 5201, 4701, 1808, 3544, 3593, 5995, 4269, 355, 3850, 4451, 6580, 6155, 6283, 5927, 3865, 2120, 9230, 4127, 2294, 6459, 4491, 9509, 2777, 5466, 7379, 7479, 6285, 3360, 5787, 8301, 1205, 7064, 8373, 2083, 2834, 294, 6468, 2425, 7255, 3047, 1931, 9389, 6060, 2852, 8315, 4690, 1881, 8517, 4706, 1023, 795, 6570, 3190, 3311, 6308, 7410, 5898, 5547, 4302, 3447, 8301, 6789, 6291, 7832, 4922, 8035, 1712, 7982, 1637, 7121, 4878, 1585, 1534, 7545, 7186, 7634, 9952, 5623, 7574, 304, 4428, 3689, 5566, 2179, 6904, 3813, 4550, 385, 9142, 9511, 2772, 8621, 1024, 2946, 1937, 2506, 3648, 4516, 6071, 965, 339, 7924, 4999, 8012, 2764, 9501, 6574, 1541, 2287, 2725, 5669, 868, 2632, 8815, 3389, 4063, 8665, 1165, 4915, 1506, 7703, 1123, 8257, 5991, 8552, 9205, 222, 8453, 7063, 3094, 6552, 805, 2709, 5552, 911, 9658, 3823, 4203, 8085, 1117, 5747, 9037, 8020, 5671, 7488, 120, 7686, 2146, 4067, 7500, 2595, 7306, 6309, 4933, 2105, 4901, 3941, 3753, 9853, 1306, 2964, 7729, 1064, 351, 5483, 5897, 536, 7231, 5466, 7057, 4578, 3684, 6000, 7370, 2757, 8088, 2535, 8045, 7074, 5917, 9666, 5033, 3708, 7667, 5395, 4535, 1827, 7859, 4753, 2800, 6699, 6545, 5164, 860, 6157, 2370, 1412, 5407, 4975, 4623, 492, 3697, 8794, 634, 3051, 1128, 7715, 3229, 9185, 9120, 6695, 891, 602, 7288, 4649, 1621, 6935, 5762, 2494, 8962, 1838, 5829, 9910, 6286, 6810, 6132, 6447, 5342, 1506, 1775, 4879, 5257, 4833, 1828, 2431, 9644, 4746, 8290, 2419, 556, 8613, 579, 7846, 4173, 2873, 3174, 1195, 7454, 3816, 5172, 6050, 6446, 1079, 6784, 8986, 2463, 2849, 8572, 2874, 6298, 9738, 3364, 3166, 394, 7217, 7265, 9877, 3814, 7513, 2417, 5947, 8271, 4325, 3167, 9322, 257, 7056, 2794, 9875, 1361, 5570, 6448, 5493, 9451, 8260, 9628, 1930, 3998, 812, 2722, 5229, 6828, 8603, 1464, 4627, 64, 9370, 249, 4215, 1285, 3062, 2551, 3266, 420, 7297, 9617, 4445, 6592, 9326, 9397, 5971, 6865, 2924, 3731, 1069, 7762, 2869, 9306, 920, 102, 2086, 1887, 1924, 2555, 1061, 8448, 9611, 548, 1508, 8241, 7456, 9533, 7155, 6867, 8353, 8273, 593, 1121, 1618, 9956, 6370, 3508, 276, 5838, 1457, 3079, 8818, 3624, 4223, 3201, 8685, 87, 937, 7929, 5104, 7523, 1574, 3149, 8959, 2803, 6253, 2995, 8626, 9419, 4966, 9844, 5044, 1472, 805, 1171, 601, 8254, 7268, 6123, 8451, 7783, 1499, 753, 4088, 2584, 5088, 7210, 4167, 8813, 9749, 7590, 8828, 1800, 1008, 2293, 4094, 1516, 4794, 5272, 5042, 5119, 8721, 6992, 1035, 675, 7255, 5824, 763, 7612, 4890, 6505, 1714, 3305, 4751, 7486, 5964, 3170, 7056, 7984, 3941, 4893, 5844, 9304, 8132, 2915, 3694, 1332, 2834, 9487, 4663, 4819, 7596, 6528, 9957, 5899, 8114, 7775, 1964, 8008, 4600, 258, 4151, 8248, 333, 7931, 5221, 5065, 8429, 4138, 8850, 8170, 4331, 9399, 5867, 1147, 6998, 1681, 3683, 8309, 2599, 6825, 4151, 940, 1424, 6785, 7511, 9670, 9910, 7215, 2622, 662, 4684, 2427, 954, 4433, 3626, 1388, 6295, 4837, 2198, 5902, 1443, 3618, 6871, 7518, 9594, 9790, 5795, 3573, 1319, 1758, 9746, 5406, 5164, 1083, 3197, 3464, 3024, 2952, 2490, 6781, 900, 9144, 6426, 5175, 6859, 256, 5989, 463, 4621, 5284, 1401, 7390, 5780, 3194, 4510, 548, 4321, 6556, 1674, 5621, 622, 9771, 3596, 3879, 1545, 7116, 3063, 6343, 3054, 3196, 2246, 4950, 9222, 4915, 317, 581, 4800, 2964, 2313, 2020, 8799, 6257, 7760, 4804, 4360, 4837, 2516, 8575, 3318, 8859, 6803, 942, 4468, 5667, 9218, 7736, 4186, 3334, 7568, 7966, 5636, 8799, 5838, 7166, 8755, 8855, 9326, 6413, 1616, 8241, 9383, 4906, 9910, 5866, 99, 8980, 1137, 9476, 7056, 5347, 5549, 2940, 7521, 2279, 5095, 4933, 6949, 7533, 7518, 2020, 1209, 6373, 3279, 3481, 10000, 1500, 4347, 9185, 2354, 9184, 728, 3390, 6190, 3493, 5379, 1573, 6761, 282, 7212, 1058, 724, 9411, 9353, 3718, 5010, 7112, 3312, 1765, 2994, 9554, 980, 4244, 3705, 7738, 9431, 8294, 9462, 4287, 7436, 403, 5691, 4990, 4057, 3703, 4613, 57, 2693, 5625, 343, 7440, 8395, 5756, 3149, 9971, 2771, 8022, 9026, 1402, 6131, 7761, 4363, 2071, 5754, 7860, 9091, 6844, 8423, 9593, 6423, 9659, 5488, 2046, 4335, 7878, 2094, 1013, 4890, 7328, 967, 3111, 9914, 9873, 960, 5364, 5587, 229, 7210, 212, 8688, 7826, 8407, 687, 8988, 3707, 9248, 3132, 4790, 512, 2280, 546, 5416, 3330, 1004, 1453, 2554, 4044, 934, 8188, 2403, 8305, 2694, 4900, 188, 3150, 1425, 6824, 8473, 2527, 1564, 3036, 3997, 4225, 366, 599, 9686, 6885, 6595, 3124, 1050, 5240, 3751, 1616, 7018, 2083, 8361, 9540, 1329, 3318, 3753, 9863, 6565, 2207, 2070, 5927, 1172, 1352, 9827, 6796, 8024, 3047, 8, 3676, 3991, 5989, 6300, 32, 5976, 6733, 4007, 5359, 4752, 3031, 6113, 1599, 4172, 9431, 6773, 3979, 6597, 9595, 8006, 8561, 9622, 6533, 4344, 1495, 1342, 5788, 6011, 936, 6287, 5963, 3759, 7847, 552, 7273, 2498, 9986, 1625, 6784, 5183, 6075, 5012, 9284, 9064, 1787, 231, 2521, 4110, 9317, 3167, 8421, 8378, 2583, 3396, 3001, 4594, 7879, 1369, 949, 7200, 6706, 8181, 2789, 5529, 58, 5414, 3804, 5555, 1156, 7259, 6368, 9253, 8377, 1658, 894, 4449, 7118, 1778, 6880, 9757, 1643, 4804, 9412, 9224, 6235, 3789, 3543, 1987, 6751, 858, 2296, 6515, 1768, 3727, 9764, 6454, 9100, 6730, 2612, 6421, 315, 377, 7112, 2451, 7276, 1639, 754, 6705, 9010, 6463, 6814, 5397, 4171, 9453, 5865, 9248, 83, 5052, 543, 4158, 2511, 4604, 3419, 9739, 9402, 6782, 2638, 7053, 7032, 6244, 7386, 1670, 9963, 234, 7210, 5278, 9187, 7560, 1471, 3555, 9268, 3447, 3112, 9737, 8779, 3483, 6127, 2376, 29, 6374, 13, 4295, 7700, 9293, 584, 3482, 8407, 3647, 9311, 2407, 9663, 3716, 5441, 2239, 8709, 2458, 2109, 9110, 6086, 8778, 5525, 6648, 1455, 4640, 2817, 7468, 7856, 4345, 1348, 7136, 8964, 4356, 7853, 8032, 4402, 4902, 9151, 4514, 4081, 509, 376, 8320, 9824, 8640, 6602, 9753, 5428, 5901, 7395, 4489, 3877, 3991, 6096, 3814, 9123, 3935, 263, 6728, 584, 5919, 1266, 266, 5546, 8133, 1635, 4255, 3031, 7514, 3231, 3671, 6812, 2971, 58, 6089, 8873, 1393, 6304, 9258, 3527, 3400, 7523, 1989, 2233, 9834, 1843, 656, 7722, 7024, 1630, 7697, 2691, 52, 5695, 8517, 5872, 2926, 1730, 8622, 3098, 8026, 9778, 7013, 850, 205, 1394, 9751, 307, 415, 5514, 1193, 3046, 9216, 2844, 9200, 6214, 4637, 7114, 4477, 6435, 4780, 9670, 9337, 3611, 784, 2193, 7606, 5841, 8018, 3124, 1232, 1803, 6217, 7360, 8886, 8928, 8230, 3829, 8643, 9194, 871, 6960, 2985, 1491, 4794, 870, 9075, 6983, 6305, 1670, 2736, 3996, 486, 4634, 4518, 9275, 8434, 4131, 9315, 2914, 1107, 7383, 1987, 3685, 8707, 1336, 8927, 4159, 5395, 4007, 7051, 7567, 8531, 3538, 2723, 227, 9161, 8878, 9960, 4193, 3426, 4324, 5987, 3991, 9530, 5650, 2461, 5288, 2012, 3423, 2465, 709, 1920, 4324, 9806, 8522, 406, 1621, 7911, 8586, 1904, 5003, 3528, 1434, 2304, 4451, 5631, 2283, 7616, 4296, 6912, 754, 2438, 7309, 8841, 4169, 6710, 2115, 6123, 8982, 2703, 9513, 8245, 1775, 6489, 5014, 1920, 4433, 6464, 7529, 63, 5764, 1659, 3661, 5110, 7645, 8052, 6820, 7603, 7477, 7917, 3271, 8505, 6719, 8714, 4038, 4858, 1545, 8194, 5102, 7146, 5231, 6272, 3874, 4451, 7184, 9310, 1264, 3615, 7719, 4678, 8863, 8674, 9270, 7649, 5881, 8062, 8602, 5394, 8577, 7302, 7965, 5802, 6719, 5944, 2454, 9166, 3975, 1894, 3379, 163, 1683, 2099, 3702, 7873, 7063, 1203, 7540, 134, 6822, 6152, 7059, 1274, 9545, 7195, 8406, 7158, 3342, 2071, 3176, 3456, 8436, 8444, 7435, 7983, 2796, 1980, 3299, 8114, 8683, 8679, 7736, 2704, 8743, 5791, 4016, 2943, 4674, 5579, 662, 9530, 7078, 8009, 6050, 3743, 3679, 8996, 7892, 5998, 8492, 267, 2750, 9909, 9826, 6994, 3321, 1785, 8205, 1954, 7230, 7, 3962, 7125, 7037, 1834, 7634, 6599, 8714, 5645, 72, 3201, 4488, 4268, 1827, 4120, 9308, 6155, 4639, 2281, 7326, 4314, 4250, 4792, 96, 8439, 9324, 7091, 9758, 8505, 8118, 1839, 7850, 3297, 3743, 5786, 4658, 9713, 3596, 2593, 9725, 771, 6303, 8633, 2948, 1080, 4123, 5942, 1157, 3796, 8778, 9791, 760, 8959, 2151, 3672, 1093, 9035, 1691, 5664, 9252, 8621, 634, 1934, 2487, 8859, 2390, 9993, 6769, 6458, 3979, 9695, 9993, 7014, 1876, 3097, 9323, 8692, 6583, 6833, 1914, 8615, 8613, 3193, 5659, 2637, 3513, 5831, 1680, 2457, 7419, 8323, 6523, 695, 7865, 7568, 8796, 4619, 2741, 6148, 2442, 617, 893, 3898, 6403, 8724, 7160]
List Size: 7000
Insertion Sort Time: 2644.270900 milliseconds
Merge Sort Time: 37.312500 milliseconds
Built-in Sort Time: 1.179400 milliseconds

Original List: [8139, 7776, 6612, 7870, 7754, 8187, 9276, 2224, 2847, 4676, 9947, 6166, 7902, 5380, 5666, 2040, 8821, 9306, 3130, 1147, 9101, 7154, 8584, 221, 7760, 7650, 8883, 6918, 1474, 9240, 8883, 5583, 8093, 4563, 7966, 1108, 4283, 6179, 500, 1076, 5255, 1393, 414, 3254, 1726, 7235, 9702, 9786, 8234, 5652, 6042, 5133, 5429, 5845, 3775, 6680, 8254, 9316, 1969, 415, 9024, 196, 4058, 8860, 9574, 2444, 194, 261, 9114, 7126, 4412, 3778, 1241, 769, 5583, 5721, 9432, 391, 5893, 7934, 2378, 5023, 1250, 8893, 7761, 1933, 1236, 1814, 5638, 6859, 2870, 6827, 8593, 9623, 9184, 4167, 6939, 5237, 2134, 3915, 6138, 5422, 3401, 1464, 4536, 6214, 7752, 7151, 4541, 148, 21, 6824, 2612, 7527, 5803, 829, 6610, 8043, 1848, 633, 1855, 5290, 291, 9871, 2474, 2559, 2175, 9501, 9956, 6149, 104, 2691, 5132, 41, 166, 2803, 6223, 3151, 5934, 6123, 4949, 6482, 4812, 6863, 278, 4638, 2144, 9794, 861, 8364, 2359, 982, 5635, 9105, 8347, 8054, 6689, 4362, 8033, 9911, 405, 5074, 8026, 5875, 3258, 6419, 2892, 3842, 666, 430, 9261, 7411, 3029, 2872, 6318, 8841, 3136, 4233, 9649, 8066, 3733, 2001, 5018, 2602, 3523, 1241, 4107, 1536, 6353, 5708, 4163, 3434, 7080, 6657, 7160, 3199, 9343, 7307, 4560, 7051, 6737, 3664, 1241, 6299, 4957, 1700, 3509, 2148, 4099, 4684, 6842, 4391, 8755, 7329, 5367, 5654, 1687, 2962, 1692, 9709, 6307, 7828, 7870, 618, 2121, 3719, 9414, 2610, 1981, 7616, 8414, 1981, 8952, 4342, 8673, 5600, 2399, 3133, 4233, 3387, 6386, 2121, 774, 3201, 3777, 2692, 8521, 912, 9849, 7366, 9124, 7712, 1669, 6770, 1645, 1421, 6591, 4676, 1095, 3102, 7064, 8957, 5017, 2760, 4153, 7198, 2262, 4450, 4175, 2447, 1655, 1984, 8395, 3085, 3378, 9170, 2015, 4747, 8591, 6163, 6454, 3105, 9287, 2481, 2177, 6327, 3518, 5953, 9004, 9848, 401, 4320, 7580, 6335, 4954, 5337, 9689, 4061, 6265, 2055, 8069, 6238, 1027, 200, 3589, 6719, 5418, 4211, 2290, 2065, 1513, 9151, 1624, 2908, 2044, 8435, 5495, 960, 701, 8955, 5644, 3114, 4093, 7406, 3983, 9140, 3530, 7525, 2388, 5071, 1924, 6907, 5570, 6680, 908, 198, 5077, 6478, 3138, 6779, 5390, 5007, 4522, 6061, 62, 4461, 3327, 4976, 4736, 6438, 6666, 297, 8506, 3739, 7717, 7977, 7118, 337, 6085, 8631, 708, 1663, 7592, 4009, 244, 6933, 2520, 5214, 9175, 6223, 7900, 2520, 1970, 2281, 2926, 7658, 1221, 4507, 3815, 3496, 5257, 7850, 2736, 748, 4479, 7406, 3272, 642, 8231, 9350, 7638, 1430, 4256, 4352, 7203, 3391, 8949, 9400, 2613, 3993, 3296, 3324, 9202, 6064, 4375, 3330, 5866, 1307, 1366, 754, 1716, 1446, 6112, 9114, 4495, 8786, 8673, 977, 6885, 6239, 835, 8093, 9856, 9689, 9728, 5383, 9445, 5459, 1469, 2818, 3636, 5007, 3260, 9195, 6250, 2414, 28, 4459, 4075, 1217, 3195, 7538, 6079, 9140, 5982, 8533, 9371, 6911, 4782, 2275, 3256, 9747, 6303, 8069, 2967, 1236, 9610, 4976, 1848, 53, 9607, 102, 1007, 7290, 438, 9194, 2511, 1238, 2019, 8484, 2525, 8399, 7782, 7044, 4400, 7720, 8051, 2917, 3947, 3083, 8993, 8169, 4183, 5167, 2248, 7178, 9385, 5031, 4282, 1168, 7969, 7587, 2601, 1720, 3946, 4481, 7010, 4072, 3699, 4875, 7969, 2634, 4775, 802, 676, 5984, 9232, 4893, 9036, 4507, 6066, 7240, 3117, 5723, 6939, 4033, 2727, 8107, 5186, 5134, 3277, 7934, 5462, 2254, 5691, 8194, 1516, 6592, 8003, 7250, 8721, 8602, 7291, 6975, 8075, 7383, 6024, 3317, 6761, 2086, 707, 7624, 177, 3226, 1280, 857, 2863, 7315, 2314, 8138, 4924, 5129, 6716, 637, 6100, 4108, 4431, 5148, 4432, 8558, 446, 8109, 3283, 3198, 5507, 1365, 5922, 1627, 4556, 4553, 4146, 2920, 4533, 1062, 2632, 7032, 7272, 9160, 5689, 694, 9407, 9784, 463, 7522, 1148, 2253, 7293, 9309, 484, 8705, 1550, 4114, 4444, 795, 4909, 1365, 7839, 958, 5682, 1962, 6294, 3950, 9436, 2238, 6588, 1585, 3167, 1533, 5852, 3868, 59, 6222, 5442, 6397, 8177, 9411, 9100, 6540, 6306, 7442, 5120, 4184, 6101, 1734, 5428, 8087, 2618, 98, 7290, 9711, 393, 39, 2605, 4389, 695, 5511, 3336, 6463, 2701, 9543, 1508, 3340, 4943, 3308, 7898, 5187, 2797, 6348, 7280, 2832, 9072, 5976, 4258, 7465, 5621, 6542, 6352, 5101, 5954, 8844, 7680, 5755, 9635, 3589, 3376, 2057, 8257, 8832, 5888, 5149, 1673, 4056, 2464, 3431, 2597, 2847, 2915, 6643, 1592, 9332, 4741, 5970, 2153, 8564, 2181, 5679, 3889, 6921, 8946, 8922, 9227, 1303, 5042, 126, 5344, 4463, 3612, 3449, 8520, 7150, 4709, 2260, 9473, 7443, 9964, 6407, 5391, 2830, 3342, 9365, 8062, 7070, 6988, 6874, 7377, 4812, 6547, 7084, 4804, 8055, 5944, 640, 6068, 1943, 7302, 58, 3238, 9005, 1416, 6694, 1571, 9236, 8275, 3407, 2853, 9774, 2383, 9238, 2748, 3582, 909, 8572, 2546, 2791, 7725, 1701, 8504, 2363, 7331, 6657, 135, 8994, 3808, 8642, 2885, 8599, 2171, 2555, 5102, 7203, 2117, 6155, 3954, 8939, 7102, 476, 9055, 28, 4465, 4264, 4830, 7703, 7676, 2817, 1473, 8160, 3905, 1064, 6092, 8683, 6928, 7782, 5240, 303, 3767, 2247, 5380, 6055, 8377, 769, 6392, 3447, 70, 7894, 1329, 3450, 9719, 5561, 980, 8179, 2761, 3005, 2418, 2276, 8953, 7475, 5514, 673, 3923, 9761, 8183, 3865, 1477, 4381, 4597, 9222, 2524, 2575, 3113, 5988, 9182, 5027, 1142, 3269, 4590, 6473, 3287, 580, 9931, 2358, 4065, 7768, 9093, 4562, 4043, 1868, 5440, 8779, 8775, 337, 1522, 3897, 5083, 7817, 2716, 5450, 4498, 579, 7794, 4980, 7406, 4066, 4945, 8125, 3695, 3492, 2053, 6898, 1925, 6154, 1846, 1216, 6667, 502, 365, 7689, 1972, 1769, 4187, 8320, 5590, 2878, 5550, 3890, 1028, 171, 2133, 2654, 835, 1482, 6668, 5796, 9541, 3045, 5983, 3705, 671, 7288, 6998, 9163, 741, 8739, 8776, 4333, 3606, 491, 9819, 5149, 1241, 1514, 2111, 1918, 3906, 8418, 9679, 5063, 1139, 8959, 6715, 1210, 2951, 2112, 5895, 4573, 8670, 7956, 1773, 8238, 6424, 2927, 5659, 1024, 6346, 1528, 4195, 9079, 9433, 3114, 3518, 6709, 2772, 8544, 6966, 2415, 7426, 4385, 1688, 3412, 9332, 6583, 9379, 5293, 9891, 1712, 8140, 8408, 6664, 7665, 1711, 5723, 2501, 5021, 2700, 7587, 4002, 7318, 7379, 6563, 9653, 1716, 7292, 3720, 985, 780, 1139, 7471, 9533, 3677, 8002, 5833, 2217, 5491, 3945, 9216, 7369, 7450, 4174, 8778, 2083, 1805, 208, 3664, 3999, 6615, 4764, 1181, 9035, 6617, 3668, 4176, 1799, 7221, 196, 4834, 7935, 7120, 1860, 4940, 1945, 7898, 2487, 3257, 9882, 8235, 6140, 9847, 7480, 6586, 8095, 920, 4485, 581, 8226, 1374, 7949, 2574, 3607, 6311, 8564, 5828, 4660, 3397, 9297, 2702, 8270, 9071, 9513, 3928, 5263, 4197, 2433, 1623, 8737, 1932, 3537, 1417, 6778, 2432, 2373, 5470, 7152, 4240, 5574, 772, 5099, 9169, 6702, 6396, 6999, 2342, 655, 7783, 934, 4586, 6733, 984, 66, 1046, 1156, 3634, 7993, 7607, 3577, 446, 3150, 7505, 4057, 2443, 9630, 8250, 881, 1226, 2294, 2891, 3454, 4355, 6868, 4303, 9133, 7016, 9784, 3878, 6729, 7334, 7418, 6798, 8020, 9170, 7915, 4953, 2616, 3059, 9836, 6109, 4773, 1778, 2181, 8255, 8864, 1809, 3540, 3289, 9284, 6725, 7613, 1027, 2327, 9968, 8270, 7835, 4473, 2938, 3494, 4450, 4846, 140, 5764, 671, 9579, 3347, 4165, 1041, 7522, 6773, 8928, 574, 7603, 7579, 3699, 7877, 3864, 6828, 5064, 7107, 8513, 7863, 6037, 5483, 6107, 7838, 8889, 5125, 8555, 1038, 4110, 8566, 7175, 3929, 5520, 194, 8432, 6371, 9779, 2041, 9943, 5219, 164, 8232, 1956, 8774, 2212, 9998, 9353, 8258, 5549, 5295, 9574, 6045, 9526, 9688, 2144, 3104, 662, 8135, 9512, 5664, 7125, 6384, 798, 3370, 2339, 5299, 2354, 6108, 5443, 9015, 827, 7572, 990, 7608, 8786, 5933, 5394, 1547, 1050, 3776, 4550, 9903, 1599, 8395, 1338, 4441, 3076, 2953, 9589, 3284, 1647, 6996, 7006, 7250, 7761, 9197, 2753, 8272, 3123, 3457, 6589, 7402, 7027, 1641, 7850, 8677, 7235, 4017, 9679, 6400, 592, 536, 855, 6244, 3741, 9835, 8677, 7476, 9381, 7292, 4499, 8584, 2280, 33, 6049, 3332, 5399, 9386, 5156, 9788, 8941, 5183, 4757, 5722, 5063, 4029, 8446, 97, 2799, 5414, 7229, 268, 79, 2524, 6404, 7453, 3618, 1445, 9458, 4616, 3348, 4625, 4615, 6995, 8356, 1119, 8909, 9701, 3609, 7, 2081, 2640, 6489, 7035, 3187, 3935, 9572, 2390, 9834, 6851, 279, 4636, 9012, 7358, 5206, 2479, 9835, 5320, 3317, 8706, 5738, 4067, 851, 6917, 9325, 8614, 7798, 8130, 9464, 5196, 7221, 37, 257, 7147, 8917, 821, 1253, 4059, 5960, 2096, 1958, 3593, 4217, 8918, 3663, 776, 1479, 6449, 2518, 9834, 6199, 9135, 6218, 523, 6499, 2514, 3345, 4408, 2521, 615, 6939, 8588, 5660, 3651, 4396, 8780, 6027, 4587, 699, 8552, 7998, 6166, 6787, 6957, 1756, 7714, 3138, 6165, 687, 4441, 5712, 9045, 2938, 6645, 2314, 6145, 2051, 1248, 3006, 4067, 3411, 844, 7374, 8722, 8734, 4444, 2071, 8213, 9386, 8750, 7470, 9606, 2962, 8078, 587, 495, 7241, 8925, 5049, 2397, 2126, 982, 4967, 3263, 5565, 2536, 9348, 856, 6558, 2806, 941, 8008, 3667, 3187, 708, 2890, 43, 7656, 3023, 1311, 4041, 1748, 829, 2334, 4849, 7182, 1672, 2021, 293, 9075, 4916, 5491, 352, 1224, 437, 5555, 3317, 5370, 347, 6051, 2022, 3468, 1847, 8090, 5678, 5254, 4608, 6322, 8431, 117, 9599, 1964, 79, 3918, 1953, 5256, 9314, 7628, 531, 3356, 7461, 6893, 512, 2093, 2675, 63, 5647, 3949, 9054, 5865, 206, 7174, 5170, 9078, 1819, 4165, 3456, 6097, 6780, 3255, 3933, 2953, 5896, 6458, 3351, 6365, 2742, 4787, 5320, 8093, 7010, 1558, 6109, 5291, 6335, 9195, 8159, 167, 6780, 4884, 3349, 6455, 2697, 980, 5648, 2131, 5373, 5620, 8748, 6869, 8393, 4283, 2219, 7540, 6260, 5726, 4540, 1613, 5318, 9449, 5342, 5794, 2115, 7774, 7327, 2228, 4803, 1062, 9995, 7547, 3543, 3923, 6129, 523, 1683, 9092, 6408, 5139, 5286, 967, 1349, 4969, 7790, 7381, 1639, 2119, 2157, 7464, 8802, 845, 7507, 7344, 7868, 5213, 8147, 3587, 3365, 2379, 2107, 5172, 8704, 3276, 2530, 7499, 7627, 411, 9886, 6825, 5935, 5163, 5440, 4413, 8935, 6846, 4266, 3638, 4910, 6117, 1526, 6998, 8725, 3033, 2210, 8810, 6471, 1383, 4943, 5910, 2639, 5079, 7676, 3147, 1101, 5641, 5846, 6906, 1629, 5796, 5487, 2810, 8474, 3527, 708, 3190, 5356, 2638, 8484, 8315, 8304, 2785, 6487, 452, 6390, 9848, 6409, 197, 6616, 8818, 7526, 9371, 3501, 9663, 8053, 4685, 9823, 1328, 2688, 4697, 7268, 406, 6572, 4331, 8567, 7389, 8585, 9622, 8814, 5434, 9998, 8100, 8139, 3227, 1585, 4425, 1457, 2546, 1536, 1106, 3763, 5185, 127, 1800, 4188, 4874, 3636, 6038, 4296, 499, 2532, 8303, 2208, 3093, 7294, 8455, 323, 2846, 280, 9231, 7670, 3429, 8562, 8421, 8793, 8447, 814, 1842, 2962, 8524, 293, 5690, 2244, 5138, 6219, 865, 7622, 8667, 7332, 120, 6499, 1965, 3931, 4267, 736, 3418, 7719, 2594, 7399, 4429, 6280, 9058, 8063, 8761, 9585, 1988, 7900, 9636, 5671, 9298, 4891, 9664, 8135, 5623, 4056, 3638, 6835, 2143, 5587, 7520, 2507, 5201, 645, 5410, 5780, 1170, 8724, 3466, 4073, 1795, 131, 9769, 1584, 6742, 222, 9581, 3186, 1216, 4353, 5564, 9726, 9074, 2401, 6768, 8740, 1438, 6263, 3502, 9490, 9566, 4252, 1153, 7265, 1977, 7109, 211, 8495, 8786, 4283, 6828, 5869, 7701, 7517, 7792, 7429, 7009, 8629, 1482, 5255, 8237, 4315, 7698, 7861, 1714, 1071, 5728, 2110, 8862, 7438, 6858, 1636, 9377, 5112, 9558, 4206, 7629, 1433, 776, 3373, 2354, 6615, 8914, 6681, 2847, 9910, 9550, 7917, 3651, 6371, 7169, 188, 1208, 3919, 6593, 5978, 4106, 6211, 6954, 9857, 4173, 3167, 8737, 8832, 870, 5426, 6869, 9447, 3090, 9674, 7449, 3296, 4132, 3591, 3529, 3886, 2821, 107, 8807, 4015, 6859, 9647, 901, 8134, 4396, 6838, 6284, 4104, 5532, 4388, 4730, 8687, 160, 9274, 6168, 7354, 7640, 5068, 9215, 9382, 5093, 7894, 2563, 2152, 5289, 4940, 2694, 4610, 9371, 5996, 7016, 9381, 8816, 1768, 4817, 5183, 4304, 9970, 870, 5056, 1042, 5951, 4636, 4848, 6080, 3584, 1860, 7251, 3615, 2914, 5526, 6477, 8498, 313, 641, 1018, 6740, 4964, 5295, 9480, 2434, 1713, 6998, 288, 2168, 7773, 6038, 9697, 9012, 9843, 8662, 8289, 8102, 5808, 6962, 4440, 8561, 1759, 3257, 9052, 2216, 5681, 9570, 4663, 920, 3513, 6695, 8535, 83, 5645, 2693, 349, 55, 2189, 3655, 4625, 6273, 1520, 995, 9288, 1513, 2878, 4719, 1765, 9440, 2070, 357, 9069, 42, 4409, 7297, 1171, 145, 2465, 6605, 7041, 1123, 2595, 4795, 2581, 3102, 1928, 4450, 1614, 7759, 1996, 999, 1651, 8026, 2814, 7877, 9656, 2696, 8395, 8343, 8989, 5322, 1098, 9024, 2896, 5976, 3703, 4863, 2703, 9366, 4256, 6325, 742, 6221, 4979, 8432, 450, 9107, 5488, 60, 1079, 7096, 5223, 5953, 8949, 9899, 5517, 5337, 5358, 8084, 9371, 3905, 5446, 4404, 10, 2260, 5272, 6427, 3357, 3127, 4420, 8928, 3942, 4332, 5553, 5107, 5143, 501, 9434, 4260, 4669, 9223, 4532, 6554, 4949, 7848, 9491, 1317, 2328, 7194, 4213, 8759, 6219, 907, 9792, 4149, 8813, 5518, 8660, 1954, 4367, 1357, 8894, 1518, 663, 3154, 3675, 5528, 6989, 6962, 4305, 7193, 7761, 3299, 5631, 9471, 2475, 5427, 1851, 8574, 3710, 5743, 150, 4759, 3836, 6102, 1264, 8660, 4798, 9912, 3644, 2148, 9432, 2532, 1551, 9382, 4604, 4277, 6739, 2390, 9261, 1400, 5520, 5906, 9752, 7749, 3685, 1903, 6263, 9681, 2722, 7884, 7400, 5919, 86, 7596, 7520, 6930, 7012, 6316, 7813, 5445, 5692, 4353, 9807, 4094, 9566, 9122, 1375, 1538, 2327, 5735, 5289, 7431, 5944, 1435, 6381, 4333, 2680, 6857, 7686, 8480, 5526, 2197, 2557, 2798, 5473, 4475, 9844, 5579, 3518, 6360, 847, 4100, 182, 4058, 981, 7492, 8552, 2947, 6185, 1919, 5811, 5905, 8394, 7008, 6019, 1988, 1989, 6304, 4864, 2408, 3898, 1323, 1946, 8281, 4254, 6902, 7775, 7330, 8911, 5639, 9548, 83, 3096, 9663, 8478, 599, 2124, 5607, 6676, 7788, 9558, 5368, 1936, 4304, 196, 8351, 1802, 4696, 5823, 7692, 8327, 3699, 115, 8141, 2655, 903, 2963, 4637, 5024, 3471, 9777, 7003, 9892, 2923, 8303, 5636, 2815, 9633, 95, 2852, 3879, 5330, 482, 3204, 9793, 7471, 2124, 2046, 4076, 7399, 8473, 1286, 8927, 426, 2021, 1855, 9204, 5327, 1875, 9223, 1068, 3726, 644, 3565, 4638, 6950, 8814, 9136, 7390, 6405, 5166, 5991, 6833, 9039, 9629, 1475, 5580, 1024, 6464, 8965, 4228, 101, 435, 5093, 9840, 3754, 2110, 933, 159, 9583, 9760, 3881, 2421, 4205, 777, 2794, 3046, 653, 5369, 3091, 6028, 738, 2594, 5651, 2351, 4136, 2571, 9439, 6221, 6373, 9678, 1228, 8250, 5017, 7215, 8226, 4755, 3214, 7258, 9979, 7383, 4238, 8743, 5818, 5190, 6870, 7404, 8998, 801, 9236, 7533, 2022, 4034, 906, 4971, 738, 3539, 4349, 3194, 1601, 1757, 1764, 7019, 1920, 2139, 2625, 960, 2563, 6247, 6480, 2879, 7617, 8820, 8899, 2618, 4732, 571, 5585, 556, 3053, 2177, 2221, 8365, 4788, 5119, 6439, 8270, 6015, 3752, 2156, 7782, 466, 2868, 7711, 7079, 4037, 4825, 7507, 4196, 1559, 8739, 2631, 5455, 5819, 8162, 7390, 1271, 2119, 5340, 465, 2038, 1578, 1299, 363, 513, 310, 3830, 7390, 7519, 1784, 1616, 7850, 6707, 1389, 2789, 7004, 681, 1916, 467, 4002, 2945, 106, 950, 3484, 7912, 5632, 3009, 9299, 8825, 6138, 5289, 1520, 1662, 996, 8183, 3778, 6484, 8332, 4229, 9960, 898, 851, 4379, 4307, 5274, 8579, 3930, 9948, 3224, 7894, 2862, 1491, 7186, 3199, 8008, 8293, 2760, 6764, 5049, 2445, 4562, 1745, 3525, 2953, 6133, 1968, 4906, 8986, 1409, 4367, 836, 1869, 5854, 5160, 167, 5939, 7027, 7105, 4766, 6702, 1056, 5207, 863, 2787, 6394, 2922, 5008, 9348, 945, 5932, 655, 2480, 9496, 8621, 1277, 1121, 8739, 2665, 4781, 8175, 1497, 149, 8579, 1195, 9103, 3884, 5088, 5576, 7923, 1870, 9077, 4923, 1211, 4485, 1729, 1566, 2774, 2263, 2436, 7803, 2102, 2433, 2991, 5465, 5577, 5499, 9292, 5171, 1058, 8325, 5182, 549, 2249, 663, 1998, 5778, 9408, 8828, 7040, 2415, 3470, 9678, 5665, 6936, 4598, 948, 2088, 9566, 9176, 9385, 6686, 6927, 6964, 1795, 4570, 9377, 2433, 1609, 1729, 9793, 3944, 7989, 4618, 8321, 4268, 2038, 3648, 3262, 1825, 4624, 526, 8049, 3593, 4976, 1935, 3126, 7169, 8985, 6904, 8680, 6028, 5215, 6528, 6360, 4616, 4904, 5277, 6590, 5781, 9335, 1326, 4925, 1020, 7239, 8481, 7280, 9963, 2629, 7410, 7173, 1693, 8408, 2151, 481, 3411, 6299, 7379, 8223, 6041, 1391, 8007, 2085, 7037, 7576, 4919, 9849, 8078, 7659, 9922, 1266, 8000, 4712, 4679, 1452, 2457, 7761, 7142, 8943, 7638, 6704, 4672, 4856, 2041, 9774, 2614, 504, 8616, 9241, 6643, 6097, 2644, 79, 3699, 7664, 800, 732, 8293, 1617, 1649, 2286, 1224, 9586, 771, 417, 8363, 1244, 863, 436, 9482, 9860, 6421, 8368, 9238, 1855, 9823, 2729, 5307, 3241, 8558, 586, 3728, 4464, 8523, 9653, 5953, 2462, 364, 3463, 9351, 5184, 1358, 8963, 8714, 2054, 1760, 2259, 2364, 77, 2249, 2518, 3360, 1148, 4857, 5749, 9446, 3935, 9722, 4915, 8408, 1738, 8665, 3462, 370, 4807, 6856, 464, 4182, 6333, 4466, 9439, 9117, 5282, 8551, 325, 4496, 6917, 3186, 3429, 6360, 1668, 3521, 6590, 5728, 1028, 1298, 8084, 3771, 1644, 784, 7771, 1821, 3501, 4255, 6013, 8821, 4134, 8935, 7565, 9070, 67, 3569, 19, 3494, 9534, 3860, 7813, 2483, 8846, 1547, 6914, 5912, 533, 3335, 41, 2554, 6957, 118, 6688, 2440, 7239, 4960, 2567, 9315, 9169, 8505, 8710, 4446, 9869, 633, 5243, 2165, 7233, 2601, 433, 9792, 7420, 4106, 8216, 6236, 217, 4266, 8874, 9070, 9013, 1872, 4497, 215, 6542, 3579, 8188, 8576, 2697, 1645, 1111, 2684, 4815, 3729, 805, 159, 1918, 3207, 155, 283, 9231, 933, 6604, 5514, 7520, 3806, 8810, 8950, 7561, 7939, 6672, 8388, 9603, 1678, 41, 7610, 9473, 743, 7327, 2083, 9874, 6716, 9774, 8959, 9759, 4732, 440, 6326, 7886, 5693, 3030, 1734, 3154, 3855, 1900, 6732, 966, 7576, 9286, 8245, 399, 7110, 131, 2592, 9508, 3687, 6354, 3168, 3202, 3596, 9401, 7847, 6943, 1474, 999, 1254, 8115, 8527, 9670, 3372, 6630, 1224, 3140, 891, 2895, 6639, 2915, 4086, 1272, 571, 4229, 2981, 1876, 9843, 6744, 7285, 5029, 9245, 236, 4369, 5376, 7372, 5294, 3501, 1471, 5434, 9552, 9088, 5741, 3254, 7946, 8467, 506, 1651, 9660, 1325, 2340, 792, 6992, 1326, 6424, 861, 3983, 1246, 585, 7776, 1713, 9423, 2032, 8367, 2647, 6727, 906, 4092, 8883, 7954, 5628, 6116, 8776, 6385, 4774, 8167, 7030, 3985, 1255, 5563, 4141, 9189, 8153, 2148, 2317, 3722, 2866, 8607, 8400, 1618, 7349, 9713, 8563, 8355, 6977, 5850, 1357, 2620, 5722, 6132, 515, 8019, 8988, 5864, 8484, 7753, 888, 1609, 4998, 9246, 6194, 505, 665, 5182, 7942, 3204, 7117, 9136, 9145, 2550, 6838, 7152, 6897, 9721, 79, 8576, 4131, 9634, 9964, 8025, 203, 8400, 9215, 6112, 151, 642, 4709, 378, 2471, 6442, 9826, 8071, 6690, 1991, 1264, 1967, 8665, 1552, 9450, 6962, 5491, 4499, 5995, 1359, 2444, 5312, 4522, 1086, 2781, 6470, 8207, 9297, 4283, 2663, 3697, 1085, 5637, 2186, 6686, 7195, 6837, 9946, 8786, 1246, 9871, 9222, 4414, 655, 2632, 5527, 8282, 3076, 8071, 2856, 4293, 6657, 2477, 2579, 2640, 9741, 3403, 4332, 2930, 5108, 6782, 4117, 7764, 9214, 6577, 3607, 6223, 5306, 8828, 8898, 3065, 1207, 4942, 7264, 8299, 4341, 3874, 7957, 1773, 3250, 6937, 6467, 9321, 6879, 9942, 3247, 4214, 1657, 6739, 9856, 1060, 861, 7514, 1748, 7098, 2370, 4664, 3488, 8500, 4610, 3251, 6631, 6564, 6321, 8188, 2809, 1313, 1952, 3168, 2623, 1400, 773, 2015, 6151, 4584, 2394, 1012, 5494, 2875, 4841, 4505, 2712, 8015, 8340, 4705, 4096, 9465, 1205, 610, 2357, 8545, 1979, 7631, 9384, 2331, 6101, 9707, 8184, 7577, 9741, 6766, 7394, 1308, 6354, 4118, 9760, 8613, 2240, 6214, 6167, 1321, 8124, 2566, 5741, 1996, 4897, 5413, 3972, 9705, 4743, 3705, 1271, 5806, 4898, 4022, 7737, 1602, 452, 9526, 6144, 768, 9956, 3269, 311, 6737, 833, 8094, 1144, 9026, 586, 4266, 9076, 5687, 8087, 8750, 3744, 8893, 1699, 6694, 1036, 1546, 7, 7549, 2983, 3419, 9119, 5183, 7589, 1053, 6371, 9251, 1943, 7451, 6684, 4670, 8983, 3069, 8657, 7582, 3052, 8549, 7244, 1430, 4329, 9914, 3052, 9092, 1451, 5702, 8706, 35, 6110, 3067, 6619, 2442, 6706, 2899, 1915, 1391, 2806, 8121, 6269, 8342, 5795, 7467, 5819, 714, 8272, 3789, 9615, 55, 264, 5339, 8242, 8861, 4660, 3802, 7090, 432, 5325, 1156, 6749, 948, 2144, 116, 5039, 7927, 5695, 8666, 1137, 5207, 1239, 5047, 7482, 3082, 3637, 9125, 5764, 4867, 7312, 624, 4662, 9349, 2143, 4943, 6222, 1530, 6386, 3365, 9030, 5144, 3159, 17, 697, 1087, 9192, 1578, 1875, 5539, 7260, 9389, 7188, 6405, 8060, 8488, 7609, 2153, 9554, 8507, 6914, 8023, 5180, 7412, 971, 5770, 6406, 5877, 1953, 9540, 1023, 9179, 6888, 5202, 5531, 312, 1923, 7491, 3868, 3709, 7620, 4899, 816, 9725, 2132, 2465, 1628, 8603, 1831, 8693, 3283, 7887, 7151, 2820, 6674, 697, 9368, 2675, 9088, 2531, 693, 2929, 4223, 3577, 6553, 7657, 8996, 7667, 8692, 1083, 3649, 8401, 8442, 2860, 492, 5741, 1537, 3985, 3498, 1642, 9384, 9704, 9865, 1975, 8769, 2374, 4685, 5537, 9770, 9873, 1318, 9136, 3149, 6718, 7218, 7684, 351, 9375, 7874, 6958, 5576, 8841, 8710, 3992, 1479, 1417, 3932, 3672, 235, 8885, 975, 9903, 825, 6590, 8143, 8061, 2912, 5465, 6904, 5306, 1146, 7367, 7801, 4141, 2165, 1495, 8993, 1685, 7026, 8366, 7117, 7174, 103, 3056, 9663, 1392, 8107, 8495, 1925, 7194, 5873, 8016, 2686, 3106, 8466, 2097, 8228, 597, 7001, 2315, 6105, 5149, 7596, 1901, 2074, 5140, 5278, 9622, 3577, 5916, 1374, 1516, 864, 3459, 7956, 4902, 6572, 3542, 6314, 1651, 6210, 9977, 649, 7044, 3529, 1384, 3892, 2618, 976, 7380, 9917, 6707, 7860, 3885, 1777, 8426, 465, 728, 8886, 2743, 7761, 5287, 9979, 6559, 4290, 1317, 8021, 4723, 3697, 3885, 3227, 9349, 3106, 3969, 5776, 9653, 8889, 139, 9599, 6640, 4187, 6683, 4771, 525, 1200, 1033, 738, 7336, 3582, 7626, 3087, 1613, 2245, 8870, 6585, 2281, 6350, 8310, 9600, 3316, 2512, 4188, 8307, 6358, 4745, 9915, 9498, 1750, 8422, 122, 7177, 4018, 7569, 8465, 9998, 2669, 7853, 6326, 1014, 9349, 2646, 4654, 8332, 8920, 8170, 5645, 2913, 6188, 2495, 5676, 2147, 3548, 596, 6123, 4475, 8840, 1413, 7399, 8373, 1108, 4446, 2848, 2164, 4543, 6478, 9348, 9799, 7047, 5805, 1027, 8774, 9422, 6228, 4954, 3269, 4165, 4130, 9551, 7480, 5519, 7358, 4216, 5218, 1692, 3322, 6953, 9736, 1004, 10000, 7096, 9414, 9657, 8948, 4482, 5446, 7828, 257, 2794, 2445, 7076, 3998, 5602, 3707, 5693, 6351, 8320, 1275, 3268, 1036, 5375, 519, 1448, 8446, 5673, 6010, 4149, 9245, 4399, 4753, 1712, 2189, 2391, 4805, 1888, 3202, 1901, 3866, 4319, 6637, 8349, 308, 6402, 2486, 1074, 1576, 3198, 5650, 4714, 8990, 4082, 2381, 8763, 923, 1718, 7690, 5661, 2220, 3858, 2942, 7473, 146, 7480, 1605, 8428, 1444, 9912, 707, 2570, 6995, 7288, 5545, 7923, 6874, 8834, 654, 8090, 9783, 9812, 6387, 2583, 6889, 6982, 4255, 3999, 8523, 5131, 3916, 1966, 2803, 6413, 6759, 7600, 2518, 2464, 9537, 2958, 270, 8970, 8339, 9008, 3742, 8447, 7723, 1415, 4095, 990, 3638, 9429, 544, 4562, 3696, 1536, 41, 9444, 8076, 5982, 8194, 7684, 5490, 6467, 299, 6739, 2116, 123, 1639, 1068, 2563, 909, 1844, 7813, 71, 907, 361, 4702, 636, 772, 9238, 3375, 1193, 9141, 9330, 4423, 1472, 3160, 499, 9858, 7385, 926, 5146, 2162, 4504, 4672, 472, 4238, 8316, 6605, 6417, 8244, 4617, 6751, 2462, 293, 3932, 7656, 2536, 5677, 3292, 7859, 112, 4230, 7438, 6678, 1351, 5082, 5975, 3673, 4938, 2425, 5915, 1913, 7688, 912, 4891, 2729, 9983, 9996, 1031, 7164, 6288, 7147, 1945, 5431, 6792, 7784, 3100, 5817, 2429, 8317, 3764, 7920, 2901, 7534, 5993, 5987, 6340, 6397, 1956, 9995, 5679, 3888, 6862, 2760, 349, 3431, 4102, 1217, 5480, 1541, 9040, 4631, 2715, 450, 3250, 8421, 474, 3557, 6788, 9214, 2217, 7817, 1219, 35, 5019, 3545, 8849, 6249, 2519, 4351, 9706, 5423, 4827, 1476, 2166, 5123, 3309, 6464, 940, 3281, 3376, 9466, 7230, 6720, 1157, 6385, 4306, 3199, 2398, 7538, 7373, 1990, 7834, 3403, 7170, 5237, 3500, 1373, 2978, 7343, 5834, 8772, 9569, 1974, 7058, 8885, 6534, 4634, 5085, 8892, 3679, 1099, 3008, 4717, 9723, 5405, 3048, 1582, 3798, 1638, 4566, 463, 781, 5761, 2728, 8550, 7081, 6574, 2030, 449, 518, 5482, 2717, 4830, 5290, 359, 1726, 6453, 5491, 621, 2602, 8023, 9574, 3147, 6415, 8796, 9907, 6522, 310, 9637, 7172, 2277, 2906, 6634, 8467, 3304, 4909, 6952, 6638, 7573, 1324, 3771, 2026, 2062, 3895, 2500, 6531, 6111, 6122, 9486, 92, 2209, 101, 6125, 1520, 3958, 9420, 8329, 2711, 394, 796, 9163, 4811, 7612, 3673, 5782, 2611, 2619, 5105, 12, 4672, 4833, 352, 9806, 9900, 8159, 5427, 7817, 4285, 7841, 1578, 8421, 6079, 1503, 4984, 5899, 7729, 6565, 4965, 2740, 107, 77, 7582, 2120, 199, 5120, 3506, 1180, 826, 1940, 4775, 6797, 7931, 9600, 4079, 9257, 3043, 8690, 9558, 8822, 1551, 1771, 1753, 5437, 826, 7181, 5848, 4454, 663, 7627, 9671, 4265, 5869, 6330, 3513, 5672, 530, 6259, 4021, 914, 2722, 1146, 4089, 2856, 2880, 3072, 8924, 9846, 2555, 7486, 5666, 477, 501, 4017, 1419, 2031, 2850, 8069, 7123, 435, 8943, 9521, 4719, 4924, 2318, 6844, 5591, 4175, 2985, 5411, 3666, 1540, 9964, 5666, 6448, 6913, 1831, 4363, 9150, 1293, 1800, 8346, 3034, 231, 3953, 4763, 1665, 8687, 339, 9660, 780, 2160, 8307, 5636, 2182, 6269, 435, 2038, 7538, 8721, 7398, 3156, 9589, 5163, 8217, 7267, 3591, 7029, 120, 1066, 8868, 7881, 9669, 4099, 6222, 6809, 6118, 1394, 3574, 4070, 2261, 2927, 2431, 1799, 7483, 6644, 51, 6581, 8305, 3120, 8063, 4673, 5173, 1567, 4306, 8112, 9585, 2444, 4224, 5595, 2728, 3578, 262, 7092, 5858, 748, 2763, 157, 3157, 9398, 7447, 6090, 2637, 2319, 2883, 9622, 8902, 2953, 9776, 1941, 4216, 7942, 9052, 499, 460, 4090, 2174, 5748, 9860, 9694, 1839, 4103, 6532, 428, 150, 4073, 6882, 5739, 3112, 6659, 3208, 8571, 9478, 3899, 9903, 2912, 7917, 839, 8425, 1941, 8109, 613, 8519, 2238, 7277, 9946, 5243, 1758, 7416, 6699, 8229, 4767, 7423, 3648, 427, 8707, 305, 962, 4130, 5352, 3960, 9229, 4410, 1505, 5717, 331, 5569, 9932, 7161, 3411, 5170, 5308, 5009, 2006, 2014, 9717, 5688, 2720, 408, 5000, 9478, 1289, 2140, 5401, 4122, 1803, 8791, 8710, 6589, 8191, 4353, 1866, 6655, 877, 6499, 2949, 3435, 7492, 4775, 8653, 2406, 2421, 4614, 7082, 8987, 2365, 2584, 246, 1458, 4587, 8102, 2392, 5431, 8496, 3576, 5335, 6046, 3020, 2713, 6445, 7502, 8800, 8206, 4751, 8669, 4474, 2717, 2058, 1496, 2434, 5104, 4581, 3361, 5536, 6272, 7987, 1709, 8797, 4201, 5909, 1154, 7880, 9973, 5228, 7850, 7030, 4011, 8783, 6967, 9889, 5112, 123, 3518, 7131, 3424, 5461, 1695, 4698, 2073, 107, 1885, 4881, 9638, 1559, 5663, 4786, 4001, 4429, 2406, 5355, 4815, 9486, 1115, 9109, 9665, 32, 3366, 4999, 5947, 5944, 8635, 9221, 1361, 5100, 8588, 4731, 2621, 3039, 1922, 4740, 5684, 8221, 3587, 6010, 389, 6067, 717, 7549, 6612, 326, 2173, 9634, 1140, 1085, 6316, 3603, 3470, 6724, 1072, 8082, 5172, 5961, 4188, 9021, 3568, 7178, 334, 4522, 8503, 6094, 5447, 6237, 9571, 8379, 9297, 3706, 587, 2540, 7204, 4252, 3365, 729, 7847, 236, 425, 2263, 8347, 2438, 7977, 9789, 3083, 4843, 4258, 5710, 7965, 972, 2632, 2770, 2145, 7105, 9815, 6797, 1435, 2371, 5289, 500, 8070, 2719, 4175, 9487, 4135, 4039, 5522, 6884, 1671, 3257, 9015, 1494, 5031, 6793, 4582, 2988, 3041, 3352, 7611, 5387, 272, 7056, 785, 8455, 3408, 9494, 9080, 5722, 5036, 7042, 8733, 8917, 5336, 7898, 6096, 1858, 7904, 807, 1211, 7492, 5471, 6927, 2037, 1397, 647, 4423, 2623, 7359, 9874, 3930, 1473, 8625, 8143, 3719, 5533, 1419, 9691, 3881, 6704, 8422, 3697, 4831, 6308, 6606, 4233, 2338, 9775, 5486, 7600, 4299, 2639, 2188, 6784, 2546, 6654, 2853, 7848, 6013, 951, 7327, 7628, 4519, 9137, 4307, 4696, 2584, 5680, 517, 8361, 2130, 2532, 4992, 4894, 5236, 7745, 3581, 9924, 1845, 7550, 6726, 1808, 9370, 5046, 9288, 5643, 3939, 7067, 4373, 8613, 718, 2940, 8308, 6150, 5031, 3096, 1601, 6379, 95, 8369, 2055, 1262, 5815, 7789, 3726, 4671, 2068, 4720, 2885, 3978, 477, 744, 8753, 933, 7622, 1714, 4588, 7299, 1330, 606, 6245, 1825, 2235, 9691, 2965, 4700, 750, 5995, 7523, 4312, 5228, 4403, 3629, 6422, 4861, 644, 8590, 305, 9102, 5569, 1419, 7465, 4449, 8307, 707, 6055, 3056, 2717, 8848, 557, 8457, 2505, 9126, 435, 4250, 1633, 7552, 5203, 3709, 3798, 545, 4281, 5311, 9599, 8050, 4364, 2250, 5070, 8721, 8565, 8242, 7327, 3245, 651, 3518, 5504, 3013, 7502, 2467, 1085, 2758, 8469, 89, 2165, 8378, 213, 9653, 6184, 1978, 8105, 2954, 6281, 2561, 6608, 4519, 7499, 2202, 4088, 6984, 2847, 3481, 1772, 4330, 9091, 1135, 6075, 4727, 422, 9267, 5361, 7700, 578, 5097, 898, 2083, 7284, 4805, 3460, 276, 3582, 4687, 9235, 958, 5208, 8468, 5396, 402, 3919, 868, 6701, 4603, 5914, 6519, 1214, 6329, 3579, 8747, 2028, 5612, 7567, 3830, 541, 2218, 4313, 8733, 2854, 8044, 3939, 1565, 8827, 3433, 5195, 8896, 402, 458, 8378, 3376, 7280, 5845, 3271, 9888, 4851, 902, 4783, 3572, 7556, 7669, 1185, 7597, 447, 1046, 2958, 9650, 8796, 8870, 7668, 2728, 3566, 2284, 6164, 9597, 473, 1768, 2657, 1341, 8074, 2344, 321, 9715, 4268, 8810, 4923, 5518, 1336, 543, 353, 2078, 2805, 4531, 9014, 6758, 6439, 7688, 8645, 1061, 7518, 5011, 4497, 9971, 9683, 390, 6589, 760, 4364, 8156, 8251, 1758, 5403, 7264, 4272, 6058, 9935, 6505, 2009, 7816, 6279, 1408, 510, 8787, 88, 5835, 3152, 4961, 6404, 7738, 4349, 4152, 85, 6884, 2749, 9899, 2253, 1871, 7549, 6632, 8324, 3619, 2099, 9344, 5610, 8076, 9293, 3834, 7534, 9622, 9567, 7858, 5442, 4180, 7184, 9896, 2695, 5853, 8950, 6497, 6217, 6957, 5727, 1898, 4621, 3047, 9498, 6075, 3815, 2306, 2592, 5711, 6471, 3821, 7161, 6274, 2578, 565, 2932, 7175, 7419, 7908, 834, 2583, 3520, 7332, 4706, 6079, 6007, 3927, 4395, 3517, 6862, 8653, 765, 383, 6343, 8822, 68, 4543, 745, 5435, 3037, 5510, 9640, 270, 3929, 2266, 1374, 8782, 3773, 4545, 5413, 3539, 2147, 2570, 5846, 4763, 1426, 1191, 4930, 1197, 5051, 1853, 7783, 9151, 4616, 178, 5699, 4961, 7924, 1267, 8575, 6211, 8826, 5092, 9919, 4526, 3804, 6018, 5390, 5877, 4725, 619, 6497, 2934, 1481, 8336, 4845, 9210, 8069, 1565, 7370, 9294, 9435, 2370, 904, 2521, 686, 3787, 76, 4015, 3410, 9442, 2541, 392, 1829, 9280, 5936, 5125, 3985, 7410, 3061, 2999, 4023, 430, 3974, 5043, 2371, 2503, 923, 432, 7539, 3742, 5685, 3371, 7263, 1876, 8403, 77, 4772, 8757, 8421, 4140, 3269, 4061, 2760, 6847, 1319, 9692, 2751, 2443, 3882, 4248, 5355, 7969, 2582, 6912, 7628, 3106, 5415, 7377, 9842, 4845, 33, 381, 4837, 9814, 3340, 5285, 4357, 8257, 6906, 9767, 5500, 799, 4659, 7081, 1812, 4219, 8169, 1082, 9815, 2166, 1617, 933, 72, 3123, 6570, 7386, 3957, 6582, 5469, 7179, 799, 8090, 7673, 7243, 6849, 6620, 9196, 8926, 7040, 8652, 1909, 352, 3108, 8286, 8900, 9827, 571, 9042, 6188, 946, 975, 546, 2787, 9114, 3343, 2069, 5308, 141, 9967, 8256, 4617, 4983, 6352, 228, 8544, 515, 3104, 7643, 2492, 4020, 8184, 8147, 2990, 939, 8846, 7719, 3286, 7946, 8171, 2204, 1098, 7137, 5952, 3708, 2412, 6530, 6292, 4167, 8191, 1986, 8209, 3472, 9089, 4601, 1959, 6907, 8169, 6620, 8857, 5449, 7614, 5978, 6049, 5061, 4205, 2236, 1387, 3355, 9939, 8709, 2747, 7431, 4788, 1762, 3097, 2967, 4066, 6685, 6549, 7629, 8174, 3123, 4731, 2152, 7567, 9940, 9167, 4162, 941, 9060, 359, 3256, 7894, 6210, 7683, 5730, 3837, 8413, 6529, 8432, 3992, 8549, 4206, 9132, 7581, 3087, 7410, 8956, 7736, 1868, 3536, 9600, 8646, 2085, 697, 6972, 2030, 1425, 7497, 543, 6429, 2962, 6712, 6140, 9838, 9724, 9050, 6003, 9461, 7497, 4557, 4002, 8646, 6880, 4204, 7790, 3964, 6570, 3962, 5352, 155, 1581, 3843, 5653, 4410, 2979, 6937, 9265, 8683, 3610, 8021, 8914, 151, 9887, 9721, 2934, 7447, 3821, 228, 7058, 4737, 2741, 1758, 6027, 1757, 6504, 3263, 8411, 7746, 3285, 6793, 2907, 5008, 9093, 5207, 7862, 6209, 7590, 8825, 5182, 9229, 111, 5042, 5732, 639, 9582, 9565, 593, 4932, 5977, 688, 1056, 5858, 1050, 8412, 9348, 4988, 4467, 3336, 4805, 6829, 3814, 8600, 9191, 4764, 5340, 7056, 2942, 4822, 9556, 9860, 8654, 3044, 6215, 4162, 2447, 1175, 4921, 1363, 1646, 5949, 7324, 2613, 5645, 964, 6478, 1056, 4058, 1421, 447, 2683, 2474, 257, 2223, 2176, 2638, 5197, 176, 9667, 4879, 5730, 7270, 8544, 161, 4236, 2625, 3138, 5171, 8793, 7627, 4948, 2924, 7741, 730, 7742, 3548, 2227, 4835, 1358, 7549, 2618, 9476, 7238, 1921, 421, 727, 680, 9197, 6343, 6759, 679, 1829, 6555, 2341, 6364, 7063, 2460, 8173, 445, 2847, 6977, 4641, 1950, 55, 5521, 8196, 2095, 8201, 6925, 5203, 6065, 8757, 1347, 4669, 8389, 9207, 8517, 5895, 3852, 7245, 1685, 4945, 6701, 629, 279, 2794, 126, 372, 5424, 9719, 8188, 5156, 228, 1490, 3693, 7371, 1620, 7096, 7740, 6759, 5515, 9710, 2429, 1923, 663, 4064, 7212, 5371, 6420, 6287, 2949, 1781, 9135, 5060, 6579, 7875, 8221, 4848, 7642, 6178, 3957, 9895, 687, 5317, 2849, 5297, 58, 5329, 8814, 8881, 9690, 6634, 9840, 8070, 158, 820, 6703, 7034, 7493, 3744, 9133, 3319, 3302, 7712, 1525, 9935, 1942, 2324, 3838, 3961, 5768, 1057, 5836, 7530, 6166, 6873, 1287, 5535, 9647, 2699, 9370, 5745, 3933, 9635, 2443, 8304, 5142, 214, 6764, 202, 2191, 6596, 8773, 8065, 7659, 9142, 8671, 1002, 9262, 3895, 4518, 4898, 8665, 2969, 2908, 1258, 1439, 5560, 3150, 9149, 2631, 457, 2898, 813, 9913, 4925, 4017, 119, 7950, 5846, 7184, 5601, 3498, 7284, 1372, 5008, 2198, 5901, 9201, 4312, 8269, 2891, 5865, 3761, 9675, 6985, 4041, 1280, 3679, 6555, 4151, 9210, 7681, 3228, 6305, 9685, 8036, 6956, 3429, 4911, 6347, 8246, 695, 4022, 7023, 1315, 3957, 2439, 6729, 4637, 670, 875, 5576, 7521, 1477, 6313, 9741, 9871, 8663, 2446, 4064, 6885, 1361, 6630, 7210, 3977, 9522, 7273, 9723, 8101, 8408, 2239, 9295, 9726, 6665, 2846, 1784, 5686, 2838, 1592, 1965, 7680, 5166, 2550, 1390, 9638, 333, 5991, 4010, 355, 9213, 9760, 8800, 1689, 6383, 6837, 3558, 9420, 5254, 869, 5630, 283, 3669, 755, 9263, 8363, 8823, 459, 4584, 9505, 3134, 8568, 1481, 6175, 7640, 5611, 3117, 637, 4063, 9800, 9223, 6742, 4148, 7961, 5097, 9094, 1759, 4701, 2120, 1277, 1551, 298, 5255, 3751, 8838, 1928, 9474, 1742, 7762, 6775, 9211, 5972, 8004, 8338, 5457, 9236, 1329, 885, 7699, 4976, 6547, 5257, 3664, 7856, 3196, 399, 2535, 7490, 7216, 7172, 1125, 3045, 379, 3722, 3366, 9117, 9259, 8441, 5144, 2024, 3809, 7362, 5240, 9718, 1663, 642, 5693, 7530, 3572, 7678, 7205, 3806, 3784, 8575, 5832, 2199, 9023, 1834, 4368, 2372, 8253, 7476, 4987, 5964, 3872, 9495, 8099, 7164, 1065, 280, 809, 1453, 1188, 8464, 8992, 4669, 3141, 1870, 7762, 2429, 136, 6954, 328, 4257, 8089, 2507, 7181, 9285, 2417, 4064, 5824, 2354, 6533, 9922, 5135, 6382, 1513, 5727, 1355, 4803, 7470, 8506, 9854, 9216, 1575, 4386, 1931, 2219, 6826, 6438, 5862, 690, 5011, 4926, 8186, 4949, 8464, 2212, 2404, 9466, 9901, 6069, 1767, 9458, 3632, 2978, 3386, 9534, 9173, 8742, 2169, 2731, 2006, 1481, 9846, 984, 5807, 8902, 3150, 3685, 2325, 2788, 6106, 6290, 8901, 3563, 5190, 776, 112, 3937, 1762, 8127, 5309, 1263, 5044, 7983, 3531, 5792, 2694, 2345, 632, 977, 5303, 7160, 5911, 733, 2678, 9872, 4303, 3101, 4559, 2817, 3576, 573, 360, 5377, 1830, 8797, 4399, 1602, 279, 1953, 1724, 7070, 717, 2232, 606, 7328, 1403, 7141, 3125, 3867, 7614, 6123, 2876, 2511, 2023, 1134, 6155, 4718, 7143, 3380, 3976, 5260, 4113, 5633, 1771, 2871, 6041, 1650, 1472, 9001, 4313, 9520, 2192, 1, 2025, 1462, 1613, 8074, 6541, 4334, 143, 54, 1861, 8220, 5861, 1110, 1653, 6879, 7947, 3939, 377, 5038, 3752, 4867, 5968, 5709, 4246, 5811, 418, 9774, 3782, 2287, 9714, 9339, 8888, 9225, 2328, 4651, 3800, 8567, 2405, 6625, 8755, 4711, 9253, 4769, 1018, 1500, 1092, 2283, 5206, 4321, 2098, 7391, 3782, 3152, 2094, 4040, 8961, 7286, 8380, 3452, 9836, 2897, 5056, 1257, 8044, 4236, 4458, 9190, 7069, 6023, 7031, 656, 4283, 8129, 6946, 4809, 3045, 3149, 2236, 2384, 6034, 3838, 3583, 966, 5264, 6089, 7706, 2073, 801, 9545, 6023, 4249, 3988, 705, 8454, 9441, 827, 1380, 9806, 3436, 6406, 6278, 1468, 9002, 3641, 2061, 6808, 4158, 5715, 1070, 8220, 3427, 4018, 7881, 2328, 1590, 6375, 6847, 4108, 3882, 5169, 3118, 9859, 2224, 2092, 3937, 8479, 913, 5379, 6515, 2454, 6069, 4426, 2705, 4666, 6837, 4316, 6896, 4666, 6209, 7903, 6235, 1119, 3058, 8644, 1827, 7659, 1895, 6629, 5129, 8073, 4954, 5148, 6220, 1253, 5294, 2481, 1733, 8643, 6348, 1727, 5192, 3964, 8611, 3646, 1118, 9104, 8278, 7252, 412, 9498, 1606, 1927, 7444, 2779, 563, 1725, 2101, 2810, 3052, 9072, 257, 5173, 9632, 8288, 5079, 6976, 3589, 4613, 122, 7286, 4764, 5617, 5520, 7842, 9892, 6699, 2738, 3661, 4934, 361, 4230, 1036, 4429, 1591, 5998, 8740, 6416, 2042, 5642, 2834, 2488, 7601, 6726, 904, 213, 8397, 4389, 8712, 2074, 846, 9246, 1125, 2103, 8873, 2884, 3824, 9434, 4514, 439, 7225, 3616, 4838, 5073, 2656, 1928, 1296, 5319, 7914, 8846, 943, 270, 9769, 8336, 5923, 7387, 8181, 5813, 1834, 6222, 8138, 2471, 4393, 4088, 6637, 261, 6811, 7985, 7837, 4269, 8699, 1933, 5852, 1919, 4005, 4445, 1202, 2565, 9111, 1982, 363, 6954, 6177, 1220, 6644, 4263, 2680, 4014, 7838, 4171, 4706, 2701, 5980, 9044, 8537, 1221, 1457, 9181, 7161, 7082, 4923, 5109, 4654, 2322, 5505, 4065, 4350, 1141, 8209, 8799, 8047, 7534, 7212, 1448, 2218, 5999, 7241, 3091, 8784, 2371, 9986, 6570, 799, 4775, 30, 6694, 614, 7911, 3166, 4499, 5705, 131, 1243, 2471, 5267, 2585, 7359, 345, 3295, 6798, 1132, 9152, 5378, 565, 8873, 3171, 8623, 8075, 3798, 2970, 9594, 4469, 4814, 7338, 3911, 814, 9464, 6659, 2744, 3824, 5287, 307, 6471, 848, 3308, 8375, 5592, 4787, 2383, 6871, 3312, 4586, 5992, 9001, 2593, 8204, 8802, 5409, 3770, 9436, 4271, 3643, 2629, 4463, 815, 933, 3764, 3730, 3578, 7407, 1041, 8333, 3835, 2072, 1143, 1448, 5007, 8958, 4007, 8370, 305, 8724, 5637, 9579, 2833, 9032, 7782, 4, 2229, 6964, 4074, 3270, 2152, 8122, 2599, 1195, 5951, 8923, 8070, 3440, 2298, 3661, 2980, 5528, 6634, 5658, 7998, 8320, 6106, 9894, 993, 4742, 8413, 1932, 3969, 1686, 8, 5715, 1794, 4883, 8569, 1841, 9730, 2971, 6810, 3401, 344, 8262, 8099, 9560, 4468, 5766, 7665, 3639, 6457, 3995, 1433, 8471, 1585, 6691, 2637, 9152, 377, 3425, 1131, 726, 9781, 9678, 5393, 1043, 9568, 7522, 7118, 7134, 38, 9620, 2870, 8905, 4911, 2948, 1740, 1421, 1128, 3534, 7085, 1008, 5200, 7164, 8232, 1776, 7213, 5327, 7422, 3964, 5495, 8214, 4803, 7438, 1415, 9996, 1883, 5686, 2772, 9301, 3947, 824, 9495, 4791, 9171, 5509, 7344, 8135, 52, 1433, 3355, 5431, 3812, 2171, 7111, 427, 5007, 5635, 7048, 3228, 5961, 6652, 154, 7487, 950, 4567, 5016, 5650, 6565, 7706, 2620, 8592, 4689, 5391, 4677, 7457, 542, 1860, 1181, 1055, 2109, 196, 9686, 6873, 8837, 3906, 6103, 1721, 6376, 6439, 41, 4250, 8197, 6958, 4596, 3810, 2217, 4513, 161, 6770, 9032, 7719, 4343, 1560, 911, 7727, 3410, 7404, 1351, 7979, 3020, 3317, 223, 2402, 3749, 7350, 7843, 2361, 3230, 7483, 4538, 1304, 7915, 7762, 8871, 4992, 4977, 379, 1923, 918, 7742, 7402, 4758, 6103, 6834, 5233, 8767, 5167, 4682, 3982, 4702, 1586, 4982, 2308, 6271, 2508, 4324, 6575, 3090, 3800, 267, 783, 4823, 2875, 5301, 4884, 5297, 2737, 5615, 4745, 6361, 666, 4669, 3288, 4737, 5483, 427, 9180, 4058, 2470, 2668, 1488, 3611, 4420, 4176, 2162, 594, 5244, 4063, 2618, 7062, 223, 1936, 7361, 7920, 5333, 6195, 226, 9965, 1253, 8098, 2309, 1253, 9280, 7681, 7363, 3828, 423, 4819, 7359, 2152, 1546, 9012, 4703, 7922, 1020, 8606, 3146, 678, 6798, 6506, 2672, 4968, 2915, 2673, 5489, 2615, 2038, 845, 7977, 4966, 3515, 5067, 647, 2926, 4040, 3195, 8084, 5008, 3534, 3264, 4853, 1712, 4031, 5075, 27, 8182, 9521, 1999, 6565, 1535, 8643, 4390, 8233, 2708, 4495, 2151, 1648, 558, 9890, 8199, 4536, 998, 5043, 5516, 8216, 169, 9674, 1025, 3635, 7886, 9582, 723, 4457, 9100, 9091, 2376, 4006, 2427, 4708, 494, 9780, 477, 799, 4724, 7675, 1645, 7792, 2338, 4784, 5015, 1597, 1644, 3656, 772, 419, 6921, 4501, 806, 9762, 9674, 6734, 8198, 6740, 3407, 3598, 7574, 8300, 654, 6310, 5842, 2767, 1792, 2618, 1629, 938, 1618, 7042, 7030, 5327, 6889, 2606, 8513, 5208, 9533, 877, 6702, 484, 2850, 5888, 4436, 6817, 6941, 1157, 7612, 5296, 4190, 6603, 8290, 7986, 6087, 1586, 5568, 6876, 8824, 4242, 3581, 6451, 5862, 126, 2362, 6832, 6013, 7685, 6262, 6296, 4331, 7144, 9974, 3727, 7828, 6096, 3850, 8533, 633, 4771, 4293, 7663, 9676, 8067, 1374, 8720, 7280, 3135, 1545, 2287, 8285, 297, 15, 9247, 8992, 2079, 6419, 4194, 1389, 143, 540, 3674, 1180, 3789, 5547, 1856, 7639, 9012, 7691, 7163, 6804, 2485, 4697, 4308, 2079, 9937, 8551, 8936, 6515, 9653, 609, 1701, 1550, 2985, 1640, 6383, 6069, 4020, 9179, 277, 7692, 6721, 8474, 8730, 2195, 6682, 6619, 702, 3842, 7799, 1357, 3721, 5324, 6417, 452, 9678, 4347, 7469, 5506, 2925, 7183, 7364, 1475, 1862, 8125, 5025, 4609, 4828, 7336, 2581, 8473, 7532, 3604, 4338, 4042, 576, 3167, 3358, 9445, 2908, 1538, 9588, 6750, 4867, 8617, 2999, 2872, 397, 6711, 6683, 1106, 3821, 7494, 9135, 9811, 7055, 9233, 8081, 9163, 2825, 3217, 4145, 1373, 8006, 9824, 7409, 716, 7569, 1492, 7718, 3057, 5805, 5437, 9911, 671, 158, 2262, 4214, 7900, 812, 2369, 2472, 3496, 4220, 1976, 4078, 9180, 8276, 107, 542, 5544, 3854, 5127, 8080, 3226, 3317, 3563, 8166, 3201, 9045, 8850, 1556, 1742, 1406, 4328, 8284, 9195, 1828, 5290, 2415, 2447, 5350, 4659, 3874, 3200, 8121, 8190, 1398, 6718, 9476, 9074, 5144, 9170, 1397, 2364, 6935, 1458, 7611, 8929, 1330, 8923, 4794, 1045, 3481, 9531, 4104, 7630, 6642, 961, 2877, 8088, 7825, 1079, 7806, 8870, 8602, 4681, 2468, 7576, 2239, 603, 3653, 2690, 5188, 7260, 8488, 9334, 7477, 1394, 8771, 1036, 5610, 9204, 2524, 4590, 6381, 1149, 4614, 9473, 7549, 4683, 426, 7120, 8714, 7809, 1483, 9620, 6942, 3698, 3144, 9107, 3130, 248, 5142, 4828, 978, 8526, 6647, 9346, 2585, 8539, 8505, 1046, 3308, 8541, 457, 1296, 4544, 779, 2998, 4861, 2133, 2022, 9533, 9558, 3262, 1616, 4096, 4996, 3603, 2475, 6226, 6818, 5282, 8985, 4178, 6490, 9498, 4982, 968, 5388, 7146, 5358, 4317, 8378, 81, 1703, 2739, 5719, 5044, 9462, 2199, 6568, 7599, 5942, 765, 3601, 4971, 9101, 7885, 1003, 8150, 6675, 1327, 6018, 673, 3536, 5183, 7621, 1445, 3041, 9285, 8357, 8148, 627, 8146, 7763, 5125, 2725, 3803, 6641, 469, 2979, 4640, 5206, 6877, 5194, 2719, 698, 6808, 2696, 5226, 8130, 5, 997, 9656, 6507, 963, 6158, 6518, 8639, 5811, 6236, 3286, 6134, 5317, 65, 1009, 3099, 9603, 6909, 1251, 8936, 7000, 3867, 3894, 7320, 1518, 2890, 2340, 9482, 6570, 5431, 2556, 6991, 175, 7039, 7731, 7576, 673, 9566, 7509, 7823, 40, 2233, 1056, 4519, 5508, 1928, 3868, 4277, 8124, 6892, 4542, 78, 8041, 8796, 3750, 392, 7607, 5283, 9984, 1228, 3113, 7475, 3003, 6017, 3311, 982, 9167, 5526, 5656, 8794, 9879, 4154, 2362, 7379, 8751, 4819, 2836, 619, 8042, 9794, 1315, 4687, 4571, 4538, 8831, 447, 2320, 7158, 9518, 7460, 901, 2634, 2491, 8150, 6922, 550, 6078, 8863, 1843, 1771, 9217, 6778, 8612, 1005, 9307, 3397, 6483, 3072, 4016, 7844, 8348, 9352, 4023, 9365, 1251, 3923, 5850, 4770, 3343, 8434, 7150, 7365, 7321, 5012, 5931, 7585, 2309, 3313, 9930, 5776, 1539, 9078, 7050, 6688, 7566, 9613, 213, 4829, 9619, 6279, 4465, 4941, 8933, 4796, 8993, 8588, 9862, 1745, 1008, 28, 4855, 6767, 7437, 9661, 1301, 6297, 4801, 8970, 5774, 7555, 242, 526, 3468, 269, 6554, 1010, 1865, 8648, 4458, 6028, 9542, 7068, 2020, 496, 6452, 1480, 8546, 3848, 6162, 5520, 5457, 8340, 6628, 8862, 1322, 1570, 8410, 4667, 9072, 645, 7535, 4711, 4525, 9032, 4134, 1975, 5115, 6401, 2819, 8373, 3207, 6188, 4972, 3405, 6444, 2584, 578, 5144, 5917, 7633, 3040, 7430, 1155, 1616, 706, 5201, 8359, 4181, 1588, 8007, 4695, 8720, 3203, 228, 507, 4229, 2398, 6978, 9749, 4390, 8925, 6782, 1893, 6345, 6359, 6909, 958, 2354, 5538, 4079, 9467, 5233, 31, 2374, 2820, 377, 7557, 6863, 7209, 288, 379, 9424, 2243, 6309, 5876, 4963, 4760, 9616, 5919, 7271, 6800, 678, 8718, 1204, 5695, 5265, 6130, 4932, 9371, 2067, 4076, 8623, 9421, 7646, 2988, 8812, 4973, 3989, 1026, 5436, 7174, 3409, 7796, 4844, 8867, 5876, 5063, 2479, 8099, 7323, 6740, 1194, 57, 7931, 496, 9489, 8014, 8616, 7115, 4540, 5852, 4964, 952, 2942, 7209, 1959, 8956, 2437, 7807, 2370, 3507, 7909, 3497, 1970, 5998, 575, 714, 6634, 8961, 963, 5254, 9309, 8039, 4333, 9116, 5587, 3783, 9092, 5533, 744, 2546, 9977, 5242, 3822, 1470, 5478, 6490, 2436, 9471, 9145, 1855, 8780, 5408, 228, 3096, 8330, 168, 6466, 728, 1113, 6627, 2379, 3119, 2025, 8723, 8951, 4456, 6366, 1298, 7597, 5238, 3702, 3548, 8689, 1556, 6300, 3969, 4023, 6933, 6190, 8144, 4537, 689, 6157, 4969, 4851, 3001, 3526, 9887, 4453, 502, 5891, 7091, 5324, 3154, 6600, 4477, 8840, 4939, 5703, 8834, 472, 3438, 9102, 858, 5071, 648, 8880, 9668, 2679, 608, 1034, 4325, 4519, 2427, 7049, 1591, 6028, 9172, 4511, 6764, 6860, 7467, 643, 1081, 6722, 6939, 8240, 4092, 4157, 6651, 7411, 6298, 3085, 8660, 1438, 4684, 7245, 1625, 3445, 8632, 6391, 7397, 1303, 4134, 8595, 5824, 3160, 5323, 1505, 583, 5275, 8863, 4342, 5679, 2419, 5701, 573, 8435, 7116, 3756, 3007, 9613, 286, 3148, 5148, 1871, 7953, 3209, 2836, 8379, 4406, 6744, 1804, 2587, 9116, 7492, 5338, 3120, 8260, 8760, 7691, 9492, 4595, 3450, 6833, 7865, 676, 8554, 6188, 8375, 2837, 7873, 7622, 1583, 3658, 3178, 5634, 5843, 5523, 8550, 6540, 3558, 5290, 2022, 580, 3694, 7641, 5344, 586, 9744, 4163, 7805, 5612, 1506, 8154, 6263, 6425, 8504, 5003, 6168, 7637, 213, 4072, 9052, 2710, 8626, 1879, 6115, 6908, 9455, 1064, 2912, 8939, 4828, 1234, 8843, 7855, 6473, 6142, 4981, 577, 1168, 6455, 3841, 3151, 5847, 5884, 7541, 4102, 7785, 5966, 1276, 5794, 5300, 826, 8908, 550, 2467, 9564, 6431, 4480, 1768, 1584, 7232, 2288, 7604, 5198, 8272, 5371, 5050, 92, 2329, 6921, 3438, 6686, 1116, 4322, 2759, 1503, 4980, 6533, 138, 9450, 6209, 7755, 3236, 8773, 1777, 9008, 87, 4540, 7468, 7077, 5102, 758, 5521, 8384, 5759, 8006, 5636, 1405, 8668, 8943, 7033, 8319, 1140, 9010, 6456, 7392, 8867, 9181, 4057, 2774, 3069, 4548, 1627, 6573, 7467, 9410, 3892, 2571, 7087, 6556, 931, 1377, 800, 7059, 9255, 4809, 2543, 2278, 2667, 8761, 7776, 8055, 6892, 8377, 6261, 4275, 5389, 9886, 5962, 2919, 428, 5108, 8688, 545, 7125, 3935, 6559, 1558, 8444, 2859, 396, 9979, 4233, 9630, 7641, 9389, 8199, 9020, 799, 2685, 7498, 6449, 6371, 231, 4977, 7000, 5318, 7174, 7364, 3564, 1986, 7742, 1466, 846, 1407, 7955, 196, 3486, 5604, 423, 9202, 4557, 1766, 4230, 4229, 2218, 8535, 4423, 1720, 3093, 7064, 1884, 7103, 2867, 2579, 6524, 675, 961, 2682, 1830, 2941, 2264, 6810, 5920, 1556, 6224, 4064, 3880, 2234, 1587, 886, 8833, 5254, 3814, 1601, 8788, 8087, 2222, 2790, 8629, 3552, 1656, 6182, 8011, 5926, 6465, 4701, 187, 5123, 741, 1010, 8807, 3922, 5204, 2284, 9963, 5467, 8042, 7893, 9750, 6690, 9898, 4893, 2115, 7615, 7077, 6530, 6355, 5460, 5870, 22, 5892, 8266, 4603, 5341, 4473, 7569, 3017, 4799, 5563, 1964, 3050, 4447, 9108, 3432, 3258, 4474, 167, 3635, 1609, 4057, 24, 3127, 5111, 3150, 9450, 1279, 8777, 3885, 5876, 2559, 9109, 8683, 5655, 9169, 5302, 6178, 7193, 4829, 1645, 616, 4612, 9414, 3304, 321, 3716, 3046, 1080, 1191, 7805, 5364, 3947, 1422, 5112, 3008, 509, 3945, 8713, 6693, 4480, 7155, 3087, 6028, 9644, 9293, 1131, 6610, 4846, 5673, 1892, 904, 3493, 8499, 8460, 2429, 7079, 7475, 890, 7468, 8995, 4561, 4194, 4065, 221, 7410, 1619, 7399, 5516, 5162, 8795, 8930, 1650, 3468, 4082, 7152, 7671, 5929, 9175, 3497, 2188, 8125, 8959, 3840, 621, 4405, 6568, 6892, 6548, 7292, 8931, 5886, 6386, 6612, 8847, 4921, 9324, 6486, 4023, 9514, 5085, 2939, 397, 9298, 9011, 6892, 618, 7151, 8366, 3516, 5849, 1375, 998, 7898, 9266, 2540, 447, 1767, 2323, 8307, 8213, 1730, 9916, 4247, 8812, 6356, 6520, 1655, 242, 3793, 5294, 977, 775, 5516, 3731, 4347, 5668, 4690, 5517, 380, 6241, 8067, 2335, 5405, 7276, 692, 5795, 2261, 8123, 432, 4697, 1086, 1809, 7282, 9333, 652, 2266, 3564, 518, 9578, 5595, 1834, 7276, 6643, 5578, 9641, 2721, 3092, 7024, 5742, 910, 900, 1490, 1190, 2864, 4921, 6808, 3141, 8686, 3777, 2220, 1551, 582, 2185, 4590, 537, 8718, 1593, 9538, 9099, 2722, 4090, 3170, 7002, 2831, 2248, 424, 264, 8553, 1956, 4437, 9942, 2362, 9136, 8387, 8339, 4674, 4405, 2845, 9747, 8227, 82, 6721, 6350, 7345, 4933, 7321, 568, 5164, 9264, 7735, 4135, 6951, 4255, 3557, 6565, 5820, 4370, 1011, 3272, 6840, 328, 8749, 2048, 6764, 1915, 9514, 5351, 1925, 5275, 1597, 7196, 5675, 947, 5094, 8053, 4077, 7013, 3220, 1517, 6689, 910, 5513, 355, 5217, 6263, 1782, 8387, 3196, 968, 8177, 8544, 4790, 181, 3047, 8486, 8549, 1816, 2133, 5237, 3840, 7998, 694, 8588, 6547, 2510, 5499, 4201, 576, 2173, 7251, 4773, 6656, 2013, 7244, 5970, 9983, 5847, 7341, 9653, 7316, 2939, 7654, 8778, 9372, 8350, 8423, 4277, 665, 9753, 7707, 734, 5915, 2204, 1600, 6096, 6288, 884, 1586, 8322, 9220, 7805, 4441, 4602, 4209, 1107, 4074, 5881, 751, 7755, 2918, 5365, 7350, 4511, 4128, 6304, 2133, 5530, 9466, 5936, 5055, 834, 8024, 6524, 7922, 5002, 4285, 4301, 6128, 493, 7401, 5519, 3101, 9051, 9940, 825, 878, 3976, 9542, 4341, 7815, 1732, 6467, 2205, 3673, 8242, 7437, 9395, 3996, 7903, 4635, 8245, 3166, 4486, 2888, 3606, 1873, 8158, 5298, 2633, 1582, 4212, 3409, 6547, 5503, 7651, 6374, 7877, 2621, 5205, 8970, 6293, 9242, 5653, 7563, 4539, 9059, 3957, 3421, 3393, 7783, 9196, 2233, 1761, 340, 4990, 8399, 6038, 1699, 1167, 4833, 6671, 5055, 6165, 4189, 9980, 6222, 9144, 5562, 8602, 4665, 2619, 4969, 5892, 8833, 1662, 386, 3342, 4323, 5501, 2997, 4520, 7008, 2827, 6990, 9577, 3556, 631, 5728, 2435, 4693, 747, 4099, 9708, 6612, 7874, 7094, 2772, 4773, 15, 3987, 8702, 4736, 2560, 4625, 7508, 364, 7851, 8707, 5612, 4995, 6890, 8078, 4191, 9659, 4371, 6685, 7505, 4286, 2967, 8117, 5940, 6209, 5789, 5214, 3542, 8754, 9990, 1774, 8984, 7653, 6691, 1188, 8004, 5263, 3804, 6138, 5559, 4354, 4193, 1984, 8099, 7570, 8228, 7640, 2613, 1602, 784, 1611, 3217, 6694, 4195, 8294, 2383, 5833, 1047]
List Size: 8000
Insertion Sort Time: 4345.154200 milliseconds
Merge Sort Time: 42.547300 milliseconds
Built-in Sort Time: 1.355500 milliseconds

Original List: [9257, 4218, 1056, 4170, 9099, 6602, 1166, 6942, 8083, 4274, 8484, 4935, 8546, 4632, 5994, 5968, 4367, 196, 4965, 2161, 2148, 3390, 4659, 1239, 1156, 9331, 4417, 8715, 5757, 7524, 8768, 218, 8858, 1076, 5531, 3434, 5118, 6946, 1323, 6300, 5260, 7175, 7914, 8567, 6679, 7133, 4518, 5995, 5439, 2137, 97, 3653, 495, 3425, 6838, 5788, 9429, 611, 9977, 2576, 1051, 262, 9126, 4286, 374, 4630, 6116, 4811, 4820, 975, 3216, 8321, 6396, 9114, 8004, 8907, 7078, 1866, 5319, 7970, 1781, 4083, 6593, 8910, 2512, 468, 9992, 2021, 7295, 8638, 3894, 2765, 9345, 8291, 1171, 6862, 272, 9536, 7043, 4589, 485, 8072, 72, 4323, 7005, 401, 7043, 3343, 3489, 4316, 3388, 5550, 9416, 3145, 5641, 307, 2362, 3466, 5409, 7245, 1660, 5063, 5891, 761, 2580, 5323, 4030, 3210, 3518, 5358, 7264, 3365, 1336, 5989, 52, 7129, 2895, 4282, 8204, 2546, 5117, 7098, 4638, 6628, 8249, 2623, 9632, 9989, 6504, 8939, 847, 6383, 5081, 7186, 6995, 4754, 4726, 3051, 9120, 5951, 1266, 7338, 2394, 502, 407, 3463, 1782, 2445, 4242, 8861, 7916, 8419, 8776, 4062, 3405, 1565, 9384, 755, 4589, 266, 1599, 5074, 8109, 2661, 2267, 9176, 3017, 8313, 3861, 7425, 8341, 9149, 62, 8, 2994, 3301, 9759, 9946, 9065, 1444, 4899, 8706, 4383, 2035, 3380, 9956, 5440, 8547, 9589, 9354, 965, 8415, 5542, 322, 8867, 1635, 8913, 1085, 4139, 1744, 9561, 9546, 4069, 1149, 5319, 7034, 987, 8417, 9493, 5463, 931, 6943, 28, 4740, 7040, 7450, 6832, 2327, 910, 257, 3551, 5014, 4624, 9996, 5552, 7430, 774, 8395, 7517, 8841, 7871, 7251, 7045, 8248, 5195, 1764, 1781, 2305, 1486, 7522, 5689, 6412, 2294, 7881, 2013, 8509, 949, 9535, 4669, 9272, 9678, 998, 1183, 6921, 9809, 3840, 6489, 8137, 297, 3404, 8564, 5864, 1130, 6732, 5730, 6432, 5883, 5679, 5754, 4648, 630, 6800, 9415, 9291, 6, 335, 6750, 5633, 8644, 5899, 2358, 4567, 2305, 4259, 1966, 4523, 773, 4387, 7118, 7308, 5016, 7701, 8057, 6862, 8697, 4388, 8748, 3736, 4809, 8002, 4654, 9848, 4968, 5639, 9998, 394, 3368, 3905, 7511, 2367, 553, 2968, 5821, 1396, 2984, 9998, 6299, 1487, 3256, 9908, 1156, 1609, 6341, 8405, 422, 6340, 1383, 3569, 632, 7534, 2015, 2148, 806, 8816, 6115, 4332, 279, 2574, 2078, 4400, 2953, 3111, 3679, 3434, 5076, 7617, 1440, 3738, 5616, 9292, 9234, 541, 6266, 1756, 8144, 5538, 5745, 9720, 9430, 9702, 494, 10, 2516, 3489, 994, 8912, 3663, 2698, 1128, 173, 2207, 7174, 4481, 2628, 4870, 2950, 6530, 1378, 8205, 4292, 5916, 2151, 7935, 3598, 1162, 8815, 6046, 2010, 2229, 519, 347, 3929, 4658, 2244, 5638, 1101, 8418, 3932, 9425, 9784, 5457, 4574, 8910, 4930, 4687, 6827, 1045, 9194, 9896, 5680, 7615, 8132, 1328, 2401, 3592, 5511, 5419, 192, 4866, 7988, 8065, 1356, 818, 9233, 5628, 8346, 6530, 7592, 1851, 7848, 3488, 1667, 7773, 2020, 4078, 5827, 4322, 321, 9442, 5636, 2741, 9929, 4179, 6374, 1329, 82, 3971, 561, 8145, 6633, 4969, 5148, 2972, 2740, 1597, 9955, 8877, 1809, 148, 2551, 4733, 570, 2551, 8668, 1296, 4367, 8842, 4343, 1194, 2183, 8745, 9571, 3205, 2696, 5784, 4114, 3027, 3904, 9810, 7670, 5846, 6232, 4059, 1376, 7622, 1166, 7589, 8273, 2916, 6180, 690, 1508, 34, 5979, 7916, 593, 3657, 1535, 832, 198, 7794, 6997, 5887, 7775, 9886, 7913, 772, 8875, 3990, 807, 1720, 565, 310, 4312, 897, 4489, 7871, 1899, 9302, 5431, 2011, 7254, 4306, 5146, 295, 4794, 625, 3444, 555, 1991, 8072, 7083, 4432, 3803, 8516, 2792, 3059, 5668, 5363, 1452, 8706, 7525, 9600, 7237, 7575, 5647, 9340, 2831, 964, 6980, 9293, 9380, 7460, 3096, 5035, 3016, 3663, 3021, 5565, 4207, 9010, 1278, 7429, 1936, 3037, 1160, 8178, 5017, 2461, 2974, 3693, 2218, 3850, 4412, 4887, 1182, 316, 806, 5160, 8331, 6042, 7045, 1131, 7043, 6387, 105, 2527, 552, 1207, 9370, 1164, 7468, 9100, 4873, 5168, 5587, 8214, 7192, 5497, 81, 7939, 8080, 1338, 6686, 6059, 8640, 9089, 4072, 5647, 9362, 1320, 3817, 3710, 8770, 6346, 3917, 7694, 3806, 8488, 2638, 7543, 6277, 2920, 1374, 6269, 4232, 97, 1539, 9027, 5387, 1879, 3035, 1678, 8590, 9063, 9099, 9885, 829, 3980, 6438, 7428, 5597, 1816, 2976, 3136, 8188, 6590, 3456, 5833, 5489, 6108, 1763, 1639, 8064, 6041, 4081, 8930, 685, 8133, 9918, 1616, 8236, 9872, 748, 2150, 7604, 899, 3949, 4554, 8550, 3253, 2186, 3186, 8478, 7050, 8931, 1342, 5804, 5309, 2006, 2845, 8375, 9829, 8020, 5935, 6500, 2597, 9919, 5670, 4621, 5247, 3598, 535, 6030, 3108, 3780, 8857, 4701, 6026, 2945, 9923, 7543, 8773, 3850, 6032, 4731, 3178, 9817, 5995, 5781, 311, 4736, 5687, 949, 9329, 3740, 6473, 2855, 2802, 7291, 6307, 4197, 3253, 4525, 5079, 8874, 9712, 6739, 1737, 1235, 6036, 5223, 2466, 6131, 7427, 2369, 5300, 706, 370, 8985, 4126, 16, 1042, 8810, 57, 9900, 9891, 8324, 417, 1562, 2705, 4446, 2308, 4210, 7303, 2174, 1470, 796, 8712, 6016, 5321, 1539, 6571, 1262, 285, 9720, 6613, 3580, 4374, 4310, 8503, 4141, 1623, 1074, 5196, 2627, 3062, 8655, 5652, 1463, 2850, 4830, 3311, 7592, 4880, 9619, 2178, 5204, 4958, 8739, 6226, 2553, 8869, 2378, 6277, 2675, 5236, 765, 1514, 6407, 4571, 1475, 8179, 8531, 7587, 5838, 1047, 9326, 2406, 2870, 1230, 9114, 8272, 4098, 537, 8374, 1523, 2957, 5317, 166, 8688, 4969, 2568, 2016, 9496, 5810, 3686, 9238, 1586, 486, 7881, 2500, 7051, 7797, 5472, 407, 9214, 3846, 5403, 5892, 475, 5514, 6637, 9679, 6010, 3910, 1698, 9039, 1334, 1609, 7067, 1799, 9051, 7396, 4966, 5386, 2929, 5563, 9267, 9933, 7385, 408, 4115, 2780, 7303, 224, 5543, 9691, 5896, 8261, 3870, 6218, 1691, 5131, 1884, 3318, 2981, 8694, 606, 2828, 4524, 3082, 9153, 3776, 8546, 1552, 2844, 5081, 1717, 3145, 570, 2245, 2303, 7768, 7760, 8220, 7968, 4426, 3991, 2702, 2555, 708, 4279, 2701, 7573, 8701, 134, 1328, 7133, 7944, 770, 3898, 3257, 5213, 6679, 6503, 8977, 3014, 1685, 1464, 8231, 9035, 1192, 8487, 7372, 6760, 7289, 3508, 7740, 3027, 7893, 8647, 8122, 9186, 149, 3473, 5912, 9541, 7521, 2280, 4556, 9611, 1641, 996, 4612, 8311, 5152, 4866, 3104, 3578, 1627, 2499, 3544, 2681, 1073, 8242, 8628, 8594, 3718, 8473, 1682, 2524, 5180, 6152, 3485, 9150, 1163, 4032, 8298, 5775, 7068, 5022, 6566, 8460, 6754, 7444, 4856, 4724, 6665, 4843, 4473, 2427, 5682, 6498, 5436, 8620, 8530, 1698, 3992, 1733, 3262, 3887, 7240, 7320, 7560, 1992, 4979, 8377, 1797, 7545, 4638, 797, 3328, 5088, 6350, 7609, 5523, 585, 2961, 2984, 4800, 9813, 7954, 7738, 1641, 3314, 6296, 9651, 6120, 7245, 7529, 5550, 838, 9451, 7725, 5930, 5563, 2191, 6533, 4534, 8853, 826, 3863, 864, 492, 1589, 7738, 5827, 9001, 6456, 2181, 8659, 155, 3863, 8082, 7586, 4564, 6766, 7629, 471, 201, 7636, 5351, 5991, 3346, 4575, 3135, 4411, 3276, 4399, 4389, 9804, 6780, 5401, 3897, 6491, 1089, 5092, 2081, 9788, 4160, 7214, 2801, 627, 4579, 9453, 2444, 530, 5847, 826, 2849, 4713, 1524, 3211, 639, 2998, 3369, 6663, 2297, 7137, 4773, 4159, 3528, 8878, 5561, 4660, 3436, 7374, 3138, 4436, 8267, 8901, 3552, 5689, 6418, 2343, 5835, 7861, 71, 3758, 3506, 7164, 6266, 9273, 6453, 3993, 4615, 6845, 2104, 6642, 3474, 4290, 3282, 4738, 1851, 6521, 2806, 3379, 7757, 6074, 5050, 7263, 5652, 8263, 4836, 9201, 4902, 9157, 3551, 2292, 1447, 5457, 5915, 440, 6940, 4437, 3288, 328, 5002, 5375, 8691, 2596, 6335, 2726, 6552, 2276, 2730, 1778, 2168, 8851, 1692, 7705, 9514, 329, 9091, 4893, 4163, 2149, 9054, 5618, 6231, 8604, 3432, 2600, 7876, 2195, 7917, 2787, 1032, 593, 3654, 4668, 5130, 9048, 1468, 6558, 3238, 4552, 6195, 6230, 6184, 9709, 1028, 5522, 1284, 4625, 9935, 7185, 5546, 5463, 3180, 7848, 9519, 3100, 9555, 2850, 229, 9789, 808, 9590, 6290, 8482, 8992, 8382, 8474, 3828, 7800, 3339, 5860, 1425, 5685, 2774, 2970, 8165, 1056, 7668, 1126, 6169, 4614, 2009, 793, 4326, 5003, 8516, 5631, 7161, 8955, 5229, 7272, 181, 9734, 401, 5193, 2621, 2603, 3877, 5678, 1769, 1411, 1634, 9395, 8506, 9453, 3548, 9326, 9026, 1569, 5194, 3271, 1605, 626, 972, 7183, 1537, 8940, 7603, 2193, 1405, 4594, 1254, 9695, 2619, 7849, 6034, 2534, 1148, 7171, 3812, 5863, 4717, 1290, 5062, 5434, 5009, 6841, 6265, 2197, 6086, 6311, 8553, 8158, 4814, 7429, 3365, 7816, 3745, 2778, 9946, 9038, 6698, 3363, 6123, 4185, 2206, 133, 7198, 1687, 8998, 2009, 8425, 3883, 1507, 4576, 8002, 9127, 9008, 1507, 972, 6754, 3559, 3699, 7345, 1655, 887, 3034, 9225, 3770, 9952, 4947, 7422, 4719, 5731, 3831, 4887, 3938, 603, 5834, 8376, 618, 3706, 2802, 3343, 8385, 9588, 9389, 479, 6864, 4975, 4756, 2852, 8832, 2322, 1494, 6616, 6902, 8997, 9596, 3333, 1657, 6992, 7518, 927, 5880, 9578, 1283, 715, 3782, 8325, 9550, 8541, 7646, 6370, 3178, 7563, 5277, 8220, 5969, 5253, 8422, 6842, 5677, 7950, 8429, 8812, 6785, 7249, 5415, 2061, 9718, 7359, 7635, 7978, 363, 7029, 2953, 7684, 1321, 1152, 3676, 8260, 9088, 36, 582, 7666, 2660, 9543, 3321, 8241, 1037, 4720, 9821, 7830, 6606, 24, 9104, 3917, 9465, 3647, 6359, 7020, 2197, 5797, 3530, 5409, 7532, 4168, 7204, 7935, 6159, 6781, 8818, 691, 4191, 7987, 6571, 348, 8603, 770, 5314, 9937, 1067, 3223, 1752, 1758, 9240, 6757, 227, 7168, 8622, 4976, 6525, 1947, 9570, 8783, 1366, 7426, 1273, 4831, 5964, 7080, 9329, 3092, 2207, 7771, 3372, 8759, 1139, 3196, 3660, 9668, 1920, 5593, 7115, 2301, 6303, 6366, 8375, 4728, 8945, 4474, 8875, 8361, 499, 9263, 295, 7101, 4226, 6914, 4878, 8132, 6760, 6020, 4157, 1813, 1627, 1015, 6597, 2176, 3270, 3674, 2335, 5764, 2492, 6846, 246, 1244, 3642, 1341, 5366, 8776, 1784, 3589, 1543, 5388, 3831, 3274, 8038, 3012, 3038, 5426, 9634, 3209, 2144, 7654, 3138, 3560, 6863, 9189, 2983, 6444, 8626, 23, 2239, 7930, 3435, 3754, 2728, 4474, 4229, 5276, 3856, 4710, 3886, 3960, 1671, 4551, 6783, 8144, 1065, 4133, 7963, 8024, 9758, 6365, 7772, 4511, 1131, 2506, 1643, 5552, 5933, 9556, 4584, 3253, 7818, 820, 4476, 1005, 3324, 9549, 1566, 8949, 4653, 5090, 5421, 382, 2893, 7460, 3082, 5961, 4493, 3089, 3838, 2446, 8845, 4521, 2337, 321, 6473, 5584, 7195, 1627, 9405, 291, 6457, 7404, 3568, 9982, 2780, 3518, 6718, 9971, 5015, 7193, 766, 1695, 7372, 4080, 7595, 9560, 3522, 6412, 6949, 7333, 9647, 9604, 781, 9146, 3033, 6732, 5872, 717, 3509, 2062, 7976, 7823, 2778, 2881, 2623, 1395, 724, 2054, 7460, 5262, 8254, 7722, 5790, 805, 2295, 2551, 6832, 4655, 683, 9004, 6153, 2209, 2413, 5869, 2276, 3542, 6837, 4605, 4797, 2744, 2806, 8625, 1042, 5050, 3415, 3170, 9253, 5554, 113, 9545, 2416, 6499, 2403, 691, 755, 3403, 1460, 8424, 8303, 4072, 9302, 7454, 7548, 3166, 9638, 887, 9780, 4299, 5397, 8116, 2704, 4950, 1969, 2171, 6296, 2758, 9903, 1686, 2465, 8518, 5810, 9734, 2162, 3543, 3559, 9913, 9166, 8050, 2989, 3814, 8183, 1095, 7372, 4139, 7076, 5479, 6135, 18, 4755, 7228, 3637, 9291, 5671, 601, 1739, 7418, 2049, 1000, 800, 4060, 7784, 4421, 2462, 5255, 5171, 1466, 7888, 9802, 6581, 824, 2919, 4825, 7882, 6011, 1155, 1080, 6477, 618, 347, 9667, 6762, 5971, 2088, 5483, 8924, 2764, 8623, 5803, 8533, 174, 3448, 7557, 6049, 8800, 8560, 437, 7541, 3877, 627, 2426, 9307, 4518, 5793, 3181, 3823, 3446, 2416, 2868, 3305, 1416, 3672, 8640, 8417, 8768, 1661, 6801, 6927, 2921, 9622, 9790, 4532, 5387, 3718, 1805, 7961, 9877, 9590, 1288, 502, 8557, 439, 2180, 8033, 2788, 2531, 5103, 180, 9127, 9848, 9215, 4351, 2505, 3665, 4994, 8462, 4687, 5179, 6056, 9982, 8187, 9612, 7781, 1117, 5918, 7163, 6641, 4933, 3070, 1993, 9264, 5451, 9220, 8244, 9218, 8610, 2357, 7315, 4707, 5129, 5181, 6726, 6820, 6226, 388, 8851, 567, 3765, 9608, 7365, 9080, 7848, 1676, 4110, 6257, 7735, 1617, 58, 7536, 5514, 5884, 1163, 6591, 7985, 2179, 7361, 5965, 6385, 7385, 3237, 5324, 3371, 4139, 3620, 3784, 564, 1803, 1394, 2956, 8777, 5863, 7631, 8590, 5244, 7801, 7035, 9366, 584, 2460, 7450, 8902, 8686, 2390, 6523, 8986, 5115, 6915, 4540, 9252, 1088, 181, 5800, 4636, 9179, 4324, 3547, 3980, 8035, 4434, 8108, 381, 7005, 9488, 5786, 7721, 7042, 265, 4539, 6891, 9306, 1990, 4036, 7362, 8727, 4300, 6545, 5331, 9154, 2277, 4199, 5934, 9230, 9278, 5339, 7952, 6285, 1476, 8309, 7397, 9394, 5295, 4194, 6815, 7836, 9953, 440, 2571, 2799, 4267, 4602, 966, 3328, 4406, 9434, 6555, 4369, 6739, 6880, 399, 1995, 5249, 3198, 4923, 5638, 3321, 829, 5133, 4184, 3471, 4370, 7922, 5125, 5413, 1188, 2814, 2708, 8546, 5992, 2564, 9405, 2289, 2990, 1775, 2273, 6616, 8919, 526, 6346, 6679, 833, 4783, 564, 9505, 182, 7927, 6625, 277, 7007, 3729, 3726, 3951, 1617, 1366, 6417, 2370, 2503, 5425, 5825, 5701, 6207, 3141, 9914, 4588, 2345, 9287, 9923, 5343, 5196, 5439, 2323, 1632, 4562, 2822, 3543, 6012, 2664, 4501, 8841, 2082, 8298, 3051, 6239, 1271, 1491, 6808, 7453, 631, 7827, 6193, 4283, 107, 5721, 5119, 3203, 2508, 1164, 44, 8260, 623, 5970, 5902, 8208, 1935, 3201, 178, 2543, 4120, 5078, 8931, 735, 50, 5187, 814, 6711, 8500, 319, 958, 4494, 4125, 2385, 8291, 8001, 3346, 4158, 7687, 4740, 5750, 3042, 6725, 1992, 4707, 6021, 2379, 4284, 6072, 3032, 5662, 9052, 5478, 8497, 2455, 9665, 6644, 1736, 9126, 5855, 8298, 5500, 1658, 1109, 6678, 2188, 2697, 8934, 9641, 4685, 793, 7678, 7704, 3653, 2729, 7605, 2041, 8657, 7209, 6542, 1828, 2978, 938, 6846, 6504, 430, 1443, 4525, 8400, 2949, 8271, 9800, 6565, 579, 3830, 1031, 4581, 7006, 114, 9635, 6168, 5845, 6794, 3748, 2094, 5268, 9141, 6716, 8018, 1325, 5077, 4934, 3945, 5852, 9217, 3703, 5876, 2516, 4398, 5935, 509, 1776, 435, 4090, 4686, 6667, 4430, 7689, 8624, 8093, 2766, 9945, 419, 8753, 4006, 4407, 1334, 6758, 2120, 4614, 5501, 1664, 7723, 8971, 3524, 1247, 2432, 8913, 6855, 9736, 934, 3847, 4299, 7830, 5734, 9045, 6718, 7123, 9782, 8800, 9017, 2940, 542, 8802, 3690, 7318, 534, 2190, 5201, 9885, 4591, 5982, 4305, 5230, 1057, 3165, 8008, 6167, 9441, 4007, 6361, 8953, 3440, 8660, 926, 5660, 6535, 201, 5777, 5347, 9707, 5449, 2389, 2570, 24, 1555, 4292, 1484, 8057, 1866, 7583, 7739, 2519, 5699, 6618, 1505, 1933, 9468, 6085, 2449, 9244, 490, 3662, 6396, 3618, 9170, 9602, 7734, 1717, 9723, 5289, 7116, 7427, 9317, 1673, 3619, 2501, 2609, 6336, 7795, 1690, 3078, 1449, 1550, 3633, 8824, 8157, 6852, 6330, 2936, 3330, 9675, 3957, 2904, 8604, 5911, 4726, 1769, 1094, 7940, 8787, 4461, 9460, 3375, 2321, 6499, 777, 8475, 2151, 8636, 3982, 8930, 3236, 5583, 1648, 2970, 4155, 6829, 4704, 1254, 937, 1955, 8275, 6804, 2379, 7905, 7143, 4721, 6347, 7228, 7116, 2972, 8592, 4118, 7383, 2617, 8330, 2374, 6166, 2665, 1315, 4549, 2154, 2209, 2021, 5545, 4066, 838, 1224, 4496, 5576, 4678, 1941, 1321, 1831, 4029, 6725, 1073, 5109, 8149, 3140, 7574, 8237, 6536, 8159, 1826, 2262, 524, 7996, 6880, 5765, 7236, 1499, 5000, 935, 1333, 2660, 2066, 1716, 4958, 4971, 6689, 8381, 7576, 2410, 5046, 1828, 3086, 802, 1753, 846, 6888, 9258, 4941, 1395, 6174, 8192, 9597, 8378, 4714, 7286, 1770, 8114, 5189, 2960, 5446, 3776, 7025, 2874, 6260, 4591, 414, 5382, 3838, 7570, 4967, 7890, 3603, 5362, 9842, 5139, 2745, 144, 9588, 7038, 6696, 776, 7992, 8600, 908, 3536, 1826, 5868, 2437, 5570, 2577, 4820, 1933, 6542, 4366, 8548, 4378, 1270, 7399, 8438, 9471, 7165, 7780, 1090, 1129, 7033, 1983, 3295, 5752, 2657, 4087, 1100, 4532, 7117, 6290, 7320, 1489, 1106, 8430, 2134, 5893, 5647, 1267, 6915, 2782, 3697, 7127, 6775, 5151, 4244, 4526, 3222, 848, 4489, 9670, 8072, 3299, 199, 1362, 3172, 180, 8583, 5553, 3774, 2757, 4263, 6116, 5075, 6133, 7879, 8862, 7191, 7870, 7782, 349, 2731, 6243, 9158, 8040, 7764, 7220, 6856, 3172, 8790, 2014, 5333, 2577, 9144, 4060, 1990, 2718, 9972, 8578, 5084, 8273, 3457, 9339, 4377, 4749, 2543, 6890, 4037, 7365, 7933, 6835, 7949, 4866, 5574, 8521, 419, 1163, 3455, 1737, 6900, 9551, 610, 449, 2952, 7558, 5118, 5287, 6598, 7565, 1632, 1147, 8395, 5347, 7976, 4476, 1130, 830, 7595, 6157, 8003, 2804, 5106, 8501, 249, 8445, 9973, 2820, 2372, 3378, 9908, 6268, 7316, 2489, 1793, 3416, 7505, 4625, 4146, 2954, 8888, 2061, 948, 5177, 9554, 8550, 257, 5809, 1982, 6840, 441, 7508, 8180, 2439, 1650, 5465, 2792, 6202, 3346, 5124, 5290, 9085, 1968, 7546, 8354, 5379, 7644, 8340, 243, 2093, 5237, 6709, 4400, 3416, 948, 2465, 7657, 9806, 5891, 4912, 3954, 7971, 7571, 5214, 2154, 2462, 585, 4619, 1232, 6285, 9437, 2790, 3966, 9146, 7773, 4508, 5254, 650, 7190, 6816, 9200, 318, 4237, 4638, 5728, 4603, 9482, 6901, 3007, 8265, 5115, 8957, 3600, 219, 6458, 8827, 757, 5773, 6781, 793, 677, 5194, 9837, 2890, 3254, 3092, 2372, 3814, 3866, 6241, 5547, 2974, 7081, 3186, 3824, 8439, 4949, 9688, 8046, 9386, 313, 4036, 5347, 6531, 5768, 4623, 5182, 6734, 1004, 8873, 3543, 1092, 6358, 6917, 3952, 3118, 9457, 4817, 747, 8589, 9313, 5220, 5534, 3157, 427, 5047, 7415, 1920, 9112, 3275, 4660, 3451, 3862, 8441, 9330, 6980, 6369, 4999, 2359, 1852, 3696, 8231, 7073, 3193, 1484, 1136, 3717, 9080, 5187, 216, 291, 2400, 1959, 894, 3168, 2236, 6583, 4633, 2095, 7614, 9177, 3040, 7040, 6550, 1329, 7043, 5098, 7451, 385, 4041, 8924, 6009, 1601, 2863, 8779, 2835, 9111, 2418, 5330, 8597, 216, 7841, 138, 7089, 5699, 4404, 3017, 8368, 2186, 5412, 4612, 2457, 8843, 571, 5715, 1098, 9714, 445, 3452, 5968, 9049, 3632, 3628, 4406, 1395, 7972, 2888, 3917, 9489, 1892, 1010, 3636, 2375, 2585, 881, 5074, 3819, 2480, 5459, 6630, 739, 8876, 6034, 7680, 5893, 3880, 4339, 7639, 8553, 9346, 837, 4503, 7282, 6329, 5988, 913, 2101, 8300, 4630, 1491, 950, 9447, 1906, 8880, 899, 1032, 8910, 5243, 7940, 4387, 3644, 3345, 4753, 1925, 5414, 3721, 4453, 5264, 9980, 6691, 8384, 562, 1320, 9139, 5767, 9751, 7171, 2045, 6182, 4590, 1889, 3519, 1852, 9734, 8589, 9621, 9248, 141, 6868, 2525, 1195, 5023, 756, 3611, 4229, 4126, 7211, 6225, 1448, 4162, 4239, 244, 2611, 8019, 7076, 4177, 1471, 6189, 5544, 3260, 8765, 4617, 2179, 5333, 8857, 2862, 2385, 283, 6513, 2092, 7948, 3241, 1827, 3081, 2161, 1065, 8300, 2077, 7987, 9048, 9348, 187, 5860, 1272, 8477, 5387, 4136, 2730, 7399, 5066, 6959, 8431, 2389, 9563, 1211, 9298, 3130, 1187, 7982, 3421, 4392, 314, 134, 9553, 4124, 2996, 3049, 9849, 4436, 3602, 6360, 2285, 2439, 9307, 4130, 9491, 386, 5121, 4636, 7593, 5793, 3688, 5409, 6559, 3044, 1538, 272, 8303, 3510, 2986, 5324, 4856, 8017, 5817, 5305, 4509, 6746, 4961, 9313, 1878, 3077, 5259, 1549, 6346, 3905, 6606, 2999, 607, 69, 6393, 6985, 9753, 7186, 7209, 5446, 6791, 2185, 9002, 7567, 9780, 5995, 9545, 4361, 7495, 3927, 8840, 1338, 2581, 8956, 1167, 3346, 5825, 9171, 5858, 5089, 3649, 1184, 4494, 1664, 3558, 6626, 6782, 8389, 6654, 4264, 4170, 4024, 9320, 9225, 9727, 8182, 4310, 9150, 3560, 6989, 1616, 9578, 6543, 5419, 8788, 6566, 1198, 7530, 6338, 9631, 4883, 6298, 3534, 961, 7334, 6330, 3055, 8518, 682, 1958, 573, 4344, 6325, 902, 4990, 9346, 1150, 3884, 2496, 9714, 7083, 499, 443, 4001, 4354, 6864, 6667, 270, 8444, 7127, 9965, 1292, 2772, 1477, 6382, 2839, 1716, 1856, 1667, 4392, 8652, 2704, 7822, 1355, 9862, 7048, 4019, 1877, 9186, 3702, 8588, 99, 2013, 8417, 8257, 5493, 86, 2651, 608, 3876, 6856, 6383, 2578, 5877, 1183, 6369, 1334, 2439, 5336, 4911, 231, 1640, 9728, 1211, 9099, 3371, 7813, 8586, 73, 7080, 8352, 7323, 917, 6096, 8444, 7300, 2314, 9165, 4932, 7729, 9052, 6074, 28, 2455, 7389, 7483, 8852, 8590, 1641, 7995, 2085, 4468, 1865, 7813, 4323, 2499, 9030, 626, 5113, 6080, 4987, 8008, 2114, 3235, 3889, 9065, 6188, 9422, 3097, 5057, 5751, 3776, 9106, 4275, 3057, 5840, 509, 518, 2883, 1732, 7947, 6730, 6128, 2905, 3015, 6137, 4745, 2054, 4057, 5639, 8973, 2963, 5667, 7907, 9106, 281, 128, 5394, 7952, 4775, 3785, 4857, 1645, 1874, 8663, 1133, 5201, 7389, 1195, 2487, 5783, 4122, 6359, 6756, 8728, 7012, 7549, 4180, 6678, 4528, 2659, 2752, 6319, 8886, 7791, 3472, 7271, 7057, 658, 9564, 7272, 981, 4200, 2826, 9186, 2526, 9141, 2289, 1820, 8619, 7090, 1385, 5476, 9483, 9796, 4490, 5278, 6106, 2464, 8402, 2803, 9643, 7109, 3607, 8529, 4813, 2068, 6301, 9725, 8394, 5052, 8703, 6507, 9878, 4923, 6720, 127, 4184, 6043, 3092, 7863, 5902, 4713, 7359, 4925, 7233, 9114, 5129, 5626, 1946, 617, 9250, 9416, 3438, 7409, 1249, 209, 6405, 3652, 3183, 9358, 9006, 6289, 5004, 9401, 2009, 7668, 6616, 9905, 4473, 5407, 9030, 6321, 1811, 8241, 7091, 8322, 2804, 7687, 7601, 4946, 4539, 147, 6736, 7033, 8342, 1967, 5991, 8826, 1875, 5230, 6560, 3730, 5561, 642, 5771, 2261, 4591, 4043, 8105, 9925, 3427, 4232, 9181, 5444, 1850, 2508, 3341, 2809, 6647, 2498, 7215, 9034, 4948, 9829, 6536, 4197, 2253, 7781, 4411, 5696, 1599, 6005, 8737, 163, 2303, 4563, 8415, 5975, 5939, 5156, 9630, 2885, 8235, 9644, 5110, 9782, 1127, 4844, 862, 9410, 2936, 195, 9568, 6525, 2174, 3998, 730, 9857, 2071, 6766, 9517, 3785, 3747, 2821, 8066, 6336, 3978, 1232, 8876, 3732, 6130, 8129, 4643, 1905, 9487, 1842, 3451, 6659, 9074, 485, 4229, 7004, 1841, 5580, 2650, 5761, 853, 9958, 5138, 6622, 9526, 5330, 5932, 6828, 7262, 7654, 6228, 8784, 2108, 423, 9525, 4685, 2123, 6505, 3863, 2774, 2007, 6309, 969, 2108, 1214, 534, 2157, 9744, 8389, 4489, 523, 6140, 4385, 2523, 5202, 8645, 6988, 2139, 3878, 9307, 747, 493, 4221, 3267, 5429, 6768, 6774, 2804, 6505, 7438, 8387, 7998, 2091, 3614, 6659, 9265, 3908, 536, 6844, 7770, 6544, 1804, 4575, 5954, 4781, 7166, 619, 9922, 4279, 6225, 4288, 3069, 3113, 9019, 7035, 1574, 6531, 6176, 5782, 1266, 317, 7246, 8182, 9916, 6323, 4767, 5671, 6358, 8766, 5012, 4191, 3469, 3009, 8691, 413, 3415, 231, 405, 6432, 4190, 7331, 1816, 9196, 6469, 3545, 1440, 9377, 7783, 2970, 564, 8101, 5218, 8318, 6288, 5073, 9321, 5366, 29, 9229, 234, 3217, 3573, 2827, 8307, 1850, 21, 1053, 5257, 5368, 3836, 8543, 7020, 4020, 3882, 9975, 5308, 5028, 230, 1006, 3225, 6817, 1146, 7079, 7298, 9682, 5339, 9912, 3995, 4379, 4081, 1847, 6477, 9338, 2068, 1775, 9541, 5589, 7026, 5491, 1280, 2845, 6172, 6629, 994, 2397, 135, 3338, 677, 4106, 3789, 3425, 9569, 1352, 8512, 8265, 2407, 6465, 7148, 2985, 2137, 3103, 5087, 8455, 9113, 1809, 7029, 1288, 1563, 1689, 6710, 5412, 1826, 4885, 5873, 8520, 4839, 1176, 2688, 9085, 6730, 2688, 1048, 6353, 1479, 3017, 1435, 9681, 9342, 3408, 7596, 3678, 2964, 5906, 110, 3253, 5234, 166, 5774, 71, 9768, 6153, 3463, 2436, 9483, 175, 3763, 1209, 6131, 6749, 1576, 3700, 8151, 9825, 9229, 5252, 9936, 5323, 2136, 9933, 1734, 9447, 3553, 7421, 8224, 9840, 8248, 4508, 16, 9652, 2978, 1297, 6641, 91, 2097, 9379, 9095, 6490, 3723, 9974, 2678, 1399, 368, 2588, 508, 7651, 8166, 8429, 7966, 3287, 6076, 4870, 5097, 4051, 3354, 3660, 5669, 3566, 9381, 3064, 7960, 2041, 5526, 7562, 8839, 4414, 4842, 6707, 9019, 7306, 5180, 1982, 5179, 171, 2783, 7704, 173, 5069, 1222, 1875, 5252, 9255, 5731, 6290, 5955, 6186, 9131, 7523, 9640, 5124, 1245, 9391, 2580, 2533, 1840, 309, 1667, 442, 4698, 2785, 5649, 4922, 6785, 7351, 8657, 8745, 5998, 8749, 7153, 2517, 2199, 268, 7404, 6858, 1798, 7530, 9486, 7199, 1132, 9340, 4974, 5224, 6087, 9963, 9989, 5851, 3846, 4467, 8646, 4751, 277, 9013, 6835, 5037, 5263, 1117, 4615, 976, 3299, 7125, 9366, 5255, 6194, 6726, 8800, 1846, 7104, 4184, 1425, 757, 6895, 9404, 7822, 1320, 1802, 4516, 8347, 9307, 3967, 1303, 3844, 3467, 6550, 6292, 3553, 7813, 2987, 2516, 1214, 2945, 1974, 5786, 5704, 2061, 201, 957, 5154, 7826, 3131, 1164, 1797, 7918, 8438, 3164, 1521, 7628, 624, 4171, 1807, 4012, 204, 2259, 1708, 9295, 3925, 3282, 4304, 2012, 9603, 3088, 6844, 453, 5265, 2244, 599, 8885, 1570, 7717, 4308, 4612, 8073, 330, 8103, 6131, 7946, 7550, 6363, 6875, 2473, 7644, 342, 885, 5227, 1348, 6243, 2445, 3841, 9118, 4744, 9191, 8946, 4698, 5793, 1854, 8990, 2752, 7862, 8650, 5467, 5431, 2397, 2469, 8320, 3610, 1976, 9490, 719, 8890, 9342, 1902, 2353, 2727, 6553, 1265, 7489, 9150, 6062, 3487, 4309, 9989, 1571, 854, 6270, 8524, 8810, 6266, 6763, 1875, 878, 1163, 9792, 8552, 5281, 7020, 9653, 6572, 3578, 7039, 7574, 8410, 8961, 3657, 6131, 4533, 4901, 4762, 6135, 4653, 7779, 1056, 5419, 8106, 9693, 1019, 4304, 9562, 3101, 4993, 3777, 6860, 9037, 960, 9047, 9477, 3484, 4039, 4494, 9489, 5982, 3785, 3799, 6126, 9583, 6828, 6059, 6423, 5101, 946, 882, 3330, 4753, 8595, 3333, 9817, 1089, 9838, 7359, 3676, 7526, 2635, 9060, 8742, 1488, 6165, 9497, 355, 1015, 6351, 867, 4450, 1358, 7794, 226, 9269, 8055, 339, 4681, 6538, 4942, 5125, 4498, 854, 4652, 8285, 8726, 1141, 7787, 9053, 296, 6795, 9030, 6961, 2595, 5494, 1618, 2044, 1279, 7646, 9013, 5534, 9501, 3528, 4885, 8925, 3206, 9572, 5185, 5258, 1583, 9718, 6458, 4588, 4466, 5219, 2389, 795, 110, 4427, 9318, 505, 1119, 113, 5102, 8932, 7864, 7684, 802, 1644, 5566, 511, 8988, 3329, 1148, 4710, 6439, 4531, 8372, 2524, 6183, 1087, 8183, 6476, 4669, 3246, 3623, 763, 2377, 9180, 5667, 7979, 9596, 5155, 2886, 7982, 1142, 4715, 1165, 4453, 9313, 7237, 8124, 2074, 6708, 9602, 2186, 4173, 2464, 657, 2623, 7723, 483, 5992, 1853, 2618, 4636, 9022, 3678, 160, 2306, 3987, 5184, 2106, 6476, 1646, 9765, 135, 1889, 4416, 7412, 5179, 1214, 1147, 3293, 4101, 5506, 5583, 9317, 587, 2237, 8673, 6205, 8130, 1819, 1475, 6839, 1214, 6584, 6281, 3317, 9448, 2025, 1407, 6187, 1890, 6834, 3686, 6080, 5265, 7528, 1897, 3114, 386, 2273, 1310, 4642, 229, 3248, 5312, 6997, 9500, 1277, 365, 8803, 5544, 1383, 8235, 5525, 729, 5181, 1633, 8437, 1597, 9002, 451, 5379, 8587, 7351, 5152, 4218, 8763, 9711, 6053, 6985, 9593, 6112, 3343, 5696, 7930, 6125, 2159, 5989, 2516, 5129, 9169, 1758, 7033, 6512, 6262, 3681, 6622, 5453, 1158, 3801, 7424, 6632, 3390, 636, 657, 6469, 7305, 2453, 1012, 6019, 3586, 6429, 1356, 4060, 5998, 1693, 5908, 7895, 9923, 3736, 2436, 2584, 448, 3610, 7035, 8250, 6540, 4846, 5091, 6278, 7196, 4836, 9677, 7289, 301, 9125, 7871, 7198, 5335, 5073, 2350, 6812, 8208, 5599, 2207, 4887, 7039, 9101, 3533, 9956, 7917, 9370, 425, 7212, 5283, 5691, 3094, 7463, 3710, 1486, 7135, 5743, 9140, 3543, 8296, 5189, 5300, 7191, 2092, 8448, 901, 7326, 7241, 6249, 8516, 5141, 9072, 4637, 6365, 5833, 5873, 2001, 6450, 4598, 5019, 2738, 4214, 1175, 1555, 1457, 4043, 7468, 8090, 9688, 8369, 5118, 612, 9426, 8461, 5939, 6821, 5576, 7529, 6095, 8502, 4677, 9855, 8360, 8674, 2382, 7164, 8411, 1202, 3202, 4349, 4145, 436, 3963, 6852, 6829, 1494, 5955, 7065, 5469, 4326, 8416, 1039, 9127, 9257, 6698, 6993, 3781, 5595, 2352, 3400, 7549, 4932, 6732, 2966, 1005, 8802, 6829, 5154, 2202, 4709, 4192, 1335, 5450, 8163, 5341, 6469, 2391, 8607, 3853, 138, 7953, 558, 3411, 9172, 2803, 8206, 6709, 9535, 5710, 3180, 9368, 6930, 9507, 7900, 5183, 2799, 6326, 8479, 3951, 274, 2569, 7053, 4475, 7519, 7082, 937, 1270, 8708, 5632, 2125, 8920, 9773, 8150, 6987, 4680, 1454, 6735, 1381, 7021, 5229, 3815, 9205, 348, 1693, 8316, 2639, 4669, 7085, 8176, 4309, 9439, 6683, 4258, 9033, 8075, 4085, 1324, 7092, 402, 3552, 7465, 566, 5888, 6423, 5670, 5540, 2400, 9847, 5594, 1941, 3092, 4290, 7162, 6381, 9286, 7701, 4742, 7018, 2997, 3486, 3097, 2127, 2635, 159, 7236, 3910, 6455, 192, 9192, 398, 2085, 4541, 5548, 815, 2054, 4117, 3992, 7708, 5157, 397, 4462, 3515, 8340, 1187, 7160, 8159, 4954, 820, 2769, 4675, 4050, 9886, 2268, 9152, 1462, 8630, 2077, 2391, 7383, 9075, 1653, 4141, 9921, 6389, 6806, 6554, 8383, 9667, 6132, 428, 8442, 3787, 962, 3329, 5831, 5557, 6625, 4897, 4397, 6422, 9560, 8778, 7486, 2152, 9782, 6647, 8864, 9826, 964, 9536, 1646, 8107, 2909, 3235, 6488, 3250, 6118, 5924, 1696, 8981, 1434, 4319, 8747, 5500, 6631, 6381, 8449, 4124, 3078, 6372, 584, 3770, 6037, 9962, 1689, 5528, 8722, 9263, 3463, 2203, 7980, 435, 2292, 6406, 283, 1107, 1511, 6829, 819, 3715, 3383, 5068, 5248, 8182, 3415, 9982, 5846, 5365, 3358, 6480, 8377, 8130, 5961, 9160, 6316, 6073, 6646, 8994, 8611, 1907, 6553, 6122, 1243, 5698, 6286, 6847, 3105, 7354, 453, 167, 6326, 8303, 5124, 4392, 9419, 5061, 5630, 7892, 9315, 5670, 1968, 4449, 6703, 5808, 7161, 3534, 4458, 3960, 6876, 9663, 7288, 3752, 6541, 5265, 8936, 5335, 1767, 3534, 4950, 1074, 7571, 9405, 7854, 4709, 113, 2756, 7694, 452, 9663, 3383, 5786, 8559, 8092, 2130, 4865, 5426, 9486, 544, 5495, 9357, 5216, 1362, 86, 3112, 109, 4020, 7820, 8394, 6607, 2923, 5955, 311, 2346, 5315, 6588, 400, 3226, 2056, 178, 8739, 6816, 8815, 2840, 1457, 2089, 4846, 9315, 6967, 1589, 938, 5694, 3022, 5240, 7208, 5482, 7106, 6874, 4173, 9227, 7368, 3164, 8664, 2955, 7681, 9063, 2254, 8468, 5233, 2238, 6611, 3799, 9339, 3381, 8447, 9830, 193, 9390, 5884, 5861, 5049, 7483, 661, 1163, 1856, 7177, 8046, 237, 4650, 5199, 1833, 9638, 4591, 1608, 9257, 2445, 201, 2421, 6543, 5860, 4211, 8622, 9845, 8130, 4825, 871, 4191, 9256, 4771, 1952, 9330, 2127, 8756, 1150, 3602, 6860, 5721, 3227, 2524, 651, 9972, 1685, 8549, 1445, 8399, 4022, 9161, 2628, 9811, 4892, 9487, 5326, 5520, 4296, 1186, 8745, 4241, 5406, 2523, 3756, 4079, 297, 1016, 8445, 6795, 4039, 3020, 4892, 6781, 1146, 6485, 9761, 2653, 23, 4538, 4472, 7801, 4520, 7394, 371, 5379, 2352, 9454, 6346, 8409, 6478, 7613, 651, 119, 740, 7450, 5288, 1893, 9328, 2227, 655, 3192, 7459, 4690, 6799, 8845, 7825, 7995, 3873, 5932, 3351, 2240, 5216, 3805, 3721, 1501, 8986, 494, 8322, 1049, 8952, 425, 9282, 6850, 1572, 3057, 1790, 9003, 9358, 9250, 3011, 5618, 1400, 8308, 7406, 3856, 2315, 7875, 7238, 1902, 321, 979, 1926, 4159, 3961, 499, 6568, 5278, 8539, 5087, 1566, 7244, 6640, 5519, 9932, 6469, 9071, 4553, 2741, 2836, 4396, 587, 1085, 4626, 6109, 9918, 863, 9356, 5860, 9536, 8572, 4315, 6472, 1216, 1266, 4864, 5986, 321, 4949, 3066, 8811, 2985, 3132, 1717, 9682, 5364, 1430, 156, 8297, 3894, 6070, 9482, 3356, 5931, 2225, 7769, 911, 4110, 6164, 465, 1527, 2326, 4361, 1027, 6360, 8476, 1245, 4268, 1442, 8507, 3643, 2407, 3051, 9121, 8229, 4581, 417, 9425, 5653, 5508, 8315, 8019, 964, 3780, 6504, 8441, 71, 1604, 1580, 645, 9416, 1972, 4613, 4280, 4199, 5205, 5928, 4896, 4633, 7797, 6672, 6637, 578, 4191, 3628, 2511, 8694, 6870, 4823, 9739, 2912, 7658, 5957, 5141, 6182, 7193, 3304, 4709, 7300, 2068, 6970, 4724, 7619, 2411, 6478, 8104, 3606, 6383, 5004, 4530, 7840, 4149, 2329, 7312, 4120, 439, 7155, 9273, 3241, 3774, 292, 9674, 994, 1264, 9092, 8812, 1609, 8021, 7190, 3238, 7556, 9127, 7393, 2758, 1405, 5034, 8381, 8246, 2347, 555, 4391, 7056, 4060, 601, 1196, 6501, 7017, 6114, 576, 5490, 2459, 2357, 7591, 3453, 5056, 8708, 6750, 137, 6101, 1394, 1598, 5800, 8051, 9601, 7040, 6541, 52, 6274, 3450, 3503, 1695, 9902, 695, 1745, 6383, 6084, 1926, 9427, 7938, 7764, 3116, 5408, 7528, 7793, 4974, 9280, 2359, 9539, 7812, 7149, 8189, 5641, 2673, 7633, 2470, 4748, 7248, 1028, 6731, 8181, 1830, 4829, 1587, 4731, 2718, 1103, 1827, 5587, 380, 7425, 8009, 9056, 7372, 6361, 8177, 7481, 8514, 2537, 8793, 7018, 1772, 4207, 9990, 3224, 6401, 7757, 9954, 5363, 3507, 2877, 2720, 3388, 3660, 9996, 300, 6149, 6697, 1616, 9053, 9322, 14, 205, 2260, 4139, 5558, 8284, 6877, 8990, 4363, 9848, 6292, 4793, 9645, 8608, 1572, 5834, 4804, 1429, 1801, 2681, 1225, 3545, 4980, 1466, 2899, 8896, 1844, 6387, 6769, 5805, 610, 3954, 152, 3924, 9309, 3230, 1931, 1167, 5662, 8305, 7573, 6897, 4560, 3228, 8762, 4142, 5691, 580, 9094, 2952, 5086, 3249, 5175, 5088, 4127, 192, 3571, 3761, 844, 3801, 9999, 4656, 9600, 5606, 1601, 3922, 2036, 4473, 9764, 8546, 980, 7698, 7301, 4472, 4558, 627, 5621, 2391, 1613, 7422, 5463, 2187, 3038, 5379, 9024, 9843, 9452, 1332, 7379, 6397, 8386, 9487, 4035, 2473, 2980, 8184, 2285, 6150, 20, 9178, 9112, 3023, 3762, 5445, 4607, 8448, 7179, 9385, 9306, 8436, 525, 1803, 7197, 8982, 6031, 2733, 8913, 4645, 2695, 6903, 4410, 6291, 8485, 290, 1308, 3798, 9009, 8831, 5751, 6625, 9495, 1469, 3224, 7516, 6424, 5417, 8181, 5738, 2367, 5681, 8995, 221, 5786, 2794, 4402, 6358, 8541, 5722, 2996, 7715, 4471, 191, 4621, 398, 1717, 7554, 6676, 9217, 489, 8955, 8529, 927, 4975, 1707, 4589, 3405, 1946, 1583, 9442, 7701, 1748, 1540, 4117, 6772, 8269, 423, 1672, 3011, 3111, 5231, 5594, 8545, 5911, 2863, 1079, 2343, 5514, 1427, 314, 6386, 2383, 5509, 4635, 9552, 6159, 191, 4855, 379, 5108, 4529, 6759, 6950, 6414, 5047, 7526, 4645, 6438, 7101, 3822, 5101, 7252, 3378, 6834, 440, 7342, 3254, 3983, 2190, 23, 4279, 631, 4770, 2113, 6399, 2132, 5934, 1345, 2224, 3019, 1533, 5038, 4877, 5392, 6411, 7546, 5441, 8559, 6090, 6681, 2902, 9618, 631, 4747, 8191, 789, 3258, 1298, 2932, 730, 2283, 7010, 135, 2105, 4021, 7314, 1236, 5990, 7038, 670, 6919, 1133, 5143, 5715, 6384, 7686, 3035, 5507, 3822, 5416, 8522, 7390, 2455, 4923, 9692, 2015, 5646, 3638, 186, 4052, 8683, 5681, 8587, 5905, 4262, 1196, 6817, 2327, 765, 6399, 7694, 8135, 7537, 7379, 4503, 8103, 1206, 7307, 9365, 6460, 8606, 4193, 2061, 2902, 9151, 4148, 1000, 807, 8881, 1979, 2736, 2766, 8631, 9423, 5837, 8580, 7607, 4880, 752, 8828, 9223, 6055, 9914, 4664, 4456, 812, 668, 9716, 7170, 9504, 4670, 2955, 4363, 4689, 5766, 8983, 2771, 7520, 8634, 1491, 928, 6777, 9249, 74, 4393, 9959, 4914, 3179, 5751, 3577, 1684, 6882, 9561, 3522, 4494, 644, 7060, 7598, 7363, 9030, 2972, 4438, 8152, 4425, 8734, 5601, 8968, 9170, 3684, 3584, 1533, 1879, 7696, 3033, 6999, 5019, 8149, 7666, 9522, 2483, 1196, 8581, 6530, 21, 8977, 2710, 4953, 4357, 8860, 3215, 1782, 5479, 5745, 186, 5032, 8833, 7121, 1846, 7488, 578, 9598, 1992, 8422, 7200, 3259, 6089, 5991, 7014, 7880, 7840, 3429, 492, 4824, 8695, 2770, 2428, 5613, 4139, 7556, 5664, 4503, 4296, 3306, 4185, 6687, 7673, 4066, 3128, 6598, 1569, 6047, 8908, 3848, 5442, 3758, 9753, 836, 5770, 7397, 1256, 4709, 4166, 599, 6240, 620, 2179, 6690, 6113, 7100, 3189, 2396, 292, 955, 4880, 2689, 1799, 5450, 3025, 249, 2605, 7024, 6333, 8738, 2606, 6801, 9655, 6933, 9034, 742, 8353, 6265, 7883, 6618, 6965, 7487, 967, 1632, 2476, 3886, 7345, 9104, 4081, 934, 6767, 9141, 9970, 9640, 351, 2259, 8305, 3387, 3094, 8175, 2052, 7721, 1361, 3150, 799, 277, 1197, 7421, 5693, 1377, 1000, 2438, 1763, 6555, 914, 164, 956, 7786, 3399, 6277, 6916, 9779, 4413, 7625, 4261, 5004, 5784, 9121, 7492, 9396, 2775, 6844, 897, 2154, 1853, 3535, 4560, 5741, 652, 2814, 710, 5042, 6869, 3361, 3102, 3038, 6210, 8978, 3071, 1109, 314, 2124, 8695, 9114, 5368, 9878, 173, 5267, 4062, 7585, 571, 388, 6902, 3189, 9420, 4871, 3429, 117, 7162, 767, 583, 907, 4021, 9441, 6331, 8782, 4024, 1907, 822, 9231, 3239, 3587, 3346, 2906, 1001, 6655, 8074, 4760, 6017, 740, 5656, 1408, 9513, 7299, 2276, 9756, 1617, 6020, 6228, 9658, 9513, 9093, 6120, 3442, 4722, 5737, 9300, 7087, 1479, 5625, 9104, 5263, 2290, 2383, 5040, 2528, 7368, 7971, 2548, 5346, 2029, 8224, 9274, 4007, 8204, 5286, 870, 6979, 8830, 9099, 4229, 555, 2266, 6090, 7656, 5851, 7152, 8745, 6084, 1109, 8295, 5649, 7571, 5780, 4886, 2726, 1260, 7216, 9048, 6086, 831, 3807, 6824, 1784, 3595, 5600, 9626, 9521, 8067, 290, 4154, 3805, 5637, 4585, 6534, 9885, 3281, 6138, 7116, 9260, 8014, 3896, 5761, 4729, 3840, 3323, 9184, 7835, 1502, 8105, 7805, 510, 359, 4087, 2618, 2183, 6076, 6843, 2976, 9348, 5966, 3964, 4395, 640, 7110, 2547, 9111, 2746, 5614, 4283, 9114, 8035, 8824, 9513, 6487, 4188, 8313, 6385, 604, 9382, 5045, 6647, 3032, 3531, 4920, 8055, 9717, 6154, 8541, 266, 7726, 5663, 8945, 6503, 3515, 7401, 4807, 9581, 9096, 6769, 6234, 1619, 7344, 3041, 7003, 7844, 3759, 9019, 1879, 225, 961, 3490, 4204, 7584, 7064, 3225, 7426, 8424, 2022, 4835, 4898, 2788, 9633, 9408, 600, 8747, 93, 336, 238, 6879, 6503, 2241, 9928, 3972, 8963, 4822, 3176, 2319, 8710, 4025, 8507, 5751, 7571, 3836, 4348, 9696, 523, 2626, 9354, 6244, 6591, 5788, 6905, 5980, 8409, 5404, 2117, 2536, 8777, 7867, 8095, 5985, 700, 5133, 7656, 2637, 2796, 1867, 1908, 2366, 9680, 5144, 4481, 7078, 6903, 585, 3019, 4841, 9465, 5001, 7738, 8053, 1984, 8443, 9783, 4215, 9063, 8235, 5029, 955, 5631, 6230, 1159, 910, 1307, 334, 1209, 9251, 6441, 2902, 7848, 824, 5304, 7249, 9683, 9740, 6562, 1464, 7812, 9777, 3225, 4127, 2609, 8576, 5363, 2203, 945, 1501, 3813, 3103, 9487, 1423, 3294, 311, 1559, 7742, 2689, 3899, 2248, 8904, 7504, 6521, 1908, 824, 8912, 127, 4826, 7029, 5820, 9044, 8782, 9797, 1166, 3116, 3385, 5814, 987, 4688, 15, 8619, 3668, 3299, 3553, 9323, 5404, 1974, 3543, 3571, 7160, 4797, 5603, 1977, 2409, 2297, 8863, 8993, 2656, 3775, 8074, 431, 6670, 8993, 4596, 2092, 9483, 8121, 8108, 2131, 1565, 3494, 2449, 7943, 1635, 1366, 4615, 50, 6562, 8972, 9228, 704, 2739, 658, 1047, 2044, 7463, 3218, 5631, 2434, 5222, 9086, 6262, 2808, 8847, 4633, 9314, 8835, 347, 8754, 7237, 3072, 8777, 9912, 1665, 6579, 6756, 4096, 7347, 9596, 9896, 7890, 8220, 8914, 2173, 627, 1773, 9567, 6224, 7214, 3653, 2895, 2370, 9615, 8949, 7705, 5690, 8602, 7316, 9256, 7971, 9055, 2164, 8114, 4889, 7259, 7631, 7966, 1915, 5737, 9593, 7024, 7632, 1694, 7407, 8472, 4355, 6461, 1819, 3622, 8386, 1470, 296, 649, 9896, 4624, 2803, 8040, 8706, 8671, 857, 92, 5742, 2152, 3040, 7838, 5708, 5352, 5442, 3304, 6220, 5288, 3634, 6980, 6660, 6834, 7497, 442, 5119, 436, 1428, 347, 7144, 7476, 2307, 6663, 4312, 8432, 1185, 1537, 7983, 9720, 5500, 6531, 9179, 4080, 4430, 3068, 2979, 7030, 5780, 2895, 9579, 341, 5388, 512, 2436, 6396, 6872, 5347, 4145, 9497, 9137, 8548, 556, 7908, 3246, 3497, 8822, 6025, 3819, 235, 9427, 4677, 6194, 2606, 8493, 4717, 1044, 2609, 1184, 7743, 3922, 4789, 9537, 5288, 4375, 5780, 4072, 721, 8347, 9487, 1310, 1154, 56, 4756, 5913, 6287, 9069, 4698, 203, 6905, 3768, 4456, 9342, 8205, 2428, 8934, 1037, 1782, 8830, 2537, 8448, 4105, 8080, 7057, 8169, 2236, 7241, 5189, 8208, 3152, 2519, 8242, 8110, 9223, 8357, 1464, 4999, 9477, 5822, 4251, 959, 5385, 6566, 2124, 8174, 7284, 9641, 2137, 2386, 6705, 9790, 1206, 13, 4261, 3822, 7939, 8410, 9480, 3644, 5763, 9127, 8346, 3931, 3499, 9610, 3487, 2369, 1515, 5714, 4690, 4637, 6536, 5469, 8714, 5083, 1447, 1798, 829, 5108, 1976, 9965, 1948, 5715, 714, 4185, 5538, 4477, 3334, 3236, 2591, 4243, 3002, 9680, 7077, 5388, 3571, 2940, 3706, 2286, 1438, 4333, 9597, 3645, 2134, 7915, 8663, 9628, 7341, 119, 5387, 9631, 7912, 4285, 2677, 4360, 7883, 231, 5519, 8827, 2861, 7884, 1621, 9056, 7314, 2875, 7534, 3298, 2226, 258, 9203, 9129, 5786, 3805, 7463, 7402, 1296, 1506, 4700, 9330, 3344, 2852, 5875, 9688, 1760, 3610, 8196, 9035, 1867, 5868, 9982, 7793, 8612, 9620, 4922, 9073, 8200, 1998, 5832, 2068, 8041, 4468, 7153, 2163, 976, 9766, 7420, 1680, 7971, 3887, 9423, 4909, 8524, 9940, 8474, 7080, 996, 9683, 5643, 5312, 5071, 80, 7639, 3621, 5381, 1015, 5044, 4433, 6564, 3431, 3081, 115, 7019, 3498, 4778, 7621, 1537, 14, 2655, 3253, 3135, 3320, 382, 4126, 7292, 2672, 6725, 2704, 8463, 1448, 6201, 5574, 5021, 9832, 9323, 5441, 8856, 9244, 2130, 749, 7848, 1777, 9132, 4305, 8526, 7026, 6891, 1112, 5940, 2858, 5886, 3789, 9979, 4032, 7882, 3508, 1438, 6584, 9632, 3686, 9398, 9408, 204, 7447, 191, 316, 5309, 3284, 3428, 1364, 3112, 2975, 6834, 171, 7333, 4989, 1134, 2071, 1871, 8146, 5170, 5213, 3746, 77, 2091, 4671, 6368, 3019, 1154, 5188, 695, 821, 1753, 9302, 6811, 1674, 728, 9809, 5760, 2370, 5818, 7754, 1484, 6716, 1483, 8503, 3227, 1633, 784, 9047, 5352, 5136, 8477, 7467, 5905, 1467, 8242, 1013, 5795, 8502, 5443, 8514, 2503, 1655, 767, 442, 1075, 3259, 6198, 465, 1350, 9052, 3941, 6018, 7782, 4767, 7108, 6517, 8311, 5872, 6558, 7203, 6926, 837, 7853, 8074, 6961, 556, 5297, 8381, 810, 8186, 3597, 6210, 7210, 4145, 4813, 9029, 1713, 8732, 5476, 3051, 1685, 1387, 124, 836, 6152, 2678, 1561, 4873, 4358, 7076, 6569, 5820, 7792, 3287, 8785, 2573, 6120, 7964, 1137, 7997, 6883, 1623, 4664, 1037, 4853, 253, 3076, 8138, 628, 7009, 1870, 6196, 4946, 8879, 5951, 5692, 4539, 3427, 4749, 5094, 3166, 2188, 5621, 5858, 1549, 6376, 5650, 9996, 2776, 6159, 2366, 917, 7269, 7750, 2865, 1388, 140, 6219, 1326, 1557, 2330, 1651, 4277, 1905, 5774, 7167, 1229, 3148, 8791, 2450, 4070, 8936, 2649, 6761, 2598, 4569, 4958, 3204, 2044, 852, 6243, 3592, 1738, 4002, 9490, 330, 9750, 1784, 5723, 9645, 2615, 9972, 9222, 7789, 8348, 4523, 1603, 1165, 403, 6538, 3400, 3570, 9423, 7684, 8337, 6535, 9284, 8989, 5957, 6071, 6435, 3558, 189, 7190, 9992, 5640, 4666, 8239, 9238, 153, 3347, 3885, 5863, 489, 2376, 4953, 8602, 2743, 9383, 4550, 8378, 2293, 6178, 5298, 9480, 9432, 2234, 9800, 7724, 1059, 4479, 7325, 1906, 653, 2462, 1963, 7680, 4842, 4882, 1017, 662, 4675, 8147, 5456, 9910, 1315, 7701, 5529, 3741, 3244, 9249, 3236, 6718, 5294, 9007, 1945, 3261, 6134, 9556, 7956, 4178, 9355, 6507, 9748, 5544, 643, 547, 4462, 8088, 5026, 7068, 8040, 4659, 7678, 6984, 3941, 2854, 4101, 724, 1781, 7367, 6972, 4235, 5662, 9433, 9025, 585, 8626, 8613, 2800, 9793, 8693, 4318, 1823, 2243, 7524, 6738, 1216, 2607, 1435, 4480, 4765, 3177, 6315, 8820, 1930, 9392, 8285, 3604, 8692, 1431, 9882, 8400, 8807, 8670, 2098, 5494, 7205, 5066, 5476, 9080, 8587, 5723, 8860, 9607, 1099, 7079, 5351, 6510, 4401, 2921, 4228, 888, 5208, 7458, 1581, 9818, 9072, 3203, 1084, 8874, 9327, 4414, 8009, 2257, 4130, 7871, 8840, 3446, 5890, 3963, 6980, 2804, 7362, 8894, 3606, 9396, 2306, 2630, 172, 7759, 9489, 1012, 6852, 4159, 3831, 3337, 3027, 6776, 4879, 462, 8352, 1500, 6742, 335, 6903, 9972, 2651, 5479, 585, 4255, 6253, 9595, 7853, 6169, 5283, 3383, 6096, 839, 8502, 1504, 4826, 9785, 8687, 2377, 1145, 2147, 4743, 822, 4888, 9178, 1033, 2758, 4106, 6542, 7216, 8399, 6892, 5572, 3549, 9238, 8772, 3757, 5158, 8950, 1429, 5110, 9845, 6851, 586, 9736, 4562, 9542, 4999, 419, 3490, 3244, 6832, 3174, 2228, 8944, 9717, 5967, 3217, 7578, 3166, 2531, 480, 1060, 2536, 4822, 9580, 4057, 276, 9764, 6459, 3396, 6838, 7291, 501, 380, 3015, 4497, 7439, 2604, 2513, 4931, 1702, 3879, 5209, 4547, 3213, 2336, 807, 6599, 930, 3160, 3151, 2171, 8768, 5615, 328, 5017, 5852, 7703, 3147, 895, 7578, 6794, 8603, 1170, 1734, 1993, 3492, 1721, 7665, 5831, 3480, 8852, 3506, 8373, 735, 9815, 4124, 978, 6923, 8621, 801, 2467, 364, 4563, 7886, 7842, 9446, 8414, 1947, 492, 2652, 4915, 7704, 4753, 4049, 4921, 3150, 8299, 590, 5177, 6285, 4541, 9635, 5793, 7602, 4716, 497, 321, 6799, 4597, 3893, 6918, 9267, 2829, 3572, 581, 8387, 2320, 3011, 6607, 5886, 7136, 6987, 7369, 5078, 38, 7510, 5987, 2658, 6824, 8221, 4958, 5546, 1941, 6541, 5817, 5453, 1840, 3602, 7445, 5278, 831, 3875, 1538, 8807, 3168, 3144, 8883, 5327, 5428, 4938, 8640, 3827, 5211, 988, 2609, 3131, 5463, 2279, 4013, 2719, 8536, 5056, 9678, 7649, 7372, 7671, 9497, 9026, 4913, 7039, 7882, 8189, 1737, 8434, 6164, 69, 4634, 8206, 4912, 8466, 5940, 7285, 2332, 1850, 4616, 3017, 228, 3575, 5386, 3146, 8298, 2023, 6020, 2055, 2160, 4428, 2193, 2485, 5685, 561, 4306, 3303, 9988, 8614, 8999, 6832, 2164, 8030, 5469, 4555, 6273, 3062, 218, 4958, 9708, 4424, 3187, 606, 9578, 6234, 3275, 5614, 7893, 6902, 9926, 6623, 1319, 9059, 3596, 8781, 10000, 991, 7578, 2131, 2761, 4738, 1639, 6687, 8416, 2913, 6839, 457, 2666, 6704, 9855, 477, 7036, 5296, 1624, 828, 7937, 5532, 7, 9031, 2045, 4726, 8712, 9937, 3667, 1103, 5438, 3716, 690, 7461, 2846, 832, 7249, 7882, 2383, 2533, 5517, 7186, 9485, 3947, 5465, 1232, 681, 2695, 8115, 8646, 5492, 7452, 5968, 2198, 811, 6550, 5624, 728, 6971, 4510, 5928, 3479, 5821, 3505, 2644, 5735, 3914, 9135, 6929, 8236, 246, 4877, 8116, 2558, 8518, 6149, 4397, 5536, 2393, 4979, 2964, 6629, 5834, 472, 5781, 3976, 32, 4141, 3523, 7717, 8246, 7541, 5434, 1111, 3320, 8021, 8499, 7351, 3318, 2401, 5541, 3518, 3464, 7571, 7853, 4374, 8903, 7455, 8177, 7181, 4993, 580, 4858, 4278, 1235, 381, 1858, 2275, 7218, 9720, 8238, 4990, 9795, 2111, 5178, 2000, 7881, 378, 6809, 3120, 8981, 4169, 4731, 334, 9153, 9224, 6919, 5321, 8063, 6858, 2471, 7991, 9924, 715, 5349, 5875, 3305, 7556, 4323, 5693, 5955, 421, 8292, 2469, 9829, 52, 7831, 2292, 219, 4601, 8072, 8507, 4639, 1790, 1706, 3643, 8731, 7181, 2144, 4086, 8109, 475, 1838, 7408, 963, 3078, 4915, 800, 7830, 8454, 780, 3409, 6277, 5760, 104, 7309, 3951, 5333, 2130, 4627, 9381, 832, 8191, 6238, 1255, 1186, 1124, 20, 8951, 6285, 232, 1260, 4476, 1119, 7770, 4904, 4309, 9945, 3844, 5206, 3010, 3297, 7193, 5431, 6441, 4295, 1597, 7331, 3934, 2012, 776, 9981, 455, 9695, 2089, 9021, 2321, 9699, 1905, 1824, 3989, 484, 4621, 371, 4091, 3185, 9492, 7345, 3525, 9265, 2008, 8214, 9402, 7615, 9991, 9633, 4138, 6465, 7870, 1304, 4196, 5162, 8386, 3209, 9162, 3860, 6588, 2142, 328, 3674, 1570, 8117, 7370, 1958, 1577, 1736, 3365, 4405, 3724, 6636, 2964, 6416, 3300, 9696, 1682, 8802, 8582, 8516, 2605, 7253, 7194, 939, 1910, 2910, 4477, 475, 3167, 3207, 8482, 6452, 686, 8051, 9437, 1874, 7400, 5799, 4320, 2569, 5909, 9813, 558, 7374, 4461, 8744, 1395, 5708, 126, 1442, 1085, 8433, 4017, 9017, 7765, 9752, 1555, 1029, 3198, 900, 9028, 3327, 2183, 7540, 9973, 8227, 3112, 324, 3222, 4961, 2977, 8336, 4226, 8626, 4139, 4671, 4561, 7829, 3685, 1191, 2595, 5020, 4887, 1560, 4049, 5348, 633, 5075, 1155, 1311, 169, 6192, 7474, 151, 6502, 4116, 2094, 3410, 4933, 9736, 8640, 9780, 838, 6781, 6168, 6910, 3641, 13, 5682, 3998, 1150, 3477, 5396, 6215, 9065, 3424, 3636, 8241, 2063, 6713, 7757, 3227, 5450, 7476, 3073, 4426, 4398, 6985, 5762, 2082, 6490, 7477, 2999, 2482, 6599, 8744, 3756, 4530, 4354, 7455, 4155, 4949, 7888, 2266, 7852, 7761, 5849, 8018, 9188, 1630, 6247, 8928, 5427, 6915, 3784, 1609, 4634, 2792, 4301, 8066, 8600, 2570, 8527, 1029, 4489, 7008, 8303, 9134, 5009, 8492, 1665, 2620, 6378, 3208, 6620, 7511, 5035, 7379, 7280, 1111, 4785, 8006, 1152, 8089, 9108, 1614, 3936, 9940, 5411, 8271, 6148, 2485, 594, 1455, 6529, 9654, 5029, 9615, 3284, 6710, 2565, 6892, 1945, 4058, 4195, 3734, 4255, 6418, 1866, 8480, 6134, 7793, 847, 95, 3324, 4932, 1030, 7667, 3775, 8089, 1722, 6935, 4689, 6305, 731, 7808, 3622, 3129, 8385, 113, 7509, 8357, 233, 832, 6341, 1032, 430, 2762, 1879, 4021, 1, 70, 2692, 2891, 7527, 1212, 4360, 1010, 169, 8062, 2382, 1309, 5787, 7324, 5893, 3715, 6850, 4281, 9326, 7018, 9810, 3193, 3283, 3366, 486, 1423, 1169, 4516, 7094, 6897, 7136, 4153, 5451, 205, 9836, 9449, 4363, 5800, 1710, 7175, 4541, 2382, 9581, 1250, 6711, 3685, 6089, 7282, 8455, 4051, 1656, 67, 2074, 2461, 4499, 5485, 2270, 9028, 4996, 6182, 5478, 3195, 101, 5614, 1186, 2602, 4146, 1616, 855, 9114, 459, 1349, 6455, 9389, 6927, 1105, 6365, 3893, 1835, 6185, 2050, 9860, 4009, 1728, 2754, 4945, 4664, 8021, 3926, 4460, 9914, 4017, 5728, 2403, 6054, 6262, 6825, 3588, 8562, 100, 233, 6363, 7828, 5562, 7390, 2585, 9041, 728, 7843, 474, 8307, 7301, 1418, 8419, 8497, 283, 9725, 913, 6288, 8968, 2404, 4656, 5814, 3767, 6935, 6120, 1120, 603, 3543, 7516, 1378, 3879, 6944, 1790, 1300, 801, 2119, 8208, 731, 7262, 4225, 6563, 3093, 202, 5246, 9534, 8454, 5403, 3012, 8134, 3512, 1063, 3421, 9510, 9864, 3115, 5976, 521, 4208, 5760, 4767, 5440, 7581, 8048, 1550, 3367, 5876, 9309, 470, 1967, 6116, 9130, 116, 4098, 3053, 6384, 5850, 687, 9940, 1877, 8976, 3349, 3224, 605, 5495, 2509, 2681, 474, 3424, 139, 7995, 2560, 9829, 2360, 1018, 2326, 8967, 8851, 1534, 3842, 8695, 7717, 883, 5033, 3634, 2876, 5806, 2049, 3025, 4641, 6575, 7017, 6481, 8153, 5780, 3592, 5818, 3219, 9055, 1919, 7019, 6347, 5419, 671, 6833, 4240, 9459, 7582, 9253, 9772, 2105, 534, 5276, 6741, 4080, 3042, 5266, 5487, 3611, 2020, 6832, 6121, 1637, 5264, 7624, 7087, 8941, 2613, 6443, 200, 9394, 1227, 5787, 314, 703, 2049, 9426, 9334, 1859, 1358, 2586, 5108, 6100, 4399, 9202, 9963, 7719, 3750, 4648, 2119, 4809, 3870, 3768, 5063, 283, 9861, 8109, 7993, 8374, 4819, 9095, 1283, 4473, 4462, 4617, 9375, 6244, 7056, 5619, 870, 5239, 1817, 8523, 2673, 7541, 6304, 32, 8376, 3186, 1759, 4978, 3700, 2860, 6706, 6396, 8465, 7422, 1712, 8948, 9643, 8831, 4807, 3359, 9086, 620, 1910, 725, 7498, 8925, 8421, 7645, 1022, 2240, 3270, 1074, 7459, 6891, 6948, 3146, 2145, 1737, 8759, 6044, 9337, 5785, 4014, 7357, 7817, 6581, 2119, 6963, 1045, 2453, 6750, 6929, 7493, 3917, 6802, 2093, 4918, 5371, 7401, 1600, 9803, 7934, 3503, 693, 1279, 6799, 4281, 4446, 6159, 6633, 2612, 8878, 3537, 7105, 2029, 9233, 6036, 6191, 9399, 6466, 7348, 3116, 744, 3746, 3144, 7339, 9434, 5648, 843, 595, 1751, 3112, 8378, 3865, 1485, 6662, 2356, 6493, 7369, 627, 8691, 8706, 6328, 2193, 8382, 2820, 1505, 2990, 5977, 9020, 4903, 2007, 3997, 5230, 184, 2760, 6981, 5154, 8346, 8997, 3651, 1969, 3075, 9756, 3419, 1454, 8597, 5899, 3786, 1524, 96, 433, 7915, 4780, 7187, 5085, 5176, 5866, 3416, 6710, 9773, 5117, 4414, 3886, 9432, 8384, 9109, 2441, 7241, 6251, 7677, 1408, 9672, 3323, 6826, 3665, 375, 6297, 4753, 6165, 2470, 2402, 8135, 6866, 9823, 1663, 2063, 715, 9830, 5135, 6236, 9366, 140, 3913, 2656, 2209, 1630, 2909, 5726, 6419, 7072, 5803, 6954, 4752, 2949, 5203, 7812, 460, 9967, 4735, 135, 2481, 6278, 1804, 482, 8888, 431, 4386, 251, 921, 7786, 3112, 9979, 3949, 7011, 8364, 6849, 4693, 1359, 3397, 1999, 3379, 9555, 685, 3046, 9983, 258, 182, 455, 1040, 4308, 3249, 683, 7411, 8278, 2275, 3284, 5773, 2349, 5007, 1026, 5340, 2512, 8118, 1195, 1071, 9080, 515, 1773, 609, 329, 7860, 3152, 9597, 6418, 6361, 6201, 4902, 8295, 4231, 1066, 2651, 3998, 7523, 9783, 3581, 8033, 3740, 4358, 421, 5681, 2695, 2995, 8625, 7974, 1110, 3711, 5736, 5703, 9171, 8272, 7512, 9803, 8070, 4255, 3806, 1860, 5802, 9405, 2812, 3700, 1900, 2518, 4664, 8087, 5833, 1563, 7676, 3321, 6237, 9569, 5400, 4846, 7114, 3568, 8281, 1627, 3774, 465, 3651, 6408, 5960, 8924, 5298, 1227, 9274, 7759, 9085, 8596, 6744, 9394, 9939, 7741, 3904, 5872, 8908, 156, 6353, 9769, 3, 3926, 5076, 2315, 4773, 201, 8502, 7471, 7949, 9929, 1761, 4611, 5673, 3709, 3212, 4629, 2663, 1520, 4742, 1681, 7231, 7573, 8964, 3219, 6452, 1989, 8137, 1875, 2712, 5475, 8545, 4604, 5929, 6073, 3833, 4489, 6962, 6128, 5433, 6464, 4051, 9524, 796, 1625, 35, 1117, 4755, 4117, 1115, 1499, 2661, 6840, 4994, 1146, 7866, 3298, 8153, 6546, 2114, 7296, 7785, 1886, 5063, 1764, 1059, 7104, 6016, 1050, 7749, 9359, 4593, 7020, 9408, 5485, 1097, 7671, 2854, 9633, 5526, 589, 8964, 8861, 570, 53, 8095, 3044, 8060, 8878, 936, 9027, 8434, 5461, 1497, 4388, 8752, 5274, 4067, 9804, 2643, 7825, 6375, 4288, 1480, 4673, 6151, 9100, 1272, 8715, 5701, 6346, 8439, 9726, 3493, 5311, 5341, 4420, 7788, 877, 220, 201, 8520, 9197, 2740, 358, 6291, 6304, 3006, 6946, 7625, 8249, 9546, 3364, 9226, 3655, 2136, 7002, 1619, 7081, 1117, 5699, 1933, 1290, 5778, 4458, 3636, 5511, 2513, 1940, 2392, 5922, 4095, 8193, 5114, 6653, 507, 5637, 2601, 4183, 9871, 9362, 128, 4553, 330, 7438, 7306, 9866, 1510, 9352, 3262, 9376, 3401, 1440, 4104, 4312, 2809, 4389, 354, 3513, 6726, 1299, 6189, 1685, 3601, 9170, 1597, 2593, 6854, 5455, 3478, 3049, 2822, 7350, 4539, 2273, 7819, 7367, 9416, 9789, 8034, 6135, 3150, 9378, 422, 3028, 8690, 7600, 2665, 532, 3233, 7529, 6755, 4824, 9796, 7148, 6385, 5244, 7181, 5832, 8458, 3421, 8445, 483, 6065, 6513, 9073, 4588, 457, 1586, 7215, 5692, 1047, 2270, 7848, 9483, 3395, 6780, 2266, 8735, 2555, 7313, 492, 5185, 2749, 8179, 6919, 1562, 4838, 7864, 9875, 606, 1756, 4633, 6240, 1750, 3720, 5982, 1496, 7803, 4546, 1274, 4726, 450, 2128, 2171, 5116, 4733, 4427, 9434, 6872, 7932, 4395, 8938, 9717, 8311, 580, 8862, 5716, 1191, 7475, 3711, 665, 1479, 8625, 1265, 2701, 1456, 8636, 8601, 5893, 7231, 7093, 6116, 2396, 5281, 1692, 3057, 4592, 8737, 5900, 1793, 6281, 2813, 5094, 1300, 5074, 2324, 7885, 8037, 3310, 4905, 9354, 7579, 6280, 6395, 1352, 8478, 7174, 9878, 692, 1676, 4523, 9653, 6254, 5411, 4260, 1505, 7849, 2683, 3626, 3668, 2032, 9724, 6760, 1686, 8746, 2669, 882, 9240, 1475, 9032, 5784, 5015, 3659, 726, 2165, 2092, 7600, 9250, 9306, 9403, 5153, 6862, 4105, 9681, 1883, 1588, 936, 9240, 6762, 5923, 7332, 3122, 1088, 8772, 553, 9002, 7140, 5982, 5385, 6747, 3051, 2751, 920, 4922, 5801, 4083, 8501, 4361, 6479, 7666, 5742, 2305, 5848, 8525, 1842, 5939, 786, 1425, 8699, 1503, 9571, 3576, 4540, 4017, 7472, 4053, 572, 3647, 3793, 782, 447, 6648, 1097, 1161, 1694, 276, 8741, 2153, 2629, 6235, 5910, 9945, 1701, 5628, 6366, 4178, 3809, 9422, 5980, 7945, 3815, 477, 1262, 5164, 6849, 6699, 8071, 5377, 3095, 2565, 3829, 6577, 2474, 4420, 3321, 1581, 1147, 7380, 5107, 693, 2192, 7495, 7641, 8935, 9993, 1651, 4305, 670, 8248, 2543, 3244, 1744, 2217, 5159, 8605, 6987, 3, 1222, 9721, 4075, 2658, 2958, 1053, 8932, 8896, 6779, 4930, 5042, 7244, 2647, 1679, 8840, 4112, 7427, 2500, 1061, 3312, 3090, 8381, 5352, 9949, 67, 8768, 8762, 9855, 489, 5328, 1805, 1134, 5133, 4378, 3015, 775, 9278, 1173, 1461, 6862, 7885, 1412, 2552, 3051, 879, 8615, 5909, 1334, 2050, 7557, 3218, 5827, 8543, 3610, 1479, 2066, 783, 9620, 3463, 3064, 5056, 266, 8271, 2474, 5474, 8241, 3315, 5092, 6835, 9119, 9016, 2808, 8533, 7830, 2948, 3240, 4337, 5033, 3183, 4162, 5541, 1048, 1884, 6960, 7328, 9711, 1620, 2706, 8073, 7182, 1905, 7499, 2355, 9019, 906, 39, 4080, 5186, 558, 1696, 1781, 9965, 2619, 80, 1582, 8339, 2554, 9727, 6762, 3914, 6465, 4432, 1356, 5101, 7425, 7426, 8668, 5404, 7343, 6558, 9866, 7353, 4552, 8971, 3876, 6384, 7559, 7419, 910, 9189, 8063, 5282, 8887, 9005, 6580, 7830, 7340, 2381, 4824, 4264, 1276, 4692, 3565, 5063, 1286, 5392, 2855, 2989, 9055, 1768, 9703, 8289, 3978, 3372, 5577, 2808, 7758, 1716, 3662, 370, 4900, 3553, 1859, 2673, 1968, 1113, 1309, 8031, 4329, 2820, 1808, 4013, 5907, 6859, 6536, 9909, 1228, 2962, 7920, 2474, 6652, 1293, 548, 310, 1783, 313, 4286, 7531, 5443, 6743, 1158, 9685, 450, 9036, 3526, 96, 9990, 5820, 9096, 4808, 6327, 2686, 8763, 9013, 2212, 1337, 381, 3938, 7204, 1677, 1468, 4806, 2902, 6530, 9835, 6211, 4235, 2303, 3058, 8170, 4449, 8868, 6585, 9781, 9100, 1632, 1292, 4866, 8824, 6073, 5372, 3344, 8451, 9888, 4412, 1012, 6785, 556, 5733, 7847, 7526, 9556, 977, 8793, 2076, 4335, 339, 2907, 5206, 7031, 132, 8936, 609, 7104, 2009, 1993, 4509, 4274, 5051, 7832, 3439, 8845, 2169, 773, 4255, 4888, 7772, 5554, 1693, 2458, 8609, 4363, 9962, 1617, 6921, 4939, 5724, 1016, 3500, 6470, 4265, 8606, 1114, 6808, 104, 1928, 8373, 296, 8591, 1600, 6200, 4148, 8317, 2649, 226, 7711, 4899, 5367, 9690, 7123, 4451, 5312, 1057, 4872, 5477, 1876, 5633, 7327, 5299, 801, 4964, 542, 4354, 4460, 7268, 9012, 7576, 4441, 6053, 8702, 9040, 754, 7945, 735, 8006, 1013, 4161, 5435, 2545, 7967, 5838, 8752, 8357, 455, 479, 8750, 2752, 214, 8614, 5470, 7543, 2520, 3918, 2951, 8473, 9900, 3069, 8866, 7886, 5808, 7337, 6713, 3041, 2558, 6982, 5826, 6319, 7600, 5737, 2250, 494, 1726, 1820, 2693, 4128, 4680, 9017, 2497, 6610, 6767, 5263, 6100, 5192, 8932, 3701, 8215, 9924, 9014, 4797, 9191, 2363, 6794, 3491, 6163, 8035, 2789, 9222, 5183, 8660, 7909, 2981, 3040, 4188, 3022, 8521, 4111, 834, 5485, 2469, 1485, 4293, 2573, 4508, 6004, 282, 8795, 548, 7191, 6988, 4430, 8760, 2767, 7101, 7109, 5492, 3257, 3406, 1072, 8347, 4683, 8905, 9607, 7675, 2742, 9654, 775, 9960, 2541, 2482, 6961, 6326, 2615, 7744, 2025, 6083, 9889, 1655, 2738, 7353, 6252, 3606, 3601]
List Size: 9000
Insertion Sort Time: 3966.317800 milliseconds
Merge Sort Time: 50.071800 milliseconds
Built-in Sort Time: 1.310300 milliseconds

Original List: [8512, 4299, 2375, 3294, 3484, 4356, 300, 5954, 9286, 7015, 9770, 361, 5406, 5299, 4629, 4937, 3098, 3685, 7214, 731, 9184, 3325, 4101, 7732, 1840, 4497, 1351, 3343, 444, 1002, 6573, 2971, 90, 7201, 2151, 5564, 1868, 6139, 2346, 7369, 944, 2904, 7823, 7902, 2087, 5684, 9678, 9452, 8148, 646, 8011, 290, 3813, 6282, 1748, 6658, 2974, 9640, 8332, 6773, 2374, 8854, 4853, 5087, 2842, 1175, 4416, 3705, 1355, 4154, 114, 1063, 7127, 8836, 8109, 3959, 4721, 6627, 5075, 1745, 2258, 6618, 3935, 5917, 3628, 8646, 2639, 5036, 4534, 6963, 5283, 8272, 6589, 7618, 6940, 3997, 3962, 344, 6245, 9514, 1726, 5020, 800, 5973, 2023, 8665, 5046, 1040, 211, 3043, 4903, 1518, 7279, 4116, 1218, 8447, 32, 4619, 5838, 404, 7987, 4631, 9330, 6265, 4312, 1808, 4557, 4035, 7569, 9419, 4754, 9793, 5919, 8744, 8559, 4858, 7737, 9979, 5610, 6696, 6492, 3320, 5295, 7407, 2613, 1626, 2912, 1455, 6736, 1580, 9545, 9486, 9295, 701, 9362, 4464, 5923, 7393, 1514, 8103, 3783, 6499, 7498, 3982, 4271, 2673, 9818, 3622, 9985, 5474, 5700, 5298, 6778, 6441, 6016, 439, 7409, 3945, 1171, 5297, 9791, 2640, 837, 8048, 9908, 2520, 1323, 7876, 6478, 3744, 8748, 3028, 6463, 8488, 8040, 9817, 7221, 6791, 6409, 7484, 1349, 454, 4677, 4756, 243, 1157, 21, 7535, 9856, 7983, 1247, 6778, 8003, 5694, 8890, 2364, 426, 7791, 3413, 788, 4894, 2130, 9773, 4281, 5072, 9463, 9682, 6006, 8044, 8134, 8041, 7556, 907, 830, 8146, 4698, 6163, 1966, 9152, 8836, 6601, 6971, 1720, 6851, 9984, 8883, 9214, 2711, 4610, 6326, 246, 8100, 6444, 5274, 4789, 2882, 7457, 6604, 2362, 4699, 3331, 5713, 7235, 60, 6242, 7527, 9743, 3612, 5058, 9822, 8999, 9123, 7845, 9608, 2600, 8539, 7482, 2630, 9642, 7910, 8849, 3865, 8597, 1663, 4047, 6712, 9264, 1313, 7128, 8319, 3043, 4063, 756, 6949, 9324, 2292, 7560, 6143, 9618, 2218, 5549, 8202, 4777, 6484, 7436, 7765, 4773, 8700, 5619, 9650, 9255, 6620, 8898, 2569, 5638, 8998, 1128, 208, 4227, 9720, 7647, 9275, 3758, 3329, 1388, 4239, 3482, 5076, 3664, 9012, 2634, 8554, 3247, 8606, 8948, 8936, 7104, 3597, 761, 9881, 3779, 4243, 1155, 4415, 3851, 1506, 3185, 6271, 9632, 9826, 3343, 2872, 260, 5582, 5242, 4094, 5858, 2880, 8281, 8593, 4575, 9599, 910, 4144, 9058, 3935, 3925, 8383, 3394, 2431, 3742, 3854, 683, 3477, 6113, 317, 1336, 2603, 877, 8499, 3571, 1195, 6298, 5279, 6049, 7385, 6780, 9392, 141, 5454, 7119, 3294, 5452, 4978, 9925, 1625, 6533, 1615, 6421, 1745, 9990, 9620, 7115, 6638, 5160, 8674, 5496, 670, 1561, 6992, 8707, 6867, 7902, 9351, 4534, 6813, 4347, 3300, 9744, 5506, 4575, 9061, 8636, 6494, 8262, 3181, 8095, 9618, 2516, 8437, 7254, 5703, 4147, 8532, 5922, 2464, 6939, 1893, 5530, 1916, 483, 4713, 5960, 919, 2132, 6899, 5583, 3692, 5917, 6730, 4003, 2311, 3930, 4971, 9789, 9234, 8590, 6650, 551, 6758, 4623, 9307, 5867, 7633, 8075, 6298, 3133, 8882, 6596, 7738, 9296, 7439, 6022, 9070, 8841, 6139, 3960, 8689, 4691, 893, 1785, 9656, 3105, 4014, 3590, 9257, 5430, 9536, 9595, 1628, 5824, 8191, 1329, 5260, 5552, 8726, 9452, 7005, 1399, 1029, 8806, 7536, 7895, 134, 750, 841, 7836, 3349, 4458, 4069, 7481, 5601, 3985, 7248, 7450, 5192, 1090, 9673, 8771, 4710, 5952, 5910, 6947, 5385, 935, 9928, 1148, 3477, 7478, 4382, 167, 7716, 4996, 2610, 3766, 5948, 9987, 5533, 5948, 3108, 1482, 2958, 8235, 9273, 181, 9358, 697, 2505, 4800, 1942, 1729, 5751, 5315, 9480, 274, 4059, 8828, 2197, 5310, 5236, 9469, 4400, 6427, 5138, 9759, 4134, 8352, 8547, 1874, 4390, 2944, 8822, 8349, 9936, 7864, 8506, 8865, 877, 2565, 3439, 9506, 2385, 5640, 3303, 2817, 9276, 4591, 2205, 8844, 9388, 6626, 5724, 5400, 6932, 327, 1635, 3701, 3306, 2951, 6069, 2264, 9441, 6761, 9518, 2015, 9742, 5906, 3375, 3410, 3761, 3, 8293, 3949, 4423, 1138, 5746, 3401, 3860, 9790, 8060, 999, 7964, 4382, 521, 9148, 1558, 559, 1060, 6797, 1505, 933, 4512, 7708, 3484, 1021, 9540, 7621, 9469, 1814, 9985, 3978, 429, 2149, 814, 5217, 3574, 8546, 5856, 7990, 3711, 976, 7363, 5046, 8744, 5457, 3591, 5597, 1357, 1323, 867, 7034, 5761, 7623, 6051, 8796, 7222, 2354, 5170, 6286, 6106, 1386, 1048, 4780, 3811, 5842, 2958, 3070, 2430, 1910, 1070, 536, 2648, 7637, 8709, 8324, 560, 8761, 5110, 7570, 1115, 6384, 4004, 9700, 2687, 5873, 6283, 3796, 8289, 9511, 4223, 1035, 3966, 9631, 875, 7736, 689, 4604, 1615, 2178, 4897, 1322, 3679, 4701, 9884, 1001, 6334, 9027, 3691, 9444, 7422, 5131, 2855, 3175, 5077, 3606, 1459, 911, 3685, 8867, 684, 7876, 1561, 8156, 7009, 3479, 101, 232, 6009, 5387, 9118, 9143, 9819, 7117, 5221, 7552, 7326, 1433, 5762, 7085, 4095, 465, 1272, 7334, 9514, 6381, 1384, 4708, 4105, 5705, 2630, 9802, 1471, 1121, 752, 2298, 57, 1455, 1738, 9099, 4867, 6716, 8635, 8159, 8630, 5259, 8950, 4032, 8053, 386, 6971, 7776, 854, 7547, 1549, 4678, 6127, 6235, 1340, 722, 9388, 3751, 2120, 8506, 6762, 4064, 8595, 1704, 3010, 2525, 3632, 2626, 4503, 8522, 7428, 197, 8266, 2729, 599, 1185, 5393, 6915, 4049, 9311, 1388, 9450, 4797, 438, 976, 8244, 3095, 8845, 3829, 1584, 8992, 5162, 5441, 5356, 7081, 1336, 3450, 4170, 3594, 1056, 2449, 6079, 3021, 1432, 3477, 2197, 7852, 4918, 5642, 1731, 1399, 6110, 8918, 5995, 2451, 4396, 6685, 3920, 6620, 4455, 9982, 3613, 7263, 572, 3344, 4564, 6483, 1308, 6047, 643, 9527, 935, 9602, 7433, 318, 6324, 9550, 2207, 4248, 8865, 8710, 2588, 9908, 3552, 5078, 7311, 9530, 3598, 6017, 8747, 1502, 269, 9792, 2165, 6052, 697, 5313, 9087, 4091, 2765, 2348, 3621, 260, 8551, 7105, 9679, 2325, 6645, 3544, 310, 7652, 5670, 8386, 4016, 8968, 5709, 1827, 9573, 3736, 9579, 9551, 4512, 1457, 282, 7890, 9585, 8858, 9022, 537, 3383, 4853, 5336, 4660, 2257, 6194, 2839, 8596, 4259, 4186, 5656, 5691, 7346, 4451, 2388, 5317, 6, 6572, 7967, 2005, 1095, 1115, 6884, 9161, 9568, 1831, 3967, 1240, 2296, 5985, 1335, 7055, 2767, 7041, 7663, 959, 9766, 736, 2222, 6608, 7510, 9446, 8025, 745, 6905, 4836, 1749, 1730, 8100, 4465, 6254, 5388, 4070, 4571, 4251, 47, 4663, 9422, 7868, 8806, 6384, 3953, 1694, 5832, 5905, 687, 9982, 9248, 6524, 1734, 676, 6427, 8187, 8348, 7185, 7511, 2533, 1474, 1775, 6617, 7748, 3842, 4640, 9630, 6518, 6231, 9617, 3432, 9770, 111, 1067, 7752, 8971, 7714, 1689, 9912, 4858, 4036, 5199, 7113, 2709, 5678, 9406, 6205, 7627, 8742, 454, 316, 6588, 23, 3271, 13, 8222, 7468, 7441, 6558, 9530, 1344, 7958, 6121, 4905, 25, 1986, 4628, 2147, 4593, 742, 8714, 5626, 1801, 8679, 3648, 7441, 1680, 6864, 8908, 3628, 3451, 9599, 2008, 5794, 9392, 1632, 4903, 2848, 7579, 9842, 5485, 3646, 677, 2254, 7792, 7674, 9187, 7727, 6223, 6808, 8812, 4232, 5993, 4750, 9333, 6288, 4897, 5525, 2337, 1503, 212, 2735, 6526, 5445, 9598, 173, 8325, 1290, 1505, 1672, 9124, 9157, 3617, 3492, 4033, 2191, 3080, 2650, 5376, 2228, 5849, 5249, 5382, 9385, 8563, 5163, 7932, 5605, 9813, 4348, 7037, 2479, 2872, 2372, 3398, 2292, 6871, 1417, 2303, 2236, 3669, 240, 8046, 7385, 1214, 4615, 9527, 8076, 1717, 792, 159, 6591, 9204, 382, 2528, 3442, 54, 5863, 1250, 6605, 851, 7297, 4850, 7146, 7330, 9558, 4564, 2519, 5876, 5958, 5678, 4453, 1487, 6431, 5813, 8215, 1930, 9004, 8696, 4331, 1441, 1769, 5065, 2218, 6761, 4392, 7488, 5985, 6678, 2462, 7968, 8935, 9807, 8086, 2198, 7018, 7795, 6785, 5071, 4486, 8608, 6446, 5618, 835, 8549, 8623, 8131, 599, 6947, 4003, 6875, 3663, 9572, 2879, 1285, 6547, 6851, 550, 5265, 4735, 4009, 6702, 7006, 6011, 3403, 2553, 7676, 4224, 1026, 9330, 5833, 1077, 5649, 4752, 950, 7292, 2776, 8255, 6426, 6505, 3515, 7655, 3677, 4553, 7502, 5025, 9431, 6221, 2609, 3035, 6098, 2828, 4789, 9789, 6099, 1925, 5727, 69, 3090, 1422, 8451, 3041, 9424, 211, 7699, 8441, 2527, 2763, 2012, 4947, 9525, 8522, 2965, 9146, 4812, 2282, 2050, 2964, 9702, 7821, 439, 3266, 3687, 9184, 4321, 7354, 3149, 3541, 8599, 9286, 8706, 6177, 7503, 1567, 4868, 9525, 8656, 8244, 1401, 7442, 8001, 7755, 9384, 1655, 4221, 7576, 5719, 9165, 8751, 7618, 8816, 4337, 5372, 7220, 8777, 6068, 6148, 2098, 135, 3338, 7968, 1919, 5796, 844, 3850, 7823, 4880, 6814, 8330, 1205, 1928, 9048, 6622, 4808, 6851, 5446, 1354, 8898, 7227, 8903, 9753, 9157, 4149, 9973, 3502, 4353, 9082, 7934, 1582, 74, 1803, 5966, 1214, 3378, 8246, 9990, 4030, 6721, 2034, 530, 5685, 2579, 9953, 3849, 1416, 8887, 2545, 5109, 720, 3263, 349, 2717, 1301, 9123, 6226, 4150, 5681, 5959, 9283, 3032, 1799, 1093, 4111, 961, 8557, 3839, 6551, 6184, 7949, 4989, 1142, 5168, 6341, 119, 9269, 7319, 4400, 866, 7627, 5723, 7455, 6729, 6349, 8806, 4964, 8818, 6124, 5456, 9245, 2962, 8670, 4426, 1268, 6431, 5768, 6333, 3106, 6784, 5867, 5898, 268, 7207, 8296, 7337, 8450, 357, 2947, 2743, 3041, 7160, 6356, 5400, 5424, 4692, 3065, 3496, 7382, 47, 5850, 3210, 9535, 6270, 1414, 885, 7367, 9573, 1979, 9940, 5073, 7536, 6723, 3823, 3668, 3652, 7059, 9281, 5172, 5402, 607, 6093, 8737, 8728, 5425, 7924, 4826, 3104, 9510, 6817, 4987, 8914, 9250, 1351, 7167, 2626, 9641, 1805, 8115, 1495, 1293, 3370, 57, 8430, 9137, 92, 7943, 7463, 9443, 4695, 248, 5543, 9314, 5345, 1506, 5968, 5695, 5280, 4721, 5000, 8379, 6462, 5999, 8519, 8452, 1331, 4537, 7191, 9850, 9691, 7896, 3525, 6349, 2561, 8094, 9195, 7584, 7170, 9214, 8198, 8239, 522, 3237, 5451, 399, 2545, 5081, 2314, 6951, 1995, 2320, 3043, 188, 1156, 712, 5959, 4472, 5990, 9454, 3444, 5014, 342, 9475, 592, 2077, 1628, 3813, 2852, 8148, 5700, 9538, 7650, 7699, 4062, 597, 133, 7888, 2320, 1817, 9881, 6138, 2436, 1798, 8637, 6249, 2183, 2832, 1454, 1087, 7939, 4934, 9663, 1767, 8499, 9652, 7570, 5791, 4660, 1897, 6407, 9655, 9374, 5026, 1663, 9903, 5182, 2458, 3113, 4938, 1067, 1499, 6726, 8436, 7022, 550, 6361, 4559, 8569, 5646, 6340, 9518, 2187, 4998, 3283, 4143, 9660, 9568, 9144, 6033, 6689, 6940, 3378, 5901, 3377, 1021, 6761, 6161, 2272, 1658, 4889, 2055, 6843, 5148, 9038, 4612, 9467, 1124, 7099, 3497, 1335, 7127, 76, 416, 1007, 5760, 2674, 7990, 5293, 8080, 2032, 7713, 160, 2997, 7513, 4745, 1494, 2619, 1994, 1467, 9232, 6144, 2373, 5610, 6294, 4170, 9799, 4598, 3238, 8005, 2510, 3964, 1139, 9867, 3181, 6302, 814, 3616, 1943, 9013, 3470, 6561, 4254, 9657, 2884, 6630, 5542, 5663, 8156, 3058, 486, 2451, 4084, 9255, 9065, 6101, 8540, 5930, 8604, 6189, 8136, 4274, 2174, 4007, 6480, 835, 9371, 4340, 477, 168, 4838, 4565, 9221, 4182, 5710, 5585, 4750, 9152, 3221, 2880, 851, 8304, 4132, 8999, 7786, 3297, 9151, 3275, 9086, 9250, 8798, 6379, 9982, 3096, 3214, 1525, 5766, 1394, 2390, 1805, 2448, 6955, 2144, 9272, 8994, 9072, 2325, 8153, 4385, 9277, 9327, 7302, 9181, 4185, 456, 132, 351, 150, 1125, 7581, 5306, 845, 1934, 2864, 2453, 8289, 222, 6250, 1641, 7207, 8590, 5397, 2355, 1466, 518, 877, 1621, 10, 3448, 8146, 1525, 6782, 9556, 4658, 622, 5174, 3608, 5783, 9118, 46, 1958, 4677, 2333, 8229, 9504, 2203, 5361, 1516, 6243, 8019, 1449, 1125, 4507, 660, 5109, 6306, 4195, 9272, 8772, 6551, 8570, 8082, 2589, 7920, 6758, 7719, 1650, 8597, 3763, 6494, 7558, 3807, 9650, 2168, 3516, 7115, 9205, 6529, 1634, 6139, 3674, 6109, 3431, 4547, 7943, 1931, 9423, 9929, 9026, 328, 5968, 5754, 9452, 4628, 5097, 2974, 7550, 3229, 7662, 3319, 2282, 9396, 5351, 8535, 7519, 7050, 5613, 4355, 7978, 7492, 7689, 8585, 8469, 382, 6158, 7137, 7207, 2274, 5016, 3907, 964, 2950, 4395, 3259, 8042, 3551, 4503, 4808, 9444, 3410, 2951, 8143, 6697, 4795, 1120, 5616, 9329, 4978, 2904, 3318, 610, 2468, 813, 6404, 6525, 8371, 7355, 4131, 852, 83, 5052, 5466, 268, 9637, 5455, 2389, 3768, 3607, 6313, 162, 7332, 5444, 7791, 8954, 2320, 3731, 2588, 3718, 3226, 70, 5016, 2412, 9016, 2696, 5671, 5448, 8181, 5057, 8068, 6277, 2834, 3407, 3224, 2383, 1107, 1695, 9310, 3539, 5222, 8499, 3733, 9545, 8181, 2175, 7971, 741, 3128, 1200, 7614, 3722, 2210, 4193, 1222, 6095, 2666, 8267, 6331, 4440, 4978, 9301, 3072, 2886, 1353, 4822, 1318, 3424, 9919, 2051, 7685, 3875, 6769, 4684, 4321, 8387, 2448, 2474, 398, 3631, 4803, 2992, 62, 5072, 9859, 9240, 3749, 3871, 1098, 9404, 8461, 2117, 412, 5445, 6390, 7382, 2989, 2139, 5457, 5966, 6297, 3852, 4240, 8597, 7773, 3650, 3560, 896, 2646, 6393, 895, 4515, 3306, 543, 9080, 5361, 5789, 5315, 1025, 6547, 3864, 4049, 6060, 9103, 3083, 890, 5092, 7136, 4222, 5481, 1565, 2606, 2342, 4371, 998, 3372, 8699, 1097, 6575, 6517, 1047, 3529, 2738, 8652, 7285, 7756, 7507, 5034, 3374, 7228, 1920, 616, 7504, 8871, 8088, 6559, 2836, 9186, 6462, 5550, 8110, 8329, 2677, 9277, 2666, 6629, 8356, 2743, 316, 567, 6253, 5987, 75, 5841, 3516, 4352, 2801, 3815, 2768, 8941, 2004, 5810, 4832, 7280, 4892, 5140, 7886, 6599, 9406, 8929, 1645, 1063, 4020, 3999, 7769, 4316, 1630, 5273, 6441, 5642, 1918, 5236, 6675, 2789, 675, 708, 4255, 1231, 3699, 9706, 7958, 4714, 9415, 8040, 5353, 1357, 8905, 7050, 4648, 5655, 7526, 6852, 4097, 1927, 8190, 909, 6461, 5320, 3048, 6611, 2221, 6282, 6366, 4755, 2977, 4557, 8850, 6671, 7714, 2136, 6195, 913, 7358, 8103, 2473, 5520, 9485, 5761, 470, 2741, 8134, 3058, 9254, 442, 6598, 7592, 8833, 197, 6291, 2395, 2643, 5228, 9697, 2149, 702, 6864, 5312, 7882, 6369, 5930, 701, 5817, 385, 7706, 7286, 1037, 4867, 1133, 1374, 9758, 1161, 6463, 2299, 2136, 9411, 9584, 2033, 2780, 1962, 5308, 7444, 7563, 3988, 82, 9859, 6106, 657, 3273, 7904, 2213, 2900, 8573, 1946, 5325, 210, 8981, 3586, 1598, 4518, 6861, 7006, 5191, 5737, 5677, 2645, 6810, 7953, 2576, 8383, 1277, 3912, 6230, 8917, 9734, 2419, 3622, 6185, 8837, 242, 2865, 625, 4464, 6176, 6727, 1075, 1299, 9116, 2736, 5749, 6177, 4056, 5129, 5451, 4354, 3678, 3890, 4509, 1623, 9807, 3295, 9271, 1106, 5034, 7686, 6868, 1014, 2451, 5672, 1735, 3773, 117, 5817, 3200, 4143, 2000, 9679, 268, 7072, 3297, 1095, 4560, 2476, 606, 7104, 5318, 5506, 2757, 8223, 2353, 6896, 5130, 8274, 3506, 2371, 9266, 163, 3466, 1407, 2906, 2234, 2788, 3959, 1727, 1760, 9198, 6639, 2039, 5983, 6854, 3448, 8325, 7840, 6715, 1114, 8552, 7425, 3758, 3805, 2613, 7099, 5527, 9216, 6100, 5748, 4331, 3737, 2771, 5625, 4596, 9585, 620, 3996, 8999, 8948, 5374, 8107, 3187, 728, 2123, 798, 2307, 3459, 630, 3981, 954, 2724, 6801, 4881, 532, 1076, 8081, 1256, 6409, 1182, 9479, 1032, 8481, 6952, 8336, 4615, 8803, 8477, 1212, 7557, 1467, 8856, 5656, 9434, 2752, 5506, 3895, 4405, 8233, 3430, 4438, 2222, 4981, 3371, 6862, 3080, 9965, 1230, 869, 2123, 5131, 8228, 875, 4910, 2753, 2472, 7097, 7744, 4859, 4922, 9311, 1502, 3738, 692, 8401, 8447, 5414, 8259, 467, 3927, 3729, 8457, 7421, 5044, 3004, 4388, 2853, 5105, 2827, 4104, 3304, 2900, 1734, 4511, 2007, 4530, 1003, 9426, 1920, 889, 9956, 2491, 2814, 3822, 4228, 9960, 1833, 4003, 2812, 7728, 6082, 2318, 3876, 5816, 3344, 559, 1780, 7655, 8782, 853, 770, 3276, 9037, 8177, 3633, 9673, 169, 2286, 2927, 1123, 7265, 6501, 5068, 6431, 9428, 5563, 5595, 3307, 4024, 8105, 8846, 1765, 7763, 1390, 3630, 4079, 2256, 5795, 7906, 6305, 1154, 7180, 4862, 3285, 8040, 6526, 7700, 3934, 6348, 709, 2963, 5705, 5268, 1953, 4065, 1833, 859, 4776, 2663, 1215, 9075, 960, 836, 1827, 9832, 843, 4712, 2244, 5951, 5858, 3730, 9299, 5197, 5718, 5432, 6480, 4346, 117, 3323, 9988, 179, 7489, 8822, 7246, 8588, 2733, 514, 9644, 5469, 7598, 9847, 9302, 3502, 9816, 2161, 6283, 2021, 6213, 3231, 2154, 7708, 9991, 6455, 61, 5770, 3727, 1085, 8354, 916, 7612, 6355, 3776, 3079, 5127, 7224, 6733, 8490, 5750, 4458, 2573, 5674, 9866, 910, 6213, 5408, 3160, 6430, 3577, 6903, 3737, 306, 3648, 8152, 4270, 7491, 4483, 7891, 9480, 9578, 5385, 9247, 6501, 8385, 3572, 4098, 8902, 7081, 2371, 9800, 4664, 3875, 4187, 165, 7048, 1246, 4086, 2656, 8128, 1111, 1367, 4305, 8472, 351, 2740, 1950, 7174, 1281, 969, 370, 488, 5307, 3353, 1850, 2431, 1293, 1780, 139, 2642, 9040, 5849, 7777, 9753, 871, 1357, 8070, 5005, 5343, 9181, 3062, 1914, 4376, 6027, 4970, 7166, 1116, 2291, 6478, 6236, 6284, 8989, 1271, 758, 8978, 9783, 5516, 379, 7110, 4144, 5101, 7660, 9238, 5211, 3640, 7371, 6910, 9113, 636, 9905, 2274, 3070, 1507, 4034, 7731, 9986, 9299, 3686, 7717, 9735, 8917, 8409, 5790, 6023, 5990, 8806, 3952, 3260, 6020, 9291, 84, 5447, 5061, 2546, 9374, 9024, 8746, 6023, 9018, 7415, 4705, 2547, 5860, 4708, 6144, 3560, 2254, 3100, 47, 7992, 5008, 2431, 256, 4188, 7414, 1464, 4090, 4866, 5276, 8991, 3758, 4166, 9516, 9454, 3377, 8435, 6730, 8798, 3706, 5803, 1921, 4803, 5513, 1486, 7636, 3382, 4297, 2240, 8432, 60, 6625, 6102, 9537, 5504, 9102, 9784, 6476, 2440, 2737, 5485, 3989, 1842, 6518, 4010, 2140, 6259, 9736, 7886, 7019, 6716, 2403, 1381, 1491, 4435, 5914, 6900, 102, 3417, 7795, 3660, 1253, 3053, 8175, 9802, 5881, 8383, 4263, 9614, 5695, 2240, 7426, 5961, 4749, 2862, 9765, 8810, 6018, 7473, 9680, 3019, 4349, 4327, 7718, 4595, 2941, 2806, 7204, 8293, 4647, 5685, 2281, 2600, 5998, 5378, 4267, 6305, 657, 1162, 7252, 622, 8401, 4973, 1802, 1541, 8628, 4374, 194, 8657, 3983, 4160, 8006, 1298, 9745, 547, 7730, 7518, 5228, 9526, 5427, 2405, 5965, 5069, 1238, 7703, 8096, 2336, 2805, 2213, 2916, 9456, 6377, 8818, 2613, 1455, 5989, 4916, 2482, 3872, 1597, 7626, 7033, 5877, 1590, 9778, 9983, 9387, 1007, 8028, 5910, 4068, 6347, 4998, 1285, 4645, 6154, 7709, 3295, 5748, 4887, 8227, 5287, 1587, 9346, 6622, 4750, 1977, 5315, 9590, 5820, 9835, 5520, 7179, 6200, 3595, 4499, 6309, 6541, 1215, 4430, 3530, 5907, 8946, 3270, 7301, 1559, 4799, 149, 1705, 9722, 3850, 7696, 9028, 2318, 9755, 8405, 9480, 9283, 4748, 9682, 1428, 8018, 8263, 3028, 7813, 2646, 9091, 8576, 3183, 4335, 8457, 9535, 1711, 3720, 4344, 3249, 3605, 9192, 3371, 2161, 2334, 258, 8072, 3164, 2027, 9909, 9874, 8859, 9185, 8014, 3347, 4446, 6381, 7520, 1370, 2713, 4213, 4535, 8853, 3984, 6872, 5269, 1016, 4322, 8435, 1329, 6964, 6061, 9548, 4545, 7989, 2845, 4623, 4515, 6178, 7598, 4821, 9010, 4523, 727, 2853, 4527, 4749, 1952, 9955, 5215, 2429, 7081, 7031, 7042, 6094, 462, 9148, 9380, 2909, 8678, 439, 5873, 5324, 9306, 6099, 3776, 8888, 184, 2281, 5712, 316, 5742, 5793, 5457, 8206, 8591, 7985, 5910, 7213, 9448, 340, 846, 1071, 6217, 6707, 5625, 2920, 6034, 1196, 2985, 1237, 4873, 9910, 416, 1413, 2996, 8291, 7196, 5004, 5923, 2786, 2153, 6811, 6314, 7091, 2753, 1858, 1218, 3788, 97, 4337, 3782, 6732, 4044, 2657, 824, 1888, 8091, 8403, 7553, 6169, 8085, 6628, 7837, 9276, 5814, 2683, 6469, 7157, 2641, 4443, 1970, 569, 4618, 9121, 7399, 7853, 481, 5631, 1691, 8149, 3342, 3249, 5639, 4996, 2176, 1780, 6890, 4533, 6527, 5636, 4324, 3691, 3001, 9255, 9962, 5529, 2806, 6621, 7034, 1913, 4900, 3734, 4628, 1801, 2154, 4265, 6781, 6925, 607, 2703, 2116, 1461, 7631, 7871, 2050, 2619, 2829, 5624, 8211, 2342, 6362, 2606, 7270, 2752, 302, 7204, 7724, 9500, 8693, 4594, 3074, 6260, 9751, 2757, 2264, 5251, 8274, 9472, 4959, 4587, 5948, 4159, 6751, 925, 3544, 4548, 7857, 3495, 1511, 629, 3322, 3860, 8395, 3031, 835, 9858, 9165, 6356, 3944, 7677, 3057, 7033, 5933, 7096, 1409, 8210, 4957, 3798, 4130, 6898, 8611, 8277, 1970, 2526, 5277, 4278, 6591, 1248, 5633, 3278, 7456, 2727, 6888, 476, 9176, 8549, 3374, 6683, 6866, 9569, 4726, 4898, 1519, 6545, 9954, 9851, 3829, 1398, 1097, 8763, 9964, 250, 9340, 4568, 2547, 4880, 5902, 584, 4778, 1257, 3924, 5120, 8587, 8982, 5387, 1317, 8627, 6002, 9168, 8863, 6521, 6070, 2148, 9416, 158, 6439, 7103, 4049, 1610, 8067, 9787, 6622, 8850, 5213, 84, 4454, 458, 7061, 7300, 6960, 4258, 7518, 4621, 8416, 1415, 7306, 8350, 9424, 9115, 2111, 6011, 7918, 5579, 1549, 1597, 4735, 2412, 901, 5922, 5973, 7306, 3674, 712, 2325, 8138, 8178, 3044, 99, 8196, 8135, 7404, 5102, 3983, 3350, 4913, 9715, 9766, 2513, 348, 8428, 1421, 6576, 775, 2759, 4919, 8403, 3569, 9968, 2775, 9000, 2398, 9225, 7698, 5747, 2999, 6181, 2649, 9784, 7916, 7736, 8620, 3966, 4856, 6303, 7477, 1218, 4948, 6150, 9619, 5715, 4590, 2100, 8234, 2766, 2844, 2114, 5943, 17, 5187, 8259, 806, 7161, 8924, 8471, 1903, 8011, 7401, 355, 2025, 2193, 4508, 78, 1849, 8556, 9272, 9823, 5768, 799, 5210, 8184, 1512, 1248, 7132, 2021, 9386, 8205, 2520, 8576, 7794, 5053, 2555, 9505, 5343, 6126, 6738, 4279, 2224, 7303, 2298, 3988, 1975, 8752, 4667, 1009, 4519, 2674, 548, 1633, 1750, 6987, 327, 8713, 8916, 9244, 5648, 5195, 5672, 4439, 9986, 1876, 8209, 6860, 7808, 8122, 7320, 9767, 8635, 5887, 883, 8242, 630, 3877, 4721, 4694, 6970, 3944, 9927, 7138, 3866, 7206, 3138, 553, 8599, 9528, 3522, 1602, 5169, 1598, 2742, 5960, 5624, 3967, 6425, 2758, 3191, 9039, 5525, 2801, 9447, 7752, 6521, 8225, 3536, 2864, 7658, 1046, 8958, 8724, 8899, 4669, 1380, 6876, 9546, 2500, 768, 8851, 955, 6873, 3425, 4951, 5580, 3333, 9169, 7115, 573, 6858, 4282, 1620, 3449, 28, 1268, 2926, 1276, 6033, 1441, 13, 7093, 1775, 5439, 3195, 7329, 2308, 4991, 1745, 3079, 1585, 9412, 8154, 6334, 1905, 2397, 3602, 7488, 7330, 4350, 4050, 6994, 5902, 181, 5256, 991, 7385, 390, 2146, 1220, 8736, 4241, 5199, 7773, 6820, 1501, 9475, 9220, 1361, 4399, 5897, 3024, 2433, 6402, 8414, 9478, 6598, 651, 2315, 1496, 5443, 4926, 9619, 1833, 7730, 6526, 579, 8854, 2147, 2886, 8780, 4026, 7474, 9724, 7856, 5738, 3379, 689, 1072, 7012, 8913, 8536, 9211, 9145, 9486, 4813, 8961, 177, 181, 5927, 7626, 3324, 5959, 5985, 1248, 3339, 6226, 4905, 201, 1580, 3830, 6314, 1306, 3260, 2444, 4761, 1788, 7837, 187, 605, 9865, 7055, 1597, 8658, 4615, 6635, 7079, 6536, 3740, 6550, 9955, 293, 8237, 2673, 7988, 3528, 6100, 9162, 306, 5572, 7719, 6622, 4492, 151, 6092, 1384, 7736, 8322, 5852, 8517, 734, 6101, 8395, 2506, 2201, 8770, 8875, 889, 6649, 5166, 4157, 1079, 4538, 5965, 7012, 8571, 7096, 9440, 6555, 8599, 3915, 1741, 6196, 6837, 373, 7077, 4993, 9114, 3196, 719, 4256, 8765, 4450, 8279, 8487, 3055, 8034, 9598, 8433, 165, 2039, 52, 4978, 3566, 6504, 8431, 2608, 5917, 3045, 5374, 4427, 2871, 4823, 7986, 4770, 9570, 479, 8401, 4596, 1119, 3853, 4468, 4636, 9257, 4036, 23, 523, 9013, 593, 6140, 9610, 5590, 4069, 8233, 1950, 7396, 6894, 5914, 6489, 414, 1649, 2309, 3225, 2790, 3664, 9391, 1130, 9968, 5259, 4126, 2105, 561, 9650, 4773, 9793, 2694, 3684, 3715, 365, 193, 8924, 7308, 4020, 7164, 1390, 2598, 8613, 9387, 5967, 5609, 3497, 9717, 5899, 5475, 973, 1873, 9588, 2595, 184, 8345, 4713, 8036, 3578, 9201, 10, 3581, 6363, 7468, 1810, 8464, 6746, 8419, 4462, 7809, 1645, 5987, 7263, 42, 6727, 1444, 4489, 2056, 6426, 9978, 3878, 6143, 8373, 1551, 6319, 6528, 8348, 2844, 2864, 3057, 3254, 2494, 2751, 859, 8488, 4603, 1348, 1646, 8347, 6584, 9977, 9614, 7371, 7983, 2825, 9955, 1714, 1938, 7001, 8351, 5614, 2062, 974, 3646, 2873, 555, 1683, 8285, 7423, 5812, 8260, 9624, 4016, 5083, 5420, 8780, 236, 9940, 9543, 353, 7192, 8286, 1206, 3467, 8318, 3860, 3984, 8548, 497, 2373, 6124, 4708, 4939, 5357, 4088, 7052, 5019, 6396, 3280, 5892, 7488, 8770, 4442, 5397, 1966, 5528, 9477, 1064, 9788, 7369, 313, 114, 4173, 2965, 5878, 2635, 3030, 7133, 3020, 1417, 9940, 29, 1909, 3221, 863, 4050, 4555, 3422, 4089, 5814, 5579, 1491, 1736, 8116, 8162, 809, 5102, 9773, 1600, 4143, 9692, 3222, 8026, 4979, 4012, 7634, 5890, 742, 655, 3956, 5900, 626, 9454, 1472, 1771, 2781, 7205, 6683, 7134, 7843, 7626, 9503, 7001, 9863, 5718, 8298, 8300, 4820, 6711, 4883, 3277, 7040, 8323, 5002, 7758, 4411, 6442, 2461, 9186, 2819, 9225, 7604, 9750, 178, 8385, 8062, 6260, 1017, 547, 6784, 1240, 3835, 1940, 9632, 7371, 2472, 7197, 7661, 7531, 7483, 7815, 5007, 9792, 1166, 8205, 6172, 7385, 1432, 5617, 6164, 6360, 4828, 2519, 5027, 2939, 2738, 407, 1946, 7562, 6545, 4735, 7179, 9505, 9863, 636, 599, 9722, 487, 1947, 7003, 8519, 1363, 6629, 5587, 515, 8477, 5506, 4065, 4794, 6451, 1443, 4388, 1875, 9633, 8479, 167, 1077, 55, 535, 8655, 6695, 4454, 1557, 2712, 5885, 929, 2046, 3175, 7185, 8312, 4706, 7148, 4754, 4100, 8965, 6769, 8389, 7753, 3161, 2496, 8241, 3917, 976, 4881, 1588, 3957, 3438, 1179, 3465, 3318, 9766, 5744, 5589, 4723, 4829, 5192, 8363, 2542, 7664, 5507, 5044, 3945, 8819, 3575, 6780, 9735, 6695, 2168, 984, 6235, 3634, 5862, 8147, 2295, 5284, 3967, 3219, 870, 1377, 5129, 3587, 4364, 8977, 6000, 8123, 8797, 2298, 8195, 7075, 9142, 5487, 7908, 9374, 2002, 3715, 1606, 1458, 9566, 491, 7136, 6224, 2927, 8246, 7226, 7753, 6515, 5918, 2589, 9135, 3425, 748, 6440, 1943, 986, 3843, 1833, 4276, 6223, 7169, 3399, 7883, 1359, 1464, 2077, 7935, 513, 3326, 2400, 2997, 9396, 1980, 4035, 9492, 2676, 4128, 202, 187, 5222, 8849, 4719, 6712, 1068, 5891, 3497, 941, 5808, 9824, 7310, 1874, 1049, 9893, 6942, 3686, 1696, 2625, 1188, 3406, 8606, 8052, 8869, 2221, 8184, 4619, 743, 3483, 4108, 3014, 8919, 1247, 9473, 3663, 6392, 5913, 6631, 4243, 124, 9807, 4739, 7766, 4420, 9541, 5073, 8665, 6609, 3439, 4781, 2897, 8088, 5381, 7247, 599, 690, 979, 6348, 1591, 8622, 5688, 6974, 9611, 2872, 8266, 8045, 5779, 3099, 8543, 7332, 2006, 8953, 7272, 2655, 1040, 5730, 4034, 143, 994, 8772, 3739, 7998, 2054, 6805, 2512, 5577, 6616, 582, 2307, 8074, 2519, 7485, 501, 9477, 8894, 2794, 4563, 2741, 4195, 1256, 1642, 1567, 4834, 4849, 9242, 7574, 5782, 6686, 5266, 5017, 8259, 8421, 5357, 81, 8564, 7124, 3029, 4942, 1540, 6959, 5802, 6188, 1551, 3402, 7997, 7158, 1380, 817, 7101, 5485, 1457, 3450, 2639, 6838, 1546, 6367, 7706, 4914, 2141, 2582, 753, 8378, 8244, 7106, 1480, 2809, 9433, 6290, 2862, 2770, 4651, 2532, 4646, 7658, 6389, 2376, 6036, 6229, 766, 5880, 6861, 3151, 3033, 2894, 6959, 3801, 8748, 7331, 3546, 3247, 739, 6459, 6373, 3810, 5123, 7233, 5885, 3678, 825, 3595, 3039, 4351, 1413, 1718, 9773, 3205, 576, 7376, 9443, 5705, 9047, 3380, 2677, 4148, 4790, 3683, 4595, 9295, 6806, 3861, 4455, 2452, 101, 3462, 8873, 7495, 3515, 1748, 1188, 2634, 5543, 2908, 8083, 440, 9716, 583, 6640, 9401, 5224, 7338, 364, 3671, 9056, 3379, 1657, 9699, 6713, 4736, 5503, 1475, 6000, 8195, 2454, 6392, 4642, 8674, 4199, 8219, 5920, 5581, 5208, 1052, 3230, 3168, 4885, 653, 7309, 3475, 5651, 7143, 3394, 1848, 8856, 9587, 3469, 2013, 2801, 4351, 2233, 4061, 2129, 5323, 9434, 7006, 6056, 9678, 6903, 7421, 7910, 6659, 3516, 6784, 7891, 1320, 5175, 1774, 7217, 884, 8381, 5162, 6825, 8163, 210, 5535, 1092, 5902, 9860, 9058, 7650, 3908, 1597, 5903, 3847, 8709, 4527, 5168, 485, 4326, 4213, 5472, 4107, 9141, 3713, 8702, 4303, 9660, 9244, 3329, 6957, 971, 4273, 8841, 3600, 1293, 6762, 7917, 6104, 2727, 5990, 3615, 7070, 6834, 1416, 6341, 6331, 4189, 2854, 566, 5290, 8967, 7935, 155, 6883, 4511, 2752, 1866, 8092, 9210, 934, 1509, 6117, 9751, 8566, 7242, 8027, 3435, 242, 9750, 9113, 9938, 2711, 6492, 8943, 3174, 3201, 5596, 9122, 1313, 7752, 9315, 171, 576, 8794, 2760, 8588, 7171, 7848, 9625, 9607, 7920, 6214, 4608, 5192, 3338, 6986, 763, 1341, 2541, 5144, 2553, 6251, 1912, 2010, 9506, 8197, 9009, 3423, 558, 5834, 7661, 4876, 3235, 7675, 6833, 3144, 4788, 1720, 429, 8136, 6151, 2563, 815, 9484, 1425, 9851, 8667, 8312, 2141, 6310, 4944, 2972, 1692, 4549, 925, 8444, 5288, 7144, 9336, 4491, 8950, 1140, 4035, 7444, 5906, 9215, 6070, 301, 9697, 8758, 8416, 4912, 2442, 2119, 4880, 9963, 8514, 4332, 8383, 6915, 5202, 3858, 9559, 6659, 5989, 984, 4104, 2779, 4577, 4489, 2933, 988, 4541, 315, 6562, 1189, 3937, 372, 604, 5596, 4570, 7098, 7802, 1257, 8764, 5161, 2962, 1168, 5134, 5268, 4902, 4720, 5257, 9677, 5738, 978, 4961, 7772, 8986, 4531, 1054, 5765, 7540, 6404, 68, 9073, 6593, 9360, 1073, 3725, 8377, 6793, 2515, 8394, 7489, 5306, 445, 3407, 3942, 2539, 1981, 6729, 9992, 5609, 4091, 6367, 3534, 5657, 8667, 1098, 8573, 4708, 5994, 482, 1402, 1269, 7301, 2701, 7776, 9063, 7901, 4340, 9835, 5960, 1727, 9257, 4793, 9261, 7594, 3398, 8563, 5031, 5200, 4206, 8205, 8786, 1633, 2190, 670, 9476, 780, 3872, 6818, 2639, 1029, 3931, 8858, 6387, 4785, 7020, 6630, 8997, 44, 486, 8730, 3079, 8441, 8327, 681, 813, 7754, 7928, 6923, 7416, 2858, 1536, 3806, 6085, 4921, 9601, 984, 6921, 6659, 975, 3093, 5117, 5607, 564, 914, 7092, 6696, 2938, 6618, 4192, 8628, 4251, 7478, 9757, 9884, 1323, 581, 1739, 7607, 2416, 6090, 2590, 6085, 9134, 2417, 5327, 2851, 4559, 9356, 5129, 695, 8406, 5871, 2582, 4400, 3532, 3161, 3783, 2357, 8209, 121, 8872, 542, 5001, 3722, 6387, 162, 5994, 969, 9865, 795, 1161, 37, 7142, 7577, 9228, 3065, 9595, 5504, 6271, 1536, 7231, 2900, 8892, 1264, 7374, 9775, 2100, 241, 1904, 2674, 5079, 4712, 3779, 5292, 6081, 2810, 8058, 2409, 313, 6166, 4499, 4501, 1294, 1188, 9155, 1916, 7542, 6100, 5491, 4671, 9383, 5183, 4293, 1610, 1187, 9824, 6693, 357, 7915, 7059, 2214, 7650, 3463, 3374, 5173, 6082, 8274, 1933, 3549, 81, 8694, 1343, 8157, 4230, 7194, 5779, 1538, 3935, 7211, 1317, 6141, 8527, 5118, 5802, 4660, 4889, 5381, 4726, 9216, 5808, 1767, 4946, 5345, 5041, 8644, 8914, 4021, 5068, 2321, 8624, 2725, 9062, 4098, 59, 7061, 2694, 1976, 2911, 5219, 1195, 1430, 5096, 1025, 2820, 6818, 1110, 5162, 7070, 9246, 4920, 8206, 7028, 8825, 5009, 3504, 9097, 9366, 5238, 7485, 8520, 9323, 2006, 312, 5136, 9, 4910, 5387, 1361, 3517, 1927, 2187, 1738, 6760, 9497, 8607, 6010, 7743, 1779, 8343, 9691, 547, 7634, 3154, 5842, 8188, 6518, 2038, 4432, 6286, 5223, 1607, 7973, 7232, 2501, 2519, 3815, 8872, 7955, 6146, 8965, 8005, 8772, 6386, 289, 2210, 3114, 8775, 3639, 7761, 6735, 4426, 3008, 1136, 148, 9592, 5890, 4650, 1730, 5321, 7391, 5097, 9829, 6087, 3022, 3140, 385, 8150, 4388, 748, 8173, 5017, 9429, 2465, 5305, 4205, 2136, 2349, 4004, 8370, 9310, 4118, 230, 3696, 6586, 1583, 6073, 4652, 5066, 3780, 3835, 8379, 2299, 381, 7042, 2876, 518, 8683, 8287, 8889, 2222, 4892, 8843, 5263, 8166, 1364, 7681, 6915, 3361, 5675, 9325, 8417, 7353, 7541, 1764, 7284, 4192, 2458, 2090, 1380, 8541, 8127, 5246, 9974, 9066, 8330, 4461, 7817, 8120, 1105, 8439, 4711, 382, 1368, 9522, 4197, 557, 7126, 6747, 1516, 7001, 9313, 2790, 8717, 2494, 7379, 2031, 393, 3439, 580, 3351, 1184, 4569, 5352, 2782, 396, 3748, 3973, 7723, 717, 3267, 7051, 5330, 9426, 8583, 2756, 2955, 1917, 6879, 7916, 58, 8574, 6607, 2670, 3348, 8707, 6966, 3633, 8396, 899, 9897, 2687, 3347, 2349, 5434, 3420, 3065, 1265, 8498, 3147, 1178, 5466, 8915, 6523, 1469, 7398, 5167, 5645, 421, 7999, 8845, 1430, 3212, 508, 4088, 297, 6327, 6277, 8125, 6994, 4360, 4290, 6140, 5207, 8690, 7251, 4952, 1911, 6397, 6044, 2944, 3222, 8912, 5886, 7403, 7875, 8164, 5178, 3232, 2711, 5278, 4448, 3576, 8242, 510, 361, 9432, 4109, 983, 2916, 5692, 6156, 6832, 697, 9471, 155, 8623, 9565, 1740, 1951, 1721, 6758, 6007, 8848, 8530, 6632, 9892, 1913, 5662, 7190, 3378, 1819, 9145, 3589, 1634, 1152, 9058, 3852, 9628, 9410, 9971, 7435, 2783, 6143, 4861, 1624, 8229, 1786, 7183, 4751, 1705, 834, 9371, 6573, 7042, 3130, 5712, 768, 5612, 3399, 5103, 127, 1883, 2583, 7816, 7364, 3340, 9696, 3494, 5993, 6922, 2307, 1120, 8906, 5430, 351, 9177, 736, 6888, 7311, 6310, 9536, 3956, 4760, 4217, 7341, 7809, 6173, 6602, 816, 5143, 168, 9771, 9322, 9925, 7991, 5639, 2312, 1377, 4518, 6799, 8392, 7746, 6466, 4355, 900, 8213, 841, 4673, 7492, 9549, 5260, 8139, 8627, 9154, 7653, 9776, 603, 5011, 2011, 7471, 1789, 845, 7540, 1990, 2387, 8863, 2942, 5633, 7331, 4805, 3083, 7341, 7510, 9765, 5874, 1288, 7146, 6679, 3313, 4902, 7918, 9495, 8475, 8531, 1413, 114, 9513, 3653, 1858, 2055, 1742, 8699, 8065, 735, 8662, 6042, 9347, 6488, 9042, 7516, 6333, 8135, 7188, 8857, 8391, 9716, 7042, 2593, 4513, 7278, 8995, 4465, 7890, 8010, 2775, 5871, 6216, 681, 5967, 5578, 919, 6204, 3429, 7767, 7028, 4813, 4983, 1728, 7589, 8902, 7467, 7397, 9710, 6976, 3124, 8664, 6910, 3419, 5652, 3174, 6582, 8745, 3482, 4672, 7027, 2944, 7954, 894, 9374, 2640, 4844, 8568, 1545, 2519, 5013, 2775, 7544, 2033, 3246, 3868, 7605, 4424, 3318, 2464, 8326, 8905, 9535, 5742, 3449, 9726, 8194, 8642, 678, 6824, 107, 6511, 4075, 5631, 3445, 3222, 562, 5796, 2405, 2120, 4558, 8599, 9865, 200, 5564, 9175, 5462, 4014, 2804, 217, 8955, 4293, 2662, 9770, 1910, 143, 3231, 6584, 3382, 8952, 7923, 7619, 745, 6515, 422, 7551, 3559, 8766, 1492, 3793, 5141, 8046, 4272, 9580, 8839, 3957, 922, 8603, 9151, 5353, 241, 2339, 7185, 3515, 238, 5561, 6203, 9931, 4102, 6500, 7975, 2418, 8099, 7627, 505, 5549, 4798, 5117, 1391, 9372, 7617, 7234, 8290, 4076, 2872, 1550, 9014, 2656, 8913, 591, 5847, 2255, 9961, 9688, 3293, 5040, 3898, 8570, 5841, 8075, 2827, 2904, 7526, 4956, 4369, 5085, 8413, 3392, 68, 1949, 736, 2506, 5665, 6534, 5856, 1532, 7232, 5281, 5112, 6689, 9102, 8763, 4792, 859, 1182, 3681, 6232, 2088, 6443, 4957, 2722, 1180, 3927, 1595, 1966, 1730, 8638, 5170, 9475, 8672, 2190, 3569, 1613, 3999, 9695, 785, 2299, 8279, 2937, 1573, 9241, 153, 3439, 9964, 1261, 1108, 3429, 3453, 5627, 4129, 7264, 4901, 2551, 8736, 3167, 4073, 4557, 6485, 4373, 8752, 407, 6205, 5548, 916, 7783, 5164, 1528, 255, 134, 5435, 6473, 7145, 6844, 413, 5898, 6128, 2816, 5765, 9257, 6158, 7404, 7333, 6966, 749, 4700, 6313, 5113, 8058, 3189, 6782, 9086, 162, 6381, 8752, 192, 3229, 7260, 2659, 4696, 8126, 9232, 4609, 3934, 2490, 2955, 1641, 7766, 4026, 3255, 2960, 6708, 172, 3544, 5386, 8974, 2676, 9359, 4776, 6592, 6298, 422, 1403, 9302, 6158, 1504, 2650, 4959, 813, 65, 3100, 3661, 5511, 2805, 6800, 1699, 3403, 9645, 9180, 7515, 387, 9576, 3501, 956, 2349, 9885, 5346, 5073, 7897, 2691, 2819, 7556, 3996, 3162, 199, 1351, 370, 4470, 2001, 7276, 73, 261, 5685, 1231, 360, 5506, 7491, 1607, 6085, 9538, 8858, 6018, 4431, 9875, 7363, 1845, 1815, 6598, 6202, 706, 2156, 9440, 6802, 2020, 3319, 3924, 6543, 8081, 253, 2541, 2309, 7292, 5007, 8059, 9614, 4835, 3816, 8261, 1541, 7029, 5420, 8088, 1937, 1905, 2569, 4577, 5282, 2921, 3146, 507, 5452, 5453, 7456, 8789, 9930, 9910, 915, 442, 8853, 6515, 5994, 7520, 9061, 2666, 1179, 9514, 2523, 27, 887, 7309, 7702, 6196, 9154, 3226, 1103, 5125, 8580, 3080, 857, 5662, 596, 8897, 5059, 9959, 8402, 2070, 6606, 2709, 3517, 861, 6925, 3572, 2242, 2143, 1195, 1723, 5518, 8219, 9984, 4089, 2170, 5254, 169, 5937, 1491, 9214, 7840, 198, 77, 9653, 5402, 3697, 4587, 8546, 3338, 5913, 1811, 7714, 5065, 757, 1224, 9864, 1947, 7452, 6858, 9635, 9357, 4104, 1226, 1376, 9740, 4058, 5923, 7161, 1463, 596, 3023, 1845, 1737, 454, 3288, 2881, 1850, 4920, 8742, 6425, 3464, 4325, 9944, 6144, 1445, 8605, 5449, 2409, 2543, 4614, 8337, 4952, 5181, 7556, 772, 7919, 4860, 6006, 3215, 5968, 6803, 9587, 6101, 1828, 8381, 4450, 278, 6835, 791, 9358, 220, 3318, 2599, 5483, 8744, 9844, 7242, 4379, 4645, 3224, 533, 7191, 6917, 1075, 8936, 1327, 8966, 4417, 2693, 8262, 2744, 1871, 7894, 4633, 1935, 1621, 7151, 6315, 2496, 9671, 5430, 7004, 9311, 5519, 7456, 1927, 1836, 2546, 2923, 8985, 258, 3703, 1069, 9209, 9598, 8534, 3584, 2741, 9216, 9387, 1146, 622, 5630, 9637, 4149, 5962, 2838, 8085, 6259, 8084, 5929, 5280, 2410, 4103, 650, 3522, 412, 6177, 9158, 7671, 5886, 9010, 3390, 7963, 4698, 4269, 1125, 7703, 119, 9298, 9913, 1084, 6287, 9906, 9426, 1805, 1985, 5862, 8612, 6390, 3012, 601, 8658, 253, 907, 3577, 4015, 4429, 2424, 60, 3628, 2255, 2625, 815, 2709, 822, 794, 7250, 2578, 9579, 8393, 6715, 299, 8337, 8474, 1050, 2057, 3258, 4976, 9776, 3853, 815, 3188, 1096, 3704, 9470, 5672, 8833, 4978, 5746, 1108, 438, 8456, 5731, 8967, 4236, 4519, 2747, 1182, 9879, 8740, 6331, 1961, 1864, 6630, 2948, 3948, 3616, 5000, 8381, 9849, 8228, 9970, 6528, 104, 5460, 2884, 6377, 7983, 3462, 3748, 9529, 9232, 7125, 6564, 7826, 2944, 8568, 5133, 1276, 1429, 1012, 5264, 9831, 6695, 1363, 3667, 2566, 351, 8741, 9573, 1623, 3753, 7744, 9137, 8241, 2093, 8061, 1017, 761, 9608, 1865, 750, 7294, 9619, 6785, 6542, 326, 5482, 8553, 1930, 1604, 9454, 3256, 6618, 7751, 9105, 5562, 9654, 5991, 8494, 7260, 8364, 2374, 4004, 3452, 3409, 7423, 8335, 5841, 7475, 3092, 818, 2117, 6548, 4974, 601, 3109, 6773, 8613, 1606, 951, 6738, 3780, 3167, 3961, 5580, 7488, 4571, 7, 8168, 3013, 6401, 9873, 4919, 3627, 4422, 371, 3888, 2481, 2240, 9275, 2006, 6917, 8043, 8806, 1877, 6501, 3844, 4218, 2856, 5384, 4974, 121, 8097, 9543, 5112, 2355, 3469, 6654, 7961, 5202, 4654, 1060, 7024, 7455, 4163, 1808, 5850, 3468, 508, 5574, 2969, 2324, 6769, 6047, 6324, 3781, 6585, 8340, 9845, 3316, 9720, 46, 1795, 2412, 9499, 3091, 222, 2758, 5552, 609, 3524, 9780, 1224, 2206, 7361, 383, 8545, 494, 9021, 5974, 9403, 6019, 4589, 4558, 219, 6103, 7937, 1979, 2118, 5751, 4928, 1923, 4252, 6689, 7902, 7689, 2744, 2480, 8796, 8158, 8515, 9860, 1552, 1650, 6928, 6623, 8167, 4646, 4508, 8336, 9681, 88, 88, 4719, 9032, 1783, 1745, 8543, 3037, 941, 3447, 1170, 1038, 5681, 6800, 20, 1299, 2646, 5150, 618, 9584, 7022, 6647, 6920, 933, 2487, 1721, 1699, 2650, 7532, 1287, 1590, 4232, 3285, 4334, 5585, 9988, 9637, 952, 5153, 4162, 2181, 7340, 4734, 4654, 3463, 5266, 2228, 6062, 3613, 5916, 5076, 5507, 2992, 8471, 5625, 5660, 2754, 1601, 1527, 1826, 2148, 2758, 795, 8393, 9409, 4101, 107, 6068, 2835, 7920, 7432, 3981, 7563, 1974, 2394, 8788, 2710, 8680, 394, 8501, 9516, 7384, 5364, 3297, 8775, 9632, 1598, 8410, 5904, 9105, 8158, 2337, 9255, 7028, 7329, 3452, 307, 9280, 3488, 2870, 9797, 2705, 2089, 3058, 6020, 7138, 8963, 4816, 4052, 6883, 5173, 3657, 910, 1052, 234, 6230, 5971, 5081, 8050, 7890, 3912, 6664, 4797, 9094, 7725, 6002, 1715, 3126, 8629, 7736, 4738, 9024, 1288, 8157, 6867, 1966, 9576, 3443, 1291, 88, 5810, 7369, 1631, 1644, 7717, 5766, 8932, 565, 9099, 4268, 7714, 505, 402, 7063, 2685, 4327, 89, 1175, 167, 9761, 7440, 472, 4550, 1864, 3093, 5120, 2929, 6450, 1442, 6203, 9211, 9700, 4741, 1315, 7679, 2382, 1344, 4909, 6559, 9615, 9723, 7617, 5166, 7259, 723, 2990, 1958, 4268, 9059, 7, 1605, 8810, 2448, 8319, 8605, 450, 711, 6810, 5551, 1794, 6025, 3609, 6575, 9337, 5278, 1020, 9904, 3229, 5396, 3929, 732, 9301, 8558, 4241, 1513, 4130, 5348, 3686, 8121, 364, 859, 1167, 6511, 3328, 787, 1602, 3878, 8839, 6598, 7811, 2437, 3226, 4325, 1100, 6761, 5829, 9892, 2085, 2849, 403, 67, 3996, 2431, 3278, 2814, 5715, 7838, 3656, 1848, 2014, 763, 8543, 9646, 2549, 5973, 8796, 2569, 4689, 5340, 652, 4941, 4700, 3682, 6706, 9139, 4526, 1258, 6174, 311, 6394, 6308, 2164, 6126, 1913, 8393, 9565, 5416, 4440, 2449, 2370, 5710, 2437, 7333, 7612, 1482, 676, 1929, 8201, 792, 7485, 689, 1887, 7426, 7288, 5132, 3784, 4457, 465, 8923, 3701, 3143, 379, 7420, 6140, 4721, 9373, 8888, 890, 4818, 7290, 8402, 1468, 7352, 595, 6056, 437, 5739, 353, 898, 322, 8055, 4664, 9565, 3080, 9416, 6933, 2899, 9185, 9123, 6438, 2146, 8637, 4294, 1385, 8771, 6982, 9873, 1693, 8892, 1847, 8405, 4656, 1018, 1183, 9832, 2846, 5603, 2407, 126, 9111, 961, 3800, 9685, 3958, 8350, 2345, 1983, 8151, 2976, 3693, 6782, 1518, 906, 5709, 7505, 1926, 7997, 6229, 7248, 3611, 8035, 6744, 9905, 6312, 848, 2829, 3208, 8267, 947, 7438, 293, 6637, 3168, 757, 5099, 7623, 8790, 951, 9519, 3366, 8792, 7685, 9724, 5276, 2061, 9670, 9245, 6711, 6196, 1104, 9939, 3563, 161, 633, 4759, 2748, 131, 853, 6599, 3193, 6543, 1179, 5351, 373, 9117, 8219, 6502, 7051, 1509, 6630, 8164, 1111, 8590, 586, 4732, 907, 4227, 9424, 7653, 2466, 3072, 2701, 8274, 6150, 7831, 3098, 2311, 4636, 2590, 7671, 2265, 1689, 7633, 1703, 5895, 8957, 4033, 7599, 2165, 3936, 8494, 3852, 7535, 3269, 8364, 7573, 8286, 6951, 5720, 3910, 2387, 9317, 8647, 929, 712, 5758, 8015, 5567, 60, 3641, 5064, 2884, 5019, 6395, 6930, 61, 7913, 9355, 8237, 7993, 9129, 3735, 7895, 6054, 6226, 676, 6824, 8255, 2077, 6784, 9757, 295, 5237, 6980, 8740, 3150, 4263, 7240, 2599, 8089, 5768, 6148, 9131, 7866, 5261, 5249, 1158, 1297, 4159, 4856, 8466, 9722, 6944, 5863, 8946, 6604, 545, 2278, 800, 5826, 3681, 9638, 9817, 8749, 6980, 880, 1622, 6453, 7630, 2497, 3577, 3340, 1910, 4631, 8363, 4501, 9667, 6903, 2037, 7214, 3357, 3598, 691, 2916, 5633, 3628, 2531, 9059, 8039, 1036, 6969, 7849, 2026, 3711, 6009, 3947, 6181, 5834, 1681, 9322, 2996, 1465, 7231, 5625, 2428, 1950, 2431, 8661, 558, 3030, 1031, 9206, 3444, 8018, 5874, 8237, 3500, 8981, 8768, 7888, 4696, 5138, 925, 2634, 3797, 7705, 9679, 9283, 9138, 9895, 492, 6700, 6930, 9615, 7246, 8284, 4089, 4033, 594, 6495, 2722, 2311, 2111, 1694, 3716, 4761, 4209, 1121, 2546, 2851, 9890, 8572, 7580, 4259, 1337, 5495, 6621, 713, 9789, 4777, 5228, 3769, 220, 9501, 2504, 8160, 4293, 5777, 5199, 1853, 6933, 7056, 3067, 117, 1273, 5298, 6184, 6007, 5376, 8875, 357, 6639, 8619, 3329, 4827, 5680, 1122, 3845, 4534, 3794, 1886, 6649, 190, 9927, 2047, 2715, 6232, 2728, 3066, 850, 7343, 9666, 3786, 2604, 1593, 7686, 6664, 6672, 6282, 2600, 410, 3940, 4426, 8622, 2353, 8780, 3055, 1050, 8648, 5171, 8065, 7180, 8025, 4585, 2791, 3547, 1845, 603, 1795, 3148, 6804, 3360, 4344, 8391, 3631, 4733, 6743, 3495, 4796, 4717, 1993, 5874, 7206, 2065, 5578, 1693, 8232, 5796, 2338, 9183, 5983, 4961, 9990, 1194, 9317, 984, 7165, 7316, 6382, 9420, 2025, 9132, 4694, 7354, 1031, 930, 5878, 4992, 4548, 779, 1085, 6005, 4477, 3812, 2425, 2896, 1904, 2449, 9461, 4385, 8647, 3641, 4412, 9476, 3679, 9694, 7626, 7991, 2836, 3066, 2181, 6420, 5784, 4688, 5351, 1835, 845, 888, 5998, 8285, 2212, 2812, 4305, 1435, 9116, 5272, 553, 5833, 4725, 5739, 9486, 6573, 4223, 5708, 3783, 9041, 680, 4976, 90, 9194, 7074, 9574, 4370, 8073, 9565, 8962, 6788, 3149, 1710, 5298, 8887, 7587, 7318, 715, 5026, 1324, 8144, 8525, 4876, 5805, 5549, 8867, 7668, 6648, 7601, 5466, 103, 5884, 3632, 4642, 9620, 7788, 7897, 2315, 2749, 3546, 7443, 2044, 9314, 1372, 5429, 6773, 150, 7121, 165, 2866, 4544, 5561, 4016, 7301, 9059, 2960, 8367, 2327, 9720, 8861, 835, 5230, 3209, 2472, 176, 5158, 4509, 2514, 6834, 383, 6386, 1411, 533, 2865, 841, 6599, 8388, 5413, 2468, 5559, 8708, 3983, 877, 9798, 4950, 204, 9086, 1719, 5427, 2463, 8444, 3347, 3645, 5943, 5065, 1080, 8118, 3900, 9654, 990, 3599, 296, 708, 7108, 1486, 8299, 4527, 2809, 9236, 3821, 297, 2622, 8251, 138, 2535, 8599, 1593, 9653, 6084, 938, 1279, 6032, 6140, 8173, 7548, 608, 5287, 8276, 5517, 9198, 8053, 6949, 132, 4199, 7319, 1971, 1986, 4613, 3426, 6272, 7593, 7389, 6712, 656, 658, 294, 7643, 4794, 7210, 1899, 1701, 616, 3079, 4309, 2467, 6956, 6528, 3098, 2767, 9718, 5261, 6383, 177, 5209, 3619, 2015, 8474, 11, 1316, 7596, 8616, 9424, 6234, 2470, 7069, 414, 9289, 1010, 6459, 4008, 1813, 8217, 2779, 67, 9842, 3697, 6362, 9901, 9328, 1224, 6603, 1234, 6919, 3409, 9276, 8992, 1972, 3870, 5279, 7045, 4851, 8353, 9177, 639, 8203, 5480, 8101, 3475, 6955, 6710, 3930, 2646, 1626, 1029, 154, 4790, 644, 8953, 3163, 1571, 4941, 3464, 3767, 6626, 1334, 8927, 1082, 6926, 3713, 8405, 4069, 6337, 556, 5807, 6422, 676, 8066, 7666, 7851, 584, 6846, 8838, 4528, 4997, 5343, 7339, 6401, 586, 1702, 544, 8474, 3486, 2368, 8379, 6903, 9377, 9945, 173, 745, 2990, 4178, 3038, 1341, 1209, 1535, 8268, 2965, 3360, 4645, 98, 2433, 2520, 2191, 2620, 9705, 2618, 26, 5213, 3601, 749, 2945, 5281, 7943, 2397, 5919, 8882, 3975, 1221, 9517, 2689, 2977, 1352, 1942, 5082, 7583, 8035, 4284, 2783, 3549, 2067, 2618, 3252, 218, 9232, 6264, 1173, 3717, 5715, 3694, 5556, 3595, 8415, 7041, 9495, 2086, 6462, 849, 6856, 3777, 909, 3653, 918, 3886, 5216, 7027, 2054, 692, 8428, 1519, 7237, 2530, 8229, 6244, 5574, 7732, 2636, 920, 6825, 2879, 7350, 2265, 5949, 2999, 9422, 3197, 868, 4757, 5792, 5957, 9834, 95, 2035, 4442, 8633, 4103, 3242, 876, 9478, 4806, 2431, 238, 5071, 8809, 7055, 7002, 7023, 6909, 1035, 5004, 9604, 5120, 5873, 7447, 7849, 6816, 7590, 1331, 1833, 2838, 2519, 7341, 8099, 284, 2905, 9081, 5367, 1880, 576, 2727, 4536, 771, 965, 5577, 6997, 5954, 229, 7277, 5117, 8886, 7633, 3255, 8235, 2076, 1377, 5492, 3584, 2547, 1810, 5672, 4459, 6839, 1427, 2762, 407, 7959, 3612, 3777, 2575, 8221, 4577, 9734, 3423, 8214, 3620, 8688, 978, 6378, 9881, 8773, 8517, 954, 803, 8031, 691, 5062, 3258, 3010, 1277, 9226, 8499, 1476, 2665, 905, 7542, 9939, 3023, 8298, 1805, 1113, 6461, 9799, 8052, 5895, 7075, 2661, 1260, 6190, 4825, 8478, 8633, 8408, 5785, 8048, 7075, 6072, 55, 3732, 237, 4487, 995, 9220, 2854, 9849, 6020, 1658, 4266, 128, 6455, 7332, 6695, 2369, 3502, 8077, 4183, 8734, 6763, 9818, 7691, 2616, 9008, 648, 4429, 9601, 5466, 9022, 5374, 6841, 487, 3228, 2593, 6437, 6645, 611, 3419, 7265, 6814, 410, 3628, 5685, 5656, 279, 8007, 2804, 2791, 2192, 1909, 3626, 6291, 4293, 2274, 725, 9885, 1593, 1792, 3366, 8945, 5621, 3911, 9165, 4818, 7853, 4512, 5446, 4267, 2679, 8480, 6364, 5115, 3633, 4026, 4982, 5397, 6411, 4607, 7599, 6348, 1370, 2684, 3471, 2228, 5554, 8644, 5458, 8704, 276, 4551, 6327, 8802, 781, 8457, 4561, 7454, 6604, 6974, 278, 3450, 8142, 1331, 5289, 5695, 8440, 9618, 1166, 8605, 5127, 1386, 2366, 65, 9738, 5290, 3723, 8957, 4336, 2299, 8273, 4667, 1139, 5661, 4910, 929, 6229, 3434, 2327, 5391, 6364, 9090, 5063, 472, 1066, 4506, 4160, 9217, 5938, 8627, 9780, 4726, 8295, 2632, 4113, 1173, 5868, 8464, 4478, 5750, 1263, 8360, 3566, 3553, 410, 9901, 8804, 7064, 3801, 3670, 7600, 950, 9375, 6091, 17, 3695, 4077, 1032, 1259, 3207, 9495, 9127, 699, 6563, 2806, 8019, 406, 638, 1943, 9610, 8243, 1927, 1446, 717, 8118, 6412, 2491, 3497, 1812, 5767, 9871, 3763, 9437, 3973, 2791, 2337, 2446, 2192, 3241, 9218, 1503, 7895, 8058, 6989, 2292, 2458, 9899, 7464, 4639, 4314, 815, 2716, 6408, 6130, 1086, 1169, 9812, 8435, 4930, 7633, 8555, 7852, 2408, 7020, 3045, 514, 848, 3285, 7583, 9660, 2220, 7553, 676, 4111, 8366, 2089, 1068, 9382, 4486, 3126, 6318, 5100, 8352, 107, 1943, 7362, 6571, 8945, 1521, 2978, 303, 7300, 661, 2439, 8635, 1517, 5641, 1526, 5465, 6776, 1688, 3341, 3760, 3220, 1718, 2493, 1528, 3437, 4764, 259, 7441, 9598, 1630, 8923, 4136, 3904, 6689, 5110, 774, 8471, 6647, 6948, 641, 6480, 4267, 2556, 941, 9336, 5856, 1509, 5085, 8936, 392, 1890, 1310, 1114, 7340, 6441, 7620, 9647, 5992, 8102, 4565, 480, 807, 1188, 1768, 3598, 8609, 8012, 90, 2572, 5056, 108, 3667, 7568, 3257, 3712, 6035, 5311, 7137, 4136, 8241, 5527, 1766, 5043, 6639, 7042, 4762, 7326, 4047, 7828, 6574, 2854, 9816, 4014, 1792, 3213, 2408, 3193, 3999, 3746, 7413, 8936, 7385, 1155, 7370, 2342, 1331, 8315, 6074, 6561, 5049, 8475, 5100, 8026, 5986, 5821, 9679, 6546, 5059, 8144, 339, 372, 7271, 5398, 2776, 6406, 9371, 1485, 6675, 9648, 3142, 591, 8077, 1502, 9051, 1287, 4062, 8189, 2857, 8065, 3191, 5820, 6817, 4168, 8072, 1292, 4078, 2796, 2704, 7656, 8178, 3568, 833, 5789, 1864, 2414, 5006, 8616, 4786, 9479, 4524, 1621, 5097, 1130, 800, 6909, 6974, 59, 3720, 5698, 734, 5046, 1555, 6770, 772, 217, 8184, 1249, 3459, 4707, 6329, 9328, 8900, 2942, 4478, 4757, 8381, 564, 6316, 8161, 8174, 7809, 5034, 7257, 252, 7784, 804, 9435, 1656, 5271, 4507, 93, 5973, 1376, 3587, 7976, 3902, 4134, 9303, 865, 3079, 4400, 8644, 5766, 5327, 7711, 3605, 6253, 9772, 1882, 7367, 3600, 4830, 3809, 1069, 1197, 6112, 8952, 4256, 2652, 92, 2736, 7282, 3654, 5827, 181, 4480, 5868, 5197, 4198, 4956, 126, 631, 8181, 8130, 2829, 2506, 3777, 417, 8079, 8769, 3707, 8832, 6664, 1864, 9888, 1691, 3671, 7205, 5472, 9220, 6691, 818, 3961, 7636, 4464, 8133, 9659, 5278, 6172, 1388, 7075, 1449, 7306, 146, 1314, 3559, 1964, 659, 4534, 3888, 6051, 8644, 4965, 9295, 5993, 4667, 4472, 5470, 2876, 8178, 449, 9607, 4462, 7452, 6817, 4154, 4663, 5102, 8675, 1600, 5223, 1477, 7065, 1458, 1091, 5135, 8699, 2473, 2765, 4727, 9013, 2570, 6771, 8404, 8324, 364, 4529, 1878, 6134, 5533, 2338, 776, 4805, 5421, 6089, 1570, 7316, 5772, 7849, 974, 2930, 9887, 4351, 4752, 19, 3268, 8224, 4314, 5192, 6415, 397, 4630, 2086, 3022, 2603, 5714, 9464, 9519, 7051, 453, 3769, 8086, 5158, 4880, 2521, 9141, 9421, 3900, 2813, 8978, 6973, 9752, 1189, 3500, 6700, 6370, 9730, 3481, 1130, 143, 2724, 4819, 9626, 8203, 1428, 6730, 8532, 2875, 3704, 6036, 5958, 3148, 1322, 4082, 8741, 4397, 4657, 9678, 6962, 380, 7672, 7836, 7914, 2133, 2207, 7158, 8518, 3217, 5406, 3509, 1421, 6640, 2146, 1639, 1735, 9477, 1124, 2090, 8407, 8368, 7881, 9427, 8868, 3754, 4901, 947, 8285, 6520, 8198, 8078, 9718, 217, 6611, 2916, 3932, 9071, 2147, 9333, 6581, 1106, 9596, 4083, 473, 1915, 2953, 1408, 2618, 2913, 9669, 538, 7400, 5313, 676, 6101, 1912, 7837, 2197, 3864, 8256, 81, 8173, 6152, 8386, 9462, 3457, 1980, 5595, 4435, 7547, 1693, 6710, 8504, 1511, 1459, 6770, 8728, 2443, 9744, 7950, 4972, 5230, 5403, 979, 8226, 3106, 9519, 4028, 3198, 8024, 9689, 2837, 3660, 7964, 1437, 4340, 9710, 7822, 445, 231, 3310, 7016, 3457, 3432, 2419, 6523, 6562, 110, 8829, 5073, 7103, 2828, 1908, 7188, 7786, 8390, 9750, 8940, 2842, 4863, 6933, 2228, 171, 2875, 5860, 5578, 6249, 5722, 3804, 5213, 9700, 8258, 19, 9717, 4373, 143, 5819, 6064, 5512, 5642, 6476, 6643, 3152, 4085, 7447, 4280, 4968, 7606, 9331, 6821, 8027, 620, 4344, 9488, 6356, 7481, 636, 2356, 4098, 8139, 217, 7307, 3365, 9831, 8998, 605, 5042, 9354, 5406, 9030, 5579, 9740, 4327, 7522, 6986, 5877, 2404, 8442, 3839, 3238, 1213, 7775, 2143, 5885, 5291, 3029, 7732, 3491, 6994, 9018, 1148, 4605, 1932, 4947, 3133, 6705, 1778, 5252, 7355, 8667, 9616, 9317, 521, 50, 1970, 1987, 8217, 5812, 7609, 8275, 3282, 9084, 4741, 9403, 5770, 4887, 2380, 8201, 8691, 9952, 8582, 4139, 2047, 3714, 4309, 2158, 9554, 5964, 2730, 700, 5585, 6669, 6160, 7253, 4683, 4244, 969, 6564, 3073, 9632, 2243, 9623, 2879, 4455, 8084, 175, 627, 3372, 1714, 667, 6553, 6134, 9257, 6197, 9911, 4994, 4880, 1005, 6637, 8693, 1287, 1686, 2202, 5744, 4899, 8029, 8719, 2743, 655, 776, 2947, 7783, 8779, 5088, 7535, 8187, 1048, 8843, 8377, 2877, 3373, 8577, 7354, 9276, 8582, 2487, 2485, 8765, 2198, 360, 6644, 6125, 1915, 749, 7381, 5583, 6112, 7738, 6965, 2206, 340, 3016, 1081, 9200, 3540, 467, 7668, 5658, 760, 9317, 7738, 1878, 2795, 8007, 3865, 172, 7717, 3339, 7228, 8510, 8530, 9045, 795, 7765, 5015, 859, 6624, 3091, 7658, 4847, 2678, 7032, 7513, 5229, 4859, 4582, 2844, 3559, 7635, 1641, 7142, 7510, 1920, 8229, 6822, 210, 7947, 8099, 467, 9089, 4379, 7393, 649, 2386, 8552, 7205, 6350, 1298, 3355, 1515, 1512, 8428, 9788, 1815, 2390, 7473, 5470, 5767, 5216, 9606, 3374, 3665, 1629, 4443, 6742, 4532, 6059, 6024, 7029, 3910, 8350, 3490, 8362, 1603, 6779, 6091, 6791, 3300, 3883, 2741, 461, 5497, 2503, 1215, 2219, 760, 7649, 6242, 2406, 3095, 2006, 4136, 9350, 5672, 6926, 6972, 9820, 7239, 1223, 3900, 4288, 455, 3136, 1051, 5508, 3739, 7128, 4341, 852, 6285, 6775, 5695, 6615, 6304, 7612, 6513, 3622, 3679, 8721, 7483, 9627, 9851, 5872, 7607, 3300, 3356, 8070, 6278, 5217, 9900, 7459, 309, 2770, 2572, 3850, 1487, 1664, 2355, 1566, 5303, 6160, 2994, 9953, 2626, 3741, 3692, 4984, 3241, 4163, 8036, 2297, 1870, 5803, 7515, 7614, 8686, 1828, 1571, 9051, 7133, 7502, 9108, 6924, 4575, 3900, 1112, 3001, 7947, 7449, 1724, 251, 6130, 444, 8010, 1413, 3611, 1374, 6250, 4781, 8471, 3036, 6870, 2173, 215, 6770, 3819, 9138, 1172, 2639, 5699, 8068, 546, 7087, 6789, 4336, 6685, 93, 2429, 5577, 821, 9222, 7055, 9448, 8670, 3426, 4839, 9059, 2169, 215, 9367, 5277, 6676, 5451, 5093, 1414, 5124, 6938, 5561, 7033, 6840, 2966, 2620, 93, 9404, 4389, 3913, 5046, 279, 139, 8220, 1802, 8118, 8354, 2353, 507, 3839, 360, 7247, 2672, 7680, 6704, 680, 9976, 538, 9357, 2593, 3005, 6659, 9549, 1566, 3986, 3967, 3226, 4215, 3650, 1537, 2517, 849, 9227, 5556, 4484, 7408, 9602, 4427, 6593, 1593, 8869, 9146, 9206, 3420, 335, 3447, 2433, 1087, 38, 2759, 8666, 8536, 2671, 4136, 7553, 6813, 3077, 3974, 7013, 7566, 4317, 9535, 8396, 7521, 4157, 3015, 2209, 7796, 850, 5375, 5923, 8940, 5642, 1799, 9111, 3479, 3447, 5341, 6056, 2947, 9473, 2930, 7170, 7624, 3052, 5098, 1548, 647, 8849, 8561, 5092, 7068, 5037, 9093, 2300, 5823, 4821, 1200, 9823, 4351, 6350, 6283, 874, 8712, 4563, 8131, 8924, 41, 2054, 151, 7442, 2804, 2143, 3682, 1340, 2255, 1419, 4747, 7706, 6429, 8215, 2692, 9764, 9898, 4448, 8903, 2900, 4647, 1461, 8042, 9509, 8949, 9871, 4728, 5805, 1987, 9604, 6255, 5910, 1587, 1317, 9453, 1501, 9256, 8576, 8066, 5905, 2162, 5874, 4894, 3471, 1461, 4171, 5613, 7115, 8, 8751, 9523, 7260, 9120, 6954, 3226, 8555, 4875, 1068, 6809, 300, 6620, 203, 8028, 3862, 9663, 9798, 9090, 6330, 8591, 7665, 4181, 3105, 4722, 5009, 4772, 125, 8621, 7905, 7725, 2550, 7656, 8063, 3668, 561, 7466, 6771, 6904, 5146, 7484, 736, 8714, 2652, 6304, 923, 4753, 6696, 1722, 1462, 5608, 3521, 3693, 1668, 4640, 6577, 7393, 8980, 8534, 3331, 1029, 4511, 4499, 5977, 6994, 9959, 4459, 6323, 747, 5817, 5933, 755, 7103, 7781, 3403, 6003, 9466, 9026, 474, 437, 9713, 2175, 5040, 6414, 115, 5490, 5149, 4916, 325, 3560, 5824, 3900, 3105, 8850, 301, 6838, 7884, 302, 7267, 6968, 1916, 7978, 3763, 8913, 3082, 350, 9075, 2797, 8130, 2532, 9317, 5798, 678, 1724, 8335, 1282, 6753, 2989, 2245, 2884, 9558, 9936, 6613, 4745, 8433, 8465, 78, 1339, 267, 7031, 9131, 3169, 5494, 5916, 5411, 5054, 2634, 4298, 1, 8411, 5334, 2950, 1115, 2967, 7221, 2663, 1999, 6656, 6281, 8304, 5232, 5545, 2793, 9146, 6276, 9952, 7687, 14, 8766, 2148, 7331, 8181, 8415, 5404, 3969, 6436, 5592, 7471, 3693, 5699, 1489, 3485, 149, 7908, 900, 832, 1625, 8332, 1445, 3977, 7606, 2216, 740, 1264, 9475, 5006, 3611, 8758, 6510, 4141, 7883, 5027, 241, 509, 6706, 1924, 4173, 5271, 2558, 6063, 1708, 5682, 9076, 5364, 7804, 5701, 1643, 1375, 1984, 7525, 6111, 7236, 2754, 5406, 999, 7762, 7231, 508, 132, 6824, 3350, 4270, 2593, 4417, 3570, 9593, 9396, 61, 8951, 5105, 7194, 6495, 4948, 6962, 4146, 1580, 7889, 6543, 9932, 4688, 4006, 3454, 5018, 1526, 6346, 3296, 2485, 9047, 2333, 7061, 1463, 6309, 62, 3338, 4387, 5459, 766, 5709, 394, 2592, 1708, 8087, 9826, 8346, 4923, 5646, 8545, 8280, 355, 4213, 4054, 2320, 6342, 9983, 8541, 1151, 6523, 4826, 6647, 9963, 606, 1866, 1578, 9840, 510, 3637, 4646, 9975, 2680, 2361, 3870, 5594, 4830, 3188, 7143, 724, 4823, 8000, 6318, 5630, 7557, 4828, 7516, 9085, 7397, 1207, 3335, 1872, 3247, 2637, 2871, 3706, 4867, 751, 8558, 9344, 5806, 676, 598, 1910, 4052, 5033, 6809, 1541, 2215, 3312, 4671, 5739, 7978, 1615, 6766, 8793, 15, 9072, 8502, 9957, 2145, 8376, 3438, 5676, 1256, 6305, 432, 6382, 5136, 2580, 6119, 3042, 8720, 8504, 4032, 3478, 786, 6345, 6292, 5824, 9598, 6833, 6705, 4233, 2731, 2816, 1962, 6116, 1861, 5704, 6094, 8363, 6747, 8190, 5955, 4595, 7840, 9447, 9396, 2360, 121, 6340, 3244, 9510, 8484, 5996, 5765, 1605, 4750, 7457, 6906, 4686, 3727, 7850, 1233, 9543, 9097, 4969, 2141, 3626, 8034, 9060, 2234, 1978, 5235, 6351, 1274, 7516, 5109, 5965, 8960, 614, 9467, 5305, 2342, 269, 6387, 7214, 5548, 7706, 7209, 4825, 9966, 5875, 7506, 5673, 3205, 1344, 8320, 9754, 560, 3226, 9559, 7106, 111, 6054, 9588, 2252, 4468, 7563, 6467, 4132, 4753, 7160, 4419, 724, 3273, 7821, 6465, 4049, 6802, 2903, 3590, 509, 8414, 5603, 1155, 9282, 3867, 4568, 7869, 3764, 1422, 4804, 6073, 2402, 6952, 168, 4337, 4181, 4192, 975, 7756, 3389, 9233, 1709, 607, 400, 2289, 8392, 1261, 7976, 9480, 2564, 4073, 9213, 9382, 8358, 6816, 4147, 2045, 3259, 3846, 4167, 6930, 8158, 1423, 9251, 645, 6489, 3106, 2653, 886, 452, 2530, 1472, 4475, 9351, 5666, 9067, 4947, 3094, 4241, 1413, 6828, 2039, 4424, 7852, 4802, 4381, 5504, 1473, 1159, 9510, 3188, 6118, 8898, 5246, 3452, 6835, 4919, 46, 7866, 471, 5785, 4417, 2790, 9905, 4716, 1355, 662, 6235, 7611, 696, 8736, 7699, 9575, 1681, 4261, 9980, 9015, 4370, 264, 1945, 2114, 5084, 9688, 7380, 4021, 5166, 7638, 4852, 5305, 4313, 1373, 7138, 8443, 6854, 5831, 4441, 9344, 799, 4491, 2333, 6987, 7201, 5153, 3599, 4395, 774, 38, 9420, 2831, 8294, 9043, 2228, 131, 3745, 308, 9073, 4242, 6385, 5267, 6070, 3108, 8469, 2228, 3182, 9689, 1550, 9528, 2963, 9860, 4443, 8251, 8457, 8384, 8722, 1096, 9998, 5277, 9745, 6315, 3947, 3674, 5886, 4231, 1892, 1170, 5486, 463, 447, 9028, 8891, 8953, 9240, 2739, 2581, 8847, 5373, 6274, 1083, 8833, 682, 1774, 3292, 4495, 2183, 4405, 8896, 6366, 5448, 4243, 6239, 7609, 1448, 5198, 7517, 4480, 6359, 1139, 6200, 2725, 4784, 9987, 3534, 9096, 4132, 677, 7263, 8689, 1155, 3514, 3588, 6706, 7067, 5114, 5230, 5029, 3864, 1749, 639, 6175, 7266, 3690, 9019, 5214, 9877, 239, 201, 2676, 2456, 2328, 2155, 2749, 2924, 9136, 9812, 5631, 5676, 1690, 569, 854, 8984, 9761, 9011, 2862, 89, 2474, 3281, 3481, 105, 6569, 9703, 6333, 1286, 6088, 1770, 4578, 968, 155, 3495, 1830, 2216, 1631, 5482, 9893, 5025, 9459, 3298, 3395, 3398, 3501, 8026, 3197, 831, 742, 5503, 2595, 8960, 2224, 7055, 4676, 3950, 2226, 3747, 7809, 1299, 9494, 259, 3493, 9224, 588, 4147, 6852, 3432, 5742, 3579, 7093, 5234, 6636, 9129, 8876, 8442, 6817, 430, 2314, 2035, 5568, 9914, 4467, 280, 7227, 6499, 9405, 8402, 7615, 571, 8410, 7850, 1860, 5267, 5841, 1000, 2566, 3106, 7883, 3866, 3467, 1429, 1077, 4650, 8041, 2882, 5424, 4945, 8156, 8371, 3466, 8339, 5513, 2338, 6467, 9314, 2583, 4456, 6298, 6065, 158, 9944, 4515, 8752, 2449, 7413, 461, 348, 6646, 5472, 5616, 1914, 1284, 103, 2129, 3594, 6126, 1572, 8508, 3075, 1434, 8068, 731, 8085, 860, 3137, 6250, 8457, 1924, 1300, 4675, 9488, 7362, 5518, 6613, 2270, 2698, 7820, 7912, 8552, 5702, 3837, 7413, 8672, 711, 1187, 7237, 4964, 304, 3692, 7360, 1898, 8280, 9265, 8088, 109, 9780, 6542, 6962, 6602, 5505, 811, 4127, 3217, 1753, 8397, 9941, 4272, 4088, 3676, 5383, 9629, 3151, 1019, 6708, 1910, 8671, 3506, 4591, 957, 2263, 7403, 5799, 9839, 394, 288, 4440, 8760, 5966, 617, 3634, 166, 6414, 2887, 5168, 7013, 2256, 4976, 3492, 9575, 3110, 8027, 3465, 1802, 5935, 1044, 9854, 5001, 3485, 3047, 2313, 4274, 2608, 1906, 9869, 3967, 7125, 6663, 8745, 2844, 491, 7115, 6852, 5525, 5299, 9729, 8257, 1243, 201, 6921, 9791, 6964, 1803, 9343, 8552, 130, 5785, 4255, 8396, 3182, 1509, 4840, 3651, 2247, 3484, 3212, 9652, 4299, 8055, 4388, 8198, 4616, 8911, 3197, 2814, 7358, 9593, 4274, 2599, 6369, 3420, 9525, 1673, 2222, 433, 4848, 6051, 5764, 5969, 6584, 7488, 2, 7461, 177, 5746, 396, 5157, 230, 5457, 8000, 841, 2511, 4485, 1357, 7231, 9411, 1143, 8414, 1833, 4859, 4630, 3729, 7296, 4732, 6955, 2139, 1046, 7463, 6692, 9508, 814, 7574, 3848, 7218, 1500, 2803, 585, 1361, 6027, 1087, 8942, 9523, 7420, 2095, 429, 3960, 6185, 295, 2930, 898, 3837, 7073, 1727, 1209, 8012, 2960, 9946, 6821, 7001, 1427, 9817, 8874, 7628, 1766, 6778, 4105, 1870, 6149, 2244, 1629, 8639, 1722, 7141, 9079, 5488, 9375, 6354, 4933, 3952, 3865, 2132, 8075, 7048, 1075, 4825, 4750, 4208, 3216, 5269, 4190, 8767, 6308, 7890, 7005, 1592, 8880, 4886, 7332, 4201, 9685, 9700, 9726, 1096, 6638, 8026, 2139, 4788, 69, 564, 10, 3701, 5694, 1332, 3428, 3292, 8672, 3750, 5201, 5557, 8512, 5366, 9456, 8797, 1576, 8431, 9422, 5870, 9749, 4853, 8565, 5027, 3504, 9780, 7503, 7778, 6758, 5224, 1917, 2398, 8083, 3397, 6355, 4589, 1164, 2986, 1281, 3413, 7168, 5476, 9095, 2311, 8889, 1283, 7553, 9047, 6190, 7678, 7958, 9929, 1098, 3140, 4910, 1582, 3313, 2574, 820, 2852, 3715, 5719, 3352, 4193, 4666, 8535, 665, 8398, 2921, 4506, 9059, 322, 8860, 6672, 910, 5818, 4388, 2289, 9972, 4059, 8767, 8881, 6311, 8131, 8130, 8162, 2665, 509, 484, 5368, 6462, 9755, 69, 3435, 8873, 7516, 1891, 7788, 4608, 6404, 7688, 519, 5056, 8066, 2143, 8544, 4964, 1192, 8291, 7961, 6044, 9691, 2438, 7531, 4613, 3434, 7353, 1593, 2584, 552, 7290, 849, 5855, 7861, 7727, 6042, 7494, 4808, 6152, 9823, 5122, 7781, 5991, 3093, 9210, 9109, 6889, 2615, 4090, 3254, 4953, 9905, 8204, 2077, 2911, 8211, 4003, 9728, 4421, 1450, 9947, 8305, 3073, 2452, 6300, 2720, 3574, 9173, 1456, 8409, 8617, 4137, 1609, 2512, 3210, 7851, 4595, 6024, 3678, 6916, 2442, 6218, 5915, 4191, 3890, 9533, 8760, 1264, 6051, 384, 823, 1574, 1552, 158, 4904, 2795, 4862, 9949, 9102, 4019, 588, 8970, 2804, 4299, 9412, 4754, 8232, 7620, 7668, 1287, 1226, 9956, 709, 6279, 1379, 2400, 5578, 4959, 2701, 2654, 5943, 6233, 3951, 3530, 3558, 357, 6978, 7021, 8921, 4802, 5201, 5719, 5058, 9849, 5098, 6969, 5938, 4606, 8910, 3207, 335, 7352, 4648, 899, 1813, 8302, 1792, 882, 6733, 1650, 930, 470, 240, 2413, 733, 868, 3226, 9453, 2361, 3907, 1532, 3925, 5110, 1650, 4912, 3671, 2096, 5674, 3412, 3537, 7981, 5968, 6987, 9286, 6594, 8657, 8949, 6241, 1207, 3961, 2465, 6107, 9594, 7376, 9958, 8157, 5859, 926, 9748, 192, 8642, 4733, 3509, 5903, 7522, 3131, 8814, 1375, 8821, 1920, 9251, 9462, 4514, 8801, 2349, 2979, 2767, 3071, 4273, 6118, 1713, 9517, 9079, 579, 9921, 9415, 7979, 6876, 6044, 5468, 5474, 3087, 7802, 1706, 5286, 5367, 7786, 5403, 4451, 485, 5167, 5324, 5806, 2854, 739, 2320, 5171, 6036, 2930, 2546, 633, 5658, 3602, 1712, 6120, 2877, 2015, 9624, 2486, 7766, 3297, 7345, 6246, 4710, 3703, 2262, 7952, 1709, 5149, 966, 9965, 4771, 4121, 6393, 4892, 3386, 1514, 3206, 7271, 5524, 8332, 158, 3982, 2423, 5278, 431, 8703, 6537, 1148, 7820, 7829, 2312, 4122, 7546, 6996, 723, 4195, 4602, 1540, 8605, 6198, 181, 9347]
List Size: 10000
Insertion Sort Time: 4884.009100 milliseconds
Merge Sort Time: 48.971700 milliseconds
Built-in Sort Time: 1.467200 milliseconds

